ID,DOI,Title,Year,Authors,Venue,Abstract,Citations,Concepts
https://openalex.org/W1936293037,https://doi.org/10.1007/978-3-319-16510-3_8,Methodology Used for the Detection and Identification of Microplastics—A Critical Appraisal,2015,Martin G. J. Löder; Gunnar Gerdts,,"Microplastics in aquatic ecosystems and especially in the marine environment represent a pollution of increasing scientific and societal concern, thus, recently a substantial number of studies on microplastics were published. Although first steps towards a standardization of methodologies used for the detection and identification of microplastics in environmental samples are made, the comparability of data on microplastics is currently hampered by a huge variety of different methodologies, which result in the generation of data of extremely different quality and resolution. This chapter reviews the methodology presently used for assessing the concentration of microplastics in the marine environment with a focus on the most convenient techniques and approaches. After an overview of non-selective sampling approaches, sample processing and treatment in the laboratory, the reader is introduced to the currently applied techniques for the identification and quantification of microplastics. The subsequent case study on microplastics in sediment samples from the North Sea measured with focal plane array (FPA)-based micro-Fourier transform infrared (micro-FTIR) spectroscopy shows that only 1.4 % of the particles visually resembling microplastics were of synthetic polymer origin. This finding emphasizes the importance of verifying the synthetic polymer origin of potential microplastics. Thus, a burning issue concerning current microplastic research is the generation of standards that allow for the assessment of reliable data on concentrations of microscopic plastic particles and the involved polymers with analytical laboratory techniques such as micro-FTIR or micro-Raman spectroscopy.",758,Microplastics; Environmental science; Identification (biology); Biochemical engineering; Environmental chemistry
https://openalex.org/W2428475944,https://doi.org/10.1038/srep17988,Microplastics profile along the Rhine River,2015,Thomas Mani; Armin Hauk; U. Walter; Patricia Burkhardt‐Holm,Scientific Reports,"Microplastics result from fragmentation of plastic debris or are released to the environment as pre-production pellets or components of consumer and industrial products. In the oceans, they contribute to the 'great garbage patches'. They are ingested by many organisms, from protozoa to baleen whales, and pose a threat to the aquatic fauna. Although as much as 80% of marine debris originates from land, little attention was given to the role of rivers as debris pathways to the sea. Worldwide, not a single great river has yet been studied for the surface microplastics load over its length. We report the abundance and composition of microplastics at the surface of the Rhine, one of the largest European rivers. Measurements were made at 11 locations over a stretch of 820 km. Microplastics were found in all samples, with 892,777 particles km (-2) on average. In the Rhine-Ruhr metropolitan area, a peak concentration of 3.9 million particles km (-2) was measured. Microplastics concentrations were diverse along and across the river, reflecting various sources and sinks such as waste water treatment plants, tributaries and weirs. Measures should be implemented to avoid and reduce the pollution with anthropogenic litter in aquatic ecosystems.",977,Microplastics; Marine debris; Environmental science; Debris; Plastic pollution
https://openalex.org/W2885268267,https://doi.org/10.1038/s41598-018-29980-9,Microplastic in riverine fish is connected to species traits,2018,Rachel E. McNeish; L. H. Kim; Heather A. Barrett; Sherri A. Mason; John J. Kelly,Scientific Reports,"Abstract Microplastic is a contaminant of concern worldwide. Rivers are implicated as major pathways of microplastic transport to marine and lake ecosystems, and microplastic ingestion by freshwater biota is a risk associated with microplastic contamination, but there is little research on microplastic ecology within freshwater ecosystems. Microplastic uptake by fish is likely affected by environmental microplastic abundance and aspects of fish ecology, but these relationships have rarely been addressed. We measured the abundance and composition of microplastic in fish and surface waters from 3 major tributaries of Lake Michigan, USA. Microplastic was detected in fish and surface waters from all 3 sites, but there was no correlation between microplastic concentrations in fish and surface waters. Rather, there was a significant effect of functional feeding group on microplastic concentration in fish. Neogobius melanostomus (round goby, a zoobenthivore) had the highest concentration of gut microplastic (19 particles fish −1 ) compared to 10 other fish taxa measured, and had a positive linear relationship between body size and number of microplastic particles. Surface water microplastic concentrations were lowest in the most northern, forested watershed, and highest in the most southern, agriculturally dominated watershed. Results suggest microplastic pollution is common in river food webs and is connected to species feeding characteristics. Future research should focus on understanding the movement of microplastic from point-source and diffuse sources and into aquatic ecosystems, which will support pollution management efforts on inland waters.",384,Fish <Actinopterygii>; Biology; Fishery; Ecology
https://openalex.org/W4392145873,https://doi.org/10.3929/ethz-b-000667478,"Two new Later Stone Age sites from the Final Pleistocene in the Falémé Valley, eastern Senegal",2024,"Ndiaye, Matar; Lespez, Laurent; Tribolo, Chantal; Rasse, Michel; Hadjas, Irka",ENLIGHTEN (Jurnal Bimbingan dan Konseling Islam),"30 pages, 8 figures, 1 table, supporting information https://doi.org/10.1371/journal.pone.0308461.-- Data Availability: The data underlying the results presented in the study are available through ONC’s Oceans 3.0 data management system (https://data.oceannetworks.ca/home)",23819,Insulin sensitivity; Sugar; Insulin; Carbohydrate metabolism; Metabolism
https://openalex.org/W3089305530,https://doi.org/10.1016/j.scitotenv.2020.142422,"Microplastics in African ecosystems: Current knowledge, abundance, associated contaminants, techniques, and research needs",2020,Olubukola S. Alimi; Oluniyi O. Fadare; Elvis D. Okoffo,The Science of The Total Environment,"Despite Africa ranking top in mismanaged plastic waste, there is insufficient data on the extent of microplastics and its interaction with other contaminants in its ecosystems. Microplastics pollution has been documented globally, however, specific data from the continent is crucial for accurate risk assessment and to drive policies. We critically reviewed 56 articles from 1987 to 2020 and provide an overview of the current knowledge of the abundance and distribution of microplastics and associated contaminants in African aquatic systems and organisms. Most of the studies were carried out in the marine environment and there is currently no available data on the abundance of microplastic pollution in the African terrestrial environment. We show that across all studies, 5-100% of all sampled aquatic organisms contained microplastics. Concerning high levels of microplastics were reported in fish from Egypt compared to other parts of Africa and the world. Across all persistent organic pollutants sampled in microplastics, hopanes and phthalates were present at high concentrations while sodium and zinc were high relative to other trace metals reported. The most frequently occurring plastics were polyethylene followed by polypropylene and polystyrene. We found that most of the studies relied on visual inspection (52%) > FTIR (38%) > Raman spectroscopy (5%) > Scanning electron microscopy (3%) > Differential scanning calorimetry (2%) for identifying microplastics. Major gaps in sampling and identification techniques which may have overestimated or underestimated the current levels were identified. We discuss other research priorities and recommend solutions to address these issues associated with microplastic pollution in Africa.",196,Microplastics; Environmental science; Plastic pollution; Pollution; Aquatic ecosystem
https://openalex.org/W4320033527,https://doi.org/10.1038/s43247-023-00690-z,Non-buoyant microplastic settling velocity varies with biofilm growth and ambient water salinity,2023,Freija Mendrik; Roberto Fernández; Christopher Hackney; Catherine Waller; Daniel R. Parsons,Communications Earth & Environment,"Abstract Rivers are the major conveyor of plastics to the marine environment, but the mechanisms that impact microplastic (&lt;5 mm) aquatic transport, and thus govern fate are largely unknown. This prevents progress in understanding microplastic dynamics and identifying zones of high accumulation, along with taking representative environmental samples and developing effective mitigation measures. Using a suite of settling experiments we show that non-buoyant microplastic settling is influenced by a combination of biofilm growth, water salinity and suspended clay concentrations typically seen across fluvial to marine environments. Results indicate that biofilms significantly increased settling velocity of three different polymer types of non-buoyant microplastics (fragments and fibres, size range 0.02–4.94 mm) by up to 130% and significant increases in settling velocity were observable within hours. Impacts were both polymer and shape specific and settling regimes differed according to both salinity and sediment concentrations. Our results further validate previous statements that existing transport formula are inadequate to capture microplastic settling and highlight the importance of considering the combination of these processes within the next generation of predictive frameworks. This will allow more robust predictions of transport, fate and impact of microplastic pollution within aquatic environments.",81,Settling; Microplastics; Environmental science; Salinity; Sediment
https://openalex.org/W4281656189,https://doi.org/10.1016/j.ejar.2022.03.001,Impacts of microplastics on marine organisms: Present perspectives and the way forward,2022,K. Nanthini Devi; P. Raju; P. Santhanam; Pachiappan Perumal,The Egyptian Journal of Aquatic Research,"The present review is detailed on the microplastics occurrences and their size, types besides impacts of microplastics from phytoplankton to marine mammals. Hence, the previous studies stated that the impacts of microplastics in the marine environment have been compared with the interaction of microplastics into marine organisms such as primary and secondary producers, fish, crustaceans, molluscs, sponges, marine plants, coral reefs, marine mammals and humans. Lastly, there is a need to understand the ecotoxicological effects of environmentally relevant concentrations of microplastics on the health of aquatic organisms. The recycling and reuse of plastic products and the support for research and innovation to develop new products to replace single-use plastics are also necessary to prevent and reduce plastic pollution. Thus, a precautionary approach is urged to be considered and research supporting mitigation of plastic pollution should be prioritized by the policy makers.",79,Microplastics; Plastic pollution; Environmental science; Marine pollution; Marine species
https://openalex.org/W2980828018,https://doi.org/10.1007/s10661-019-7843-z,"Assessment of microplastic pollution: occurrence and characterisation in Vesijärvi lake and Pikku Vesijärvi pond, Finland",2019,Costanza Scopetani; David Chelazzi; Alessandra Cincinelli; Maranda Esterhuizen‐Londt,Environmental Monitoring and Assessment,"In the last few years, several studies have investigated microplastics (MPs) in marine ecosystems, but data monitoring and assessing the occurrence in freshwater environments are still scarce. The present study aims to investigate the occurrence, distribution, and chemical composition of MP pollution in Vesijärvi lake and Pikku Vesijärvi pond close to the city of Lahti (Finland) in winter. Sediment, snow, and ice core samples were collected near the shore of these two aquatic systems. MPs were analysed and identified by a non-destructive method using Fourier transform infrared spectroscopy (FTIR) 2D imaging. The mean concentrations of MPs detected in sediment, snow, and ice samples were 395.5 ± 90.7 MPs/kg, 117.1 ± 18.4 MPs/L, and 7.8 ± 1.2 MPs/L, respectively. FTIR results showed the predominant abundance of microplastics, such as polyamides (up to 53.3%), polyethylene and polypropylene (up to 17.1%), and natural fragments such as cellulose (up to 45.8%) and wool (up 18.8%) in the same size range. The potential release of MPs arising from stormwaters and sport and recreational activities was evidenced.",108,Microplastics; Environmental science; Pollution; Environmental chemistry; Snow
https://openalex.org/W2999373333,https://doi.org/10.1002/lol2.10145,Microplastics in aquatic organisms: Improving understanding and identifying research directions for the next decade,2020,Elise F. Granek; Susanne M. Brander; Erika B. Holland,Limnology and Oceanography Letters,"The study of environmental microplastics has increased over the past decade, with hundreds of new studies and resultant papers on the presence, fate, and sources of microplastics in marine and freshwater systems (Fig. 1). Despite the explosion of interest in the topic and in comparison to the research on the presence of microplastics in marine or fresh waters, there have been notably fewer studies on the extent to which these debris items are ingested by aquatic organisms and far fewer on the potential consequences, or response to their presence in organismal guts, tissues, and food webs. Even less research has focused on the smallest plastic debris items, nanoplastics (< 1 μm). In this special issue on Microplastics in marine and freshwater organisms: Presence and potential effects, we highlight and address some of the many remaining questions. Articles in the issue examine the following: occurrence in freshwater fish (Hurt et al., Simmerman et al.), effects in freshwater plants (Dovidat et al.), reproductive effects, trophic transfer (Athey et al., Horn et al.), sensitivity in early life stages (Athey et al.), spatiotemporal variability in microplastics (Baechler et al. A, B), connections between feeding strategies, and microplastic ingestion (Caldwell et al., Not et al., Harris and Carrington) among others. As an introduction to this special issue, here we briefly discuss research gaps, challenges, and solutions to this important topic. Hundreds of marine and freshwater species encounter microplastics in their environment (Carbery et al. 2018). To date, a few hundred studies have documented microplastic assimilation, ingestion, or retention in the gut or tissue of a wide range of organisms in both laboratory and field settings. These studies include taxa across trophic levels, including algae, plants, invertebrates, fish, mammals, and birds, but many focus on invertebrates or a limited number of fish species (e.g., Baechler et al. A, B). The relatively fewer studies of microplastic exposure effects on biological responses (e.g., growth, swimming behavior, and molecular endpoints) focus on a few select invertebrates (e.g., daphnids) or fishes (e.g., zebrafish). Consequently, there are large gaps in understanding microplastic assimilation in organisms and their response to exposure, particularly in algae and plants, as well as limited knowledge on microbial colonization (e.g., Dudek et al.). In addition, less research related to freshwater vs. marine organisms exists for any of these topics (de Sá et al. 2018). The paper by Dovidat et al. and a review by Rogers et al. begin to address some of the species-based data gaps and highlight future research needs in freshwater plants and for microbe–plastic interactions. Finally, while still limited, studies are now being expanded to include important nonmodel species as some of the articles in this special issue demonstrate (e.g., Brandon et al., Dovidat et al., Waddell et al., Horn et al.). Another notable research gap in the study of microplastics in organisms is understanding the implications of microplastic interactions spanning trophic levels, and particularly those that also consider additives or sorbed chemicals of microplastics. For example, studies on the trophic transfer of microplastic confirms that those items ingested by zooplankton, copepods, and mussels are transferred to predators, including shrimp, crab, and fish (Au et al. 2017). However, fewer studies evaluate the transfer across complex food webs, particularly in the field, and are often done by inferring trophic transfer from prevalence in the feces of top predators and their most common prey. Additionally, environmental plastics are known to contain additives and sorbed pollutants yet only a few studies have quantified or modeled the transfer of chemicals from microplastics across multiple species in a food web, limiting the overall understanding of toxicity and community- and ecosystem-level risk. Thus, the potential impact of microplastics on predator–prey dynamics and entire food webs remains largely unknown. Articles in this special issue that focused on trophic transfer provide important foundations on which to develop this understanding (e.g., Athey et al., Simmerman et al.) but more research is clearly needed. Finally, a critical knowledge gap exists in background data on the prevalence of microplastic concentrations and effects in organisms across the globe. For example, microplastics are comparatively well studied in Europe and Australia, as well as in parts of Asia. However, there are major deficits in North and South America, Africa, and virtually no published studies in the Middle East. This special issue begins to address some of these deficits in both marine and freshwater organisms (e.g., Baechler et al. A, B; Horn et al., Hurt et al.) To fill the above knowledge gaps and improve understanding, research is needed to establish baselines (e.g., Baechler et al. A and B); document trophic and geographic variability (e.g., Hurt et al., others); and test for individual-, community-, and ecosystem-level effects of microplastics (e.g., Athey et al., Dovidat et al., Horn et al., and Rogers et al.). Unfortunately, there are seven major challenges in conducting this important research. The first is funding. Although it is fairly inexpensive to collect and digest samples, it is far more expensive to perform necessary microplastic validation and polymer characterization. The second is training and personnel. We currently lack enough trained personnel to sample and analyze the diverse array of taxonomic groups and trophic levels across a broad geographic range of fresh and marine waters. In other words, there are not enough individuals trained in good QA/QC methods, nor enough funding for clean work spaces, to collect and process the necessary samples. A third challenge is contamination. It is now known that microscopic debris, particularly fibers, are ubiquitous across indoor and outdoor environments. Thus, studies lacking the means to sufficiently prevent and account for background contamination may be overreporting the amount of plastic debris in samples. Likewise, research conducted without access to proper microscopes or analytical confirmation may unintentionally misrepresent the source or type of microplastic pollution, or mischaracterize nonmicroplastic items (Shim et al. 2017). The fourth major challenge is the fact that the size range of debris researchers are expected to detect and quantify keeps getting smaller and the importance of designing sampling regimes to account for a wider distribution of microscopic microplastics (< 1 mm) is increasing each year (Nguyen et al. 2019). This trend increases not only the cost but also the training and validation necessary to adequately study microplastics in these size ranges. For example, much of the current data available from field sampling exist for size fractions ≥ 300 μm with less information on smaller microplastics and even less on the nanoplastics (Fig. 1) the majority of polymers eventually degrade into. Along with problems with sampling regimes, this challenge is exacerbated by the analytical capacity of currently available or affordable technology. Namely, those technologies available for polymer characterization (e.g., FTIR or Raman spectroscopy) are unable to adequately characterize very small particles or fibers (< 20 μm for FTIR, < 1 μm for Raman) or the time needed for characterization is highly limiting for environmental samples. Therefore, researchers are currently faced with a trade-off between polymer confirmation for limited size classes or detection of smaller sizes using dyes (e.g., Nile Red) to help process samples in a timely manner. The challenges and costs associated with detecting smaller sized plastics or various morphologies create our fifth challenge: realistic count and size-based exposure scenarios. Due to limited data on a range of size classes, experiments are unable to adequately examine organismal exposures using relevant concentrations in relevant size classes, limiting characterization of effects, trophic transfer, and overall risk assessment. The sixth challenge is that microscopic debris can be comprised of materials that are plastic, blends of synthetic and natural materials, or natural (cotton, linen, chitin), which complicates methodologies, analyses, and inferences. For example, whether the composition of this debris makes an appreciable difference to exposed organisms is not yet fully understood. In fact, over the past few years the emphasis has shifted from a primary concern for plastic-associated chemicals to a call for describing plastics as a class of pollutants rather than a single pollutant type (Rochman et al. 2019), and thus gaining a better understanding of how size, shape, polymer, and even material types outside of polymers (synthetic, natural, blend of both) influence encounter rate, internalization, and subsequent effects, if any. Understanding the true complexity of these micro- and even nanosized items is a challenge that will continue to confront researchers as we enter a second decade of intensive microplastics study, as well as relating findings to concerns over the now-documented human exposure. All of the above challenges make studying microplastics in aquatic ecosystems extremely difficult. However, because the study of microplastics is still relatively nascent, one area that may most severely limit forward progress is the lack of standardized methodologies because this greatly limits researchers' ability to compare across studies. Although communication across research groups continues to increase, efforts to strengthen these connections are critical to improving the quality and comparability of research findings, eventually allowing for the meta-analyses that are necessary to accurately assess the hazard and risk of microplastics across freshwater and marine ecosystems (e.g., Bucci et al. 2019). Nevertheless, we are optimistic about these challenges, as we describe next. Many of the above challenges are being addressed through novel approaches and partnerships. For example, one tactic for addressing standardization and methodology challenges is the newly created US National Science Foundation funded Pacific Northwest Consortium on Plastic Pollution, whose goal is to conduct fundamental research on the fate and effects of micro- and nanoplastics in aquatic environments to inform risk management decisions that will be protective of the environment, essential fisheries, and aquaculture commodities. Another promising solution is an upcoming special issue on standard methodologies for sampling, digestion, and analysis in the Journal of Applied Spectroscopy. In addition, global interest groups in the Society of Environmental Toxicology and Chemistry focused on the study of nanoparticles and microplastics are linking investigators and labs across continents. Further, to address the personnel shortage for baseline and monitoring work and to increase the availability of consistent and reliable baseline data and cover a wider range of environments, there are efforts in process to develop clear protocols and QA/QC techniques for citizen science research. Additionally, there are nascent efforts to assess and implement strategies to reduce the time and overall cost of conducting microplastic research. First, automation across the microplastic workflow in a small number of labs is beginning to take hold. This is primarily being developed for conducting accurate counts using fluorescent dyes coupled with imaging software (e.g., ImageJ) or using automated mapping technology for polymer characterization (e.g., FTIR). Second, open access data (such as the data repositories for articles in this special issue) and polymer libraries are being developed and shared to save costs associated with polymer identification and to again allow much needed transparency for meta-analysis. While these tools are still being developed and validated for different size classes, they hold great promise for reducing the time to process and eventually with increased use, should reduce the cost of automated technology. Furthermore, there is a great need to establish a consistent framework for risk assessment of microplastic and nanoplastic exposures by organisms. Frameworks such as those established for the determination of Adverse Outcome Pathways (AOPs) or AOP networks (Ankley et al. 2010, Knapen et al. 2018) have been in existence for up to a decade or more for soluble pollutants such as pesticides, industrial chemicals, and pharmaceuticals that are present in effluent and stormwater runoff. Micro- and nanoplastic researchers can use these existing constructs to inform experimental design for sampling efforts and exposure regimes. Mechanistic information on endpoints relevant to fitness (e.g., development, swimming behavior, reproduction) is necessary to predict potential effects at organism and population levels. The importance of collecting comparable data on responses across environmentally relevant ranges of plastic concentrations has become evident as toxicologists and ecologists grapple with the need to determine what amount of micro- or nanoplastic pollution may pose a potential threat to aquatic organisms. This special issue takes a step toward addressing some of the knowledge gaps and research challenges. We hope that the findings from the studies in this special issue generate more new questions than the number of answers they provide. We hope that this special issue will help steer microplastics research in the next decade and we look forward to the future research directions that these articles catalyze. We thank Pat Soranno and Jim Cloern, Rachel Yehl and Vicki Pang, Eric Kun, and the rest of the Wiley editorial team for assisting with making this special issue a reality. We are also grateful for the dozens of reviewers who kindly reviewed the special issue manuscripts. We acknowledge the following funding sources for supporting the time needed for research, writing, and editing NSF-1935028 (to S.M.B.) and NOAA NA17NOS9990025 (to S.M.B.).",85,Microplastics; Environmental science; Data science; Computer science; Biology
https://openalex.org/W2779282391,https://doi.org/10.1021/acs.est.7b05559,"Microplastics and Nanoplastics in Aquatic Environments: Aggregation, Deposition, and Enhanced Contaminant Transport",2017,Olubukola S. Alimi; Jeffrey M. Farner; Laura M. Hernandez; Nathalie Tufenkji,Environmental Science & Technology,"Plastic litter is widely acknowledged as a global environmental threat, and poor management and disposal lead to increasing levels in the environment. Of recent concern is the degradation of plastics from macro- to micro- and even to nanosized particles smaller than 100 nm in size. At the nanoscale, plastics are difficult to detect and can be transported in air, soil, and water compartments. While the impact of plastic debris on marine and fresh waters and organisms has been studied, the loads, transformations, transport, and fate of plastics in terrestrial and subsurface environments are largely overlooked. In this Critical Review, we first present estimated loads of plastics in different environmental compartments. We also provide a critical review of the current knowledge vis-à-vis nanoplastic (NP) and microplastic (MP) aggregation, deposition, and contaminant cotransport in the environment. Important factors that affect aggregation and deposition in natural subsurface environments are identified and critically analyzed. Factors affecting contaminant sorption onto plastic debris are discussed, and we show how polyethylene generally exhibits a greater sorption capacity than other plastic types. Finally, we highlight key knowledge gaps that need to be addressed to improve our ability to predict the risks associated with these ubiquitous contaminants in the environment by understanding their mobility, aggregation behavior and their potential to enhance the transport of other pollutants.",2549,Microplastics; Environmental science; Environmental chemistry; Contamination; Sorption
https://openalex.org/W2918895016,https://doi.org/10.1016/j.watres.2019.02.054,Microplastics in freshwaters and drinking water: Critical review and assessment of data quality,2019,Albert A. Koelmans; Nur Hazimah Mohamed Nor; Enya Hermsen; Merel Kooi; Svenja M. Mintenig,Water Research,") across individual samples and water types. However, only four out of 50 studies received positive scores for all proposed quality criteria, implying there is a significant need to improve quality assurance of microplastic sampling and analysis in water samples. The order in globally detected polymers in these studies is PE ≈ PP > PS > PVC > PET, which probably reflects the global plastic demand and a higher tendency for PVC and PET to settle as a result of their higher densities. Fragments, fibres, film, foam and pellets were the most frequently reported shapes. We conclude that more high quality data is needed on the occurrence of microplastics in drinking water, to better understand potential exposure and to inform human health risk assessments.",2377,Microplastics; Water quality; Environmental science; Environmental engineering; Environmental chemistry
https://openalex.org/W4221093331,https://doi.org/10.1016/j.envint.2022.107190,Two types of microplastics (polystyrene-HBCD and car tire abrasion) affect oxidative stress-related biomarkers in earthworm Eisenia andrei in a time-dependent manner,2022,Carina Lackmann; Mirna Velki; Antonio Šimić; Axel H. E. Müller; Ulrike Braun,Environment International,"Microplastics are small plastic fragments that are widely distributed in marine and terrestrial environments. While the soil ecosystem represents a large reservoir for plastic, research so far has focused mainly on the impact on aquatic ecosystems and there is a lack of information on the potentially adverse effects of microplastics on soil biota. Earthworms are key organisms of the soil ecosystem and are due to their crucial role in soil quality and fertility a suitable and popular model organism in soil ecotoxicology. Therefore, the aim of this study was to gain insight into the effects of environmentally relevant concentrations of microplastics on the earthworm Eisenia andrei on multiple levels of biological organization after different exposure periods. Earthworms were exposed to two types of microplastics: (1) polystyrene-HBCD and (2) car tire abrasion in natural soil for 2, 7, 14 and 28 d. Acute and chronic toxicity and all subcellular investigations were conducted for all exposure times, avoidance behavior assessed after 48 h and reproduction after 28 d. Subcellular endpoints included enzymatic biomarker responses, namely, carboxylesterase, glutathione peroxidase, acetylcholinesterase, glutathione reductase, glutathione S-transferase and catalase activities, as well as fluorescence-based measurements of oxidative stress-related markers and multixenobiotic resistance activity. Multiple biomarkers showed significant changes in activity, but a recovery of most enzymatic activities could be observed after 28 d. Overall, only minor effects could be observed on a subcellular level, showing that in this exposure scenario with environmentally relevant concentrations based on German pollution levels the threat to soil biota is minimal. However, in areas with higher concentrations of microplastics in the environment, these results can be interpreted as an early warning signal for more adverse effects. In conclusion, these findings provide new insights regarding the ecotoxicological effects of environmentally relevant concentrations of microplastics on soil organisms.",75,Microplastics; Earthworm; Eisenia andrei; Environmental chemistry; Catalase
https://openalex.org/W4391822422,https://doi.org/10.1002/etc.5821,A Systematic Review on Microplastic Contamination in Fishes of Asia: Polymeric Risk Assessment and Future Prospectives,2024,Jahnvi Oza; Vasantkumar Rabari; Virendra Kumar Yadav; Dipak Kumar Sahoo; Ashish Patel,Environmental Toxicology and Chemistry,"Microplastics (MPs) have attracted global concern because of their harmful effects on marine biota; their toxic properties can negatively impact aquatic ecosystems. Fish is an essential source of protein for humans, playing a crucial role in daily food intake. Until recently, MPs were addressed primarily as environmental pollutants, but they are now increasingly recognized as contaminants in the food supply. The present review has comprehended the current knowledge of MP contamination in freshwater and marine fishes of Asia, including 112 peer-reviewed sources from 2016 to 2023. The review recorded 422 Asian fishes (345 marine and 77 freshwater) to be contaminated with MPs. Clarias gariepinus and Selaroides leptolepi have shown maximum MP contamination in the freshwater and marine environments of Asia, respectively. Omnivorous and carnivorous fishes exhibited higher susceptibility to ingesting MPs. Benthopelagic, demersal, and reef-associated habitats were identified as more prone to MP accumulation. In both freshwater and marine environments, China has the highest number of contaminated species among all the countries. Pollution indices indicated high MP contamination in both freshwater and marine environments. A prevalence of fibers was recorded in all fishes. Black- and blue-colored MPs of <500 µm-1 mm size were found dominantly. Polyethylene terephthalate and polyethylene were recorded as the prevalent plastic polymers in freshwater and marine fish, respectively. Overall, the review served as a comprehensive understanding of MP concentrations and variations between species, between feeding habits, and between geographic locations, which can be pivotal for addressing pressing environmental challenges, protecting human health, and fostering global sustainability efforts in the face of escalating plastic pollution. Environ Toxicol Chem 2024;43:671-685. © 2024 SETAC.",56,Microplastics; Contamination; Environmental science; Environmental chemistry; Risk assessment
https://openalex.org/W4315703020,https://doi.org/10.5772/intechopen.108717,The Risks of Microplastic Pollution in the Aquatic Ecosystem,2023,Paul Agbekpornu; Isaac Kevudo,Environmental sciences,"Microplastic pollution is a global issue that has a detrimental effect on the food chain in the marine ecosystem. They are found in their highest concentrations along coastal lines and within mid-ocean gyres. In marine environments, microplastics are a threat to marine organisms, as they are often in the same size range as prey and are mistaken as food. When ingested can have a deleterious range of effects on marine organisms, a process which may facilitate the transfer of chemical additives or hydrophobic waterborne pollutants to aquatic lives. In this chapter, we looked at the risk of microplastic pollution and its impact on marine organisms and humankind. The study shows that consumption of microplastics has led to ingestion of chemical toxins in aquatic fish, which leads to damage of digestive organs, choking of marine organisms, channel for the spread of microbes, and a reduction in growth and reproductive output. These threats increase the risk to aquatic fishes and human survival. Hence, the need to educate the public on the dangers of using products that pose an immediate and long-term threat to the marine ecosystem and the health of its organism, and the food we eat by marine scientists.",23,Microplastics; Food chain; Marine ecosystem; Aquatic ecosystem; Marine pollution
https://openalex.org/W3111241443,https://doi.org/10.1016/j.cscee.2020.100071,Assessment of microplastic pollution in the aquatic ecosystems – An indian perspective,2020,Kumar Raja Vanapalli; Brajesh Dubey; Ajit K. Sarmah; Jayanta Bhattacharya,Case Studies in Chemical and Environmental Engineering,"Microplastics (MPs) are ubiquitous in the aquatic environment due to plastic waste proliferation in diverse sectors. The recent years have witnessed exponential growth in the number of studies focusing on their occurrence, distribution and toxicity in several parts of India. The overarching aim of this article is to evaluate the sources, abundance, and characteristics of MPs reported in the sediments, water, and biota of the aquatic ecosystems in India. The review revealed that while the MPs from land-based sources such as littering, domestic sewage, and industrial runoff were carried by rivers and streams, MPs from other sources including marine litter and accidental spillages during shipping directly enter the aquatic environment. The unique hydrodynamic conditions during the southwest and northeast monsoons were found to influence the abundance and distribution of MPs in the Indian aquatic ecosystems. Although the seaward flushing and monsoonal flux were reported to increase the abundance of MPs, the reversal of the winds and currents during the NE monsoon was observed to oppose the drift of MPs towards the Goa coast. The reported higher concentrations of MPs in the beach sediments collected from the high tide line (1323 ​± ​1228 ​mg/m2) as compared to that of low tide line (178 ​± ​261 ​mg/m2) along the southeast coast of India also emphasize the tidal influence. While the shape and type of MPs can help in determining their sources, their size and colour might influence their ingestion in aquatic biota and also indicate the amount of degradation. The variability in the characteristics of MPs observed between different studies could also be a factor of difference in the sampling and analysis techniques adopted. Although the general practice of degutting before consumption could lower the risk of MPs transfer from fish, popular delicacies of dried fish and shrimps could be potential sources of human ingestion. Since the research was mostly confined to the southern coasts of India and some urban recreational beaches, the MP pollution on other coastal regions of India remains largely unexplored. Moreover, with very few studies reporting on the MP pollution in the freshwater ecosystems, the wide network of rivers and enclosed water bodies could also be the major focus of future research.",88,Biota; Aquatic ecosystem; Environmental science; Monsoon; Microplastics
https://openalex.org/W2229518787,https://doi.org/10.1186/s12302-015-0069-y,"Microplastics in the aquatic and terrestrial environment: sources (with a specific focus on personal care products), fate and effects",2016,Karen Duis; Anja Coors,Environmental Sciences Europe,"Due to the widespread use and durability of synthetic polymers, plastic debris occurs in the environment worldwide. In the present work, information on sources and fate of microplastic particles in the aquatic and terrestrial environment, and on their uptake and effects, mainly in aquatic organisms, is reviewed. Microplastics in the environment originate from a variety of sources. Quantitative information on the relevance of these sources is generally lacking, but first estimates indicate that abrasion and fragmentation of larger plastic items and materials containing synthetic polymers are likely to be most relevant. Microplastics are ingested and, mostly, excreted rapidly by numerous aquatic organisms. So far, there is no clear evidence of bioaccumulation or biomagnification. In laboratory studies, the ingestion of large amounts of microplastics mainly led to a lower food uptake and, consequently, reduced energy reserves and effects on other physiological functions. Based on the evaluated data, the lowest microplastic concentrations affecting marine organisms exposed via water are much higher than levels measured in marine water. In lugworms exposed via sediment, effects were observed at microplastic levels that were higher than those in subtidal sediments but in the same range as maximum levels in beach sediments. Hydrophobic contaminants are enriched on microplastics, but the available experimental results and modelling approaches indicate that the transfer of sorbed pollutants by microplastics is not likely to contribute significantly to bioaccumulation of these pollutants. Prior to being able to comprehensively assess possible environmental risks caused by microplastics a number of knowledge gaps need to be filled. However, in view of the persistence of microplastics in the environment, the high concentrations measured at some environmental sites and the prospective of strongly increasing concentrations, the release of plastics into the environment should be reduced in a broad and global effort regardless of a proof of an environmental risk.",1726,Microplastics; Bioaccumulation; Environmental science; Plastic pollution; Pollutant
https://openalex.org/W2885126584,https://doi.org/10.1007/s40572-018-0206-z,Microplastics in Seafood and the Implications for Human Health,2018,Madeleine Smith; David C. Love; Chelsea M. Rochman; Roni Neff,Current Environmental Health Reports,"We describe evidence regarding human exposure to microplastics via seafood and discuss potential health effects. Shellfish and other animals consumed whole pose particular concern for human exposure. If there is toxicity, it is likely dependent on dose, polymer type, size, surface chemistry, and hydrophobicity. Human activity has led to microplastic contamination throughout the marine environment. As a result of widespread contamination, microplastics are ingested by many species of wildlife including fish and shellfish. Because microplastics are associated with chemicals from manufacturing and that sorb from the surrounding environment, there is concern regarding physical and chemical toxicity. Evidence regarding microplastic toxicity and epidemiology is emerging. We characterize current knowledge and highlight gaps. We also recommend mitigation and adaptation strategies targeting the life cycle of microplastics and recommend future research to assess impacts of microplastics on humans. Addressing these research gaps is a critical priority due to the nutritional importance of seafood consumption.",1771,Microplastics; Shellfish; Human health; Contamination; Environmental health
https://openalex.org/W3006275595,https://doi.org/10.3390/ijerph17041212,A Detailed Review Study on Potential Effects of Microplastics and Additives of Concern on Human Health,2020,Claudia Campanale; Carmine Massarelli; Ilaria Savino; Vito Locaputo; Vito Felice Uricchio,International Journal of Environmental Research and Public Health,"The distribution and abundance of microplastics into the world are so extensive that many scientists use them as key indicators of the recent and contemporary period defining a new historical epoch: The Plasticene. However, the implications of microplastics are not yet thoroughly understood. There is considerable complexity involved to understand their impact due to different physical-chemical properties that make microplastics multifaceted stressors. If, on the one hand, microplastics carry toxic chemicals in the ecosystems, thus serving as vectors of transport, they are themselves, on the other hand, a cocktail of hazardous chemicals that are added voluntarily during their production as additives to increase polymer properties and prolong their life. To date, there is a considerable lack of knowledge on the major additives of concern that are used in the plastic industry, on their fate once microplastics dispose into the environment, and on their consequent effects on human health when associated with micro and nanoplastics. The present study emphasizes the most toxic and dangerous chemical substances that are contained in all plastic products to describe the effects and implications of these hazardous chemicals on human health, providing a detailed overview of studies that have investigated their abundance on microplastics. In the present work, we conducted a capillary review of the literature on micro and nanoplastic exposure pathways and their potential risk to human health to summarize current knowledge with the intention of better focus future research in this area and fill knowledge gaps.",1821,Microplastics; Human health; Hazardous waste; Environmental science; Plastic pollution
https://openalex.org/W2914665624,https://doi.org/10.1057/s41599-018-0212-7,Future scenarios of global plastic waste generation and disposal,2019,Laurent Lebreton; Anthony L. Andrady,Palgrave Communications,"Abstract The accumulation of mismanaged plastic waste (MPW) in the environment is a global growing concern. Knowing with precision where litter is generated is important to target priority areas for the implementation of mitigation policies. In this study, using country-level data on waste management combined with high-resolution distributions and long-term projections of population and the gross domestic product (GDP), we present projections of global MPW generation at ~1 km resolution from now to 2060. We estimated between 60 and 99 million metric tonnes (Mt) of MPW were produced globally in 2015. In a business-as-usual scenario, this figure could triple to 155–265 Mt y −1 by 2060. The future MPW load will continue to be disproportionately high in African and Asian continents even in the future years. However, we show that this growth in plastic waste can be reduced if developing economies significantly invest in waste management infrastructures as their GDP grows in the future and if efforts are made internationally to reduce the fraction of plastic in municipal solid waste. Using our projections, we also demonstrate that the majority of MPW (91%) are transported via watersheds larger than 100 km 2 suggesting that rivers are major pathways for plastic litter to the ocean.",2226,Plastic waste; Tonne; Litter; Product (mathematics); Population
https://openalex.org/W3132027948,https://doi.org/10.1111/fwb.13687,Microplastic evacuation in fish is particle size‐dependent,2021,Samuel Roch; Albert Ros; Christian Friedrich; Alexander Brinker,Freshwater Biology,"Abstract The pollution of aquatic systems with microplastics (MPs) affects marine and freshwater fish species worldwide. However, little is known about the size‐dependent retention time of these inert particles. To approach this question, the retention time of MP particles was examined in two freshwater fish species with distinct differences in gastrointestinal morphology: rainbow trout ( Oncorhynchus mykiss ) with a true stomach, and stomachless common carp ( Cyprinus carpio ). A special diet was developed that contained environmentally relevant concentrations of MPs with sizes ranging from 20 to 1,000 µm. The two species were exposed to three different concentrations and numbers of retained particle were determined up to 72 hr after administration. The results revealed significant differences in retention time between large and small MP particles in rainbow trout, in which the T 50 value (time for 50% of particles to be evacuated) ranged from 12.1 hr for 42.7 µm particles to 4.0 hr for 1,086 µm particles. In contrast, the differences observed between sizes in common carp were considerably smaller, with T 50 ranging from 7.3 hr for 42.7 µm particles to 4.6 hr for 1,086 µm particles. It is therefore concluded that large particles in rainbow trout must be actively transported out of the stomach, as the evacuation times are significantly shorter than those for food. Small particles, however, are passively excreted with the chyme. In common carp, the evacuation rates of all particle sizes were in the range of that for food, suggesting a passive excretion. The results are particularly relevant in the contexts of particle transfer through the food chain, the release of toxic chemicals, and the translocation into tissues and organs. For this reason, it is essential that the particle size is given more consideration in future studies of microplastics in aquatic environments.",74,Rainbow trout; Cyprinus; Common carp; Microplastics; Carp
https://openalex.org/W2143362587,https://doi.org/10.1186/s12302-014-0012-7,Microplastics in freshwater ecosystems: what we know and what we need to know,2014,Martin Wagner; Christian Scherer; Diana Álvarez‐Muñoz; Nicole Brennholt; Xavier Bourrain,Environmental Sciences Europe,"BACKGROUND: While the use of plastic materials has generated huge societal benefits, the 'plastic age' comes with downsides: One issue of emerging concern is the accumulation of plastics in the aquatic environment. Here, so-called microplastics (MP), fragments smaller than 5 mm, are of special concern because they can be ingested throughout the food web more readily than larger particles. Focusing on freshwater MP, we briefly review the state of the science to identify gaps of knowledge and deduce research needs. STATE OF THE SCIENCE: Environmental scientists started investigating marine (micro)plastics in the early 2000s. Today, a wealth of studies demonstrates that MP have ubiquitously permeated the marine ecosystem, including the polar regions and the deep sea. MP ingestion has been documented for an increasing number of marine species. However, to date, only few studies investigate their biological effects. The majority of marine plastics are considered to originate from land-based sources, including surface waters. Although they may be important transport pathways of MP, data from freshwater ecosystems is scarce. So far, only few studies provide evidence for the presence of MP in rivers and lakes. Data on MP uptake by freshwater invertebrates and fish is very limited. KNOWLEDGE GAPS: While the research on marine MP is more advanced, there are immense gaps of knowledge regarding freshwater MP. Data on their abundance is fragmentary for large and absent for small surface waters. Likewise, relevant sources and the environmental fate remain to be investigated. Data on the biological effects of MP in freshwater species is completely lacking. The accumulation of other freshwater contaminants on MP is of special interest because ingestion might increase the chemical exposure. Again, data is unavailable on this important issue. CONCLUSIONS: MP represent freshwater contaminants of emerging concern. However, to assess the environmental risk associated with MP, comprehensive data on their abundance, fate, sources, and biological effects in freshwater ecosystems are needed. Establishing such data critically depends on a collaborative effort by environmental scientists from diverse disciplines (chemistry, hydrology, ecotoxicology, etc.) and, unsurprisingly, on the allocation of sufficient public funding.",1488,Microplastics; Freshwater ecosystem; Marine ecosystem; Marine species; Food chain
https://openalex.org/W2300403628,https://doi.org/10.1021/acs.est.5b06069,Microplastic as a Vector for Chemicals in the Aquatic Environment: Critical Review and Model-Supported Reinterpretation of Empirical Studies,2016,Albert A. Koelmans; Adil Bakir; G.A. Burton; Colin R. Janssen,Environmental Science & Technology,"The hypothesis that 'microplastic will transfer hazardous hydrophobic organic chemicals (HOC) to marine animals' has been central to the perceived hazard and risk of plastic in the marine environment. The hypothesis is often cited and has gained momentum, turning it into paradigm status. We provide a critical evaluation of the scientific literature regarding this hypothesis. Using new calculations based on published studies, we explain the sometimes contrasting views and unify them in one interpretive framework. One explanation for the contrasting views among studies is that they test different hypotheses. When reframed in the context of the above hypothesis, the available data become consistent. We show that HOC microplastic-water partitioning can be assumed to be at equilibrium for most microplastic residing in the oceans. We calculate the fraction of total HOC sorbed by plastics to be small compared to that sorbed by other media in the ocean. We further demonstrate consistency among (a) measured HOC transfer from microplastic to organisms in the laboratory, (b) measured HOC desorption rates for polymers in artificial gut fluids (c) simulations by plastic-inclusive bioaccumulation models and (d) HOC desorption rates for polymers inferred from first principles. We conclude that overall the flux of HOCs bioaccumulated from natural prey overwhelms the flux from ingested microplastic for most habitats, which implies that microplastic ingestion is not likely to increase the exposure to and thus risks of HOCs in the marine environment.",1489,Microplastics; Context (archaeology); Post hoc; Environmental science; Debris
https://openalex.org/W2318716851,https://doi.org/10.1021/es503610r,Microplastic is an Abundant and Distinct Microbial Habitat in an Urban River,2014,Amanda R. McCormick; Timothy J. Hoellein; Sherri A. Mason; Joseph Schluep; John J. Kelly,Environmental Science & Technology,"Recent research has documented microplastic particles (< 5 mm in diameter) in ocean habitats worldwide and in the Laurentian Great Lakes. Microplastic interacts with biota, including microorganisms, in these habitats, raising concerns about its ecological effects. Rivers may transport microplastic to marine habitats and the Great Lakes, but data on microplastic in rivers is limited. In a highly urbanized river in Chicago, Illinois, USA, we measured concentrations of microplastic that met or exceeded those measured in oceans and the Great Lakes, and we demonstrated that wastewater treatment plant effluent was a point source of microplastic. Results from high-throughput sequencing showed that bacterial assemblages colonizing microplastic within the river were less diverse and were significantly different in taxonomic composition compared to those from the water column and suspended organic matter. Several taxa that include plastic decomposing organisms and pathogens were more abundant on microplastic. These results demonstrate that microplastic in rivers are a distinct microbial habitat and may be a novel vector for the downstream transport of unique bacterial assemblages. In addition, this study suggests that urban rivers are an overlooked and potentially significant component of the global microplastic life cycle.",1449,Biota; Habitat; Environmental science; Ecology; Microplastics
https://openalex.org/W2791727655,https://doi.org/10.1038/s41598-018-22939-w,Evidence that the Great Pacific Garbage Patch is rapidly accumulating plastic,2018,Laurent Lebreton; Boyan Slat; Francesco F. Ferrari; Bruno Sainte-Rose; Jennifer Aitken,Scientific Reports,"; a figure four to sixteen times higher than previously reported. We explain this difference through the use of more robust methods to quantify larger debris. Over three-quarters of the GPGP mass was carried by debris larger than 5 cm and at least 46% was comprised of fishing nets. Microplastics accounted for 8% of the total mass but 94% of the estimated 1.8 (1.1-3.6) trillion pieces floating in the area. Plastic collected during our study has specific characteristics such as small surface-to-volume ratio, indicating that only certain types of debris have the capacity to persist and accumulate at the surface of the GPGP. Finally, our results suggest that ocean plastic pollution within the GPGP is increasing exponentially and at a faster rate than in surrounding waters.",1764,Garbage; Biology; Computer science; Programming language
https://openalex.org/W4388814273,https://doi.org/10.13170/depik.12.3.34596,"Microplastics in sediment of Indonesia waters : A systematic review of occurrence, monitoring and potential environmental risks",2023,Said Ali Akbar; Sari Afriani; Cut Nuzlia; Suraiya Nazlia; Sri Agustina,DEPIK,"Microplastics, or plastic particles smaller than 5 mm, are a growing ecotoxicological problem for both human health and aquatic habitats. Even though microplastic pollution affects the air, water, and land widely, these habitats are often viewed as distinct from one another while in fact they are tightly related. The purpose of this work is to review the body of scientific literature on microplastic studies in Indonesian watershed sediment. Google Scholar has identified around 57 papers about microplastic pollution that were published between 2017 and 2023. Papers about sediment for rivers, lakes, marine, and estuaries are categorized further based on (i) their occurrence and characterization, (ii) their intake by and effects on species, and (iii) their fate and transport issues. Even at low concentrations of 10 μg/mL, microplastics cause harmful effects for people and animals, including cytotoxicity, immunological response, oxidative stress, barrier characteristics, and genotoxicity. When marine animals eat microplastics, their gastrointestinal tract physiology changes, and they also experience immune system depression, oxidative stress, cytotoxicity, differential gene expression, and growth inhibition. In addition, the bioaccumulation of microplastics in aquatic creatures' tissues may harm the aquatic ecosystem and may spread to people and birds. Through behavioural changes and policy changes, such imposing taxes, bans, or price increases on plastic carrier bags, plastic usage has been dramatically decreased to 8–85% in many different nations across the globe. The strategy for minimizing microplastics is structured like an upside-down pyramid: prevention is at the top, then reduction, reuse, recycling, recovery, and, as the least desirable alternative, disposal.Keywords:MicroplasticsSedimentIndonesia WatersEnvironmental RiskPollutant Aquatic",16,Microplastics; Environmental science; Aquatic ecosystem; Ecology; Fishery
https://openalex.org/W2608368045,https://doi.org/10.1038/srep46687,Tissue accumulation of microplastics in mice and biomarker responses suggest widespread health risks of exposure,2017,Yongfeng Deng; Yan Zhang; Bernardo Lemos; Hongqiang Ren,Scientific Reports,"Microplastics (MPs) are a significant environmental health issue and increasingly greater source of concern. MPs have been detected in oceans, rivers, sediments, sewages, soil and even table salts. MPs exposure on marine organisms and humans has been documented, but information about the toxicity of MPs in mammal is limited. Here we used fluorescent and pristine polystyrene microplastics (PS-MPs) particles with two diameters (5 μm and 20 μm) to investigate the tissue distribution, accumulation, and tissue-specific health risk of MPs in mice. Results indicated that MPs accumulated in liver, kidney and gut, with a tissue-accumulation kinetics and distribution pattern that was strongly depended on the MPs particle size. In addition, analyses of multiple biochemical biomarkers and metabolomic profiles suggested that MPs exposure induced disturbance of energy and lipid metabolism as well as oxidative stress. Interestingly, blood biomarkers of neurotoxicity were also altered. Our results uncovered the distribution and accumulation of MPs across mice tissues and revealed significant alteration in several biomarkers that indicate potential toxicity from MPs exposure. Collectively, our data provided new evidence for the adverse consequences of MPs.",1393,Microplastics; Toxicity; Tissue distribution; Biomarker; Oxidative stress
https://openalex.org/W2766101344,https://doi.org/10.3390/ijerph14101265,Wear and Tear of Tyres: A Stealthy Source of Microplastics in the Environment,2017,Pieter Jan Kole; Ansje Löhr; Frank Van Belleghem; Ad M.J. Ragas,International Journal of Environmental Research and Public Health,") is estimated to consist of tyre wear and tear, indicating that it may contribute to the global health burden of air pollution which has been projected by the World Health Organization (WHO) at 3 million deaths in 2012. The wear and tear also enters our food chain, but further research is needed to assess human health risks. It is concluded here that tyre wear and tear is a stealthy source of microplastics in our environment, which can only be addressed effectively if awareness increases, knowledge gaps on quantities and effects are being closed, and creative technical solutions are being sought. This requires a global effort from all stakeholders; consumers, regulators, industry and researchers alike.",1481,Microplastics; Environmental science; Environmental chemistry; Chemistry
https://openalex.org/W3006187093,https://doi.org/10.1016/j.earscirev.2020.103118,Atmospheric microplastics: A review on current status and perspectives,2020,Yulan Zhang; Shichang Kang; Steve Allen; Deonie Allen; Tanguang Gao,Earth-Science Reviews,"Microplastics have recently been detected in the atmosphere of urban, suburban, and even remote areas far away from source regions of microplastics, suggesting the potential long-distance atmospheric transport for microplastics. There still exist questions regarding the occurrence, fate, transport, and effect of atmospheric microplastics. These questions arise due to limited physical analysis and understanding of atmospheric microplastic pollution in conjunction with a lack of standardized sampling and identification methods. This paper reviews the current status of knowledge on atmospheric microplastics, the methods for sample collection, analysis and detection. We review and compare the methods used in the previous studies and provide recommendations for atmospheric microplastic sampling and measurement. Furthermore, we summarize the findings related to atmospheric microplastic characteristics, including abundance, size, shapes, colours, and polymer types. Microplastics occur in the atmosphere from urban to remote areas, with an abundance/deposition spanning 1–3 orders of magnitude across different sites. Fibres and fragments are the most frequently reported shapes and the types of plastic which generally aligns with world plastic demand. We conclude that atmospheric microplastics require further research and greater understanding to identify its global distributions and potential exposure to human health through further field sampling and implementation of standardized analytical protocols.",1281,Microplastics; Environmental science; Sampling (signal processing); Plastic pollution; Atmosphere (unit)
https://openalex.org/W1946435840,https://doi.org/10.1038/srep14340,Anthropogenic debris in seafood: Plastic debris and fibers from textiles in fish and bivalves sold for human consumption,2015,Chelsea M. Rochman; Akbar Tahir; Susan L. Williams; Dolores V. Baxa; Rosalyn Lam,Scientific Reports,"The ubiquity of anthropogenic debris in hundreds of species of wildlife and the toxicity of chemicals associated with it has begun to raise concerns regarding the presence of anthropogenic debris in seafood. We assessed the presence of anthropogenic debris in fishes and shellfish on sale for human consumption. We sampled from markets in Makassar, Indonesia, and from California, USA. All fish and shellfish were identified to species where possible. Anthropogenic debris was extracted from the digestive tracts of fish and whole shellfish using a 10% KOH solution and quantified under a dissecting microscope. In Indonesia, anthropogenic debris was found in 28% of individual fish and in 55% of all species. Similarly, in the USA, anthropogenic debris was found in 25% of individual fish and in 67% of all species. Anthropogenic debris was also found in 33% of individual shellfish sampled. All of the anthropogenic debris recovered from fish in Indonesia was plastic, whereas anthropogenic debris recovered from fish in the USA was primarily fibers. Variations in debris types likely reflect different sources and waste management strategies between countries. We report some of the first findings of plastic debris in fishes directly sold for human consumption raising concerns regarding human health.",1464,Debris; Marine debris; Fishery; Wildlife; Shellfish
https://openalex.org/W3089602941,https://doi.org/10.31276/vjste.62(3).83-89,"Preliminary assessment on the microplastic contamination in the atmospheric fallout in the Phuoc Hiep landfill, Cu Chi, Ho Chi Minh city",2020,Thuong Quoc Thinh; Trương Trần Nguyễn Sang; Trần Quốc Việt; Le Thi Minh Tam; Nguyễn Phước Dân,Ministry of Science and Technology Vietnam,"Microplastic pollution has become a global issue in recent years. Since the early 2000s, scientists have investigated the occurrence of microplastics (MiPs) in the environment. While research on marine MiPs is more advanced at present, there are immense gaps of knowledge regarding continental MiPs. Airborne MiPs are one source of MiPs in the aquatic environment. In the scientific literature, there have been only three publications on presence of MiPs in atmospheric fallout. In developing countries, where plastic waste management is weak, studies on the presence of MiPs in this area are limited. This current study presents a preliminary assessment of the presence of MiPs in atmospheric fallout sampled from the Phuoc Hiep landfill, Ho Chi Minh city (HCMC). The results of this work show that MiP concentrations vary between 1,801 items m-2d-1 and 913 items m-2d-1 in the dry and rainy seasons, respectively.",28,Ho chi minh; Contamination; Environmental science; Waste management; Atmospheric air
https://openalex.org/W4410791944,https://doi.org/10.3389/fenvs.2025.1600570,Microplastic pollution in aquatic environments: a meta-analysis of influencing factors and methodological recommendations,2025,Linus Hartz; Lisa Grabinski; Samir Salameh,Frontiers in Environmental Science,"Microplastics have become prominent environmental pollutants in both marine and freshwater systems, which raises ecological and health concerns. This study provides a comprehensive meta-analysis of microplastic concentration data from over 60 studies across Europe, investigating factors influencing microplastic distribution. The investigated influences include sampling latitude, proximity to wastewater treatment plants, population density in the sampling area, sampling mesh size, distance to coastlines, seasonal variations, and wind speeds. The results indicate that microplastic concentrations correlate with mesh size in marine but not freshwater environments, suggesting the predominant microplastic type in fresh waters to be primary microplastics. Although it is generally accepted, that waste water treatment plants contribute to microplastic pollution, this study identifies other more significant factors, such as surface runoff and atmospheric deposition. Population density shows a modest influence, while the distance of sampling site from coastlines is, contrary to findings from other publications, not significantly related to microplastic concentration levels. Seasonal and wind speed effects are complex, with varied impacts across sampling locations and used correction factors have to be critically reevaluated. This analysis underscores the need for standardized methodologies in microplastic research, and it recommends specific sampling practices to enhance data comparability across studies, which contributes to a more accurate assessment of microplastic pollution in aquatic environments.",13,Environmental science; Pollution; Aquatic ecosystem; Aquatic environment; Microplastics
https://openalex.org/W2808334666,https://doi.org/10.1371/journal.pone.0194970,"Anthropogenic contamination of tap water, beer, and sea salt",2018,Mary Kosuth; Sherri A. Mason; Elizabeth V. Wattenberg,PLoS ONE,"Plastic pollution has been well documented in natural environments, including the open waters and sediments within lakes and rivers, the open ocean and even the air, but less attention has been paid to synthetic polymers in human consumables. Since multiple toxicity studies indicate risks to human health when plastic particles are ingested, more needs to be known about the presence and abundance of anthropogenic particles in human foods and beverages. This study investigates the presence of anthropogenic particles in 159 samples of globally sourced tap water, 12 brands of Laurentian Great Lakes beer, and 12 brands of commercial sea salt. Of the tap water samples analyzed, 81% were found to contain anthropogenic particles. The majority of these particles were fibers (98.3%) between 0.1-5 mm in length. The range was 0 to 61 particles/L, with an overall mean of 5.45 particles/L. Anthropogenic debris was found in each brand of beer and salt. Of the extracted particles, over 99% were fibers. After adjusting for particles found in lab blanks for both salt and beer, the average number of particles found in beer was 4.05 particles/L with a range of 0 to 14.3 particles/L and the average number of particles found in each brand of salt was 212 particles/kg with a range of 46.7 to 806 particles/kg. Based on consumer guidelines, our results indicate the average person ingests over 5,800 particles of synthetic debris from these three sources annually, with the largest contribution coming from tap water (88%).",1210,Sea salt; Environmental science; Tap water; Contamination; Range (aeronautics)
https://openalex.org/W2884141993,https://doi.org/10.1016/j.scitotenv.2018.07.229,Macro- and micro- plastics in soil-plant system: Effects of plastic mulch film residues on wheat (Triticum aestivum) growth,2018,Yueling Qi; Xiaomei Yang; Amalia Mejia Pelaez; Esperanza Huerta Lwanga; Nicolas Bériot,The Science of The Total Environment,"Plastic residues have become a serious environmental problem in the regions with intensive use of plastic mulching. Even though plastic mulch is widely used, the effects of macro- and micro- plastic residues on the soil-plant system and the agroecosystem are largely unknown. In this study, low density polyethylene and one type of starch-based biodegradable plastic mulch film were selected and used as examples of macro- and micro- sized plastic residues. A pot experiment was performed in a climate chamber to determine what effect mixing 1% concentration of residues of these plastics with sandy soil would have on wheat growth in the presence and absence of earthworms. The results showed that macro- and micro- plastic residues affected both above-ground and below-ground parts of the wheat plant during both vegetative and reproductive growth. The type of plastic mulch films used had a strong effect on wheat growth with the biodegradable plastic mulch showing stronger negative effects as compared to polyethylene. The presence of earthworms had an overall positive effect on the wheat growth and chiefly alleviated the impairments made by plastic residues.",1155,Mulch; Biodegradable plastic; Plastic film; Plastic mulch; Polyethylene
https://openalex.org/W3095816170,https://doi.org/10.1201/9780429351495-7,Review: Effects of microplastic on zooplankton survival and sublethal responses,2020,Sing-Pei Yu; Matthew Cole; Benny K. K. Chan,,"Microplastics (MPs) are a prolific contaminant in aquatic ecosystems across the globe. Zooplankton (including holoplankton and meroplankton) play vital ecological roles in marine and freshwater ecosystems and have been shown to readily consume MPs. The present review uses 88 pieces of published literature to examine and compare the effects of MPs on survival, growth, development, feeding rate, swimming speed, reproduction, organ damage and gene expression of different groups of zooplankton, including copepods, daphnids, brine shrimp, euphausids, rotifers and the larvae of fishes, sea urchins, molluscs, barnacles, decapods and ascidians. Among the groups studied, daphnids and copepods are the most sensitive to MPs, with their feeding rate and fecundity significantly decreased at environmentally relevant MP concentrations. This might adversely affect daphnid and copepod populations in the long term. In contrast, molluscs, barnacles, brine shrimp and euphausids appear to be more tolerant to MPs. No clear impacts on survival, development time, growth or feeding rate can be observed in these zooplankton groups at any of the MP concentrations tested, suggesting that these groups might become more dominant with prolonged exposure to MP pollution. Leachates derived from MPs can induce severe abnormality in bivalve and sea urchin embryos. MPs have prominent effects on survival and fecundity of F1 offspring in bivalves, copepods and daphnids, indicating that MPs could incite transgenerational effects and drastically affect sustainability in zooplankton populations.",27,Zooplankton; Biology; Environmental science; Oceanography; Ecology
https://openalex.org/W3025935277,https://doi.org/10.1038/s41467-020-16235-3,Microplastics affect sedimentary microbial communities and nitrogen cycling,2020,Meredith Evans Seeley; Bongkeun Song; Renia Passie; Robert C. Hale,Nature Communications,"Microplastics are ubiquitous in estuarine, coastal, and deep sea sediments. The impacts of microplastics on sedimentary microbial ecosystems and biogeochemical carbon and nitrogen cycles, however, have not been well reported. To evaluate if microplastics influence the composition and function of sedimentary microbial communities, we conducted a microcosm experiment using salt marsh sediment amended with polyethylene (PE), polyvinyl chloride (PVC), polyurethane foam (PUF) or polylactic acid (PLA) microplastics. We report that the presence of microplastics alters sediment microbial community composition and nitrogen cycling processes. Compared to control sediments without microplastic, PUF- and PLA-amended sediments promote nitrification and denitrification, while PVC amendment inhibits both processes. These results indicate that nitrogen cycling processes in sediments can be significantly affected by different microplastics, which may serve as organic carbon substrates for microbial communities. Considering this evidence and increasing microplastic pollution, the impact of plastics on global ecosystems and biogeochemical cycling merits critical investigation.",1147,Microplastics; Biogeochemical cycle; Microcosm; Environmental chemistry; Nitrogen cycle
https://openalex.org/W3157788918,https://doi.org/10.1126/sciadv.aaz5803,More than 1000 rivers account for 80% of global riverine plastic emissions into the ocean,2021,Lourens Meijer; Tim van Emmerik; Ruud van der Ent; Christian Schmidt; Laurent Lebreton,Science Advances,"Plastic waste increasingly accumulates in the marine environment, but data on the distribution and quantification of riverine sources required for development of effective mitigation are limited. Our model approach includes geographically distributed data on plastic waste, land use, wind, precipitation, and rivers and calculates the probability for plastic waste to reach a river and subsequently the ocean. This probabilistic approach highlights regions that are likely to emit plastic into the ocean. We calibrated our model using recent field observations and show that emissions are distributed over more rivers than previously thought by up to two orders of magnitude. We estimate that more than 1000 rivers account for 80% of global annual emissions, which range between 0.8 million and 2.7 million metric tons per year, with small urban rivers among the most polluting. These high-resolution data allow for the focused development of mitigation strategies and technologies to reduce riverine plastic emissions.",1296,Environmental science; Hydrology (agriculture); Oceanography; Water resource management; Geology
https://openalex.org/W4382602792,https://doi.org/10.1016/j.seares.2023.102407,"Distribution, abundance, and composition of microplastics in market fishes from the Red and Mediterranean seas in Egypt",2023,Mohamed Hamed; Christopher J. Martyniuk; Jae‐Seong Lee; Huahong Shi; Alaa El‐Din H. Sayed,Journal of Sea Research,"Marine environments contain plastic debris that potentially elicits adverse effects in aquatic organisms. In Egypt, microplastic pollution has been recognized as a significant issue; however risks associated with human consumption have not been fully elucidated. Here, we evaluated the frequency of occurrence, abundance, and distribution of microplastics (MPs) in marine fishes at market from the Mediterranean and Red seas in Egypt. Four fish markets distributed along the two seas (Hurghada and Suez in Red Sea) and (Port Said and Alexandria in Mediterranean Sea) were sampled in May 2021. In fish at markets, MPs were found throughout the gastrointestinal system (stomach and intestine) but were not detected in either muscle or liver. The body size (length and weight) of the market fish was positively correlated with and the concentration of MPs. The most frequent size of MPs observed in fish were between as >5000 μml (26%), followed by 500–1000 μm (25.8%), μm and 1000–5000 μm (22.7%). The highest MPs concentration was found in fish collected at the Hurghada site (4.16 items/individual). The most abundant polymers comprising plastic in marine fishes in Egypt in the Red Sea, the dominant Polymers of the MPs in fish was PE (59.4%), followed by PP (24.8%). while, In the Mediterranean Sea, the dominant Polymers of the MPs in fish was PP (48.5%), followed by PE (35.9%). We conclude that the size of the fish, its diet, and habitat are key factors related to MP bioaccumulation in marine fish species. We have improved our understanding of the risk MPs pose to fisheries and marine ecosystems by demonstrating their widespread presence there. Consequently, it is more important than ever to get plastics out of the sea.",27,Microplastics; Mediterranean sea; Fishery; Bioaccumulation; Marine debris
https://openalex.org/W3100794821,https://doi.org/10.1016/j.cscee.2020.100056,Microplastics contamination along the coastal waters of NW Portugal,2020,Sabrina M. Rodrigues; C. Marisa R. Almeida; Sandra Ramos,Case Studies in Chemical and Environmental Engineering,"To evaluate the current microplastics (MPs) contamination on the NW coast of Portugal, opportunistic samples from coastal areas with different levels of anthropogenic impacts were analyzed. Water samples were collected from a coastal marine protected area, an urban estuary, a submarine wreck, and a recreational marina. An optimized protocol for the quantification of MPs, followed by visual identification and FTIR spectroscopy analysis was used to characterize MPs (polymer, type, size, color). MPs were found in all the case studies. A total of 2456 ​MPs particles were identified and classified as fibers (39%), film (39%), and fragments (22%). Up to 54% of MPs had a size range between 1 and 3 ​mm. Transparent was the dominant color (56%), followed by white (19%). Polyethylene and polypropylene were the main MPs polymers detected. Higher MPs concentration were found in areas associated with high intense fishing and shipping activities. This study showed that different types of MPs were present in all the aquatic environments surveyed, mainly in areas with more anthropogenic activities, emphasizing the need for measures to properly manage plastic litter and mitigate marine plastic pollution.",32,Microplastics; Marine debris; Environmental science; Contamination; Plastic pollution
https://openalex.org/W4383747201,https://doi.org/10.1139/cjfas-2023-0023,Towards a management strategy for microplastic pollution in the Laurentian Great Lakes—ecological risk assessment and management (part 2),2023,Eden K. Hataley; Hayley K. McIlwraith; Dimple Roy; Chelsea M. Rochman,Canadian Journal of Fisheries and Aquatic Sciences,"Over the past decade, plastic pollution has been documented throughout the Laurentian Great Lakes basin. Here, we demonstrate the application of published ecological risk assessment and management frameworks for microplastics in aquatic environments by comparing proposed risk thresholds derived using toxicity data from both freshwater and marine species to local monitoring data. Our results suggest that there may be measurable risks from microplastics to aquatic communities in parts of the Great Lakes where current concentrations are relatively high. For example, concentrations in 89% of surface water samples collected across the region exceed the proposed risk thresholds for food dilution toxicity. However, concentrations in all sediment samples remain below the proposed risk thresholds. Accordingly, we suggest that an appropriate and necessary next step for management may include convening a working group of local experts to develop an ecological risk assessment and management framework for the region comprising risk thresholds for microplastics in surface water and sediment. Ultimately, microplastic pollution should be addressed in the Great Lakes Water Quality Agreement to ensure coordinated and sustained efforts are taken by the governments of Canada and the United States to reduce their release and impact.",16,Microplastics; Environmental science; Pollution; Water quality; Risk assessment
https://openalex.org/W2764880863,https://doi.org/10.1146/annurev-marine-010816-060409,Plastics in the Marine Environment,2016,Kara Lavender Law,Annual Review of Marine Science,"Plastics contamination in the marine environment was first reported nearly 50 years ago, less than two decades after the rise of commercial plastics production, when less than 50 million metric tons were produced per year. In 2014, global plastics production surpassed 300 million metric tons per year. Plastic debris has been detected worldwide in all major marine habitats, in sizes from microns to meters. In response, concerns about risks to marine wildlife upon exposure to the varied forms of plastic debris have increased, stimulating new research into the extent and consequences of plastics contamination in the marine environment. Here, I present a framework to evaluate the current understanding of the sources, distribution, fate, and impacts of marine plastics. Despite remaining knowledge gaps in mass budgeting and challenges in investigating ecological impacts, the increasing evidence of the ubiquity of plastics contamination in the marine environment, the continued rapid growth in plastics production, and the evidence-albeit limited-of demonstrated impacts to marine wildlife support immediate implementation of source-reducing measures to decrease the potential risks of plastics in the marine ecosystem.",1024,Microplastics; Marine debris; Environmental science; Wildlife; Marine ecosystem
https://openalex.org/W2515987409,https://doi.org/10.2903/j.efsa.2016.4501,"Presence of microplastics and nanoplastics in food, with particular focus on seafood",2016,EFSA Panel on Contaminants in the Food Chain (CONTAM),EFSA Journal,"Following a request from the German Federal Institute for Risk Assessment (BfR), the EFSA Panel for Contaminants in the Food Chain was asked to deliver a statement on the presence of microplastics and nanoplastics in food, with particular focus on seafood. Primary microplastics are plastics originally manufactured to be that size, while secondary microplastics originate from fragmentation. Nanoplastics can originate from engineered material or can be produced during fragmentation of microplastic debris. Microplastics range from 0.1 to 5,000 μm and nanoplastics from approximately 1 to 100 nm (0.001-0.1 μm). There is no legislation for microplastics and nanoplastics as contaminants in food. Methods are available for identification and quantification of microplastics in food, including seafood. Occurrence data are limited. In contrast to microplastics no methods or occurrence data in food are available for nanoplastics. Microplastics can contain on average 4% of additives and the plastics can adsorb contaminants. Both additives and contaminants can be of organic as well of inorganic nature. Based on a conservative estimate the presence of microplastics in seafood would have a small effect on the overall exposure to additives or contaminants. Toxicity and toxicokinetic data are lacking for both microplastics and nanoplastics for a human risk assessment. It is recommended that analytical methods should be further developed for microplastics and developed for nanoplastics and standardised, in order to assess their presence, identity and to quantify their amount in food. Furthermore, quality assurance should be in place and demonstrated. For microplastics and nanoplastics, occurrence data in food, including effects of food processing, in particular, for the smaller sized particles (< 150 μm) should be generated. Research on the toxicokinetics and toxicity, including studies on local effects in the gastrointestinal (GI) tract, are needed as is research on the degradation of microplastics and potential formation of nanoplastics in the human GI tract.",920,Microplastics; Fishery; Focus (optics); Food intake; Food science
https://openalex.org/W4392514088,https://doi.org/10.3389/feart.2024.1339822,Variability in the drivers of microplastic consumption by fish across four lake ecosystems,2024,Peter Conowall; K. M. Schreiner; Joseph Marchand; Elizabeth C. Minor; Casey W. Schoenebeck,Frontiers in Earth Science,"Microplastic (&amp;lt;5 mm) pollution has been documented globally throughout freshwater and marine ecosystems. Exposure to and ingestion of microplastics presents a threat to the health of aquatic and marine organisms and humans through the consumption of fish and crustaceans. Understanding the factors which influence microplastic ingestion by fish is a key step in predicting the potential health risks. Drivers of microplastic consumption have been studied in lab settings, but there has been limited ability to confirm in field studies. Here we examine the roles and contributions of feeding guild, pelagic microplastic concentrations, and fish length to microplastic consumption by three species of fish across four lake ecosystems in Minnesota, United States. Fish samples were collected in the summers of 2019 and 2020 and processed to determine variability in microplastic ingestion. Identifying particles between 0.18 and 5 mm, plastic ingestion ranged from 0.6 microplastics fish −1 in Elk Lake (low surface water microplastics) bluegill to 1.09 microplastics fish -1 in White Iron Lake (moderate surface water microplastics) cisco. Results indicate that microplastic consumption by filter feeding cisco is driven by surface water microplastic concentrations, while microplastic consumption by visual feeding bluegill and yellow perch is not. Additionally, the high variability of ingestion between lake ecosystems coupled with the complex behavior of some fish species presents difficulties in identifying primary drivers of microplastic consumption that would be broadly applicable across ecosystems and species.",12,Microplastics; Environmental science; Pelagic zone; Ecosystem; Aquatic ecosystem
https://openalex.org/W4382541613,https://doi.org/10.56578/atg020204,Quantifying Plastic Waste and Microplastic Contamination in African Aquatic Systems: An Imperative for Sustainable Waste Management,2023,Rapheal Oceng; Pertiwi Andarani; Badrus Zaman,Acadlore Transactions on Geosciences,"Escalating issues pertaining to the disposal of plastic waste have emerged as an alarming global concern, underscored by the environmental infiltration of fragmented plastic materials into terrestrial, aquatic, and atmospheric systems. This predicament is notably amplified within the African continent, where rudimentary waste management infrastructures exacerbate the situation. This review dissects the prevalence, abundance, and distribution of plastic litter and microplastics within diverse environmental compartments (namely, sediments, water bodies, and biota) across Africa. Detailed analysis of existing research findings highlights concentrations of plastic debris and microplastics, identifying the predominant types of polymers and shapes of particles present. It is observed that most African research endeavours have primarily concentrated on microplastics, albeit macroplastics or plastic litter posing substantial challenges as well. Marine environments have been the predominant focus of these studies, with freshwater ecosystems relatively understudied. The geographical focal points of these research efforts were primarily South Africa, Tunisia, and Nigeria. Conversely, a glaring lack of comprehensive studies addressing plastic pollution within terrestrial and atmospheric systems calls for urgent research attention. Documented evidence of plastic ingestion by diverse aquatic and terrestrial fauna, including insects, fish, birds, molluscs, and arthropods, reaffirms the pervasive nature of the problem within African water bodies. An evaluation of existing literature identifies polyester, polyethylene, and polypropylene as the most common types of plastics present within both freshwater and coastal systems. Unfortunately, a significant proportion of these studies failed to adequately characterize the identified plastics, thus obstructing the identification of potential sources. Consequently, it is imperative that future investigations prioritize polymer identification, which can facilitate the development and implementation of efficacious strategies for mitigating plastic pollution and curtailing environmental leakage of plastics.",16,Microplastics; Plastic pollution; Marine debris; Biota; Aquatic ecosystem
https://openalex.org/W2557355211,https://doi.org/10.1021/acs.est.6b04048,Microplastics in Sewage Sludge: Effects of Treatment,2016,Anne Marie Mahon; Bethesda O’Connell; Mark G. Healy; Ian O’Connor; R. Officer,Environmental Science & Technology,"(dry weight). Results of a general linear mixed model (GLMM) showed significantly higher abundances of MPs in smaller size classes in the LS samples, suggesting that the treatment process of LS shears MP particles. In contrast, lower abundances of MPs found in the AD samples suggests that this process may reduce MP abundances. Surface morphologies examined using scanning electron microscopy (SEM) showed characteristics of melting and blistering of TD MPs and shredding and flaking of LS MPs. This study highlights the potential for sewage sludge treatment processes to affect the risk of MP pollution prior to land spreading and may have implications for legislation governing the application of biosolids to agricultural land.",1042,Microplastics; Environmental science; Sewage; Sewage sludge; Sewage treatment
https://openalex.org/W2998576579,https://doi.org/10.1016/j.envint.2019.105411,Atmospheric microplastic deposition in an urban environment and an evaluation of transport,2019,Stephanie Wright; Jannis Ulke; Anna Font; K. L. Andrew Chan; Frank J. Kelly,Environment International,"/d. They were found in various shapes, of which fibrous microplastics accounted for the great majority (92%). Across all samples, 15 different petrochemical-based polymers were identified. Bivariate polar plots indicated dependency on wind, with different source areas for fibrous and non-fibrous airborne microplastics. This is the first evidence of airborne microplastics in London and confirms the need to include airborne pathways when consolidating microplastic impacts on the wider environment and human health.",1135,Microplastics; Environmental science; Deposition (geology); Environmental chemistry; Environmental engineering
https://openalex.org/W2766814241,https://doi.org/10.1038/s41598-017-14588-2,Field evidence for transfer of plastic debris along a terrestrial food chain,2017,Esperanza Huerta Lwanga; Jorge Mendoza‐Vega; Víctor Manuel Kú-Quej; Jesus de los Angeles; Lucero Sanchez del Cid,Scientific Reports,"). Chicken gizzards contained 10.2 ± 13.8 microplastic particles, while no microplastic was found in crops. An average of 45.82 ± 42.6 macroplastic particles were found per gizzard and 11 ± 15.3 macroplastic particles per crop, with 1-10 mm particles being significantly more abundant per gizzard (31.8 ± 27.27 particles) compared to the crop (1 ± 2.2 particles). The data show that micro- and macroplastic are capable of entering terrestrial food webs.",920,Gizzard; Earthworm; Feces; Crop; Food chain
https://openalex.org/W2896923995,https://doi.org/10.1016/j.envpol.2018.10.065,Bioavailability and effects of microplastics on marine zooplankton: A review,2018,Zara L.R. Botterell; Nicola Beaumont; Tarquin Dorrington; Michael Steinke; Richard C. Thompson,Environmental Pollution,"Microplastics are abundant and widespread in the marine environment. They are a contaminant of global environmental and economic concern. Due to their small size a wide range of marine species, including zooplankton can ingest them. Research has shown that microplastics are readily ingested by several zooplankton taxa, with associated negative impacts on biological processes. Zooplankton is a crucial food source for many secondary consumers, consequently this represents a route whereby microplastic could enter the food web and transfer up the trophic levels. In this review we aim to: 1) evaluate the current knowledge base regarding microplastic ingestion by zooplankton in both the laboratory and the field; and 2) summarise the factors which contribute to the bioavailability of microplastics to zooplankton. Current literature shows that microplastic ingestion has been recorded in 39 zooplankton species from 28 taxonomic orders including holo- and meroplanktonic species. The majority of studies occurred under laboratory conditions and negative effects were reported in ten studies (45%) demonstrating effects on feeding behaviour, growth, development, reproduction and lifespan. In contrast, three studies (14%) reported no negative effects from microplastic ingestion. Several physical and biological factors can influence the bioavailability of microplastics to zooplankton, such as size, shape, age and abundance. We identified that microplastics used in experiments are often different to those quantified in the marine environment, particularly in terms of concentration, shape, type and age. We therefore suggest that future research should include microplastics that are more representative of those found in the marine environment at relevant concentrations. Additionally, investigating the effects of microplastic ingestion on a broader range of zooplankton species and life stages, will help to answer key knowledge gaps regarding the effect of microplastic on recruitment, species populations and ultimately broader economic consequences such as impacts on shell- and finfish stocks.",929,Microplastics; Zooplankton; Trophic level; Food chain; Food web
https://openalex.org/W3010537688,https://doi.org/10.1021/acs.est.9b04535,"A Review of Microplastics in Table Salt, Drinking Water, and Air: Direct Human Exposure",2020,Qun Zhang; Elvis Genbo Xu; Jiana Li; Qiqing Chen; Liping Ma,Environmental Science & Technology,"items per person per year, respectively. The intake of microplastics via inhalation, especially via indoor air, was much higher than those via other exposure routes. Moreover, microplastics in the air impose threats to both respiratory and digestive systems through breathing and ingestion. Given the lifetime inevitable exposure to microplastics, we urgently call for a better understanding of the potential hazards of microplastics to human health.",1003,Microplastics; Environmental science; Salt water; Table (database); Environmental chemistry
https://openalex.org/W2988186114,https://doi.org/10.1016/j.scitotenv.2019.134625,"Microplastics in wild fish from North East Atlantic Ocean and its potential for causing neurotoxic effects, lipid oxidative damage, and human health risks associated with ingestion exposure",2019,Luís Gabriel A. Barboza; Clara Lopes; Patrícia Oliveira; Filipa Bessa; Vanessa Otero,The Science of The Total Environment,"Microplastics (MP) pollution has received increased attention over the last few years. However, while the number of studies documentating the ingestion of microplastics by fish has increased, fewer studies have addressed the toxicological effects derived from the ingestion of these small items in wild conditions. Here, MP contamination and effect biomarkers were investigated in three commercially important fish species from the North East Atlantic Ocean. From the 150 analysed fish (50 per species), 49 % had MP. In fish from the 3 species, MP in the gastrointestinal tract, gills and dorsal muscle were found. Fish with MP had significantly (p ≤ 0.05) higher lipid peroxidation levels in the brain, gills and dorsal muscle, and increased brain acetylcholinesterase activity than fish where no MP were found. These results suggest lipid oxidative damage in gills and muscle, and neurotoxicity through lipid oxidative damage and acetylcholinesterase induction in relation to MP and/or MP-associated chemicals exposure. From the 150 fish analysed, 32 % had MP in dorsal muscle, with a total mean (± SD) of 0.054 ± 0.099 MP items/g. Based on this mean and on EFSA recommendation for fish consumption by adults or the general population, human consumers of Dicentrachus labrax, Trachurus trachurus, Scomber colias may intake 842 MP items/year from fish consumption only. Based on the mean of MP in fish muscle and data (EUMOFA, NOAA) of fish consumption per capita in selected European and American countries, the estimated intake of microplastics through fish consumption ranged from 518 to 3078 MP items/year/capita. Considering that fish consumption is only one of the routes of human exposure to microplastics, this study and others in the literature emphasize the need for more research, risk assessment and adoption of measures to minimize human exposure to these particles. Thus, MP pollution and its effects should be further investigated and addressed according to the WHO 'One Health' approach.",885,Ingestion; Microplastics; Gill; Biology; Population
https://openalex.org/W2788112641,https://doi.org/10.1016/j.envpol.2018.02.016,Investigating microplastic trophic transfer in marine top predators,2018,Sarah E. Nelms; Tamara S. Galloway; Brendan J. Godley; Dan Jarvis; Penelope K. Lindeque,Environmental Pollution,"Microplastics are highly bioavailable to marine organisms, either through direct ingestion, or indirectly by trophic transfer from contaminated prey. The latter has been observed for low-trophic level organisms in laboratory conditions, yet empirical evidence in high trophic-level taxa is lacking. In natura studies face difficulties when dealing with contamination and differentiating between directly and indirectly ingested microplastics. The ethical constraints of subjecting large organisms, such as marine mammals, to laboratory investigations hinder the resolution of these limitations. Here, these issues were resolved by analysing sub-samples of scat from captive grey seals (Halichoerus grypus) and whole digestive tracts of the wild-caught Atlantic mackerel (Scomber scombrus) they are fed upon. An enzymatic digestion protocol was employed to remove excess organic material and facilitate visual detection of synthetic particles without damaging them. Polymer type was confirmed using Fourier-Transform Infrared (FTIR) spectroscopy. Extensive contamination control measures were implemented throughout. Approximately half of scat subsamples (48%; n = 15) and a third of fish (32%; n = 10) contained 1-4 microplastics. Particles were mainly black, clear, red and blue in colour. Mean lengths were 1.5 mm and 2 mm in scats and fish respectively. Ethylene propylene was the most frequently detected polymer type in both. Our findings suggest trophic transfer represents an indirect, yet potentially major, pathway of microplastic ingestion for any species whose feeding ecology involves the consumption of whole prey, including humans.",1003,Trophic level; Predation; Apex predator; Ecology; Food chain
https://openalex.org/W3129687012,https://doi.org/10.3390/nano11020496,Impact of Microplastics and Nanoplastics on Human Health,2021,Maxine Swee‐Li Yee; Ling‐Wei Hii; Chin-King Looi; Wei‐Meng Lim; Shew Fung Wong,Nanomaterials,"Plastics have enormous impacts to every aspect of daily life including technology, medicine and treatments, and domestic appliances. Most of the used plastics are thrown away by consumers after a single use, which has become a huge environmental problem as they will end up in landfill, oceans and other waterways. These plastics are discarded in vast numbers each day, and the breaking down of the plastics from micro- to nano-sizes has led to worries about how toxic these plastics are to the environment and humans. While, there are several earlier studies reported the effects of micro- and nano-plastics have on the environment, there is scant research into their impact on the human body at subcellular or molecular levels. In particular, the potential of how nano-plastics move through the gut, lungs and skin epithelia in causing systemic exposure has not been examined thoroughly. This review explores thoroughly on how nanoplastics are created, how they behave/breakdown within the environment, levels of toxicity and pollution of these nanoplastics, and the possible health impacts on humans, as well as suggestions for additional research. This paper aims to inspire future studies into core elements of micro- and nano-plastics, the biological reactions caused by their specific and unusual qualities.",926,Microplastics; Human health; Environmental science; Environmental health; Chemistry
https://openalex.org/W2930731049,https://doi.org/10.1016/j.chemosphere.2019.03.163,Microplastics accumulate on pores in seed capsule and delay germination and root growth of the terrestrial vascular plant Lepidium sativum,2019,Thijs Bosker; Lotte J. Bouwman; Nadja R. Brun; Paul Behrens; Martina G. Vijver,Chemosphere,". Germination rate was significantly reduced after 8 h of exposure for all three sizes of plastics, with increased adverse effect with increasing plastic sizes. Seeds exposed to 4800 nm microplastics showed a germination rate decline from 78% in control to 17% in the highest exposure. No difference in germination rate occurred after 24 h of exposure, regardless of the size of the plastic used. Significant differences in root growth were observed after 24 h, but not after 48 or 72 h of exposure. Impacts on germination are likely due to physical blockage of the pores in the seed capsule by microplastics as shown by confocal microscopy of fluorescent microplastics. In later stages, the microplastics particularly accumulated on the root hairs. This is the first detailed study on the effect of nano- and microplastics on a vascular, terrestrial plant, and our results indicate short-term and transient adverse effects.",877,Lepidium sativum; Germination; Microplastics; Terrestrial plant; Sativum
https://openalex.org/W2804602468,https://doi.org/10.1016/j.watres.2018.05.019,Quantification of microplastic mass and removal rates at wastewater treatment plants applying Focal Plane Array (FPA)-based Fourier Transform Infrared (FT-IR) imaging,2018,Márta Simon; Nikki van Alst; Jes Vollertsen,Water Research,"This paper presents a method for microplastic (MP) mass quantification using a Focal Plane Array-based Fourier Transform Infrared imaging technique. It discusses the issue that particle number is not a conserved base quantity and hence less suited than mass to compare independent studies on MP in the environment. It concludes that MP mass should be included when quantifying MP pollution in the environment, supplementing the conventional approach of reporting particle numbers. Applying mass as the unit of MP measurement, the paper presents data showing that Danish wastewater treatment plants discharge around 3 t/year of MP in the size range 10-500 μm. This value corresponds to an annual per capita emission from these plants of 0.56 g MP/(capita year). The distribution of polymer types by mass and particle number differed because the size of MP particles of the different material types varied.",851,Fourier transform infrared spectroscopy; Fourier transform; Mass spectrometry; Range (aeronautics); Analytical Chemistry (journal)
https://openalex.org/W2889784985,https://doi.org/10.3389/fchem.2018.00407,Synthetic Polymer Contamination in Bottled Water,2018,Sherri A. Mason; Victoria G. Welch; Joseph Neratko,Frontiers in Chemistry,"Eleven globally sourced brands of bottled water, purchased in 19 locations in nine different countries, were tested for microplastic contamination using Nile Red tagging. Of the 259 total bottles processed, 93% showed some sign of microplastic contamination. After accounting for possible background (lab) contamination, an average of 10.4 microplastic particles >100 um in size per liter of bottled water processed were found. Fragments were the most common morphology (66%) followed by fibers. Half of these particles were confirmed to be polymeric in nature using FTIR spectroscopy with polypropylene being the most common polymer type (54%), which matches a common plastic used for the manufacture of bottle caps. A small fraction of particles (4%) showed the presence of industrial lubricants. While spectroscopic analysis of particles smaller than 100 um was not possible, the adsorption of the Nile Red dye indicates that these particles are most probably plastic. Including these smaller particles (6.5-100 um), an average of 325 microplastic particles per liter of bottled water was found. Microplastic contamination range of 0 to over 10,000 microplastic particles per liter with 95% of particles being between 6.5 and 100 um in size. Data suggests the contamination is at least partially coming from the packaging and/or the bottling process itself. Given the prevalence of the consumption of bottled water across the globe, the results of this study support the need for further studies on the impacts of micro- and nano- plastics on human health.",1022,Contamination; Bottled water; Bottle; Bottling line; Microplastics
https://openalex.org/W2595394306,https://doi.org/10.1038/srep44501,A rapid-screening approach to detect and quantify microplastics based on fluorescent tagging with Nile Red,2017,Thomas Maes; Rebecca Jessop; Nikolaus Wellner; Karsten Haupt; Andrew G. Mayes,Scientific Reports,"A new approach is presented for analysis of microplastics in environmental samples, based on selective fluorescent staining using Nile Red (NR), followed by density-based extraction and filtration. The dye adsorbs onto plastic surfaces and renders them fluorescent when irradiated with blue light. Fluorescence emission is detected using simple photography through an orange filter. Image-analysis allows fluorescent particles to be identified and counted. Magnified images can be recorded and tiled to cover the whole filter area, allowing particles down to a few micrometres to be detected. The solvatochromic nature of Nile Red also offers the possibility of plastic categorisation based on surface polarity characteristics of identified particles. This article details the development of this staining method and its initial cross-validation by comparison with infrared (IR) microscopy. Microplastics of different sizes could be detected and counted in marine sediment samples. The fluorescence staining identified the same particles as those found by scanning a filter area with IR-microscopy.",932,Microplastics; Nile red; Fluorescence; Staining; Fluorescence microscope
https://openalex.org/W2070744836,https://doi.org/10.1021/es505233b,"Occurrence, Fate, Behavior and Ecotoxicological State of Phthalates in Different Environmental Matrices",2015,Sopheak Net; Richard Sempéré; Anne Delmont; Andrea Paluselli; Baghdad Ouddane,Environmental Science & Technology,"Because of their large and widespread application, phthalates or phthalic acid esters (PAEs) are ubiquitous in all the environmental compartements. They have been widely detected throughout the worldwide environment. Indoor air where people spend 65-90% of their time is also highly contaminated by various PAEs released from plastics, consumer products as well as ambient suspended particulate matter. Because of their widespread application, PAEs are the most common chemicals that humans are in contact with daily. Based on various exposure mechanisms, including the ingestion of food, drinking water, dust/soil, air inhalation and dermal exposure the daily intake of PAEs may reach values as high as 70 μg/kg/day. PAEs are involved in endocrine disrupting effects, namely, upon reproductive physiology in different species of fish and mammals. They also present a variety of additional toxic effects for many other species including terrestrial and aquatic fauna and flora. Therefore, their presence in the environment has attracted considerable attention due to their potential impacts on ecosystem functioning and on public health. This paper is a synthesis of the extensive literature data on behavior, transport, fate and ecotoxicological state of PAEs in environmental matrices: air, water, sediment, sludge, wastewater, soil, and biota. First, the origins and physicochemical properties of PAEs that control the behavior, transport and fate in the environment are reviewed. Second, the compilation of data on transport and fate, adverse environmental and human health effects, legislation, restrictions, and ecotoxicological state of the environment based on PAEs is presented.",1214,Environmental chemistry; Environmental science; Biota; Ecotoxicology; Aquatic ecosystem
https://openalex.org/W2598479144,https://doi.org/10.1021/acs.est.7b00635,Plastic Bag Derived-Microplastics as a Vector for Metal Exposure in Terrestrial Invertebrates,2017,Mark E. Hodson; Calum A. Duffus-Hodson; Andy Clark; Miranda T. Prendergast‐Miller; Karen L. Thorpe,Environmental Science & Technology,") ingested the microplastics, but there was no evidence of Zn accumulation, mortality, or weight change. Digestion of the earthworms showed that they did not retain microplastics in their gut. These findings indicate that microplastics could act as vectors to increase metal exposure in earthworms, but that the associated risk is unlikely to be significant for essential metals such as Zn that are well regulated by metabolic processes.",731,Microplastics; Invertebrate; Environmental science; Terrestrial plant; Environmental chemistry
https://openalex.org/W2801440764,https://doi.org/10.1186/s12302-018-0139-z,Marine litter plastics and microplastics and their toxic chemicals components: the need for urgent preventive measures,2018,Frederic Gallo; María Cristina Fossi; Roland Weber; David Santillo; João Sousa,Environmental Sciences Europe,"Persistent plastics, with an estimated lifetime for degradation of hundreds of years in marine conditions, can break up into micro- and nanoplastics over shorter timescales, thus facilitating their uptake by marine biota throughout the food chain. These polymers may contain chemical additives and contaminants, including some known endocrine disruptors that may be harmful at extremely low concentrations for marine biota, thus posing potential risks to marine ecosystems, biodiversity and food availability. Although there is still need to carry out focused scientific research to fill the knowledge gaps about the impacts of plastic litter in the marine environment (Wagner et al. in Environ Sci Eur 26:9, 2014), the food chain and human health, existing scientific evidence and concerns are already sufficient to support actions by the scientific, industry, policy and civil society communities to curb the ongoing flow of plastics and the toxic chemicals they contain into the marine environment. Without immediate strong preventive measures, the environmental impacts and the economic costs are set only to become worse, even in the short term. Continued increases in plastic production and consumption, combined with wasteful uses, inefficient waste collection infrastructures and insufficient waste management facilities, especially in developing countries, mean that even achieving already established objectives for reductions in marine litter remains a huge challenge, and one unlikely to be met without a fundamental rethink of the ways in which we consume plastics. This document was prepared by a working group of Regional Centres of the Stockholm and Basel Conventions and related colleagues intended to be a background document for discussion in the 2017 Conference of the Parties (COP) of the Basel Convention on hazardous wastes and the Stockholm Convention on persistent organic pollutants (POPs). The COP finally approved that the issue of plastic waste could be dealt by its Regional Centres and consistently report their activities on the matter to next COP's meetings.",761,Microplastics; Food chain; Biota; Marine debris; Business
https://openalex.org/W3168847502,https://doi.org/10.15244/pjoes/131947,Environmental Safety and Security Investigationsof Neustonic Microplastic Aggregates NearWater-Air Interphase,2021,Ashok Vaseashta; Volodymyr Ivanov; Viktor Stabnikov; Andriy Marinin,Polish Journal of Environmental Studies,"Scientific and public concerns due to presence of microplastic debris in the marine and freshwater environment is fueling concerns of its impact on aquatic ecosystems and public health. Major sources of water-polluting microplastics are polyethylene and polypropylene, as they aggregate near the waterair interphase. Such neustonic hydrophobic cells attract spores of bacteria causing adverse impact on the environmental, health and food supply chain. The objectives of this review investigation were to (a): evaluate the concentration of microplastics with the sizes less 100 m floating near the waterair interphase; (b): develop a phenomenological model to study fate and transport of microplastics; (c): analyze microbial coatings, and (d): assess potential impacts of biofilm-coated neustonic microplastics on environment. A thorough review of microplastic pollution in marine environment was conducted in terms of its size distribution, toxicity and toxicokinetic pathways. Since biofilms coated microplastics float near the surface, hydrophobic cells of bacteria typically concentrate within a few micrometers layer of water-air interphase. To develop a phenomenological model of neustonic floating biofilm-coated microplastics, samples with the size of less than 100 m were collected from within a few millimeters near the water-air interphase and were subsequently concentrated using microfiltration of water samples for analysis. Results of the optical scan of hexadecane and bacterial cells formed on vertically submerged microscope slides near water-air interphase are presented. Additionally, microplastics near a thin layer of water-air interphase were investigated using scanning electron microscopy, fluorescent microscopy, flow cytometry, and particle analyzers. Since, hydrophobic and putative pathogenic bacteria are attached to water surface, which dominate near water-air interphase, biofilm-coated microplastics are more attractive for consumption by aquatic species than pure microplastics, which significantly increases negative impacts of microplastics on aquatic ecosystems and public health through foodchain supply. We conclude that it is critical to extend this investigation to include safety in terms of",10,Environmental science; Environmental engineering; Environmental protection; Environmental chemistry; Chemistry
https://openalex.org/W4282925170,https://doi.org/10.3390/microplastics1020022,"Accumulation Evaluation of Potential Microplastic Particles in Mytilus galloprovincialis from the Goro Sacca (Adriatic Sea, Italy)",2022,Federica Pizzurro; Sara Recchi; Eliana Nerone; Romolo Salini; Nadia Beatrice Barile,Microplastics,"Microplastics (MPs; &lt;5 mm) are present throughout the marine environment and are recognized as an emerging threat to aquatic ecosystems. Filter feeding organisms, such as mussels, are considered as bioindicators of MP pollution and are useful to evaluate the potential risks of MPs to human health. The work presented shows data on potential MPs found in Mytilus galloprovincialis samples collected from the Adriatic Sea during two sampling sections (1st sampling: December 2019 and 2nd sampling: May 2020). The mussels were subjected to digestion with H2O2 individually and filtered and the MP elements found were observed using a stereomicroscope and ultimately categorized by shape, size class and color, with the aid of a digital camera and data acquisition software. The highest MP concentrations were observed in the mussels collected in December 2019 (1.11 microplastic items per gram wet weight of mussels’ tissue), highlighting the possible influence of the following two main factors: greater river discharges following adverse weather events and higher river water pollution due to industrial activities. Indeed, the second sampling was performed after the Italian lockdown, due to the COVID-19 emergency. MP fibers (50–80%) were the most abundant type of MPs identified, followed by fragments (10–40%), granules (1.5–2.5%), non-categorized shape (1–2%) and foam (&lt;1%). The color black (50–70%) and sizes smaller than 500 µm were the most dominant characteristics recorded both in the 1st sampling (50–70%) and the 2nd survey (30–50%). These data could be overestimated, due to the lack of polymer identification. The results of this study provide further data on the importance of bivalves as environmental bioindicators with regard to the pollution of MPs in the Adriatic Sea, supporting their instrumental role as environmental bioindicators for MP pollution.",16,Mytilus; Microplastics; Environmental science; Bioindicator; Sampling (signal processing)
https://openalex.org/W3108665729,https://doi.org/10.5334/aogh.2831,Human Health and Ocean Pollution,2020,Philip J. Landrigan; John J. Stegeman; Lora E. Fleming; Denis Allemand; Donald M. Anderson,Annals of Global Health,"Background: Pollution - unwanted waste released to air, water, and land by human activity - is the largest environmental cause of disease in the world today. It is responsible for an estimated nine million premature deaths per year, enormous economic losses, erosion of human capital, and degradation of ecosystems. Ocean pollution is an important, but insufficiently recognized and inadequately controlled component of global pollution. It poses serious threats to human health and well-being. The nature and magnitude of these impacts are only beginning to be understood. Goals: (1) Broadly examine the known and potential impacts of ocean pollution on human health. (2) Inform policy makers, government leaders, international organizations, civil society, and the global public of these threats. (3) Propose priorities for interventions to control and prevent pollution of the seas and safeguard human health. Methods: Topic-focused reviews that examine the effects of ocean pollution on human health, identify gaps in knowledge, project future trends, and offer evidence-based guidance for effective intervention. Environmental Findings: Pollution of the oceans is widespread, worsening, and in most countries poorly controlled. It is a complex mixture of toxic metals, plastics, manufactured chemicals, petroleum, urban and industrial wastes, pesticides, fertilizers, pharmaceutical chemicals, agricultural runoff, and sewage. More than 80% arises from land-based sources. It reaches the oceans through rivers, runoff, atmospheric deposition and direct discharges. It is often heaviest near the coasts and most highly concentrated along the coasts of low- and middle-income countries. Plastic is a rapidly increasing and highly visible component of ocean pollution, and an estimated 10 million metric tons of plastic waste enter the seas each year. Mercury is the metal pollutant of greatest concern in the oceans; it is released from two main sources - coal combustion and small-scale gold mining. Global spread of industrialized agriculture with increasing use of chemical fertilizer leads to extension of Harmful Algal Blooms (HABs) to previously unaffected regions. Chemical pollutants are ubiquitous and contaminate seas and marine organisms from the high Arctic to the abyssal depths. Ecosystem Findings: species. Industrial discharges, pharmaceutical wastes, pesticides, and sewage contribute to global declines in fish stocks. Human Health Findings: infections, including cholera, will increase in frequency and extend to new areas. All of the health impacts of ocean pollution fall disproportionately on vulnerable populations in the Global South - environmental injustice on a planetary scale. Conclusions: Ocean pollution is a global problem. It arises from multiple sources and crosses national boundaries. It is the consequence of reckless, shortsighted, and unsustainable exploitation of the earth's resources. It endangers marine ecosystems. It impedes the production of atmospheric oxygen. Its threats to human health are great and growing, but still incompletely understood. Its economic costs are only beginning to be counted.Ocean pollution can be prevented. Like all forms of pollution, ocean pollution can be controlled by deploying data-driven strategies based on law, policy, technology, and enforcement that target priority pollution sources. Many countries have used these tools to control air and water pollution and are now applying them to ocean pollution. Successes achieved to date demonstrate that broader control is feasible. Heavily polluted harbors have been cleaned, estuaries rejuvenated, and coral reefs restored.Prevention of ocean pollution creates many benefits. It boosts economies, increases tourism, helps restore fisheries, and improves human health and well-being. It advances the Sustainable Development Goals (SDG). These benefits will last for centuries. Recommendations: World leaders who recognize the gravity of ocean pollution, acknowledge its growing dangers, engage civil society and the global public, and take bold, evidence-based action to stop pollution at source will be critical to preventing ocean pollution and safeguarding human health.Prevention of pollution from land-based sources is key. Eliminating coal combustion and banning all uses of mercury will reduce mercury pollution. Bans on single-use plastic and better management of plastic waste reduce plastic pollution. Bans on persistent organic pollutants (POPs) have reduced pollution by PCBs and DDT. Control of industrial discharges, treatment of sewage, and reduced applications of fertilizers have mitigated coastal pollution and are reducing frequency of HABs. National, regional and international marine pollution control programs that are adequately funded and backed by strong enforcement have been shown to be effective. Robust monitoring is essential to track progress.Further interventions that hold great promise include wide-scale transition to renewable fuels; transition to a circular economy that creates little waste and focuses on equity rather than on endless growth; embracing the principles of green chemistry; and building scientific capacity in all countries.Designation of Marine Protected Areas (MPAs) will safeguard critical ecosystems, protect vulnerable fish stocks, and enhance human health and well-being. Creation of MPAs is an important manifestation of national and international commitment to protecting the health of the seas.",725,Pollution; Environmental protection; Surface runoff; Environmental science; Environmental planning
https://openalex.org/W2157247442,https://doi.org/10.1039/c3em00214d,Identification of polymer types and additives in marine microplastic particles using pyrolysis-GC/MS and scanning electron microscopy,2013,Elke Fries; Jens H. Dekiff; Jana Willmeyer; Marie-Theres Nuelle; Martin Ebert,Environmental Science Processes & Impacts,"Any assessment of plastic contamination in the marine environment requires knowledge of the polymer type and the additive content of microplastics. Sequential pyrolysis-gas chromatography coupled to mass spectrometry (Pyr-GC/MS) was applied to simultaneously identify polymer types of microplastic particles and associated organic plastic additives (OPAs). In addition, a scanning electron microscope equipped with an energy-dispersive X-ray microanalyser was used to identify the inorganic plastic additives (IPAs) contained in these particles. A total of ten particles, which were optically identified as potentially being plastics, were extracted from two sediment samples collected from Norderney, a North Sea island, by density separation in sodium chloride. The weights of these blue, white and transparent fragments varied between 10 and 350 μg. Polymer types were identified by comparing the resulting pyrograms with those obtained from the pyrolysis of selected standard polymers. The particles consisted of polyethylene (PE), polypropylene, polystyrene, polyamide, chlorinated PE and chlorosulfonated PE. The polymers contained diethylhexyl phthalate, dibutyl phthalate, diethyl phthalate, diisobutyl phthalate, dimethyl phthalate, benzaldehyde and 2,4-di-tert-butylphenol. Sequential Py-GC/MS was found to be an appropriate tool for identifying marine microplastics for polymer types and OPAs. The IPAs identified were titanium dioxide nanoparticles (TiO2-NPs), barium, sulphur and zinc. When polymer-TiO2 composites are degraded in the marine environment, TiO2-NPs are probably released. Thus, marine microplastics may act as a TiO2-NP source, which has not yet been considered.",901,Microplastics; Diethyl phthalate; Polymer; Polyethylene; Polystyrene
https://openalex.org/W4213224665,https://doi.org/10.3390/jmse10020273,"Genotoxic Properties of Polystyrene (PS) Microspheres in the Filter-Feeder Mollusk Mytilus trossulus (Gould, 1850)",2022,Victor Pavlovich Chelomin; Andrey Alexandrovich Mazur; Valentina Vladimirovna Slobodskova; Sergey Petrovich Kukla; Nadezhda Vladimirovna Dovzhenko,Journal of Marine Science and Engineering,"Microplastic pollution of the aquatic environment is one of the most serious environmental problems today. The potential environmental risks of such particles have become growing concerns in recent years, as direct or indirect exposure to these particles leads to adverse effects on marine organisms. In this study, we investigated the potential risk of polystyrene (PS) microspheres on the genome integrity of cells of different tissues (gills and digestive gland) of the filter-feeder mollusk Mytilus trossulus, using a comet assay. With the help of the comet assay, we estimated the level of genome destruction in the cells of two different mussel tissues after short-term exposure to polystyrene. It was discovered that, despite their chemical inertness, PS microspheres that are 0.9 µm in diameter, at a concentration of 106 particles/L, exhibit genotoxic properties, which are expressed as a two-fold increase in the level of cell DNA damage of the mussel’s digestive gland. It is noted that, after exposure to PS, about half of the mussel’s digestive gland cells experienced damage in 25–35% of their DNA. In addition, the proportion of cells with significant DNA damage (50%) was about 5%. Given the unique role of the genome, DNA damage in these cells may be the earliest stage in the development of biochemical events that lead to toxic effects. These findings provide a basis for studying specific biomarkers of microplastic contamination.",15,Mussel; Mytilus; Comet assay; DNA damage; Genotoxicity
https://openalex.org/W2607624480,https://doi.org/10.1038/s41598-017-01594-7,Microplastic transport in soil by earthworms,2017,Matthias C. Rillig; Lisa Ziersch; Stefan Hempel,Scientific Reports,"Despite great general benefits derived from plastic use, accumulation of plastic material in ecosystems, and especially microplastic, is becoming an increasing environmental concern. Microplastic has been extensively studied in aquatic environments, with very few studies focusing on soils. We here tested the idea that microplastic particles (polyethylene beads) could be transported from the soil surface down the soil profile via earthworms. We used Lumbricus terrestris L., an anecic earthworm species, in a factorial greenhouse experiment with four different microplastic sizes. Presence of earthworms greatly increased the presence of microplastic particles at depth (we examined 3 soil layers, each 3.5 cm deep), with smaller PE microbeads having been transported downward to a greater extent. Our study clearly shows that earthworms can be significant transport agents of microplastics in soils, incorporating this material into soil, likely via casts, burrows (affecting soil hydraulics), egestion and adherence to the earthworm exterior. This movement has potential consequences for exposure of other soil biota to microplastics, for the residence times of microplastic at greater depth, and for the possible eventual arrival of microplastics in the groundwater.",881,Microplastics; Lumbricus terrestris; Earthworm; Environmental science; Soil water
https://openalex.org/W2752608807,https://doi.org/10.1038/s41598-017-10813-0,Brain damage and behavioural disorders in fish induced by plastic nanoparticles delivered through the food chain,2017,Karin Mattsson; Elyse Johnson; Anders Malmendal; Sara Linse; Lars‐Anders Hansson,Scientific Reports,"The tremendous increases in production of plastic materials has led to an accumulation of plastic pollution worldwide. Many studies have addressed the physical effects of large-sized plastics on organisms, whereas few have focused on plastic nanoparticles, despite their distinct chemical, physical and mechanical properties. Hence our understanding of their effects on ecosystem function, behaviour and metabolism of organisms remains elusive. Here we demonstrate that plastic nanoparticles reduce survival of aquatic zooplankton and penetrate the blood-to-brain barrier in fish and cause behavioural disorders. Hence, for the first time, we uncover direct interactions between plastic nanoparticles and brain tissue, which is the likely mechanism behind the observed behavioural disorders in the top consumer. In a broader perspective, our findings demonstrate that plastic nanoparticles are transferred up through a food chain, enter the brain of the top consumer and affect its behaviour, thereby severely disrupting the function of natural ecosystems.",795,Plastic pollution; Food chain; Brain function; Fish <Actinopterygii>; Ecosystem
https://openalex.org/W2552024085,https://doi.org/10.1038/srep37551,The Mediterranean Plastic Soup: synthetic polymers in Mediterranean surface waters,2016,Giuseppe Suaria; Carlo Giacomo Avio; Annabella Mineo; Gwendolyn L. Lattin; Marcello G. Magaldi,Scientific Reports,"The Mediterranean Sea has been recently proposed as one of the most impacted regions of the world with regards to microplastics, however the polymeric composition of these floating particles is still largely unknown. Here we present the results of a large-scale survey of neustonic micro- and meso-plastics floating in Mediterranean waters, providing the first extensive characterization of their chemical identity as well as detailed information on their abundance and geographical distribution. All particles >700 μm collected in our samples were identified through FT-IR analysis (n = 4050 particles), shedding for the first time light on the polymeric diversity of this emerging pollutant. Sixteen different classes of synthetic materials were identified. Low-density polymers such as polyethylene and polypropylene were the most abundant compounds, followed by polyamides, plastic-based paints, polyvinyl chloride, polystyrene and polyvinyl alcohol. Less frequent polymers included polyethylene terephthalate, polyisoprene, poly(vinyl stearate), ethylene-vinyl acetate, polyepoxide, paraffin wax and polycaprolactone, a biodegradable polyester reported for the first time floating in off-shore waters. Geographical differences in sample composition were also observed, demonstrating sub-basin scale heterogeneity in plastics distribution and likely reflecting a complex interplay between pollution sources, sinks and residence times of different polymers at sea.",759,Microplastics; Polymer; Polypropylene; Polyvinyl acetate; Polyvinyl chloride
https://openalex.org/W2607109283,https://doi.org/10.1016/j.scitotenv.2017.03.283,Microplastics in the Antarctic marine system: An emerging area of research,2017,Catherine Waller; Huw J. Griffiths; Claire M. Waluda; Sally Thorpe; Iván Loaiza,The Science of The Total Environment,"It was thought that the Southern Ocean was relatively free of microplastic contamination; however, recent studies and citizen science projects in the Southern Ocean have reported microplastics in deep-sea sediments and surface waters. Here we reviewed available information on microplastics (including macroplastics as a source of microplastics) in the Southern Ocean. We estimated primary microplastic concentrations from personal care products and laundry, and identified potential sources and routes of transmission into the region. Estimates showed the levels of microplastic pollution released into the region from ships and scientific research stations were likely to be negligible at the scale of the Southern Ocean, but may be significant on a local scale. This was demonstrated by the detection of the first microplastics in shallow benthic sediments close to a number of research stations on King George Island. Furthermore, our predictions of primary microplastic concentrations from local sources were five orders of magnitude lower than levels reported in published sampling surveys (assuming an even dispersal at the ocean surface). Sea surface transfer from lower latitudes may contribute, at an as yet unknown level, to Southern Ocean plastic concentrations. Acknowledging the lack of data describing microplastic origins, concentrations, distribution and impacts in the Southern Ocean, we highlight the urgent need for research, and call for routine, standardised monitoring in the Antarctic marine system.",789,Microplastics; Oceanography; Plastic pollution; Environmental science; Marine life
https://openalex.org/W3033000954,https://doi.org/10.1186/s12989-020-00358-y,The plastic brain: neurotoxicity of micro- and nanoplastics,2020,Minne Prüst; Jonelle Meijer; Remco H.S. Westerink,Particle and Fibre Toxicology,") nanoparticles, can also reach the brain to exert a range of neurotoxic effects. Given the similarities between these chemically inert metal(oxide) nanoparticles and plastic particles, this review aims to provide an overview of the reported neurotoxic effects of micro- and nanoplastics in different species and in vitro. The combined data, although fragmentary, indicate that exposure to micro- and nanoplastics can induce oxidative stress, potentially resulting in cellular damage and an increased vulnerability to develop neuronal disorders. Additionally, exposure to micro- and nanoplastics can result in inhibition of acetylcholinesterase activity and altered neurotransmitter levels, which both may contribute to the reported behavioral changes.Currently, a systematic comparison of the neurotoxic effects of different particle types, shapes, sizes at different exposure concentrations and durations is lacking, but urgently needed to further elucidate the neurotoxic hazard and risk of exposure to micro- and nanoplastics.",729,Neurotoxicity; Materials science; Medicine; Toxicity; Internal medicine
https://openalex.org/W2779160886,https://doi.org/10.1002/wat2.1268,Microplastics: An introduction to environmental transport processes,2017,Alice A. Horton; Simon Dixon,Wiley Interdisciplinary Reviews Water,"Microplastic pollution is widespread across the globe, pervading land, water, and air. These environments are commonly considered independently, however, in reality these are closely linked. This review gives an overview of the background knowledge surrounding sources, fate and transport of microplastics within the environment. We introduce a new “Plastic Cycle” concept in order to better understand the processes influencing flux and retention of microplastics between and across the wide range of environmental matrices. As microplastics are a pervasive, persistent and potentially harmful pollutant, an understanding of these processes will allow for assessment of exposure to better determine the likely long‐term ecological and human health implications of microplastic pollution. WIREs Water 2018, 5:e1268. doi: 10.1002/wat2.1268 This article is categorized under: Engineering Water &gt; Water, Health, and Sanitation Science of Water &gt; Water and Environmental Change Water and Life &gt; Stresses and Pressures on Ecosystems",684,Microplastics; Environmental science; Sanitation; Pollution; Pollutant
https://openalex.org/W4362553834,https://doi.org/10.1007/s10311-023-01593-3,"Microplastic sources, formation, toxicity and remediation: a review",2023,Ahmed I. Osman; Mohamed Hosny; Abdelazeem S. Eltaweil; Sara Omar; Ahmed M. Elgarahy,Environmental Chemistry Letters,"Microplastic pollution is becoming a major issue for human health due to the recent discovery of microplastics in most ecosystems. Here, we review the sources, formation, occurrence, toxicity and remediation methods of microplastics. We distinguish ocean-based and land-based sources of microplastics. Microplastics have been found in biological samples such as faeces, sputum, saliva, blood and placenta. Cancer, intestinal, pulmonary, cardiovascular, infectious and inflammatory diseases are induced or mediated by microplastics. Microplastic exposure during pregnancy and maternal period is also discussed. Remediation methods include coagulation, membrane bioreactors, sand filtration, adsorption, photocatalytic degradation, electrocoagulation and magnetic separation. Control strategies comprise reducing plastic usage, behavioural change, and using biodegradable plastics. Global plastic production has risen dramatically over the past 70 years to reach 359 million tonnes. China is the world's top producer, contributing 17.5% to global production, while Turkey generates the most plastic waste in the Mediterranean region, at 144 tonnes per day. Microplastics comprise 75% of marine waste, with land-based sources responsible for 80-90% of pollution, while ocean-based sources account for only 10-20%. Microplastics induce toxic effects on humans and animals, such as cytotoxicity, immune response, oxidative stress, barrier attributes, and genotoxicity, even at minimal dosages of 10 μg/mL. Ingestion of microplastics by marine animals results in alterations in gastrointestinal tract physiology, immune system depression, oxidative stress, cytotoxicity, differential gene expression, and growth inhibition. Furthermore, bioaccumulation of microplastics in the tissues of aquatic organisms can have adverse effects on the aquatic ecosystem, with potential transmission of microplastics to humans and birds. Changing individual behaviours and governmental actions, such as implementing bans, taxes, or pricing on plastic carrier bags, has significantly reduced plastic consumption to 8-85% in various countries worldwide. The microplastic minimisation approach follows an upside-down pyramid, starting with prevention, followed by reducing, reusing, recycling, recovering, and ending with disposal as the least preferable option.",690,Microplastics; Ecotoxicology; Environmental science; Environmental chemistry; Biology
https://openalex.org/W2898009306,https://doi.org/10.1002/etc.4268,Microplastics in the aquatic environment: Evidence for or against adverse impacts and major knowledge gaps,2018,Emily E. Burns; Alistair B.A. Boxall,Environmental Toxicology and Chemistry,"There is increasing scientific and public concern over the presence of microplastics in the natural environment. We present the results of a systematic review of the literature to assess the weight of evidence for microplastics causing environmental harm. We conclude that microplastics do occur in surface water and sediments. Fragments and fibers predominate, with beads making up only a small proportion of the detected microplastic types. Concentrations detected are orders of magnitude lower than those reported to affect endpoints such as biochemistry, feeding, reproduction, growth, tissue inflammation and mortality in organisms. The evidence for microplastics acting as a vector for hydrophobic organic compounds to accumulate in organisms is also weak. The available data therefore suggest that these materials are not causing harm to the environment. There is, however, a mismatch between the particle types, size ranges, and concentrations of microplastics used in laboratory tests and those measured in the environment. Select environmental compartments have also received limited attention. There is an urgent need for studies that address this mismatch by performing high quality and more holistic monitoring studies alongside more environmentally realistic effects studies. Only then will we be able to fully characterize risks of microplastics to the environment to support the introduction of regulatory controls that can make a real positive difference to environmental quality. Environ Toxicol Chem 2018;37:2776-2796. © 2018 SETAC.",677,Microplastics; Aquatic environment; Aquatic ecosystem; Environmental science; Ecology
https://openalex.org/W2933733113,https://doi.org/10.1021/acs.accounts.8b00602,Separation and Analysis of Microplastics and Nanoplastics in Complex Environmental Samples,2019,Brian Nguyen; Dominique Claveau-Mallet; Laura M. Hernandez; Elvis Genbo Xu; Jeffrey M. Farner,Accounts of Chemical Research,"The vast amount of plastic waste emitted into the environment and the increasing concern of potential harm to wildlife has made microplastic and nanoplastic pollution a growing environmental concern. Plastic pollution has the potential to cause both physical and chemical harm to wildlife directly or via sorption, concentration, and transfer of other environmental contaminants to the wildlife that ingest plastic. Small particles of plastic pollution, termed microplastics (>100 nm and <5 mm) or nanoplastics (<100 nm), can form through fragmentation of larger pieces of plastic. These small particles are especially concerning because of their high specific surface area for sorption of contaminants as well as their potential to translocate in the bodies of organisms. These same small particles are challenging to separate and identify in environmental samples because their size makes handling and observation difficult. As a result, our understanding of the environmental prevalence of nanoplastics and microplastics is limited. Generally, the smaller the size of the plastic particle, the more difficult it is to separate from environmental samples. Currently employed passive density and size separation techniques to isolate plastics from environmental samples are not well suited to separate microplastics and nanoplastics. Passive flotation is hindered by the low buoyancy of small particles as well as the difficulty of handling small particles on the surface of flotation media. Here we suggest exploring alternative techniques borrowed from other fields of research to improve separation of the smallest plastic particles. These techniques include adapting active density separation (centrifugation) from cell biology and taking advantage of surface-interaction-based separations from analytical chemistry. Furthermore, plastic pollution is often challenging to quantify in complex matrices such as biological tissues and wastewater. Biological and wastewater samples are important matrices that represent key points in the fate and sources of plastic pollution, respectively. In both kinds of samples, protocols need to be optimized to increase throughput, reduce contamination potential, and avoid destruction of plastics during sample processing. To this end, we recommend adapting digestion protocols to match the expected composition of the nonplastic material as well as taking measures to reduce and account for contamination. Once separated, plastics in an environmental sample should ideally be characterized both visually and chemically. With existing techniques, microplastics and nanoplastics are difficult to characterize or even detect. Their low mass and small size provide limited signal for visual, vibrational spectroscopic, and mass spectrometric analyses. Each of these techniques involves trade-offs in throughput, spatial resolution, and sensitivity. To accurately identify and completely quantify microplastics and nanoplastics in environmental samples, multiple analytical techniques applied in tandem are likely to be required.",694,Microplastics; Plastic pollution; Pollution; Environmental science; Contamination
https://openalex.org/W2941990803,https://doi.org/10.23937/2572-4061.1510021,Public and Environmental Health Effects of Plastic Wastes Disposal: A Review,2019,Okunola A. Alabi; Ologbonjaye Kehinde; Oluwaseun Bunmi Awosolu; Alalade Olufiropo E,Journal of Toxicology and Risk Assessment,"Since 1950 to 2018, about 6.3 billion tonnes of plastics have been produced worldwide, 9% and 12% of which have been recycled and incinerated, respectively. Human population increase and consistent demand for plastics and plastic products are responsible for continuous increase in the production of plastics, generation of plastic waste and its accompanied environmental pollution. We have reviewed in this paper, the most relevant literatures on the different types of plastics in production, the hazardous chemical constituents, prevailing disposal methods and the detrimental effects of these constituents to air, water, soil, organisms and human health viz-a-viz the different disposal methods. Papers that reported environmental and public health effects of plastic constituents but not plastics directly were also reviewed. Varieties of plastics used in the production of many consumable products including medical devices, food packaging and water bottles contain toxic chemicals like phthalates, heavy metals, bisphenol A. brominated flame retardants, nonylphenol, polychlorinated biphenylethers, dichlorodiphenyldichloroethylene, phenanthrene etc.",678,Incineration; Waste management; Hazardous waste; Environmental science; Human health
https://openalex.org/W2909645797,https://doi.org/10.1007/978-3-319-61615-5,Freshwater Microplastics,2017,Martin Wagner; Scott Lambert,The handbook of environmental chemistry,"This open access book focuses on microscopic plastic debris, also referred to as microplastics, which have been detected in aquatic environments.",671,Microplastics; Environmental science; Ecology; Biology
https://openalex.org/W2949224266,https://doi.org/10.1038/s41598-019-45054-w,Simulating human exposure to indoor airborne microplastics using a Breathing Thermal Manikin,2019,Alvise Vianello; Rasmus Lund Jensen; Li Liu; Jes Vollertsen,Scientific Reports,". Synthetic fragments and fibres accounted, on average, for 4% of the total identified particles, while nonsynthetic particles of protein and cellulose constituted 91% and 4%, respectively. Polyester was the predominant synthetic polymer in all samples (81%), followed by polyethylene (5%), and nylon (3%). Microplastics were typically of smaller size than nonsynthetic particles. As the identified microplastics can be inhaled, these results highlight the potential direct human exposure to microplastic contamination via indoor air.",756,Microplastics; Environmental chemistry; Environmental science; Contamination; Inhalation exposure
https://openalex.org/W2896825211,https://doi.org/10.1016/j.scitotenv.2018.10.166,Microfibres from apparel and home textiles: Prospects for including microplastics in environmental sustainability assessment,2018,Beverley Henry; Kirsi Laitala; Ingun Grimstad Klepp,The Science of The Total Environment,"Textiles release fibres to the environment during production, use, and at end-of-life disposal. Approximately two-thirds of all textile items are now synthetic, dominated by petroleum-based organic polymers such as polyester, polyamide and acrylic. Plastic microfibres (<5 mm) and nanofibres (<100 nm) have been identified in ecosystems in all regions of the globe and have been estimated to comprise up to 35% of primary microplastics in marine environments, a major proportion of microplastics on coastal shorelines and to persist for decades in soils treated with sludge from waste water treatment plants. In this paper we present a critical review of factors affecting the release from fabrics of microfibres, and of the risks for impacts on ecological systems and potentially on human health. This review is used as a basis for exploring the potential to include a metric for microplastic pollution in tools that have been developed to quantify the environmental performance of apparel and home textiles. We conclude that the simple metric of mass or number of microfibres released combined with data on their persistence in the environment, could provide a useful interim mid-point indicator in sustainability assessment tools to support monitoring and mitigation strategies for microplastic pollution. Identified priority research areas include: (1) Standardised analytical methods for textile microfibres and nanofibres; (2) Ecotoxicological studies using environmentally realistic concentrations; (3) Studies tracking the fate of microplastics in complex food webs; and (4) Refined indicators for microfibre impacts in apparel and home textile sustainability assessment tools.",630,Microplastics; Environmental science; Laundry; Sustainability; Textile
https://openalex.org/W654027348,https://doi.org/10.1007/978-3-319-16510-3_12,Nanoplastics in the Aquatic Environment. Critical Review,2015,Albert A. Koelmans; Ellen Besseling; Won Joon Shim,,"A growing body of literature reports on the abundance and effects of plastic debris, with an increasing focus on microplastic particles smaller than 5 mm. It has often been suggested that plastic particles in the <100 nm size range as defined earlier for nanomaterials (here referred to as ‘nanoplastics’), may be emitted to or formed in the aquatic environment. Nanoplastics is probably the least known area of marine litter but potentially also the most hazardous. This paper provides the first review on sources, effects and hazards of nanoplastics. Detection methods are in an early stage of development and to date no nanoplastics have actually been detected in natural aquatic systems. Various sources of nanoplastics have been suggested such as release from products or nanofragmentation of larger particles. Nanoplastic fate studies for rivers show an important role for sedimentation of heteroaggregates, similar to that for non-polymer nanomaterials. Some prognostic effect studies have been performed but effect thresholds seem higher than nanoplastic concentrations expected in the environment. The high surface area of nanoplastics may imply that toxic chemicals are retained by nanoplastics, possibly increasing overall hazard. Release of non-polymer nanomaterial additives from small product fragments may add to the hazard of nanoplastics. Because of the presence of such co-contaminants, effect studies with nanoplastics pose some specific practical challenges. We conclude that hazards of nanoplastics are plausible yet unclear, which calls for a thorough evaluation of nanoplastic sources, fate and effects.",617,Environmental science; Microplastics; Environmental chemistry; Debris; Aquatic ecosystem
https://openalex.org/W4283751138,https://doi.org/10.1007/s11356-022-21578-z,An overview of the environmental pollution and health effects associated with waste landfilling and open dumping,2022,Ayesha Siddiqua; John Ν. Hahladakis; Wadha Ahmed K A Al-Attiya,Environmental Science and Pollution Research,"Landfilling is one of the most common waste management methods employed in all countries alike, irrespective of their developmental status. The most commonly used types of landfills are (a) municipal solid waste landfill, (b) industrial waste landfill, and (c) hazardous waste landfill. There is, also, an emerging landfill type called ""green waste landfill"" that is, occasionally, being used. Most landfills, including those discussed in this review article, are controlled and engineered establishments, wherein the waste ought to abide with certain regulations regarding their quality and quantity. However, illegal and uncontrolled ""landfills"" (mostly known as open dumpsites) are, unfortunately, prevalent in many developing countries. Due to the widespread use of landfilling, even as of today, it is imperative to examine any environmental- and/or health-related issues that have emerged. The present study seeks to determine the environmental pollution and health effects associated with waste landfilling by adopting a desk review design. It is revealed that landfilling is associated with various environmental pollution problems, namely, (a) underground water pollution due to the leaching of organic, inorganic, and various other substances of concern (SoC) contained in the waste, (b) air pollution due to suspension of particles, (c) odor pollution from the deposition of municipal solid waste (MSW), and (d) even marine pollution from any potential run-offs. Furthermore, health impacts may occur through the pollution of the underground water and the emissions of gases, leading to carcinogenic and non-carcinogenic effects of the exposed population living in their vicinity.",909,Hazardous waste; Municipal solid waste; Waste management; Pollution; Environmental science
https://openalex.org/W3021005709,https://doi.org/10.1038/s41598-020-64464-9,Potential toxicity of polystyrene microplastic particles,2020,Jangsun Hwang; Daheui Choi; Seora Han; Se Yong Jung; Jonghoon Choi,Scientific Reports,"Environmental pollution arising from plastic waste is a major global concern. Plastic macroparticles, microparticles, and nanoparticles have the potential to affect marine ecosystems and human health. It is generally accepted that microplastic particles are not harmful or at best minimal to human health. However direct contact with microplastic particles may have possible adverse effect in cellular level. Primary polystyrene (PS) particles were the focus of this study, and we investigated the potential impacts of these microplastics on human health at the cellular level. We determined that PS particles were potential immune stimulants that induced cytokine and chemokine production in a size-dependent and concentration-dependent manner.",648,Microplastics; Human health; Polystyrene; Plastic pollution; Environmental chemistry
https://openalex.org/W3100716142,https://doi.org/10.1186/s12989-020-00387-7,Immunotoxicity and intestinal effects of nano- and microplastics: a review of the literature,2020,Nell Hirt; Mathilde Body–Malapel,Particle and Fibre Toxicology,"BACKGROUND: Together with poor biodegradability and insufficient recycling, the massive production and use of plastics have led to widespread environmental contamination by nano- and microplastics. These particles accumulate across ecosystems - even in the most remote habitats - and are transferred through food chains, leading to inevitable human ingestion, that adds to the highest one due to food processes and packaging. OBJECTIVE: The present review aimed at providing a comprehensive overview of current knowledge regarding the effects of nano- and microplastics on intestinal homeostasis. METHODS: We conducted a literature search focused on the in vivo effects of nano- and microplastics on gut epithelium and microbiota, as well as on immune response. RESULTS: Numerous animal studies have shown that exposure to nano- and microplastics leads to impairments in oxidative and inflammatory intestinal balance, and disruption of the gut's epithelial permeability. Other notable effects of nano- and microplastic exposure include dysbiosis (changes in the gut microbiota) and immune cell toxicity. Moreover, microplastics contain additives, adsorb contaminants, and may promote the growth of bacterial pathogens on their surfaces: they are potential carriers of intestinal toxicants and pathogens that can potentially lead to further adverse effects. CONCLUSION: Despite the scarcity of reports directly relevant to human, this review brings together a growing body of evidence showing that nano- and microplastic exposure disturbs the gut microbiota and critical intestinal functions. Such effects may promote the development of chronic immune disorders. Further investigation of this threat to human health is warranted.",696,Microplastics; Dysbiosis; Immune system; Intestinal permeability; Biology
https://openalex.org/W2941880951,https://doi.org/10.1016/j.marpolbul.2019.04.029,"Sources, transport, and accumulation of different types of plastic litter in aquatic environments: A review study",2019,Anna Schwarz; Tom Ligthart; Elise Boukris; Toon van Harmelen,Marine Pollution Bulletin,"Types of plastic waste in different aquatic environments were assessed to obtain a global framework of plastic waste transport and accumulation, relevant for plastic pollution mitigation strategies in aquatic environments. Packaging and consumer products were the most encountered product categories in rivers, while fishery items dominated in the oceanic environment. Plastics from electronics, building and construction, and transport were barely observed. For polymers, polyethylene and polypropylene contributed most to pollution in all environments. The highest diversity in polymer composition was found in oceanic and freshwater sediments. It is therefore argued that a large fraction of plastic waste accumulates here. This confirms that plastic waste transport and accumulation patterns were most affected by the density, surface area, and size of plastics. Only thick-walled, larger plastic debris from low-density polymers are transported through currents from rivers to ocean, while the larger fraction of plastic litter is likely retained in sediments or beaches.",619,Plastic pollution; Plastic waste; Litter; Pollution; Environmental science
https://openalex.org/W2797295663,https://doi.org/10.1038/s41467-018-03798-5,Dissolved organic carbon leaching from plastics stimulates microbial activity in the ocean,2018,Cristina Romera‐Castillo; Maria Pinto; Teresa M. Langer; Xosé Antón Álvarez‐Salgado; Gerhard J. Herndl,Nature Communications,"Approximately 5.25 trillion plastic pieces are floating at the sea surface. The impact of plastic pollution on the lowest trophic levels of the food web, however, remains unknown. Here we show that plastics release dissolved organic carbon (DOC) into the ambient seawater stimulating the activity of heterotrophic microbes. Our estimates indicate that globally up to 23,600 metric tons of DOC are leaching from marine plastics annually. About 60% of it is available to microbial utilization in less than 5 days. If exposed to solar radiation, however, this DOC becomes less labile. Thus, plastic pollution of marine surface waters likely alters the composition and activity of the base of the marine food webs. It is predicted that plastic waste entering the ocean will increase by a factor of ten within the next decade, resulting in an increase in plastic-derived DOC that might have unaccounted consequences for marine microbes and for the ocean system.",705,Plastic pollution; Dissolved organic carbon; Environmental science; Seawater; Leaching (pedology)
https://openalex.org/W2462387182,https://doi.org/10.1073/pnas.1606615113,Microplastic exposure studies should be environmentally realistic,2016,Robin Lenz; Kristina Enders; Torkel Gissel Nielsen,Proceedings of the National Academy of Sciences,"Proceedings of the National Academy of Sciences (PNAS), a peer reviewed journal of the National Academy of Sciences (NAS) - an authoritative source of high-impact, original research that broadly spans the biological, physical, and social sciences.",707,Environmental science; Environmental chemistry; Pollution; Aquatic ecosystem; Ecology
https://openalex.org/W2604924339,https://doi.org/10.1038/srep46173,The presence of microplastics in commercial salts from different countries,2017,Ali Karami; Abolfazl Golieskardi; Cheng Keong Choo; Vincent Larat; Tamara S. Galloway,Scientific Reports,"The occurrence of microplastics (MPs) in saltwater bodies is relatively well studied, but nothing is known about their presence in most of the commercial salts that are widely consumed by humans across the globe. Here, we extracted MP-like particles larger than 149 μm from 17 salt brands originating from 8 different countries followed by the identification of their polymer composition using micro-Raman spectroscopy. Microplastics were absent in one brand while others contained between 1 to 10 MPs/Kg of salt. Out of the 72 extracted particles, 41.6% were plastic polymers, 23.6% were pigments, 5.50% were amorphous carbon, and 29.1% remained unidentified. The particle size (mean ± SD) was 515 ± 171 μm. The most common plastic polymers were polypropylene (40.0%) and polyethylene (33.3%). Fragments were the primary form of MPs (63.8%) followed by filaments (25.6%) and films (10.6%). According to our results, the low level of anthropogenic particles intake from the salts (maximum 37 particles per individual per annum) warrants negligible health impacts. However, to better understand the health risks associated with salt consumption, further development in extraction protocols are needed to isolate anthropogenic particles smaller than 149 μm.",636,Microplastics; Environmental science; Environmental chemistry; Chemistry
https://openalex.org/W3007594984,https://doi.org/10.3390/ijerph17041363,Toxicities of Polycyclic Aromatic Hydrocarbons for Aquatic Animals,2020,Masato Honda; Nobuo Suzuki,International Journal of Environmental Research and Public Health,"Polycyclic aromatic hydrocarbons (PAHs) are organic compounds that are widely distributed in the air, water, and soil. Recently, the amount of PAHs derived from fuels and from incomplete combustion processes is increasing. In the aquatic environment, oil spills directly cause PAH pollution and affect marine organisms. Oil spills correlate very well with the major shipping routes. Furthermore, accidental oil spills can seriously impact the marine environment toxicologically. Here, we describe PAH toxicities and related bioaccumulation properties in aquatic animals, including invertebrates. Recent studies have revealed the toxicity of PAHs, including endocrine disruption and tissue-specific toxicity, although researchers have mainly focused on the carcinogenic toxicity of PAHs. We summarize the toxicity of PAHs regarding these aspects. Additionally, the bioaccumulation properties of PAHs for organisms, including invertebrates, are important factors when considering PAH toxicity. In this review, we describe the bioaccumulation properties of PAHs in aquatic animals. Recently, microplastics have been the most concerning environmental problem in the aquatic ecosystem, and the vector effect of microplastics for lipophilic compounds is an emerging environmental issue. Here, we describe the correlation between PAHs and microplastics. Thus, we concluded that PAHs have a toxicity for aquatic animals, indicating that we should emphasize the prevention of aquatic PAH pollution.",617,Bioaccumulation; Microplastics; Environmental chemistry; Aquatic ecosystem; Environmental science
https://openalex.org/W3165321398,https://doi.org/10.1186/s40645-020-00405-4,Marine microplastics as vectors of major ocean pollutants and its hazards to the marine ecosystem and humans,2021,Tan Suet May Amelia; Wan Mohd Afiq Wan Mohd Khalik; Meng Chuan Ong; Yi Ta Shao; Hui-Juan Pan,Progress in Earth and Planetary Science,"Abstract Microplastic pollutes water, land, air, and groundwater environments not only visually but also ecologically for plants, animals, and humans. Microplastic has been reported to act as vectors by sorbing pollutants and contributing to the bioaccumulation of pollutants, particularly in marine ecosystems, organisms, and subsequently food webs. The inevitable exposure of microplastic to humans emphasises the need to review the potential effects, exposure pathways, and toxicity of microplastic toward human health. Therefore, this review was aimed to reveal the risks of pollutant sorption and bioaccumulation by microplastic toward humans, as well as the dominant types of pollutants sorbed by microplastic, and the types of pollutants that are bioaccumulated by microplastic in the living organisms of the marine ecosystem. The possible factors influencing the sorption and bioaccumulation of pollutants by microplastic in marine ecosystems were also reviewed. The review also revealed the prevailing types of microplastic, abundance of microplastic, and geographical distribution of microplastic in the aquatic environment globally. The literature review revealed that microplastic characteristics, chemical interactions, and water properties played a role in the sorption of pollutants by microplastic. The evidence of microplastic posing a direct medical threat to humans is still lacking albeit substantial literature has reported the health hazards of microplastic-associated monomers, additives, and pollutants. This review recommends future research on the existing knowledge gaps in microplastic research, which include the toxicity of microplastic, particularly to humans, as well as the factors influencing the sorption and bioaccumulation of pollutants by microplastic.",586,Microplastics; Bioaccumulation; Pollutant; Environmental science; Marine ecosystem
https://openalex.org/W2524362342,https://doi.org/10.1038/srep34351,Microplastic fragments and microbeads in digestive tracts of planktivorous fish from urban coastal waters,2016,Kosuke Tanaka; Hideshige Takada,Scientific Reports,"We investigated microplastics in the digestive tracts of 64 Japanese anchovy (Engraulis japonicus) sampled in Tokyo Bay. Plastic was detected in 49 out of 64 fish (77%), with 2.3 pieces on average and up to 15 pieces per individual. All of the plastics were identified by Fourier transform infrared spectroscopy. Most were polyethylene (52.0%) or polypropylene (43.3%). Most of the plastics were fragments (86.0%), but 7.3% were beads, some of which were microbeads, similar to those found in facial cleansers. Eighty percent of the plastics ranged in size from 150 μm to 1000 μm, smaller than the reported size range of floating microplastics on the sea surface, possibly because the subsurface foraging behavior of the anchovy reflected the different size distribution of plastics between surface waters and subsurface waters. Engraulis spp. are important food for many humans and other organisms around the world. Our observations further confirm that microplastics have infiltrated the marine ecosystem, and that humans may be exposed to them. Because microplastics retain hazardous chemicals, increase in fish chemical exposure by the ingested plastics is of concern. Such exposure should be studied and compared with that in the natural diet.",703,Microplastics; Engraulis; Anchovy; Environmental science; Marine debris
https://openalex.org/W4285013886,https://doi.org/10.1016/j.ebiom.2022.104147,Microplastics detected in cirrhotic liver tissue,2022,Thomas Horvatits; Matthias Tamminga; Beibei Liu; Marcial Sebode; Antonella Carambia,EBioMedicine,"BACKGROUND: The contamination of ecosystem compartments by microplastics (MPs) is an ubiquitous problem. MPs have been observed in mice tissues, and recently in human blood, stool and placenta. However, two aspects remain unclear: whether MPs accumulate in peripheral organs, specifically in the liver, and if liver cirrhosis favours this process. We aimed to examine human liver tissue samples to determine whether MPs accumulate in the liver. METHODS: This proof-of-concept case series, conducted in Germany, Europe, analyzed tissue samples of 6 patients with liver cirrhosis and 5 individuals without underlying liver disease. A total of 17 samples (11 liver, 3 kidney and 3 spleen samples) were analyzed according to the final protocol. A reliable method for detection of MP particles from 4 to 30 µm in human tissue was developed. Chemical digestion of tissue samples, staining with Nile red, subsequent fluorescent microscopy and Raman spectroscopy were performed. Morphology, size and composition of MP polymers were assessed. FINDINGS: Considering the limit of detection, all liver, kidney and spleen samples from patients without underlying liver disease tested negative for MPs. In contrast, MP concentrations in cirrhotic liver tissues tested positive and showed significantly higher concentrations compared to liver samples of individuals without underlying liver disease. Six different microplastic polymers ranging from 4 to 30 µm in size were detected. INTERPRETATION: This proof-of-concept case series assessed the presence of MPs in human liver tissue and found six different MP polymers in the liver of individuals with liver cirrhosis, but not in those without underlying liver disease. Future studies are needed to evaluate whether hepatic MP accumulation represents a potential cause in the pathogenesis of fibrosis, or a consequence of cirrhosis and portal hypertension. FUNDING: No funding was received for conducting this investigator driven study.",664,Cirrhosis; Liver disease; Pathology; Spleen; Kidney
https://openalex.org/W4318052506,https://doi.org/10.3390/nu15030617,Microplastics: A Real Global Threat for Environment and Food Safety: A State of the Art Review,2023,Khaled Ziani; Corina-Bianca Ioniță-Mîndrican; Magdalena Mititelu; Sorinel Marius Neacșu; Carolina Negrei,Nutrients,"Microplastics are small plastic particles that come from the degradation of plastics, ubiquitous in nature and therefore affect both wildlife and humans. They have been detected in many marine species, but also in drinking water and in numerous foods, such as salt, honey and marine organisms. Exposure to microplastics can also occur through inhaled air. Data from animal studies have shown that once absorbed, plastic micro- and nanoparticles can distribute to the liver, spleen, heart, lungs, thymus, reproductive organs, kidneys and even the brain (crosses the blood-brain barrier). In addition, microplastics are transport operators of persistent organic pollutants or heavy metals from invertebrate organisms to other higher trophic levels. After ingestion, the additives and monomers in their composition can interfere with important biological processes in the human body and can cause disruption of the endocrine, immune system; can have a negative impact on mobility, reproduction and development; and can cause carcinogenesis. The pandemic caused by COVID-19 has affected not only human health and national economies but also the environment, due to the large volume of waste in the form of discarded personal protective equipment. The remarkable increase in global use of face masks, which mainly contain polypropylene, and poor waste management have led to worsening microplastic pollution, and the long-term consequences can be extremely devastating if urgent action is not taken.",582,Microplastics; Plastic pollution; Pollutant; Environmental chemistry; Ingestion
https://openalex.org/W3092692920,https://doi.org/10.1371/journal.pone.0240792,Bioaccumulation and biomagnification of microplastics in marine organisms: A review and meta-analysis of current data,2020,Michaela E. Miller; Mark Hamann; Frederieke J. Kroon,PLoS ONE,"Microplastic (MP) contamination has been well documented across a range of habitats and for a large number of organisms in the marine environment. Consequently, bioaccumulation, and in particular biomagnification of MPs and associated chemical additives, are often inferred to occur in marine food webs. Presented here are the results of a systematic literature review to examine whether current, published findings support the premise that MPs and associated chemical additives bioaccumulate and biomagnify across a general marine food web. First, field and laboratory-derived contamination data on marine species were standardised by sample size from a total of 116 publications. Second, following assignment of each species to one of five main trophic levels, the average uptake of MPs and of associated chemical additives was estimated across all species within each level. These uptake data within and across the five trophic levels were then critically examined for any evidence of bioaccumulation and biomagnification. Findings corroborate previous studies that MP bioaccumulation occurs within each trophic level, while current evidence around bioaccumulation of associated chemical additives is much more ambiguous. In contrast, MP biomagnification across a general marine food web is not supported by current field observations, while results from the few laboratory studies supporting trophic transfer are hampered by using unrealistic exposure conditions. Further, a lack of both field and laboratory data precludes an examination of potential trophic transfer and biomagnification of chemical additives associated with MPs. Combined, these findings indicate that, although bioaccumulation of MPs occurs within trophic levels, no clear sign of MP biomagnification in situ was observed at the higher trophic levels. Recommendations for future studies to focus on investigating ingestion, retention and depuration rates for MPs and chemical additives under environmentally realistic conditions, and on examining the potential of multi-level trophic transfer for MPs and chemical additives have been made.",598,Biomagnification; Bioaccumulation; Trophic level; Food web; Microplastics
https://openalex.org/W2996322740,https://doi.org/10.1016/j.ecoenv.2019.110066,Microplastics and seafood: lower trophic organisms at highest risk of contamination,2019,Chris Walkinshaw; Penelope K. Lindeque; Richard C. Thompson; T.J. Tolhurst; Matthew Cole,Ecotoxicology and Environmental Safety,"Microplastic debris is a prevalent global pollutant that poses a risk to marine organisms and ecological processes. It is also suspected to pose a risk to marine food security; however, these risks are currently poorly understood. In this review, we seek to understand the current knowledge pertaining to the contamination of commercially important fished and farmed marine organisms with microplastics, with the aim of answering the question ""Does microplastic pollution pose a risk to marine food security?"". A semi-systematic review of studies investigating the number of microplastics found in commercially important organisms of different trophic levels suggests that microplastics do not biomagnify, and that organisms at lower trophic levels are more likely to contaminated by microplastic pollution than apex predators. We address the factors that influence microplastic consumption and retention by organisms. This research has implications for food safety and highlights the risks of microplastics to fisheries and aquaculture, and identifies current knowledge gaps within this research field.",571,Microplastics; Trophic level; Contamination; Environmental science; Environmental chemistry
https://openalex.org/W575361688,https://doi.org/10.1007/978-3-319-16510-3_10,"Microplastics in the Marine Environment: Distribution, Interactions and Effects",2015,Amy Lusher,,"Microplastics are an emerging marine pollutant. It is important to understand their distribution in the marine environment and their implications on marine habitats and marine biota. Microplastics have been found in almost every marine habitat around the world, with plastic composition and environmental conditions significantly affecting their distribution. Marine biota interact with microplastics including birds, fish, turtles, mammals and invertebrates. The biological repercussions depend on to the size of microplastics encountered, with smaller sizes having greater effects on organisms at the cellular level. In the micrometre range plastics are readily ingested and egested, whereas nanometre-sized plastics can pass through cell membranes. Despite concerns raised by ingestion, the effects of microplastic ingestion in natural populations and the implications for food webs are not understood. Without knowledge of retention and egestion rates of field populations, it is difficult to deduce ecological consequences. There is evidence to suggest that microplastics enter food chains and there is trophic transfer between predators and prey. What is clear is that further research on a variety of marine organisms is required to understand the environmental implications of microplastics in more detail and to establish effects in natural populations.",585,Microplastics; Biota; Food chain; Trophic level; Predation
https://openalex.org/W4385727090,https://doi.org/10.1021/envhealth.3c00052,"Potential Health Impact of Microplastics: A Review of Environmental Distribution, Human Exposure, and Toxic Effects",2023,Yue Li; Le Tao; Qiong Wang; Fengbang Wang; Gang Li,Environment & Health,"Microplastics are ubiquitous in the global environment. As a typical emerging pollutant, its potential health hazards have been widely concerning. In this brief paper, we introduce the source, identification, toxicity, and health hazard of microplastics in the human. The literature review shows that microplastics are frequently detected in environmental and human samples. Humans are potentially exposed to microplastics through oral intake, inhalation, and skin contact. We summarize the toxic effects of microplastics in experimental models like cells, organoids, and animals. These effects consist of oxidative stress, DNA damage, organ dysfunction, metabolic disorder, immune response, neurotoxicity, as well as reproductive and developmental toxicity. In addition, the epidemiological evidence suggests that a variety of chronic diseases may be related to microplastics exposure. Finally, we put forward the gaps in toxicity research of microplastics and their future development directions. This review will be helpful to the understanding of the exposure risk and potential health hazards of microplastics.",584,Microplastics; Human health; Pollutant; Toxicity; Environmental health
https://openalex.org/W3107539693,https://doi.org/10.3389/fmicb.2020.580709,Microbial and Enzymatic Degradation of Synthetic Plastics,2020,M. Nisha; Zahra Montazer; Parveen Sharma; David B. Levin,Frontiers in Microbiology,"conditions have been isolated and characterized. In some cases, the enzymes expressed by these microbes have been cloned and sequenced. The rate of polymer biodegradation depends on several factors including chemical structures, molecular weights, and degrees of crystallinity. Polymers are large molecules having both regular crystals (crystalline region) and irregular groups (amorphous region), where the latter provides polymers with flexibility. Highly crystalline polymers like polyethylene (95%), are rigid with a low capacity to resist impacts. PET-based plastics possess a high degree of crystallinity (30-50%), which is one of the principal reasons for their low rate of microbial degradation, which is projected to take more than 50 years for complete degraded in the natural environment, and hundreds of years if discarded into the oceans, due to their lower temperature and oxygen availability. The enzymatic degradation occurs in two stages: adsorption of enzymes on the polymer surface, followed by hydro-peroxidation/hydrolysis of the bonds. The sources of plastic-degrading enzymes can be found in microorganisms from various environments as well as digestive intestine of some invertebrates. Microbial and enzymatic degradation of waste petro-plastics is a promising strategy for depolymerization of waste petro-plastics into polymer monomers for recycling, or to covert waste plastics into higher value bioproducts, such as biodegradable polymers via mineralization. The objective of this review is to outline the advances made in the microbial degradation of synthetic plastics and, overview the enzymes involved in biodegradation.",1030,Biodegradation; Polymer; Crystallinity; Polyethylene; Depolymerization
https://openalex.org/W4387304263,https://doi.org/10.1371/journal.pone.0291760,"Quantification and characterization of microplastics (MPs) pollution in peri-uburban agricultural lands of Lahore, Pakistan",2023,Muhammad Luqman; Tehreem Shahid; Muhammad Uzair Awan; Saif Ur Rehman Kashif; Fariha Arooj,PLoS ONE,"Microplastics (MPs) contaminate every conceivable terrestrial and aquatic environment including high peaks and deep marine trenches. Agricultural lands alone are expected to receive plastic up to 23 times more than ocean basins. In this study, soil samples were collected from peri-urban agricultural lands of Lahore on four sides including Kala Shah Kaku (KSK), Punjab University (PU), Dera Gujran (DG), and Sagian (SG). National Oceanic and Atmospheric Administration (NOAA) protocol was used for MPs extraction and analysis. Extracted MPs were analyzed under microscope at 40X magnification and their composition was analyzed using Fourier Transform Infrared (FTIR) spectroscopy. A considerable concentration of MPs was recorded at all sites. The highest contamination was found at SG with 876 ±194 MPs/kg of soil, and the lowest contamination was recorded at PU with 672 ±235 MPs/kg of soil. However, these differences among the sites were not statistically significant (p = 0.29). The overall predominant shape of MPs was fibers (613±71, 79.73%) followed by sheets (125±55, 16.28%), fragments (30±5, 3.9%) and foam particles (1±2, .09%). The differences in the distribution of MPs in various types were statistically significant (p = 0), while differences between sites were insignificant (p = 0.13). About 95% of MPs were less than 2 mm and 85% were less than 1 mm size. The distribution of MPs in various sizes (p = 0) and differences of this distribution between sites (p = 0.037) were both statistically significant. A good diversity of nine colored MPs was recorded, however majority of the MPs were transparent (89.57%). Six polymer including Polyethylene (PE), Polyethylene terephthalate (PET), Polypropylene (PP), Polystyrene (PS), Polycarbonate (PC), and Polyvinyl Chloride (PVC) were identified by FTIR. The current levels of MPs pollution are higher than in many other parts of the world. Composition of MPs (types, colors, sizes, and polymer types) indicates the diversity of their sources and their possible implications on agricultural ecosystem.",23,Microplastics; Contamination; Environmental science; Veterinary medicine; Soil test
https://openalex.org/W2580899680,https://doi.org/10.1038/srep41323,Adverse effects of microplastics and oxidative stress-induced MAPK/Nrf2 pathway-mediated defense mechanisms in the marine copepod Paracyclopina nana,2017,Chang-Bum Jeong; Hye-Min Kang; Min‐Chul Lee; Duck‐Hyun Kim; Jeonghoon Han,Scientific Reports,"Microplastic pollution causes a major concern in the marine environment due to their worldwide distribution, persistence, and adverse effects of these pollutants in the marine ecosystem. Despite its global presence, there is still a lack of information on the effect of microplastics on marine organisms at the molecular level. Herein we demonstrated ingestion and egestion of nano- (0.05 μm) and micro-sized (0.5 and 6 μm) polystyrene microbeads in the marine copepod Paracyclopina nana, and examined molecular responses to exposure to microbeads with in vivo endpoints such as growth rate and fecundity. Also, we proposed an adverse outcome pathway for microplastic exposure that covers molecular and individual levels. This study provides the first insight into the mode of action in terms of microplastic-induced oxidative stress and related signaling pathways in P. nana.",564,Microplastics; Copepod; Marine ecosystem; Oxidative stress; Biology
https://openalex.org/W2869876473,https://doi.org/10.1007/s00253-018-9195-y,Degradation of plastics and plastic-degrading bacteria in cold marine habitats,2018,Aneta K. Urbanek; Waldemar Rymowicz; Aleksandra M. Mirończuk,Applied Microbiology and Biotechnology,"Synthetic plastics present in everyday materials constitute the main anthropogenic debris entering the Earth’s oceans. The oceans provide important and valuable resources such as food, energy, and water. They are also the main way of international trade and the main stabilizer of the climate. Hence, changes in the marine ecosystem caused by anthropogenic influences such as plastic pollution can have a dramatic impact on a global scale. Although the problem of plastics still remains unsolved, different ways are being considered to reduce their impact on the environment. One of them is to use microorganisms capable of degradation of plastic. A particularly interesting area is the application of microorganisms isolated from cold regions in view of their unique characteristics. Nevertheless, the interactions between plastic and microorganisms are still poorly known. Here, we present a review of current knowledge on plastic degradation and plastic-microorganism interactions in cold marine habitats. Moreover, we highlight the advantages of microorganisms isolated from this environment for eliminating plastic waste from ecosystems.",587,Degradation (telecommunications); Bacteria; Biodegradation; Marine bacteriophage; Biodegradable plastic
https://openalex.org/W3162861900,https://doi.org/10.1016/j.jhazmat.2021.126059,Treatment-level impacts of microplastic exposure may be confounded by variation in individual-level responses in juvenile fish,2021,Gerrit B. Nanninga; Assaf Pertzelan; Moshe Kiflawi; Roi Holzman; Isolde Plakolm,Journal of Hazardous Materials,"Microplastic (MP) pollution is a key global environmental issue and laboratory exposure studies on aquatic biota are proliferating at an exponential rate. However, most research is limited to treatment-level effects, ignoring that there may be substantial within-population variation in responses to anthropogenic stressors. MP exposure experiments often reveal considerable, yet largely overlooked, inter-individual variation in particle uptake within concentration treatments. Here, we investigated to what degree treatment-level responses to MP exposure may be affected by variation in MP ingestion rates in the early life stages of a marine fish, the Gilt-head seabream, Sparus aurata. First, we tested whether MP ingestion variation is repeatable. Second, we assessed to what degree this variation may determine individual-level effects of MP exposure on fitness-related behavioural performance (i.e., escape response). We found that consistent inter-individual variation in MP ingestion was prevalent and led to differential impacts within exposure treatments. Individuals with high MP ingestion rates exhibited markedly inferior escape responses, a result that was partially concealed in treatment-level analyses. Our findings show that the measured response of populations to environmental perturbations could be confounded by variation in individual-level responses and that the explicit integration of MP ingestion variation can reveal cryptic patterns during exposure experiments.",24,Ingestion; Juvenile; Biology; Population; Biota
https://openalex.org/W2738098134,https://doi.org/10.1016/j.envpol.2017.07.017,"A small-scale, portable method for extracting microplastics from marine sediments",2017,Rachel Coppock; Matthew Cole; Penelope K. Lindeque; Ana M. Queirós; Tamara S. Galloway,Environmental Pollution,", was deemed an effective and relatively inexpensive floatation media, allowing fine sediment to settle whilst simultaneously enabling floatation of dense polymers. The method was validated by artificially spiking sediment with low and high density microplastics, and its environmental relevance was further tested by extracting plastics present in natural sediment samples from sites ranging in sediment type; fine silt/clay (mean size 10.25 ± SD 3.02 μm) to coarse sand (mean size 149.3 ± SD 49.9 μm). The method presented here is cheap, reproducible and is easily portable, lending itself for use in the laboratory and in the field, eg. on board research vessels. By employing this method, accurate estimates of microplastic type, distribution and abundance in natural sediments can be achieved, with the potential to further our understanding of the availability of microplastics to benthic organisms.",640,Microplastics; Sediment; Benthic zone; Environmental science; Plastic pollution
https://openalex.org/W2987082438,https://doi.org/10.1016/j.watres.2019.115270,Chemical composition and ecotoxicity of plastic and car tire rubber leachates to aquatic organisms,2019,Marco Capolupo; Lisbet Sørensen; K. Jayasena; Andy M. Booth; Elena Fabbri,Water Research,"values ranging from 0.8% (CTR) to 65% (PET) of the total leachate. The lowest impacts were induced on D-shell larvae survival, reflecting their ability to down-regulate motility and filtration in the presence of chemical stressors. This study provides evidence of the relationship between chemical composition and toxicity of plastic/rubber leachates. Consistent with increasing contamination by organic and inorganic additives, the leachates ranged from slightly to highly toxic to mussels and algae, highlighting the need for a better understanding of the overall impact of plastic-associated chemicals on aquatic ecosystems.",568,Environmental chemistry; Leachate; Ecotoxicity; Chemistry; Polyvinyl chloride
https://openalex.org/W4386629984,https://doi.org/10.1016/j.jhazmat.2023.132521,Unveiling the impact of environmental microplastics on mussel spermatozoa: First evidence of prothymosin-α detection in invertebrate’s male gametes,2023,Ilef Romdhani; Alessandra Gallo; Massimo Venditti; Mohamed Rida Abelouah; Rita Varchetta,Journal of Hazardous Materials,"Mytilus galloprovincialis mussels, like many other marine invertebrates, employ external fertilization as a mating strategy, exposing their gametes to various contaminants upon release into seawater. Environmental microplastics (EMP) are prevalent marine pollutants that pose a significant threat to aquatic biota. In this regard, our study aimed to investigate the potential effects of exposing mussels' male gametes to increasing concentrations of EMP (1, 10, 50, and 100 μg/l) collected from a Mediterranean sandy beach. We focused on assessing gamete quality by analysing physiological parameters such as viability, mitochondrial membrane potential, oxidative status, and motility. Additionally, we evaluated DNA integrity and activation of apoptosis. Furthermore, our study aimed to detect the presence of the prothymosin-α (PTMA) protein, which has never been previously investigated in invertebrate spermatozoa. Our data revealed that exposure of mussel spermatozoa to EMPs altered their oxidative status and mitochondrial membrane potential, induced a decrease in motility, DNA integrity, and an increased apoptotic occurrence, leading to a decline in overall viability. The localization of PTMA into the head and flagellum of spermatozoa further supported its presence and susceptibility to the effects of microplastics. These findings raise concerns about the reproductive capacity of mussels under environmental microplastic pollution and highlight potential long-term threats to population sustainability.",12,Mytilus; Mussel; Biology; Marine invertebrates; Microplastics
https://openalex.org/W4200543987,https://doi.org/10.1080/15320383.2021.2010648,"Microplastics in Sediments of Southwest Caspian Sea: Characteristics, Distribution and Seasonal Variability",2021,Majid Rasta; Mohammad Reza Rahimibashar; Hor Torabi Jafroudi; Saleh Fakheri; Shahryar Tagheipour Kouhbane,Soil and Sediment Contamination An International Journal,"Microplastics (MPs) are recognized as an emerging contaminant posing a potential threat to the marine environments. Although marine MPs have been reported in different aquatic ecosystems of the world, research on the seasonal distribution of MPs is still relatively limited. Therefore, this study aimed to investigate MPs pollution in sediments of southwest coast of the Caspian Sea in different seasons between April 2019 and February 2020. Sediment samples were collected from three stations using Van Veen grab 20 × 20 cm, dried at air temperature, segregated by NaCl 1.2 g cm−3, filtered on filter paper and then observed under stereoscopic microscope. MPs were existed in all seasons and sampling sites. The average abundance of MPs was 397.7 ± 66.93 items/kg, and the highest concentration was detected at the Astara station by 996 ± 55.07 items/kg. Dominant frequency of MPs in different seasons were as follows: winter > summer > autumn > spring. MPs were dominated by class 1000–2000 µm in size, fiber in shape, polypropylene in polymer and red in color. High water level in winter followed by increasing MPs transmission from urban areas as well as fishing activity could be the main reasons for high MP concentrations in the studied areas.",16,Microplastics; Environmental science; Oceanography; Seasonality; Sediment
https://openalex.org/W3023386372,https://doi.org/10.1016/j.envpol.2020.114721,Are we underestimating microplastic abundance in the marine environment? A comparison of microplastic capture with nets of different mesh-size,2020,Penelope K. Lindeque; Matthew Cole; Rachel Coppock; Ceri Lewis; Rachael Z. Miller,Environmental Pollution,if a net with a 1 μm mesh size is used. We further identified that use of finer nets resulted in the collection of significantly thinner and shorter microplastic fibres (P < 0.05). These results elucidate that estimates of marine microplastic concentrations could currently be underestimated.,498,Microplastics; Marine debris; Debris; Environmental science; Sampling (signal processing)
https://openalex.org/W2884034436,https://doi.org/10.1016/j.envpol.2018.07.069,Risk assessment of microplastics in the ocean: Modelling approach and first conclusions,2018,Gert Everaert; L. Van Cauwenberghe; Maarten De Rijcke; Albert A. Koelmans; Jan Mees,Environmental Pollution,sediment). Additional ecotoxicological research in which marine species are chronically exposed to realistic environmental microplastic concentration series are urgently needed to verify our findings.,528,Microplastics; Environmental science; Benthic zone; Sediment; Oceanography
https://openalex.org/W3196209586,https://doi.org/10.3389/fendo.2021.724989,A Review of Human Exposure to Microplastics and Insights Into Microplastics as Obesogens,2021,Kurunthachalam Kannan; Krishnamoorthi Vimalkumar,Frontiers in Endocrinology,"The ubiquitous exposure of humans to microplastics (MPs) through inhalation of particles in air and ingestion in dust, water, and diet is well established. Humans are estimated to ingest tens of thousands to millions of MP particles annually, or on the order of several milligrams daily. Available information suggests that inhalation of indoor air and ingestion of drinking water bottled in plastic are the major sources of MP exposure. Little is known on the occurrence of MPs in human diet. Evidence is accumulating that feeding bottles and medical devices can contribute to MP exposure in newborns and infants. Biomonitoring studies of human stool, fetus, and placenta provide direct evidence of MP exposure in infants and children. MPs <20 µm were reported to cross biological membranes. Although plastics were once perceived as inert materials, MP exposure in laboratory animals is linked to various forms of inflammation, immunological response, endocrine disruption, alteration of lipid and energy metabolism, and other disorders. Whereas exposure to MPs itself is a concern, MPs can also be sources of exposure to plastic additives and other toxicants. Exposure of human cell lines to MP additives such as phthalates, bisphenols, and organotins causes adverse effects through the activation of nuclear receptors, peroxisome proliferator-activated receptors (PPARs) α, β, and γ, and retinoid X receptor (RXR), leading to oxidative stress, cytotoxicity, immunotoxicity, thyroid hormone disruption, and altered adipogenesis and energy production. The size, shape, chemical composition, surface charge, and hydrophobicity of MPs influence their toxicity. Maternal transfer of MPs to the developing fetus has been demonstrated in exposed laboratory animals and through the analysis of human placenta. In laboratory animal studies, maternal exposure to MPs altered energy and lipid metabolism in offspring and subsequent generations. Moreover, concomitant with the global increase in plastics production, the prevalence of overweight and obesity in human populations has increased over the past five decades, and there is evidence to support the hypothesis that MPs and their additives are potential obesogens. Even though MP exposures are ubiquitous and toxic effects from such exposures are a concern, systematic studies on this topic remain urgently needed.",549,Microplastics; Environmental science; Biology; Ecology
https://openalex.org/W2991598684,https://doi.org/10.1002/wat2.1398,Plastic debris in rivers,2019,Tim van Emmerik; Anna Schwarz,Wiley Interdisciplinary Reviews Water,"Abstract Plastic pollution in aquatic ecosystems is an emerging environmental risk, as it may negatively impacts ecology, endangers aquatic species, and causes economic damage. Rivers are known to play a crucial role in transporting land‐based plastic waste to the world's oceans, but riverine ecosystems are also directly affected by plastic pollution. To better quantify global plastic pollution transport and to effectively reduce sources and risks, a thorough understanding of origin, transport, fate, and effects of riverine plastic debris is crucial. In this overview paper, we discuss the current scientific state on plastic debris in rivers and evaluate existing knowledge gaps. We present a brief background of plastics, polymer types typically found in rivers, and the risk posed to aquatic ecosystems. Additionally, we elaborate on the origin and fate of riverine plastics, including processes and factors influencing plastic debris transport and its spatiotemporal variation. We present an overview of monitoring and modeling efforts to characterize riverine plastic transport, and give examples of typical values from around the world. Finally, we present an outlook to riverine plastic research. With this paper, we aim to present an inclusive and comprehensive overview of riverine plastic debris research to date and suggest multiple ways forward for future research. This article is categorized under: Science of Water &gt; Water Quality Water and Life &gt; Stresses and Pressures on Ecosystems",483,Plastic pollution; Debris; Aquatic ecosystem; Environmental science; Ecosystem
https://openalex.org/W4225726077,https://doi.org/10.1038/s43017-022-00279-8,Plastic pollution in the Arctic,2022,Melanie Bergmann; France Collard; Joan Fabrés; Geir Wing Gabrielsen; Jennifer F. Provencher,Nature Reviews Earth & Environment,"Plastic pollution is now pervasive in the Arctic, even in areas with no apparent human activity, such as the deep seafloor. In this Review, we describe the sources and impacts of Arctic plastic pollution, including plastic debris and microplastics, which have infiltrated terrestrial and aquatic systems, the cryosphere and the atmosphere. Although some pollution is from local sources — fisheries, landfills, wastewater and offshore industrial activity — distant regions are a substantial source, as plastic is carried from lower latitudes to the Arctic by ocean currents, atmospheric transport and rivers. Once in the Arctic, plastic pollution accumulates in certain areas and affects local ecosystems. Population-level information is sparse, but interactions such as entanglements and ingestion of marine debris have been recorded for mammals, seabirds, fish and invertebrates. Early evidence also suggests interactions between climate change and plastic pollution. Even if plastic emissions are halted today, fragmentation of legacy plastic will lead to an increasing microplastic burden in Arctic ecosystems, which are already under pressure from anthropogenic warming. Mitigation is urgently needed at both regional and international levels to decrease plastic production and utilization, achieve circularity and optimize solid waste management and wastewater treatment. Plastic debris and microplastics are ubiquitous in the Arctic. This Review describes the sources, distribution and consequences of this pollution, and calls for immediate action to mitigate further ecosystem impact.",563,Plastic pollution; Microplastics; Environmental science; Marine debris; Arctic
https://openalex.org/W2793747090,https://doi.org/10.3389/fmicb.2017.02709,Environmental Factors Support the Formation of Specific Bacterial Assemblages on Microplastics,2018,Sonja Oberbeckmann; Bernd Kreikemeyer; Matthias Labrenz,Frontiers in Microbiology,", known for the ability to utilize polycyclic aromatic hydrocarbons (PAH), was found specifically on MP across a broader section of the gradient. We discovered no enrichment of potential pathogens on PE or PS; however, the abundant colonization of MP in a WWTP by certain bacteria commonly associated with antibiotic resistance suggests MP as a possible hotspot for horizontal gene transfer. Taken together, our study clarifies that the surrounding environment prevailingly shapes the biofilm communities, but that MP-specific assemblage factors exist. These findings point to the ecological significance of specific MP-promoted bacterial populations in aquatic environments and particularly in plastic accumulation zones.",535,Microplastics; Ecology; Biology; Environmental science
https://openalex.org/W2896511627,https://doi.org/10.3184/003685018x15294876706211,Plastic Pollution and Potential Solutions,2018,Christopher J. Rhodes,Science Progress,"A review is presented of the manufacture and use of different types of plastic, and the effects of pollution by these materials on animal, human and environmental health, insofar as this is known. Since 2004, the world has made as much plastic as it did in the previous half century, and it has been reckoned that the total mass of virgin plastics ever made amounts to 8.3 billion tonnes, mainly derived from natural gas and crude oil, used as chemical feedstocks and fuel sources. Between 1950 and 2015, a total of 6.3 billion tonnes of primary and secondary (recycled) plastic waste was generated, of which around 9% has been recycled, and 12% incinerated, with the remaining 79% either being stored in landfills or having been released directly into the natural environment. In 2015, 407 million tonnes (Mt) of plastic was produced, of which 164 Mt was consumed by packaging (36% of the total). Although quoted values vary, packaging probably accounts for around one third of all plastics used, of which approximately 40% goes to landfill, while 32% escapes the collection system. It has been deduced that around 9 Mt of plastic entered the oceans in 2010, as a result of mismanaged waste, along with up to 0.5 Mt each of microplastics from washing synthetic textiles, and from the abrasion of tyres on road surfaces. However, the amount of plastics actually measured in the oceans represents less than 1% of the (at least) 150 Mt reckoned to have been released into the oceans over time. Plastic accounts for around 10% by mass of municipal waste, but up to 85% of marine debris items – most of which arrive from land-based sources. Geographically, the five heaviest plastic polluters are P.R. China, Indonesia, Philippines, Vietnam and Sri Lanka, which between them contribute 56% of global plastic waste. Larger, primary plastic items can undergo progressive fragmentation to yield a greater number of increasingly smaller ‘secondary’ microplastic particles, thus increasing the overall surface area of the plastic material, which enhances its ability to absorb, and concentrate, persistent organic pollutants (POPs) such as dichlorodiphenyltrichloroethane (DDT) and polychlorinated biphenyls (PCBs), with the potential to transfer them to the tissues of animals that ingest the microplastic particles, particularly in marine environments. Although fears that such microparticles and their toxins may be passed via food webs to humans are not as yet substantiated, the direct ingestion of microplastics by humans via drinking water is a distinct possibility – since 92% of samples taken in the USA and 72% in Europe showed their presence – although any consequent health effects are as yet unclear. Foodstuffs may also become contaminated by microplastics from the air, although any consequent health effects are also unknown. In regard to such airborne sources, it is noteworthy that small plastic particles have been found in human lung tissue, which might prove an adverse health issue under given circumstances. It is also very striking that microplastics have been detected in mountain soils in Switzerland, which are most likely windborne in origin. Arctic ice core samples too have revealed the presence of microplastics, which were most likely carried on ocean currents from the Pacific garbage patch, and from local pollution from shipping and fishing. Thus, sea ice traps large amounts of microplastics and transports them across the Arctic Ocean, but these particles will be released into the global environment when the ice melts, particularly under the influence of a rising mean global temperature. While there is a growing emphasis toward the substitution of petrochemically derived plastics by bioplastics, controversy has arisen in regard to how biodegradable the latter actually are in the open environment, and they presently only account for 0.5% of the total mass of plastics manufactured globally. Since the majority of bioplastics are made from sugar and starch materials, to expand their use significantly raises the prospect of competition between growing crops to supply food or plastics, similarly to the diversion of food crops for the manufacture of primary biofuels. The use of oxo-plastics, which contain additives that assist the material to degrade, is also a matter of concern, since it is claimed that they merely fragment and add to the environmental burden of microplastics; hence, the European Union has moved to restrict their use. Since 6% of the current global oil (including natural gas liquids, NGLs) production is used to manufacture plastic commodities – predicted to rise to 20% by 2050 – the current approaches for the manufacture and use of plastics (including their end-use) demand immediate revision. More extensive collection and recycling of plastic items at the end of their life, for re-use in new production, to offset the use of virgin plastic, is a critical aspect both for reducing the amount of plastic waste entering the environment, and in improving the efficiency of fossil resource use. This is central to the ideology underpinning the circular economy, which has common elements with permaculture, the latter being a regenerative design system based on ‘nature as teacher’, which could help optimise the use of resources in town and city environments, while minimising and repurposing ‘waste’. Thus, food might be produced more on the local than the global scale, with smaller inputs of fuels (including transportation fuels for importing and distributing food), water and fertilisers, and with a marked reduction in the use of plastic packaging. Such an approach, adopted by billions of individuals, could prove of immense significance in ensuring future food security, and in reducing waste and pollution – of all kinds.",625,Pollution; Plastic pollution; Environmental science; Biology; Ecology
https://openalex.org/W1911539067,https://doi.org/10.1007/978-3-319-16510-3_3,Persistence of Plastic Litter in the Oceans,2015,Anthony L. Andrady,,"The increasing global production and use of plastics has led to an accumulation of enormous amounts of plastic litter in the world’s oceans. Characteristics such as low density, good mechanical properties and low cost allow for successful use of plastics in industries and everyday life but the high durability leads to persistence of the synthetic polymers in the marine environment where they cause harm to a great variety of organisms. In the diverse marine habitats, including beaches, the sea surface, the water column, and the seafloor, plastics are exposed to different environmental conditions that either accelerate or decelerate the physical, chemical and biological degradation of plastics. Degradation of plastics occurs primarily through solar UV-radiation induced photo oxidation reactions and is, thus, most intensive in photic environments such as the sea surface and on beaches. The rate of degradation is temperature-dependent resulting in considerable deceleration of the processes in seawater, which is a good heat sink. Below the photic zone in the water column, plastics degrade very slowly resulting in high persistence of plastic litter especially at the seafloor. Biological decomposition of plastics by microorganisms is negligible in the marine environment because the kinetics of biodegradation at sea is particularly slow and oxygen supply for these processes limited. Degradation of larger plastic items leads to the formation of abundant small microplastics. The transport of small particles to the seafloor and their deposition in the benthic environment is facilitated by the colonization of the material by fouling organisms, which increase the density of the particles and force them to sink.",535,Microplastics; Seafloor spreading; Seawater; Environmental science; Benthic zone
https://openalex.org/W2499859722,https://doi.org/10.1371/journal.pone.0159289,"Microbes on a Bottle: Substrate, Season and Geography Influence Community Composition of Microbes Colonizing Marine Plastic Debris",2016,Sonja Oberbeckmann; A. Mark Osborn; Melissa B. Duhaime,PLoS ONE,"Plastic debris pervades in our oceans and freshwater systems and the potential ecosystem-level impacts of this anthropogenic litter require urgent evaluation. Microbes readily colonize aquatic plastic debris and members of these biofilm communities are speculated to include pathogenic, toxic, invasive or plastic degrading-species. The influence of plastic-colonizing microorganisms on the fate of plastic debris is largely unknown, as is the role of plastic in selecting for unique microbial communities. This work aimed to characterize microbial biofilm communities colonizing single-use poly(ethylene terephthalate) (PET) drinking bottles, determine their plastic-specificity in contrast with seawater and glass-colonizing communities, and identify seasonal and geographical influences on the communities. A substrate recruitment experiment was established in which PET bottles were deployed for 5-6 weeks at three stations in the North Sea in three different seasons. The structure and composition of the PET-colonizing bacterial/archaeal and eukaryotic communities varied with season and station. Abundant PET-colonizing taxa belonged to the phylum Bacteroidetes (e.g. Flavobacteriaceae, Cryomorphaceae, Saprospiraceae-all known to degrade complex carbon substrates) and diatoms (e.g. Coscinodiscophytina, Bacillariophytina). The PET-colonizing microbial communities differed significantly from free-living communities, but from particle-associated (>3 μm) communities or those inhabiting glass substrates. These data suggest that microbial community assembly on plastics is driven by conventional marine biofilm processes, with the plastic surface serving as raft for attachment, rather than selecting for recruitment of plastic-specific microbial colonizers. A small proportion of taxa, notably, members of the Cryomorphaceae and Alcanivoraceae, were significantly discriminant of PET but not glass surfaces, conjuring the possibility that these groups may directly interact with the PET substrate. Future research is required to investigate microscale functional interactions at the plastic surface.",560,Debris; Biology; Ecology; Microbial population biology; Litter
https://openalex.org/W2884953569,https://doi.org/10.1016/j.scitotenv.2018.07.271,Microplastic ingestion by riverine macroinvertebrates,2018,Fredric M. Windsor; Rosie M. Tilley; Charles R. Tyler; S. J. Ormerod,The Science of The Total Environment,"and they occurred at all sites. MP abundance was associated with macroinvertebrate biomass and taxonomic family, but MPs occurred independently of feeding guild and biological traits such as habitat affinity and ecological niche. There was no increase in plastic ingestion downstream of WwTW discharges averaged across sites, but MP abundance in macroinvertebrates marginally increased where effluent discharges contributed more to total runoff and declined with increasing river discharge. The ubiquity of microplastics within macroinvertebrates in this case study reveals a potential risk from MPs entering riverine food webs through at least two pathways, involving detritivory and filter-feeding, and we recommend closer attention to freshwater ecosystems in future research.",460,Invertebrate; Ingestion; Environmental science; Environmental chemistry; Ecology
https://openalex.org/W560717185,https://doi.org/10.1007/978-3-319-16510-3_13,Micro- and Nano-plastics and Human Health,2015,Tamara S. Galloway,,"Plastics are highly versatile materials that have brought huge societal benefits. They can be manufactured at low cost and their lightweight and adaptable nature has a myriad of applications in all aspects of everyday life, including food packaging, consumer products, medical devices and construction. By 2050, however, it is anticipated that an extra 33 billion tonnes of plastic will be added to the planet. Given that most currently used plastic polymers are highly resistant to degradation, this influx of persistent, complex materials is a risk to human and environmental health. Continuous daily interaction with plastic items allows oral, dermal and inhalation exposure to chemical components, leading to the widespread presence in the human body of chemicals associated with plastics. Indiscriminate disposal places a huge burden on waste management systems, allowing plastic wastes to infiltrate ecosystems, with the potential to contaminate the food chain. Of particular concern has been the reported presence of microscopic plastic debris, or microplastics (debris ≤1 mm in size), in aquatic, terrestrial and marine habitats. Yet, the potential for microplastics and nanoplastics of environmental origin to cause harm to human health remains understudied. In this article, some of the most widely encountered plastics in everyday use are identified and their potential hazards listed. Different routes of exposure to human populations, both of plastic additives, microplastics and nanoplastics from food items and from discarded debris are discussed. Risks associated with plastics and additives considered to be of most concern for human health are identified. Finally, some recent developments in delivering a new generation of safer, more sustainable polymers are considered.",510,Microplastics; Human health; Debris; Human life; Environmental science
https://openalex.org/W2017388749,https://doi.org/10.1371/journal.pone.0085433,Long-Term Sorption of Metals Is Similar among Plastic Types: Implications for Plastic Debris in Aquatic Environments,2014,Chelsea M. Rochman; Brian T. Hentschel; Swee J. Teh,PLoS ONE,"Concerns regarding plastic debris and its ability to accumulate large concentrations of priority pollutants in the aquatic environment led us to quantify relationships between different types of mass-produced plastic and metals in seawater. At three locations in San Diego Bay, we measured the accumulation of nine targeted metals (aluminum, chromium, manganese, iron, cobalt, nickel, zinc, cadmium and lead) sampling at 1, 3, 6, 9 and 12 months, to five plastic types: polyethylene terephthalate (PET), high-density polyethylene (HDPE), polyvinyl chloride (PVC), low-density polyethylene (LDPE), and polypropylene (PP). Accumulation patterns were not consistent over space and time, and in general all types of plastic tended to accumulate similar concentrations of metals. When we did observe significant differences among concentrations of metals at a single sampling period or location in San Diego Bay, we found that HDPE typically accumulated lesser concentrations of metals than the other four polymers. Furthermore, over the 12-month study period, concentrations of all metals increased over time, and chromium, manganese, cobalt, nickel, zinc and lead did not reach saturation on at least one plastic type during the entire 12-month exposure. This suggests that plastic debris may accumulate greater concentrations of metals the longer it remains at sea. Overall, our work shows that a complex mixture of metals, including those listed as priority pollutants by the US EPA (Cd, Ni, Zn and Pb), can be found on plastic debris composed of various plastic types.",610,Polyethylene; Low-density polyethylene; Environmental chemistry; Zinc; Debris
https://openalex.org/W4394737988,https://doi.org/10.22124/cjes.2022.5551,"Subacute toxic effects of polyvinyl chloride microplastics (PVC-MPs) in juvenile common carp, Cyprinus carpio (Pisces: Cyprinidae)",2022,Hosna Darabi; Azar Baradaran; Karim Ebrahimpour,DOAJ (DOAJ: Directory of Open Access Journals),"Pollution of the aquatic environment by microplastics (MPs) is one of the most serious environmental issues worldwide and has raised many concerns about their availability and hazards for aquatic biota. In addition, fish is an important source of protein for humans, hence, the accumulation, and toxic effects of the MPs in fish deserve special attention. This study aims to examine the ingestion, tissue accumulation and toxic effects of polyvinyl chloride microplastics (PVC-MPs) in juvenile common carp. Fluorescent-tagged PVC-MPs were found in various tissues of fish only after 4-5 days of exposure. The size of MPs showed a significant role in acute toxicity and mortality due to PVC-MPs. 100% mortality were observed after 7 and 10 days exposures to 1000 and 100 µg L-1 class A-PVC-MPs (100>µm) respectively, while 1000 µg L-1 of class A-PVC-MPs (300-1000 µm) killed only 16.6% of fish after ten days. Different grades of tissue damage were found in the gills, gut, and liver of fish in proportion to size, time, and concentration of PVC-MPs. Epithelial detachment, thinning of the bowel wall, and lesions of villi in the gastric wall were the dominant damages in the gastrointestinal tract. Gills also were affected in the form of necrosis, adhesion, and partial fusion of secondary lamellae. Hepatic damages (cellular necrosis and infiltration) were found only due to exposure of fish to class A-PVC-MPs. Altogether, these findings suggest that common carp intake significant levels of environmental microplastics (intentionally or accidentally), which seriously affect fish health and raise significant concerns about marine ecosystem health and seafood safety due to microplastic pollution.",10,Cyprinus; Microplastics; Cyprinidae; Common carp; Carp
https://openalex.org/W4403550433,https://doi.org/10.1016/b978-0-443-29804-2.00008-1,Microplastics contamination in marine system,2024,Adarsh Kumar; Mallika Agrawal; Ankit Kumar Singh; Harshwardhan Singh; Pradeep Kumar,Microplastics,"Microplastic pollution is a worldwide problem that negatively impacts the marine ecosystem's food supply. Their highest concentrations are found in mid-ocean gyres and along coastal lines. Because they frequently have sizes that are similar to those of prey as well as are mistaken for food, microplastics pose a threat to marine life. When consumed, may cause a variety of harmful effects on marine life, which could make it easier for hydrophobic contaminants to find their way into aquatic environments . This chapter explains the effects of microplastic pollution on both humans and marine organisms. Various studies have shown that eating microplastics has caused fish to ingest chemical toxins, which can harm their digestive systems, choke marine life, serve as a pathway for the spread of bacteria, and reduce their ability to grow and reproduce. Fish and human survival are more at risk as a result of these threats. Marine scientists have thus found it necessary to spread awareness to the public about the risks associated with using products that endanger the health of marine organisms as well as the ecosystem. Further, we have discussed gathering and assessment of marine microplastics, analytical approaches for the characterization of microplastics, control of microplastic contamination in marine ecosystems , and techniques for the separation of microplastics from the marine environment. This chapter will help the researchers working on microplastic pollution, its control, and its effects on marine systems along with human health.",5,Microplastics; Contamination; Environmental science; Environmental chemistry; Biology
https://openalex.org/W1564334229,https://doi.org/10.1029/2012gl051116,The effect of wind mixing on the vertical distribution of buoyant plastic debris,2012,Tobias Kukulka; G. Proskurowski; Skye Morét-Ferguson; Daniel W. Meyer; Kara Lavender Law,Geophysical Research Letters,"Micro‐plastic marine debris is widely distributed in vast regions of the subtropical gyres and has emerged as a major open ocean pollutant. The fate and transport of plastic marine debris is governed by poorly understood geophysical processes, such as ocean mixing within the surface boundary layer. Based on profile observations and a one‐dimensional column model, we demonstrate that plastic debris is vertically distributed within the upper water column due to wind‐driven mixing. These results suggest that total oceanic plastics concentrations are significantly underestimated by traditional surface measurements, requiring a reinterpretation of existing plastic marine debris data sets. A geophysical approach must be taken in order to properly quantify and manage this form of marine pollution.",705,Debris; Marine debris; Ocean gyre; Water column; Plastic pollution
https://openalex.org/W2911561542,https://doi.org/10.1111/gwat.12862,Microplastic Contamination in Karst Groundwater Systems,2019,Samuel V. Panno; Walton R. Kelly; John W. Scott; Wei Zheng; Rachel E. McNeish,Ground Water,"Groundwater in karst aquifers constitutes about 25% of drinking water sources globally. Karst aquifers are open systems, susceptible to contamination by surface-borne pollutants. In this study, springs and wells from two karst aquifers in Illinois, USA, were found to contain microplastics and other anthropogenic contaminants. All microplastics were fibers, with a maximum concentration of 15.2 particles/L. The presence of microplastic was consistent with other parameters, including phosphate, chloride and triclosan, suggesting septic effluent as a source. More studies are needed on microplastic sources, abundance, and impacts on karst ecosystems.",491,Karst; Aquifer; Microplastics; Groundwater; Contamination
https://openalex.org/W2293139927,https://doi.org/10.1890/14-2070.1,The ecological impacts of marine debris: unraveling the demonstrated evidence from what is perceived,2015,Chelsea M. Rochman; Mark A. Oakley Browne; A.J. Underwood; J.A. van Franeker; Richard C. Thompson,Ecology,"Anthropogenic debris contaminates marine habitats globally, leading to several perceived ecological impacts. Here, we critically and systematically review the literature regarding impacts of debris from several scientific fields to understand the weight of evidence regarding the ecological impacts of marine debris. We quantified perceived and demonstrated impacts across several levels of biological organization that make up the ecosystem and found 366 perceived threats of debris across all levels. Two hundred and ninety-six of these perceived threats were tested, 83% of which were demonstrated. The majority (82%) of demonstrated impacts were due to plastic, relative to other materials (e.g., metals, glass) and largely (89%) at suborganismal levels (e.g., molecular, cellular, tissue). The remaining impacts, demonstrated at higher levels of organization (i.e., death to individual organisms, changes in assemblages), were largely due to plastic marine debris (> 1 mm; e.g., rope, straws, and fragments). Thus, we show evidence of ecological impacts from marine debris, but conclude that the quantity and quality of research requires improvement to allow the risk of ecological impacts of marine debris to be determined with precision. Still, our systematic review suggests that sufficient evidence exists for decision makers to begin to mitigate problematic plastic debris now, to avoid risk of irreversible harm.",586,Debris; Marine debris; Ecology; Habitat; Marine ecosystem
https://openalex.org/W2524918914,https://doi.org/10.1038/srep33997,Plastic microfibre ingestion by deep-sea organisms,2016,Michelle L. Taylor; Claire Gwinnett; Laura F. Robinson; Lucy C. Woodall,Scientific Reports,"Plastic waste is a distinctive indicator of the world-wide impact of anthropogenic activities. Both macro- and micro-plastics are found in the ocean, but as yet little is known about their ultimate fate and their impact on marine ecosystems. In this study we present the first evidence that microplastics are already becoming integrated into deep-water organisms. By examining organisms that live on the deep-sea floor we show that plastic microfibres are ingested and internalised by members of at least three major phyla with different feeding mechanisms. These results demonstrate that, despite its remote location, the deep sea and its fragile habitats are already being exposed to human waste to the extent that diverse organisms are ingesting microplastics.",496,Microplastics; Deep sea; Marine habitats; Marine species; Plastic waste
https://openalex.org/W4410953786,https://doi.org/10.1016/j.rsma.2025.104279,"Microplastics as sorption materials of herbicides, persistent organic pollutants (POPs) and polycyclic aromatic hydrocarbons (PAHs) in a coastal bay",2025,Arnaud Huvet; Laura Frère; Camille Lacroix; Emmanuel Rinnert; Christophe Lambert,Regional Studies in Marine Science,"Environmental plastic pollution is a major issue due to widespread distribution and persistence across air, land, water. Marine plastic pollution primarily stems from land-based human activities via water runoff, rivers, wastewater discharge, though marine activities also contribute. Coastal and estuarine areas are pollution hotspots for plastic debris and a widespread range of anthropogenic contaminants. The present work assess contamination by organic pollutants in the microplastics collected in a coastal ecosystem, the Bay of Brest, France, in comparison with samples of surrounding surface seawater and sediments. Chemical analysis targeted 21 polycyclic aromatic hydrocarbons (PAHs) including the 16 prioritised by the US Environmental Protection Agency, 14 polychlorinated biphenyl congeners (PCBs) including the 7 monitored by the OSPAR Convention and 25 pesticides. Results showed that PAHs concentrations were highest in sediments near industrial and urban zones. PCBs and pesticides were undetectable in surface water while still present in sediments, indicating historical pollution. Floating microplastics carried only six PAHs, the PCB congener 101, and two pesticides. Namely, the herbicides alachlor, banned years ago, and S-metolachlor were quantified exclusively on floating microplastics, suggesting ongoing contamination from land-based sources due to agricultural soils erosion and runoff in the estuary. These findings raise concerns about the role of microplastics as vectors of pollutants reflecting human activities, in this case agricultural. It highlights the need to improve monitoring and mitigation strategies on plastic wastes and associated contaminants in aquatic and soil environments to reduce the risk for bioaccumulation and toxicity in marine ecosystem. • Sediment was the most contaminated matrix providing a record of current and legacy pollution • Floating microplastics contained 6 PAH, PCB congener 101, and 2 pesticides • Alachlor and S-metolachlor were quantified on floating microplastics and not on surrounding water • Data suggest land-based contamination due to soil erosion and runoff to the estuary",5,Environmental chemistry; Bay; Pollutant; Sorption; Microplastics
https://openalex.org/W2007981718,https://doi.org/10.1371/journal.pone.0100289,Millimeter-Sized Marine Plastics: A New Pelagic Habitat for Microorganisms and Invertebrates,2014,Júlia Reisser; Jeremy Shaw; Gustaaf M. Hallegraeff; Maíra Proietti; David K. A. Barnes,PLoS ONE,"Millimeter-sized plastics are abundant in most marine surface waters, and known to carry fouling organisms that potentially play key roles in the fate and ecological impacts of plastic pollution. In this study we used scanning electron microscopy to characterize biodiversity of organisms on the surface of 68 small floating plastics (length range = 1.7-24.3 mm, median = 3.2 mm) from Australia-wide coastal and oceanic, tropical to temperate sample collections. Diatoms were the most diverse group of plastic colonizers, represented by 14 genera. We also recorded 'epiplastic' coccolithophores (7 genera), bryozoans, barnacles (Lepas spp.), a dinoflagellate (Ceratium), an isopod (Asellota), a marine worm, marine insect eggs (Halobates sp.), as well as rounded, elongated, and spiral cells putatively identified as bacteria, cyanobacteria, and fungi. Furthermore, we observed a variety of plastic surface microtextures, including pits and grooves conforming to the shape of microorganisms, suggesting that biota may play an important role in plastic degradation. This study highlights how anthropogenic millimeter-sized polymers have created a new pelagic habitat for microorganisms and invertebrates. The ecological ramifications of this phenomenon for marine organism dispersal, ocean productivity, and biotransfer of plastic-associated pollutants, remains to be elucidated.",521,Pelagic zone; Biota; Ecology; Invertebrate; Biology
https://openalex.org/W2937413596,https://doi.org/10.1016/j.wroa.2019.100030,Wastewater treatment plants as a source of microplastics to an urban estuary: Removal efficiencies and loading per capita over one year,2019,Kenda Conley; Allan Clum; Jestine Deepe; Haven Lane; Barbara Beckingham,Water Research X,"Wastewater treatment plants serve to collect and treat wastes that are known to include microplastic (MP; synthetic polymer materials <5 mm in size) and other small anthropogenic litter as particles, fibers and microbeads. Here, we determined the microplastic loads and removal efficiencies of three wastewater treatment plants (WWTPs) with different treatment sizes, operations and service compositions discharging to Charleston Harbor, South Carolina, USA over the course of a year. Overall, we found that MP concentrations (counts per L) varied within a factor of 2.5 in influent and 4.8 in effluent at each WWTP, and that neither concentrations nor removal efficiencies demonstrated a seasonal trend. The largest wastewater treatment plant in the study, which also employed primary clarification, had the highest MP removal efficiency of 97.6 ± 1.2%. The other two smaller facilities had average removal efficiencies of 85.2 ± 6.0% and 85.5 ± 9.1%. We demonstrate through source modeling that microplastic fiber loads in influent were consistent with service area populations laundering textiles given previously published rates of microplastic generation in washing machines. Using measured WWTP flow rates and MP counts, we find a combined load of MPs leaving all three WWTPs with discharged effluent totaling 500-1000 million MPs per day. We estimate from this the emission of 0.34-0.68 g MP per capita per year in treated wastewater, which may only account for <0.1% of plastic debris input to this metropolitan area's surface waters on an annual mass basis when land-based (mis)managed plastic waste sources are also considered. However, the potential for sorption of chemicals present in wastewater to microplastics and their small size, which confers immediate bioaccessibility, may present unique toxicological risks for microplastics discharged from WWTPs.",497,Microplastics; Estuary; Per capita; Environmental science; Wastewater
https://openalex.org/W3034117564,https://doi.org/10.1007/s00253-020-10704-x,Microplastics provide new microbial niches in aquatic environments,2020,Yuyi Yang; Wenzhi Liu; Zulin Zhang; Hans‐Peter Grossart; Geoffrey Michael Gadd,Applied Microbiology and Biotechnology,"Microplastics in the biosphere are currently of great environmental concern because of their potential toxicity for aquatic biota and human health and association with pathogenic microbiota. Microplastics can occur in high abundance in all aquatic environments, including oceans, rivers and lakes. Recent findings have highlighted the role of microplastics as important vectors for microorganisms, which can form fully developed biofilms on this artificial substrate. Microplastics therefore provide new microbial niches in the aquatic environment, and the developing biofilms may significantly differ in microbial composition compared to natural free-living or particle-associated microbial populations in the surrounding water. In this article, we discuss the composition and ecological function of the microbial communities found in microplastic biofilms. The potential factors that influence the richness and diversity of such microbial microplastic communities are also evaluated. Microbe-microbe and microbe-substrate interactions in microplastic biofilms have been little studied and are not well understood. Multiomics tools together with morphological, physiological and biochemical analyses should be combined to provide a more comprehensive overview on the ecological role of microplastic biofilms. These new microbial niches have so far unknown consequences for microbial ecology and environmental processes in aquatic ecosystems. More knowledge is required on the microbial community composition of microplastic biofilms and their ecological functions in order to better evaluate consequences for the environment and animal health, including humans, especially since the worldwide abundance of microplastics is predicted to dramatically increase. Key Points • Bacteria are mainly studied in community analyses: fungi are neglected. • Microbial colonization of microplastics depends on substrate, location and time. • Community ecology is a promising approach to investigate microbial colonization. • Biodegradable plastics, and ecological roles of microplastic biofilms, need analysis.",432,Microplastics; Ecology; Ecological niche; Biology; Microbial population biology
https://openalex.org/W2911627376,https://doi.org/10.1038/s41467-019-08316-9,Abundance of non-conservative microplastics in the upper ocean from 1957 to 2066,2019,Atsuhiko Isobe; Shinsuke Iwasaki; Keiichi Uchida; Tadashi Tokai,Nature Communications,"Laboratory-based studies have suggested that marine organisms can be harmed by ingesting microplastics. However, unless the current and future microplastic abundance in the ocean environment is quantified, these experimental studies could be criticized for using an unrealistic density or sparsity of microplastics. Here we show the secular variations of pelagic microplastic abundance in the Pacific Ocean from 1957 to 2066, based on a combination of numerical modeling and transoceanic surveys conducted meridionally from Antarctica to Japan. Marine plastic pollution is an ongoing concern especially in the North Pacific, and pelagic microplastics are regarded as non-conservative matter due to the removal processes that operate in the upper ocean. The results of our numerical model incorporating removal processes on a 3-year timescale suggested that the weight concentrations of pelagic microplastics around the subtropical convergence zone would increase approximately twofold (fourfold) by 2030 (2060) from the present condition.",471,Microplastics; Pelagic zone; Oceanography; Plastic pollution; Abundance (ecology)
https://openalex.org/W2765323323,https://doi.org/10.1021/acs.est.7b03574,"Impact of Microplastic Beads and Fibers on Waterflea (<i>Ceriodaphnia dubia</i>) Survival, Growth, and Reproduction: Implications of Single and Mixture Exposures",2017,Shima Ziajahromi; Anupama Kumar; Peta A. Neale; Frédéric D.L. Leusch,Environmental Science & Technology,"There is limited knowledge regarding the adverse effects of wastewater-derived microplastics, particularly fibers, on aquatic biota. In this study, we examined the acute (48 h) and chronic (8 d) effects of microplastic polyester fibers and polyethylene (PE) beads on freshwater zooplankton Ceriodaphnia dubia. We also assessed the acute response of C. dubia to a binary mixture of microplastic beads and fibers for the first time. Acute exposure to fibers and PE beads both showed a dose-dependent effect on survival. An equitoxic binary mixture of beads and fibers resulted in a toxic unit of 1.85 indicating less than additive effects. Chronic exposure to lower concentrations did not significantly affect survival of C. dubia, but a dose-dependent effect on growth and reproduction was observed. Fibers showed greater adverse effects than PE beads. While ingestion of fibers was not observed, scanning electron microscopy showed carapace and antenna deformities after exposure to fibers, with no deformities observed after exposure to PE beads. While much of the current research has focused on microplastic beads, our study shows that microplastic fibers pose a greater risk to C. dubia, with reduced reproductive output observed at concentrations within an order of magnitude of reported environmental levels.",442,Ceriodaphnia dubia; Microplastics; Biology; Reproduction; Ingestion
https://openalex.org/W1956592121,https://doi.org/10.1071/en14205,Focal plane array detector-based micro-Fourier-transform infrared imaging for the analysis of microplastics in environmental samples,2015,Martin G. J. Löder; Mirco Kuczera; Svenja M. Mintenig; Claudia Lorenz; Gunnar Gerdts,Environmental Chemistry,"Environmental context Microplastics are of increasing environmental concern following reports that they occur worldwide from the arctic to the deep sea. However, a reliable methodology that facilitates an automated measurement of abundance and identity of microplastics is still lacking. We present an analytical protocol that applies focal plane array detector-based infrared imaging of microplastics enriched on membrane filters applicable to investigations of microplastic pollution of the environment. Abstract The pollution of the environment with microplastics (plastic pieces &amp;lt;5 mm) is a problem of increasing concern. However, although this has been generally recognised by scientists and authorities, the analysis of microplastics is often done by visual inspection alone with potentially high error rates, especially for smaller particles. Methods that allow for a fast and reliable analysis of microplastics enriched on filters are lacking. Our study is the first to fill this gap by using focal plane array detector-based micro-Fourier-transform infrared imaging for analysis of microplastics from environmental samples. As a result of our iteratively optimised analytical approach (concerning filter material, measuring mode, measurement parameters and identification protocol), we were able to successfully measure the whole surface (&amp;gt;10-mm diameter) of filters with microplastics from marine plankton and sediment samples. The measurement with a high lateral resolution allowed for the detection of particles down to a size of 20 μm in only a fractional part of time needed for chemical mapping. The integration of three band regions facilitated the pre-selection of potential microplastics of the ten most important polymers. Subsequent to the imaging the review of the infrared spectra of the pre-selected potential microplastics was necessary for a verification of plastic polymer origin. The approach we present here is highly suitable to be implemented as a standard procedure for the analysis of small microplastics from environmental samples. However, a further automatisation with respect to measurement and subsequent particle identification would facilitate the even faster and fully automated analysis of microplastic samples.",557,Microplastics; Environmental science; Context (archaeology); Detector; Remote sensing
https://openalex.org/W2934951137,https://doi.org/10.1016/j.scitotenv.2019.03.416,Microplastics in urban and highway stormwater retention ponds,2019,Fan Liu; Kristina Borg Olesen; Amelia Reimer Borregaard; Jes Vollertsen,The Science of The Total Environment,"An assessment of MP in stormwater retention ponds across various landscapes. Commercial and industrial areas emitted more MP than residential and highway areas. PVC, PS, PP, PE and polyester",479,Stormwater; Microplastics; Surface runoff; Environmental science; Pollution
https://openalex.org/W3031238246,https://doi.org/10.2112/si95-242.1,Numerical Modelling of Plastic Debris Transport and Accumulation throughout Portuguese Coast,2020,Gabriela I. Raimundo; Magda C. Sousa; João Miguel Días,Journal of Coastal Research,"Raimundo, G.I.; Sousa, M.C., and Dias, J.M., 2020. Numerical modeling of plastic debris transport and accumulation throughout Portuguese coast. In: Malvárez, G. and Navas, F. (eds.), Global Coastal Issues of 2020. Journal of Coastal Research, Special Issue No. 95, pp. 1252–1257. Coconut Creek (Florida), ISSN 0749-0208.Microplastic (MP) accumulation and dispersal is a growing problem at a global marine scale. The accumulation of MPs in aquatic systems is increasing due to their high perseverance and inadequate management, affecting all marine environments and could adversely affect ecosystem services and even human health. The study of these contaminants, namely their concentration and spatial distribution, as well as their physical characteristics, is fundamental, to mitigate and reduce the associated risks. Due to the high population density living on the Portuguese coast, this area is a zone of high contamination by MPs, being the rivers their main transport mode to coastal waters. In order to understand the distributions of MPs and the way they evolve in space and time, is essential to develop studies in this area. Thus, the purpose of this study is to simulate the transport and accumulation of MPs along the Portuguese coast and adjacent waters. The methodology followed comprised the development and implementation of a three-dimensional model using the Delft3D suite, coupling the Flow and particle-tracking (D-WAQ PART) models. Modeling predictions show that all MPs move to north following the local hydrodynamics. The higher density MPs with diameters of 5 mm tend to sink more than those of lower density with 10 mm diameters, which in turn tend to travel longer distances.. The main factors that influence the distribution and accumulation of MPs in the study area are the local hydrodynamic and geomorphology, and the MPs diameter. These results have a large number of applications, including detecting optimal removal locations, reducing the impact on the ecosystem, and understanding the flows of MPs pollution.",22,Environmental science; Biological dispersal; Population; Debris; Numerical modeling
https://openalex.org/W2885548680,https://doi.org/10.1371/journal.pone.0200574,Production of methane and ethylene from plastic in the environment,2018,Sarah‐Jeanne Royer; Sara Ferrón; Samuel T. Wilson; David M. Karl,PLoS ONE,"Mass production of plastics started nearly 70 years ago and the production rate is expected to double over the next two decades. While serving many applications because of their durability, stability and low cost, plastics have deleterious effects on the environment. Plastic is known to release a variety of chemicals during degradation, which has a negative impact on biota. Here, we show that the most commonly used plastics produce two greenhouse gases, methane and ethylene, when exposed to ambient solar radiation. Polyethylene, which is the most produced and discarded synthetic polymer globally, is the most prolific emitter of both gases. We demonstrate that the production of trace gases from virgin low-density polyethylene increase with time, with rates at the end of a 212-day incubation of 5.8 nmol g-1 d-1 of methane, 14.5 nmol g-1 d-1 of ethylene, 3.9 nmol g-1 d-1 of ethane and 9.7 nmol g-1 d-1 of propylene. Environmentally aged plastics incubated in water for at least 152 days also produced hydrocarbon gases. In addition, low-density polyethylene emits these gases when incubated in air at rates ~2 times and ~76 times higher than when incubated in water for methane and ethylene, respectively. Our results show that plastics represent a heretofore unrecognized source of climate-relevant trace gases that are expected to increase as more plastic is produced and accumulated in the environment.",555,Methane; Polyethylene; Ethylene; Carbon dioxide; Environmental chemistry
https://openalex.org/W2019284478,https://doi.org/10.1371/journal.pone.0022588,Man and the Last Great Wilderness: Human Impact on the Deep Sea,2011,Eva Ramírez-Llodra; Paul A. Tyler; Maria Baker; Odd Aksel Bergstad; Malcolm R. Clark,PLoS ONE,"The deep sea, the largest ecosystem on Earth and one of the least studied, harbours high biodiversity and provides a wealth of resources. Although humans have used the oceans for millennia, technological developments now allow exploitation of fisheries resources, hydrocarbons and minerals below 2000 m depth. The remoteness of the deep seafloor has promoted the disposal of residues and litter. Ocean acidification and climate change now bring a new dimension of global effects. Thus the challenges facing the deep sea are large and accelerating, providing a new imperative for the science community, industry and national and international organizations to work together to develop successful exploitation management and conservation of the deep-sea ecosystem. This paper provides scientific expert judgement and a semi-quantitative analysis of past, present and future impacts of human-related activities on global deep-sea habitats within three categories: disposal, exploitation and climate change. The analysis is the result of a Census of Marine Life--SYNDEEP workshop (September 2008). A detailed review of known impacts and their effects is provided. The analysis shows how, in recent decades, the most significant anthropogenic activities that affect the deep sea have evolved from mainly disposal (past) to exploitation (present). We predict that from now and into the future, increases in atmospheric CO(2) and facets and consequences of climate change will have the most impact on deep-sea habitats and their fauna. Synergies between different anthropogenic pressures and associated effects are discussed, indicating that most synergies are related to increased atmospheric CO(2) and climate change effects. We identify deep-sea ecosystems we believe are at higher risk from human impacts in the near future: benthic communities on sedimentary upper slopes, cold-water corals, canyon benthic communities and seamount pelagic and benthic communities. We finalise this review with a short discussion on protection and management methods.",842,Climate change; Deep sea; Biodiversity; Global change; Habitat
https://openalex.org/W2984806120,https://doi.org/10.1016/j.envint.2019.105047,Environmental samples of microplastics induce significant toxic effects in fish larvae,2019,Pauline Pannetier; Bénédicte Morin; Florane Le Bihanic; Laurence Dubreil; Christelle Clérandeau,Environment International,"Microplastics (MPs) are present throughout aquatic ecosystems, and can be ingested by a wide variety of organisms. At present, the physical and chemical effects of environmental MPs on aquatic organisms are poorly documented. This study aims to examine the physiological and behavioral effects caused by fish consuming environmental microplastics at different life stages. MP samples were collected from beaches on three islands (Easter Island, Guam and Hawaii) located near the North and South gyres of the Pacific Ocean. Larvae and juveniles of Japanese Medaka were fed for 30days with three doses of MPs (0.01, 0.1 and 1% w/w in fish food) approximate to the concentrations measured in moderately and heavily contaminated ocean areas. Ingestion of MPs by medaka larvae caused (variously) death, decreased head/body ratios, increased EROD activity and DNA breaks and, alterations to swimming behavior. A diet of 0.1% MPs was the most toxic. Two-month-old juveniles fed with 0.01% MPs did not exhibit any symptoms except an increase in DNA breaks. Our results demonstrate ingestion and mainly sublethal effects of environmental MPs in early life stages of fish at realistic MP concentrations. The toxicity of microplastics varies from one sample to another, depending on polymer composition, weathering and pollutant content. This study examines the ecological consequences microplastic build-up in aquatic ecosystems, more particularly in coastal marine areas, which serve as breeding and growing grounds for a number of aquatic species.",422,Microplastics; Ingestion; Aquatic ecosystem; Biology; Food chain
https://openalex.org/W3081016280,https://doi.org/10.1039/d0ew00397b,Microplastics removal in wastewater treatment plants: a critical review,2020,P.U. Iyare; Sabeha K. Ouki; Tom Bond,Environmental Science Water Research & Technology,Wastewater treatment plants (WWTPs) are an important route for microplastics to enter aquatic environments.,418,Microplastics; Wastewater; Sewage treatment; Environmental science; Waste management
https://openalex.org/W2368279972,https://doi.org/10.1371/journal.pone.0155063,The Effects of Natural and Anthropogenic Microparticles on Individual Fitness in Daphnia magna,2016,Martin Ogonowski; Christoph Schür; Åsa Jarsén; Elena Gorokhova,PLoS ONE,"Concerns are being raised that microplastic pollution can have detrimental effects on the feeding of aquatic invertebrates, including zooplankton. Both small plastic fragments (microplastics, MPs) produced by degradation of larger plastic waste (secondary MPs; SMPs) and microscopic plastic spheres used in cosmetic products and industry (primary MPs; PMPs) are ubiquitously present in the environment. However, despite the fact that most environmental MPs consist of weathered plastic debris with irregular shape and broad size distribution, experimental studies of organism responses to MP exposure have largely used uniformly sized spherical PMPs. Therefore, effects observed for PMPs in such experiments may not be representative for MP-effects in situ. Moreover, invertebrate filter-feeders are generally well adapted to the presence of refractory material in seston, which questions the potential of MPs at environmentally relevant concentrations to measurably affect digestion in these organisms. Here, we compared responses to MPs (PMPs and SMPs) and naturally occurring particles (kaolin clay) using the cladoceran Daphnia magna as a model organism. We manipulated food levels (0.4 and 9 μg C mL-1) and MP or kaolin contribution to the feeding suspension (<1 to 74%) and evaluated effects of MPs and kaolin on food uptake, growth, reproductive capacity of the daphnids, and maternal effects on offspring survival and feeding. Exposure to SMPs caused elevated mortality, increased inter-brood period and decreased reproduction albeit only at high MP levels in the feeding suspension (74% by particle count). No such effects were observed in either PMP or kaolin treatments. In daphnids exposed to any particle type at the low algal concentration, individual growth decreased by ~15%. By contrast, positive growth response to all particle types was observed at the high algal concentration with 17%, 54% and 40% increase for kaolin, PMP and SMP, respectively. When test particles comprised 22% in the feeding suspension, both MP types decreased food intake by 30%, while kaolin had no effect. Moreover, SMPs were found to homoaggregate in a concentration-dependent manner, which resulted in a 77% decrease of the ingested SMPs compared to PMPs. To better understand MP-processing in the gut, gut passage time (GPT) and evacuation rate of MPs were also assayed. SMPs and PMPs differed in their effects on daphnids; moreover, the particle effects were dependent on the MP: algae ratio in the suspension. When the MP contribution to the particle abundance in the medium changed from 1 to 4%, GPT for daphnids exposed to SMPs increased 2-fold. Our results suggest that MPs and, in particular, SMPs, have a greater capacity to negatively affect feeding in D. magna compared to naturally occurring mineral particles of similar size. Moreover, grazer responses observed in experiments with PMPs cannot be extrapolated to the field where SMPs dominate, because of the greater effects caused by the latter.",468,Microplastics; Daphnia magna; Seston; Daphnia; Zooplankton
https://openalex.org/W2902513926,https://doi.org/10.1016/j.envint.2018.11.061,Plastics in the marine environment are reservoirs for antibiotic and metal resistance genes,2018,Yuyi Yang; Guihua Liu; Wenjuan Song; Chen Ye; Hui Lin,Environment International,"copies per 16S rRNA, respectively. Both the Shannon-Wiener indices and richness of ARGs and MRGs in plastics microbiota were significantly greater than those of ARGs and MRGs in seawater microbiota in the North Pacific Gyre via one-way analysis of variance. Multidrug resistance genes and multi-metal resistance genes were the main classes of genes detected in plastic microbiota. There were no significant differences in the abundance or diversity of ARGs and MRGs between macroplastics biota and microplastics biota, indicating that particle size had no effect on resistance genes. Procrustes analysis suggested that microbial community composition was the determining factor of the ARG profile but not for MRG. Some ARGs and MRGs had a higher incidence of non-random co-occurrence, suggesting that the co-effects of selection for antibiotic or metal resistance are important factors influencing the resistome of the microbiota on the plastic particles.",459,Antibiotic resistance; Antibiotics; Resistance (ecology); Gene; Environmental science
https://openalex.org/W2949351613,https://doi.org/10.1146/annurev-marine-010419-010633,"Marine Microbial Assemblages on Microplastics: Diversity, Adaptation, and Role in Degradation",2019,Sonja Oberbeckmann; Matthias Labrenz,Annual Review of Marine Science,") the microbial degradation of microplastics in the marine environment. Nevertheless, the relationships between marine microorganisms and microplastics remain unclear. In this review, we deduce from the current literature, new comparative analyses, and considerations of microbial adaptation concerning plastic degradation that interactions between microorganisms and microplastic particles should have rather limited effects on the ocean ecosystems. The majority of microorganisms growing on microplastics seem to belong to opportunistic colonists that do not distinguish between natural and artificial surfaces. Thus, microplastics do not pose a higher risk than natural particles to higher life forms by potentially harboring pathogenic bacteria. On the other hand, microplastics in the ocean represent recalcitrant substances for microorganisms that are insufficient to support prokaryotic metabolism and will probably not be microbially degraded in any period of time relevant to human society. Because we cannot remove microplastics from the ocean, proactive action regarding research on plastic alternatives and strategies to prevent plastic entering the environment should be taken promptly.",451,Microplastics; Microorganism; Marine ecosystem; Ecosystem; Ecology
https://openalex.org/W2782356235,https://doi.org/10.1038/s41598-017-18849-y,Trophic transfer and individual impact of nano-sized polystyrene in a four-species freshwater food chain,2018,Yooeun Chae; Dokyung Kim; Shin Woong Kim; Youn‐Joo An,Scientific Reports,"This study investigated the trophic transfer, individual impact, and embryonic uptake of fluorescent nano-sized polystyrene plastics (nanoplastics) through direct exposure in a freshwater ecosystem, with a food chain containing four species. The alga Chlamydomonas reinhardtii, water flea Daphnia magna, secondary-consumer fish Oryzias sinensis, and end-consumer fish Zacco temminckii were used as test species. In the trophic transfer test, algae were exposed to 50 mg/L nanoplastics, defined as plastic particles <100 nm in diameter; higher trophic level organisms were exposed through their diet. In the direct exposure test, each species was directly exposed to nanoplastics. Microscopic analysis confirmed that the nanoplastics adhered to the surface of the primary producer and were present in the digestive organs of the higher trophic level species. Nanoplastics also negatively affected fish activity, as measured by distance traveled and area covered, and induced histopathological changes in the livers of fish that were directly exposed. Additionally, nanoplastics penetrated the embryo walls and were present in the yolk sac of hatched juveniles. These observations clearly show that nanoplastics are easily transferred through food chain, albeit because of high experimental dosages. Nevertheless, the results strongly point to the potential health risks of nanoplastic exposure.",460,Trophic level; Food chain; Daphnia magna; Biology; Yolk sac
https://openalex.org/W600221233,https://doi.org/10.1007/978-3-319-16510-3_7,"Microplastics in the Marine Environment: Sources, Consequences and Solutions",2015,Richard C. Thompson,,"Microplastics are small fragments of plastic debris that have accumulated in the environment on a global scale. They originate from the direct release of particles of plastic and as a consequence of the fragmentation of larger items. Microplastics are widespread in marine habitats from the poles to the equator; from the sea surface and shoreline to the deep sea. They are ingested by a range of organisms including commercially important fish and shellfish and in some populations the incidence of ingestion is extensive. Laboratory studies indicate that ingestion could cause harmful toxicological and/or physical effects. However, our understanding of the relative importance of these effects in natural populations is very limited. Looking to the future it seems inevitable that the quantity of microplastic will increase in the environment, since even if we could stop new items of debris entering the ocean, fragmentation of the items already present would continue for years to come. The term microplastics has only been in popular usage for a decade and while many questions remain about the extent to which they could have harmful effects, the solutions to reducing this contamination are at hand. There are considerable synergies to be achieved by designing plastic items for both their lifetime in service and their efficient end-of-life recyclability, since capturing waste via recycling will reduce usage of non-renewable oil and gas used in the production of new plastics and at the same time reduce the accumulation of waste in managed facilities such as land fill as well as in the natural environment.",421,Microplastics; Environmental science; Debris; Marine debris; Plastic pollution
https://openalex.org/W4399245916,https://doi.org/10.1016/j.scitotenv.2024.173666,Microplastics in Arctic waters of the Finnish Sámi area,2024,Tuomo Soininen; Emilia Uurasjärvi; Lauri Hämäläinen; Noora Huusari; Juha Feodoroff,The Science of The Total Environment,"We explored the presence of microplastics in the Finnish Arctic Sámi home area. A dialogue between Indigenous knowledge and scientific field work produced data about microplastics in remote wilderness aquatic ecosystems. Methods included geographical Indigenous knowledge analysis, water sampling with fraction filtration, and imaging Fourier transform infrared spectroscopy. The MPs found were small; the mean particle size was 126 ± 121 μm. Particle concentrations of MPs in freshwater and marine samples varied between 45 and 423 MPs m−3 and the most common polymer types were polyethylene, polypropylene, and polyethylene terephthalate. In conclusion, because microplastics are present even in the wilderness areas, their abundance should be monitored to assess plastic pollution in the relatively pristine Arctic environments. Sámi Indigenous knowledge proved to be a beneficial and important initiator, because locals recognize the possible sources and transport pathways of plastic litter, and practical sampling sites in the complex freshwater systems of the area.",8,Microplastics; Arctic; Environmental science; Sampling (signal processing); The arctic
https://openalex.org/W3145932765,https://doi.org/10.1371/journal.pbio.3001130,Microplastic effects on carbon cycling processes in soils,2021,Matthias C. Rillig; Eva F. Leifheit; Johannes Lehmann,PLoS Biology,"Microplastics (MPs), plastic particles <5 mm, are found in environments, including terrestrial ecosystems, planetwide. Most research so far has focused on ecotoxicology, examining effects on performance of soil biota in controlled settings. As research pivots to a more ecosystem and global change perspective, questions about soil-borne biogeochemical cycles become important. MPs can affect the carbon cycle in numerous ways, for example, by being carbon themselves and by influencing soil microbial processes, plant growth, or litter decomposition. Great uncertainty surrounds nano-sized plastic particles, an expected by-product of further fragmentation of MPs. A major concerted effort is required to understand the pervasive effects of MPs on the functioning of soils and terrestrial ecosystems; importantly, such research needs to capture the immense diversity of these particles in terms of chemistry, aging, size, and shape.",525,Biology; Cycling; Soil water; Carbon cycle; Carbon fibers
https://openalex.org/W3034876135,https://doi.org/10.1021/acs.est.0c00712,Understanding and Improving Microplastic Removal during Water Treatment: Impact of Coagulation and Flocculation,2020,Mathieu Lapointe; Jeffrey M. Farner; Laura M. Hernandez; Nathalie Tufenkji,Environmental Science & Technology,"The efficacy of plastic particle removal by municipal water treatment plants is currently uncertain, and the mechanisms involved in microplastic (MP) coagulation and flocculation have only been superficially investigated. The removal of pristine versus weathered plastic debris and the impact of plastic particle size on removal remain largely unexplored. In this study, coagulation, flocculation, and settling performances were investigated using pristine and weathered MPs (polyethylene (PE) and polystyrene (PS) microspheres, and polyester (PEST) fibers). Weathering processes that changed the surface chemistry and roughness of MPs impacted MP affinity for coagulants and flocculants. A quartz crystal microbalance with dissipation monitoring was used to identify the mechanisms involved during MP coagulation and flocculation. Measured deposition rates confirmed the relatively low affinity between plastic surfaces and aluminum-based coagulants compared to cationic polyacrylamide (PAM). In every case examined, coagulant efficiency increased when the plastic surface was weathered. Removals of 97 and 99% were measured for PEST and weathered PE, respectively. Larger pristine PE MPs were the most resistant to coagulation and flocculation, with 82% removal observed even under enhanced coagulation conditions. By understanding the interaction mechanisms, the removal of weathered MPs was optimized. Finally, this study explored the use of settled water turbidity as a possible indicator of MP removal.",443,Flocculation; Coagulation; Polyacrylamide; Settling; Turbidity
https://openalex.org/W2623951328,https://doi.org/10.1002/etc.3881,Size- and shape-dependent effects of microplastic particles on adult daggerblade grass shrimp ( <i>Palaemonetes pugio</i> ),2017,Austin Gray; John E. Weinstein,Environmental Toxicology and Chemistry,"The incidence of microplastics in marine environments has been increasing over the past several decades. The objective of the present study was to characterize the size- and shape-dependent effects of microplastic particles (spheres, fibers, and fragments) on the adult daggerblade grass shrimp (Palaemonetes pugio). Grass shrimp were exposed to 11 sizes of plastic: spheres (30, 35, 59, 75, 83, 116, and 165 μm), fragments (34 and 93 μm), and fibers (34 and 93 μm) at a concentration of 2000 particles/400 mL (= 50 000 particles/L) for 3 h. Following exposure, grass shrimp were monitored for survival, ingested and ventilated microplastics, and residence time. Mortality ranged from 0% to 55%. Spheres and fragments <50 μm were not acutely toxic. Mortality rates in experiments with spheres and fragments >50 μm ranged from 5% to 40%. Mortality was significantly higher in the exposure to 93-μm fibers than other sizes tested (p < 0.001). The shape of the particle had a significant influence on the number of particles ingested by the shrimp (p < 0.001). The residence time of particles in the gut ranged from 27 to 75 h, with an average of 43.0 ± 13.8 h. Within the gills, the residence time ranged from 27 to 45 h, with an average of 36.9 ± 5.4 h. The results suggest that microplastic particles of various sizes and shapes can be ingested and ventilated by adult daggerblade grass shrimp, resulting in acute toxicity. Environ Toxicol Chem 2017;36:3074-3080. © 2017 SETAC.",455,Shrimp; Microplastics; Crustacean; Biology; Zoology
https://openalex.org/W2044131856,https://doi.org/10.1186/s12866-014-0232-4,Rapid bacterial colonization of low-density polyethylene microplastics in coastal sediment microcosms,2014,Jesse P. Harrison; Michaela Schratzberger; Melanie Sapp; A. Mark Osborn,BMC Microbiology,"BACKGROUND: Synthetic microplastics (≤5-mm fragments) are emerging environmental contaminants that have been found to accumulate within coastal marine sediments worldwide. The ecological impacts and fate of microplastic debris are only beginning to be revealed, with previous research into these topics having primarily focused on higher organisms and/or pelagic environments. Despite recent research into plastic-associated microorganisms in seawater, the microbial colonization of microplastics in benthic habitats has not been studied. Therefore, we employed a 14-day microcosm experiment to investigate bacterial colonization of low-density polyethylene (LDPE) microplastics within three types of coastal marine sediment from Spurn Point, Humber Estuary, U.K. RESULTS: Bacterial attachment onto LDPE within sediments was demonstrated by scanning electron microscopy and catalyzed reporter deposition fluorescence in situ hybridisation (CARD-FISH). Log-fold increases in the abundance of 16S rRNA genes from LDPE-associated bacteria occurred within 7 days with 16S rRNA gene numbers on LDPE surfaces differing significantly across sediment types, as shown by quantitative PCR. Terminal-restriction fragment length polymorphism (T-RFLP) analysis demonstrated rapid selection of LDPE-associated bacterial assemblages whose structure and composition differed significantly from those in surrounding sediments. Additionally, T-RFLP analysis revealed successional convergence of the LDPE-associated communities from the different sediments over the 14-day experiment. Sequencing of cloned 16S rRNA genes demonstrated that these communities were dominated after 14 days by the genera Arcobacter and Colwellia (totalling 84-93% of sequences). Attachment by Colwellia spp. onto LDPE within sediments was confirmed by CARD-FISH. CONCLUSIONS: These results demonstrate that bacteria within coastal marine sediments can rapidly colonize LDPE microplastics, with evidence for the successional formation of plastisphere-specific bacterial assemblages. Although the taxonomic compositions of these assemblages are likely to differ between marine sediments and the water column, both Arcobacter and Colwellia spp. have previously been affiliated with the degradation of hydrocarbon contaminants within low-temperature marine environments. Since hydrocarbon-degrading bacteria have also been discovered on plastic fragments in seawater, our data suggest that recruitment of hydrocarbonoclastic bacteria on microplastics is likely to represent a shared feature between both benthic and pelagic marine habitats.",544,Microplastics; Biology; Microcosm; Low-density polyethylene; Benthic zone
https://openalex.org/W3033521425,https://doi.org/10.1016/j.scitotenv.2020.139866,Comparative assessment of microplastics in water and sediment of a large European river,2020,Christian Scherer; Annkatrin Weber; Friederike Stock; Sebastijan Vurusic; Harun Egerci,The Science of The Total Environment,", 150-5000 μm MP). The abundance varied between the sampling sites: In sediments, the abundance decreased in the course of the river while in water samples no such clear trend was observed. This may be explained by a barrage retaining sediments and limiting tidal influence in the upstream parts of the river. Particle shape differed site-specifically with one site having exceptionally high quantities of spheres, most probably due to industrial emissions of PS-DVB resin beads. Suspended MP consisted predominantly of polyethylene and polypropylene whereas sediments contained a higher diversity of polymer types. Determined MP concentrations correspond well to previous results from other European rivers. In a global context, MP levels in the Elbe relate to the lower (water) to middle section (sediment) of the global range of MP concentrations determined for rivers worldwide. This highlights that elevated MP levels are not only found in single countries or continents, but that MP pollution is an issue of global concern.",411,Sediment; Microplastics; Environmental science; Environmental chemistry; Tributary
https://openalex.org/W3208458453,https://doi.org/10.3390/nano11112935,Uptake and Accumulation of Nano/Microplastics in Plants: A Critical Review,2021,Imran Azeem; Muhammad Adeel; Muhammad Arslan Ahmad; Noman Shakoor; Gama Dingba Jiangcuo,Nanomaterials,"The ubiquitous presence of microplastics (MPs) and nanoplastics (NPs) in the environment is an undeniable and serious concern due to their higher persistence and extensive use in agricultural production. This review highlights the sources and fate of MPs and NPs in soil and their uptake, translocation, and physiological effects in the plant system. We provide the current snapshot of the latest reported studies with the majority of literature spanning the last five years. We draw attention to the potential risk of MPs and NPs in modern agriculture and their effects on plant growth and development. We also highlight their uptake and transport pathways in roots and leaves via different exposure methods in plants. Conclusively, agricultural practices, climate changes (wet weather and heavy rainfall), and soil organisms play a major role in transporting MPs and NPs in soil. NPs are more prone to enter plant cell walls as compared to MPs. Furthermore, transpiration pull is the dominant factor in the plant uptake and translocation of plastic particles. MPs have negligible negative effects on plant physiological and biochemical indicators. Overall, there is a dire need to establish long-term studies for a better understanding of their fate and associated risks mechanisms in realistic environment scenarios for safe agricultural functions.",418,Microplastics; Environmental science; Agriculture; Plant growth; Plant system
https://openalex.org/W1812861571,https://doi.org/10.1093/icesjms/fsv165,Plastic and marine turtles: a review and call for research,2015,Sarah E. Nelms; Emily M. Duncan; Annette C. Broderick; Tamara S. Galloway; Matthew H. Godfrey,ICES Journal of Marine Science,"Plastic debris is now ubiquitous in the marine environment affecting a wide range of taxa, from microscopic zooplankton to large vertebrates. Its persistence and dispersal throughout marine ecosystems has meant that sensitivity toward the scale of threat is growing, particularly for species of conservation concern, such as marine turtles. Their use of a variety of habitats, migratory behaviour, and complex life histories leave them subject to a host of anthropogenic stressors, including exposure to marine plastic pollution. Here, we review the evidence for the effects of plastic debris on turtles and their habitats, highlight knowledge gaps, and make recommendations for future research. We found that, of the seven species, all are known to ingest or become entangled in marine debris. Ingestion can cause intestinal blockage and internal injury, dietary dilution, malnutrition, and increased buoyancy which in turn can result in poor health, reduced growth rates and reproductive output, or death. Entanglement in plastic debris (including ghost fishing gear) is known to cause lacerations, increased drag—which reduces the ability to forage effectively or escape threats—and may lead to drowning or death by starvation. In addition, plastic pollution may impact key turtle habitats. In particular, its presence on nesting beaches may alter nest properties by affecting temperature and sediment permeability. This could influence hatchling sex ratios and reproductive success, resulting in population level implications. Additionally, beach litter may entangle nesting females or emerging hatchlings. Lastly, as an omnipresent and widespread pollutant, plastic debris may cause wider ecosystem effects which result in loss of productivity and implications for trophic interactions. By compiling and presenting this evidence, we demonstrate that urgent action is required to better understand this issue and its effects on marine turtles, so that appropriate and effective mitigation policies can be developed.",417,Marine debris; Ecology; Habitat; Biological dispersal; Hatchling
https://openalex.org/W4396585992,https://doi.org/10.54645/202316supbdl-47,"Microplastic occurrence in rural and urban surface waters: the cases of Lake Sampaloc and Lake Yambo in San Pablo City, Laguna, Philippines",2023,Fatima A. Natuel; Damasa B. Magcale-Macandog; Decibel V. Faustino‐Eslava; Loucel Cui; Stefan Hotes,SciEnggJ,"The widespread microplastic occurrence has invaded both marine and freshwater ecosystems. However, most studies are focused on marine microplastics and there is still insufficient knowledge and understanding of microplastics in freshwater ecosystems like small lakes. Known as one of the largest contributors of plastics to the aquatic environment, the Philippines has begun ventures on studying microplastic pollution, although, still, there are no accurate figures on the extent of the microplastic problem in the country, especially in its freshwater environment. In this study, a comparative assessment of microplastic concentration and characterization between Lake Yambo, an ecotourism and rural lake, and Lake Sampaloc, an aquaculture and urbanized lake, in San Pablo City, Laguna, Philippines was conducted through microplastic isolation and optical examination. Results revealed that the average microplastic concentration in Lake Sampaloc and Lake Yambo ranges from 483 to 989 n/m3 and 344 to 789 n/m3, respectively. Generally, the sampling sites in Lake Sampaloc had a higher mean concentration of microplastics than those in Lake Yambo. The key features of the microplastics detected in the surface waters of the studied lakes are fibrous, colored, and small-sized (&lt;2 mm). In addition to proving the assumption that there are more microplastics observed in a highly-populated or urbanized freshwater ecosystem like Lake Sampaloc, this study also contributed to the meager evidence that microplastics are present even around scarcely-populated lakes like Lake Yambo. The outcome of this study is relevant for the local government unit (LGU) of San Pablo to make sustainable environmental policies regarding plastic waste management and disposal.",6,Geography; Environmental science; Archaeology
https://openalex.org/W2523945159,https://doi.org/10.1021/acs.est.6b03045,Microfiber Masses Recovered from Conventional Machine Washing of New or Aged Garments,2016,Niko L. Hartline; Nicholas J. Bruce; Stephanie N. Karba; Elizabeth O. Ruff; Shreya U. Sonar,Environmental Science & Technology,"Synthetic textiles can shed numerous microfibers during conventional washing, but evaluating environmental consequences as well as source-control strategies requires understanding mass releases. Polyester apparel accounts for a large proportion of the polyester market, and synthetic jackets represent the broadest range in apparel construction, allowing for potential changes in manufacturing as a mitigation measure to reduce microfiber release during laundering. Here, detergent-free washing experiments were conducted and replicated in both front- and top-load conventional home machines for five new and mechanically aged jackets or sweaters: four from one name-brand clothing manufacturer (three majority polyester fleece, and one nylon shell with nonwoven polyester insulation) and one off-brand (100% polyester fleece). Wash water was filtered to recover two size fractions (>333 μm and between 20 and 333 μm); filters were then imaged, and microfiber masses were calculated. Across all treatments, the recovered microfiber mass per garment ranged from approximately 0 to 2 g, or exceeding 0.3% of the unwashed garment mass. Microfiber masses from top-load machines were approximately 7 times those from front-load machines; garments mechanically aged via a 24 h continuous wash had increased mass release under the same wash protocol as new garments. When published wastewater treatment plant influent characterization and microfiber removal studies are considered, washing synthetic jackets or sweaters as per this study would account for most microfibers entering the environment.",440,Microfiber; Polyester; Textile; Pulp and paper industry; Synthetic fiber
https://openalex.org/W1839247734,https://doi.org/10.1111/1574-6941.12409,Spatial and seasonal variation in diversity and structure of microbial biofilms on marine plastics in Northern European waters,2014,Sonja Oberbeckmann; Martin G. J. Loeder; Gunnar Gerdts; A. Mark Osborn,FEMS Microbiology Ecology,"Plastic pollution is now recognised as a major threat to marine environments and marine biota. Recent research highlights that diverse microbial species are found to colonise plastic surfaces (the plastisphere) within marine waters. Here, we investigate how the structure and diversity of marine plastisphere microbial community vary with respect to season, location and plastic substrate type. We performed a 6-week exposure experiment with polyethylene terephthalate (PET) bottles in the North Sea (UK) as well as sea surface sampling of plastic polymers in Northern European waters. Scanning electron microscopy revealed diverse plastisphere communities comprising prokaryotic and eukaryotic microorganisms. Denaturing gradient gel electrophoresis (DGGE) and sequencing analysis revealed that plastisphere microbial communities on PET fragments varied both with season and location and comprised of bacteria belonging to Bacteroidetes, Proteobacteria, Cyanobacteria and members of the eukaryotes Bacillariophyceae and Phaeophyceae. Polymers sampled from the sea surface mainly comprised polyethylene, polystyrene and polypropylene particles. Variation within plastisphere communities on different polymer types was observed, but communities were primarily dominated by Cyanobacteria. This research reveals that the composition of plastisphere microbial communities in marine waters varies with season, geographical location and plastic substrate type.",525,Biology; Bacteroidetes; Biota; Microbial population biology; Microplastics
https://openalex.org/W2078953638,https://doi.org/10.1371/journal.pone.0080466,"Marine Plastic Pollution in Waters around Australia: Characteristics, Concentrations, and Pathways",2013,Júlia Reisser; Jeremy Shaw; Chris Wilcox; Britta Denise Hardesty; Maíra Proietti,PLoS ONE,"Plastics represent the vast majority of human-made debris present in the oceans. However, their characteristics, accumulation zones, and transport pathways remain poorly assessed. We characterised and estimated the concentration of marine plastics in waters around Australia using surface net tows, and inferred their potential pathways using particle-tracking models and real drifter trajectories. The 839 marine plastics recorded were predominantly small fragments (""microplastics"", median length = 2.8 mm, mean length = 4.9 mm) resulting from the breakdown of larger objects made of polyethylene and polypropylene (e.g. packaging and fishing items). Mean sea surface plastic concentration was 4256.4 pieces km(-2), and after incorporating the effect of vertical wind mixing, this value increased to 8966.3 pieces km(-2). These plastics appear to be associated with a wide range of ocean currents that connect the sampled sites to their international and domestic sources, including populated areas of Australia's east coast. This study shows that plastic contamination levels in surface waters of Australia are similar to those in the Caribbean Sea and Gulf of Maine, but considerably lower than those found in the subtropical gyres and Mediterranean Sea. Microplastics such as the ones described here have the potential to affect organisms ranging from megafauna to small fish and zooplankton.",466,Microplastics; Drifter; Plastic pollution; Ocean gyre; Marine debris
