candidate_id,case_id,slug,record_id,source_row_number,estimate_field,reported_estimate,reported_ci_lower,reported_ci_upper,source_scale,analysis_scale,yi,sei,vi,interval_order_valid,estimate_within_interval,variance_derivation_valid,human_verified,independent_study_verified,common_estimand_verified,analysis_eligibility
MA-02-e67a2b6c40724f41103d13e0,2,mindfulness_anxiety,e67a2b6c40724f41103d13e0,2,effect_size,-0.25,-0.39,-0.1,reported_effect_scale,unverified_reported_effect_scale,-0.25,0.07398095125407483,0.005473181148457797,true,true,true,false,false,false,provisional_unverified
MA-02-657f73b039a66c2dbf5242ae,2,mindfulness_anxiety,657f73b039a66c2dbf5242ae,3,effect_size,-0.04,-0.58,0.51,reported_effect_scale,unverified_reported_effect_scale,-0.04,0.2780663340239364,0.07732088611751135,true,true,true,false,false,false,provisional_unverified
MA-02-a1857eab5430fa6644283855,2,mindfulness_anxiety,a1857eab5430fa6644283855,4,effect_size,-1.92,-3.44,-0.4,reported_effect_scale,unverified_reported_effect_scale,-1.92,0.775524454525474,0.601438179567034,true,true,true,false,false,false,provisional_unverified
MA-02-f007e4f2be9be9bd9f23b8aa,2,mindfulness_anxiety,f007e4f2be9be9bd9f23b8aa,5,effect_size,-0.277,-0.521,-0.033,reported_effect_scale,unverified_reported_effect_scale,-0.277,0.12449208348961556,0.01549827885158541,true,true,true,false,false,false,provisional_unverified
MA-02-7a47a884aa3690d938496ff1,2,mindfulness_anxiety,7a47a884aa3690d938496ff1,7,effect_size,-0.3817,-0.5407,-0.2228,reported_effect_scale,unverified_reported_effect_scale,-0.3817,0.08109842897817374,0.00657695518272789,true,true,true,false,false,false,provisional_unverified
MA-02-d19eb2dcb4920239cebce035,2,mindfulness_anxiety,d19eb2dcb4920239cebce035,8,effect_size,-0.605,-1.357,-0.044,reported_effect_scale,unverified_reported_effect_scale,-0.605,0.3349551344710353,0.11219494210850935,true,true,true,false,false,false,provisional_unverified
MA-02-ab8e92078997f6807ded49a9,2,mindfulness_anxiety,ab8e92078997f6807ded49a9,15,effect_size,0.175,0.048,0.303,reported_effect_scale,unverified_reported_effect_scale,0.175,0.06505221575789338,0.0042317907750115125,true,true,true,false,false,false,provisional_unverified
MA-02-04bb0a1cf5bc693c3036e3df,2,mindfulness_anxiety,04bb0a1cf5bc693c3036e3df,17,effect_size,0.53,0.31,0.75,reported_effect_scale,unverified_reported_effect_scale,0.53,0.11224696052342387,0.012599380146747077,true,true,true,false,false,false,provisional_unverified
MA-02-18042a6751bcd9680dfa0f43,2,mindfulness_anxiety,18042a6751bcd9680dfa0f43,21,effect_size,-2.97,-5.034,-0.904,reported_effect_scale,unverified_reported_effect_scale,-2.97,1.0535907885494105,1.1100535497161685,true,true,true,false,false,false,provisional_unverified
MA-02-f895e096acf21afd84a4236e,2,mindfulness_anxiety,f895e096acf21afd84a4236e,22,effect_size,-0.21,-0.41,-0.01,reported_effect_scale,unverified_reported_effect_scale,-0.21,0.10204269138493079,0.010412710865080228,true,true,true,false,false,false,provisional_unverified
MA-02-11a3a94f32777e156a73f4f9,2,mindfulness_anxiety,11a3a94f32777e156a73f4f9,23,effect_size,1.42,1.14,1.7,reported_effect_scale,unverified_reported_effect_scale,1.42,0.14285976793890312,0.020408913295557253,true,true,true,false,false,false,provisional_unverified
MA-02-a3d193ab7cb220340fbace07,2,mindfulness_anxiety,a3d193ab7cb220340fbace07,27,effect_size,7.25,-8.16,22.65,reported_effect_scale,unverified_reported_effect_scale,7.25,7.859838303924294,61.77705816383552,true,true,true,false,false,false,provisional_unverified
MA-02-302a4055c2eae4f5bcc3df3d,2,mindfulness_anxiety,302a4055c2eae4f5bcc3df3d,33,effect_size,-0.15,-0.32,0.03,reported_effect_scale,unverified_reported_effect_scale,-0.15,0.08928735496181443,0.007972231756077048,true,true,true,false,false,false,provisional_unverified
MA-02-e593824e024903ccefc60040,2,mindfulness_anxiety,e593824e024903ccefc60040,36,effect_size,-0.59,-1.06,-0.12,reported_effect_scale,unverified_reported_effect_scale,-0.59,0.23980032475458737,0.05750419575240557,true,true,true,false,false,false,provisional_unverified
MA-02-d7f236bc8339b1d0991233eb,2,mindfulness_anxiety,d7f236bc8339b1d0991233eb,55,effect_size,0.37,0.28,0.45,reported_effect_scale,unverified_reported_effect_scale,0.37,0.04336814383859558,0.0018807959000051158,true,true,true,false,false,false,provisional_unverified
MA-02-c9969b941e7886e357d088dc,2,mindfulness_anxiety,c9969b941e7886e357d088dc,69,effect_size,67.0,6.0,10.0,reported_effect_scale,unverified_reported_effect_scale,67.0,1.0204269138493078,1.0412710865080228,true,false,true,false,false,false,provisional_unverified
MA-03-c224ee0189e59a1697799884,3,glp1_cardiovascular,c224ee0189e59a1697799884,2,hazard_ratio,0.87,0.78,0.97,ratio,log_hazard_ratio,-0.13926206733350766,0.05561381574696377,0.0030928965019372356,true,true,true,false,false,false,provisional_unverified
MA-03-7302e7a3b301d1c3456b7b7b,3,glp1_cardiovascular,7302e7a3b301d1c3456b7b7b,3,hazard_ratio,0.79,0.57,1.11,ratio,log_hazard_ratio,-0.23572233352106983,0.17002326030857837,0.0289079090459586,true,true,true,false,false,false,provisional_unverified
MA-03-21f4efc6c4492e65fa749092,3,glp1_cardiovascular,21f4efc6c4492e65fa749092,4,hazard_ratio,0.8,0.72,0.9,ratio,log_hazard_ratio,-0.2231435513142097,0.05692542135323345,0.0032405035962431673,true,true,true,false,false,false,provisional_unverified
MA-03-11acad664bc36a57d0b6a920,3,glp1_cardiovascular,11acad664bc36a57d0b6a920,6,hazard_ratio,0.91,0.83,1.0,ratio,log_hazard_ratio,-0.09431067947124129,0.04753392910819725,0.002259474416463122,true,true,true,false,false,false,provisional_unverified
MA-03-03f5fb5a887af6a26aeb1759,3,glp1_cardiovascular,03f5fb5a887af6a26aeb1759,10,hazard_ratio,1.02,0.89,1.17,ratio,log_hazard_ratio,0.01980262729617973,0.06978127333544025,0.004869426108315425,true,true,true,false,false,false,provisional_unverified
MA-03-82416cc747d12d232edec6af,3,glp1_cardiovascular,82416cc747d12d232edec6af,11,hazard_ratio,0.72,0.6,0.87,ratio,log_hazard_ratio,-0.3285040669720361,0.09478836329731796,0.008984833816584334,true,true,true,false,false,false,provisional_unverified
MA-03-ca3672a24c0318848140c495,3,glp1_cardiovascular,ca3672a24c0318848140c495,12,hazard_ratio,0.86,0.79,0.94,ratio,log_hazard_ratio,-0.15082288973458366,0.04434952151525862,0.0019668800586323874,true,true,true,false,false,false,provisional_unverified
MA-03-512bb926e7059f996b463ac6,3,glp1_cardiovascular,512bb926e7059f996b463ac6,15,hazard_ratio,0.78,0.67,0.92,ratio,log_hazard_ratio,-0.2484613592984996,0.08089331236677988,0.006543727985669423,true,true,true,false,false,false,provisional_unverified
MA-03-90e630c842377414983effc8,3,glp1_cardiovascular,90e630c842377414983effc8,18,hazard_ratio,1.1,0.57,2.14,ratio,log_hazard_ratio,0.09531017980432493,0.33748700425680345,0.11389747804223167,true,true,true,false,false,false,provisional_unverified
MA-03-c0b793b686173c62b591de51,3,glp1_cardiovascular,c0b793b686173c62b591de51,20,hazard_ratio,0.73,0.58,0.92,ratio,log_hazard_ratio,-0.31471074483970024,0.11769235816108259,0.013851491169516544,true,true,true,false,false,false,provisional_unverified
MA-03-b62616cb79a1c0f9252a9fed,3,glp1_cardiovascular,b62616cb79a1c0f9252a9fed,22,hazard_ratio,0.86,0.77,0.96,ratio,log_hazard_ratio,-0.15082288973458366,0.0562619444422871,0.003165406392427,true,true,true,false,false,false,provisional_unverified
MA-03-c65dca524996a6e5e349034b,3,glp1_cardiovascular,c65dca524996a6e5e349034b,23,hazard_ratio,0.8,0.57,1.11,ratio,log_hazard_ratio,-0.2231435513142097,0.17002326030857837,0.0289079090459586,true,true,true,false,false,false,provisional_unverified
MA-03-17214025dfe8f18d0f452415,3,glp1_cardiovascular,17214025dfe8f18d0f452415,24,hazard_ratio,0.68,0.61,0.99,ratio,log_hazard_ratio,-0.3856624808119846,0.12353440924959572,0.0152607502686466,true,true,true,false,false,false,provisional_unverified
MA-03-81516e49d791931bed3a232d,3,glp1_cardiovascular,81516e49d791931bed3a232d,25,hazard_ratio,0.87,0.8,0.96,ratio,log_hazard_ratio,-0.13926206733350766,0.04651145588186409,0.0021633155282505894,true,true,true,false,false,false,provisional_unverified
MA-03-0ed592ad049e2724d682434a,3,glp1_cardiovascular,0ed592ad049e2724d682434a,26,hazard_ratio,0.65,0.55,0.76,ratio,log_hazard_ratio,-0.4307829160924542,0.08250155553999954,0.006806506666519628,true,true,true,false,false,false,provisional_unverified
MA-03-a2d313c21706b7feb782f7ae,3,glp1_cardiovascular,a2d313c21706b7feb782f7ae,28,hazard_ratio,0.76,0.62,0.92,ratio,log_hazard_ratio,-0.2744368457017603,0.10067893979607043,0.010136248918460773,true,true,true,false,false,false,provisional_unverified
MA-03-9f2787b839aee81eb28f1e26,3,glp1_cardiovascular,9f2787b839aee81eb28f1e26,30,hazard_ratio,0.88,0.83,0.94,ratio,log_hazard_ratio,-0.12783337150988489,0.03174909729339024,0.0010080051789451594,true,true,true,false,false,false,provisional_unverified
MA-03-b81175e9aab13852f78a64e9,3,glp1_cardiovascular,b81175e9aab13852f78a64e9,31,hazard_ratio,0.67,0.53,0.86,ratio,log_hazard_ratio,-0.40047756659712525,0.1234857850755302,0.015248739115720035,true,true,true,false,false,false,provisional_unverified
MA-03-1a5f1f7911c43f20897edd78,3,glp1_cardiovascular,1a5f1f7911c43f20897edd78,34,hazard_ratio,0.58,0.45,0.75,ratio,log_hazard_ratio,-0.5447271754416722,0.13031505369366939,0.016982013219183936,true,true,true,false,false,false,provisional_unverified
MA-03-5a845c04d63cad358f127ceb,3,glp1_cardiovascular,5a845c04d63cad358f127ceb,37,hazard_ratio,0.81,0.68,0.95,ratio,log_hazard_ratio,-0.21072103131565253,0.08529982924734728,0.007276060869626602,true,true,true,false,false,false,provisional_unverified
MA-03-5f83800019bba34615f09878,3,glp1_cardiovascular,5f83800019bba34615f09878,40,hazard_ratio,1.1,0.9,1.3,ratio,log_hazard_ratio,0.09531017980432493,0.09380906563229822,0.008800140794804836,true,true,true,false,false,false,provisional_unverified
MA-03-5418513722f30c5727ac5632,3,glp1_cardiovascular,5418513722f30c5727ac5632,41,hazard_ratio,0.69,0.51,0.93,ratio,log_hazard_ratio,-0.37106368139083207,0.15326145407970704,0.02348907330662615,true,true,true,false,false,false,provisional_unverified
MA-03-1a697136944db74af39aa513,3,glp1_cardiovascular,1a697136944db74af39aa513,42,hazard_ratio,0.85,0.73,0.99,ratio,log_hazard_ratio,-0.16251892949777494,0.07772092022846369,0.006040541441159217,true,true,true,false,false,false,provisional_unverified
MA-03-13f37855dcf7b333e68c0be5,3,glp1_cardiovascular,13f37855dcf7b333e68c0be5,43,hazard_ratio,0.88,0.8,0.96,ratio,log_hazard_ratio,-0.12783337150988489,0.04651145588186409,0.0021633155282505894,true,true,true,false,false,false,provisional_unverified
MA-03-f84f1c558e852a47a46cf044,3,glp1_cardiovascular,f84f1c558e852a47a46cf044,46,hazard_ratio,0.92,0.83,1.01,ratio,log_hazard_ratio,-0.08338160893905101,0.05007232545926672,0.0025072377768987305,true,true,true,false,false,false,provisional_unverified
MA-03-0991556a47b52b62230a9aeb,3,glp1_cardiovascular,0991556a47b52b62230a9aeb,52,hazard_ratio,0.79,0.71,0.87,ratio,log_hazard_ratio,-0.23572233352106983,0.05184489184911223,0.0026878928108461436,true,true,true,false,false,false,provisional_unverified
MA-03-b756ad83b788bc7e956726df,3,glp1_cardiovascular,b756ad83b788bc7e956726df,54,hazard_ratio,0.96,0.94,0.99,ratio,log_hazard_ratio,-0.040821994520255166,0.013220923515272629,0.00017479281859668878,true,true,true,false,false,false,provisional_unverified
MA-03-f7af90e8e2e37f88f7cfe7f3,3,glp1_cardiovascular,f7af90e8e2e37f88f7cfe7f3,59,hazard_ratio,0.154,0.038,0.622,ratio,log_hazard_ratio,-1.870802676568508,0.7131135967451925,0.508531001862865,true,true,true,false,false,false,provisional_unverified
MA-03-e5756e517f3d198364daf46f,3,glp1_cardiovascular,e5756e517f3d198364daf46f,61,hazard_ratio,0.7,0.49,0.99,ratio,log_hazard_ratio,-0.35667494393873245,0.17941644784585342,0.03219026175762384,true,true,true,false,false,false,provisional_unverified
MA-03-0a2b717d3a32f93c4d791975,3,glp1_cardiovascular,0a2b717d3a32f93c4d791975,70,hazard_ratio,0.7,0.38,1.31,ratio,log_hazard_ratio,-0.35667494393873245,0.31572293502250165,0.0996809716992228,true,true,true,false,false,false,provisional_unverified
MA-03-b9bd12bb64f1bcb98ce0319c,3,glp1_cardiovascular,b9bd12bb64f1bcb98ce0319c,73,hazard_ratio,0.72,0.69,0.75,ratio,log_hazard_ratio,-0.3285040669720361,0.02127120947036646,0.0004524643523322078,true,true,true,false,false,false,provisional_unverified
MA-03-9b661429758ca59d96558663,3,glp1_cardiovascular,9b661429758ca59d96558663,75,hazard_ratio,0.67,0.63,0.72,ratio,log_hazard_ratio,-0.40047756659712525,0.03406475671946045,0.001160407650356026,true,true,true,false,false,false,provisional_unverified
MA-03-c445def9c7f2ed40494c0a5f,3,glp1_cardiovascular,c445def9c7f2ed40494c0a5f,76,hazard_ratio,0.73,0.38,1.41,ratio,log_hazard_ratio,-0.31471074483970024,0.3344892408723205,0.11188305225934125,true,true,true,false,false,false,provisional_unverified
MA-03-3db100f1c2bc79ce87f03d2c,3,glp1_cardiovascular,3db100f1c2bc79ce87f03d2c,77,hazard_ratio,0.77,0.58,1.01,ratio,log_hazard_ratio,-0.2613647641344075,0.14150196398251846,0.02002280581090995,true,true,true,false,false,false,provisional_unverified
MA-03-9b44438f6016822e89c210ec,3,glp1_cardiovascular,9b44438f6016822e89c210ec,78,hazard_ratio,3.4,1.82,6.32,ratio,log_hazard_ratio,1.2237754316221157,0.31757795471996886,0.10085575732411858,true,true,true,false,false,false,provisional_unverified
MA-03-ecfd243c4ec27b4ee5c452ed,3,glp1_cardiovascular,ecfd243c4ec27b4ee5c452ed,79,hazard_ratio,0.91,0.84,0.98,ratio,log_hazard_ratio,-0.09431067947124129,0.039324875620975495,0.001546445842605193,true,true,true,false,false,false,provisional_unverified
MA-03-955f16f9aaa66fa5114ae5a2,3,glp1_cardiovascular,955f16f9aaa66fa5114ae5a2,80,hazard_ratio,0.9,0.83,0.97,ratio,log_hazard_ratio,-0.10536051565782628,0.03976358033521803,0.0015811423210753378,true,true,true,false,false,false,provisional_unverified
MA-03-35bdb3992a53fafbbe6f220a,3,glp1_cardiovascular,35bdb3992a53fafbbe6f220a,82,hazard_ratio,0.42,0.17,1.08,ratio,log_hazard_ratio,-0.8675005677047231,0.4716713923449696,0.22247390235664222,true,true,true,false,false,false,provisional_unverified
MA-03-254434e9a03e5f230b374f3b,3,glp1_cardiovascular,254434e9a03e5f230b374f3b,84,hazard_ratio,0.93,0.77,1.12,ratio,log_hazard_ratio,-0.07257069283483537,0.09558682006326263,0.009136840169806548,true,true,true,false,false,false,provisional_unverified
MA-03-5428438d131a7cc2eeb4cdd8,3,glp1_cardiovascular,5428438d131a7cc2eeb4cdd8,85,hazard_ratio,0.74,0.58,0.95,ratio,log_hazard_ratio,-0.3011050927839216,0.12587830310818593,0.015845347193396333,true,true,true,false,false,false,provisional_unverified
MA-03-837d8816235dd10d796e735e,3,glp1_cardiovascular,837d8816235dd10d796e735e,87,hazard_ratio,0.73,0.62,0.87,ratio,log_hazard_ratio,-0.31471074483970024,0.0864234588700854,0.007469014243069343,true,true,true,false,false,false,provisional_unverified
MA-03-2be03b40a0319b4f732b0db7,3,glp1_cardiovascular,2be03b40a0319b4f732b0db7,90,hazard_ratio,0.68,0.51,0.89,ratio,log_hazard_ratio,-0.3856624808119846,0.1420461654907606,0.020177113130628546,true,true,true,false,false,false,provisional_unverified
MA-03-bd91bcb554809a5747344143,3,glp1_cardiovascular,bd91bcb554809a5747344143,93,hazard_ratio,0.76,0.59,0.98,ratio,log_hazard_ratio,-0.2744368457017603,0.12944881609238637,0.016756995987720468,true,true,true,false,false,false,provisional_unverified
MA-03-82fa196339840a3e74cb2d77,3,glp1_cardiovascular,82fa196339840a3e74cb2d77,97,hazard_ratio,0.78,0.61,1.01,ratio,log_hazard_ratio,-0.2484613592984996,0.12863671390019957,0.016547404163041797,true,true,true,false,false,false,provisional_unverified
MA-03-80a1437b98c1175c69f01d8c,3,glp1_cardiovascular,80a1437b98c1175c69f01d8c,98,hazard_ratio,0.7,0.66,0.75,ratio,log_hazard_ratio,-0.35667494393873245,0.03261115319419597,0.001063487312655318,true,true,true,false,false,false,provisional_unverified
MA-03-1a553267a9797b45b18e4d42,3,glp1_cardiovascular,1a553267a9797b45b18e4d42,100,hazard_ratio,0.91,0.66,1.26,ratio,log_hazard_ratio,-0.09431067947124129,0.16495894057889968,0.027211452076912956,true,true,true,false,false,false,provisional_unverified
MA-03-762acdb35ff7322e1a09f225,3,glp1_cardiovascular,762acdb35ff7322e1a09f225,102,hazard_ratio,0.76,0.59,0.98,ratio,log_hazard_ratio,-0.2744368457017603,0.12944881609238637,0.016756995987720468,true,true,true,false,false,false,provisional_unverified
MA-03-ac8ea0cadfd2abb376ff1fa5,3,glp1_cardiovascular,ac8ea0cadfd2abb376ff1fa5,105,hazard_ratio,0.513,0.292,0.899,ratio,log_hazard_ratio,-0.6674794338113675,0.2868749734876461,0.08229725041353766,true,true,true,false,false,false,provisional_unverified
MA-03-78861d4a04209be4109973b8,3,glp1_cardiovascular,78861d4a04209be4109973b8,106,hazard_ratio,0.69,0.57,0.85,ratio,log_hazard_ratio,-0.37106368139083207,0.10194064579955554,0.01039189526603044,true,true,true,false,false,false,provisional_unverified
MA-03-1e2b347196f75df49078cd04,3,glp1_cardiovascular,1e2b347196f75df49078cd04,107,hazard_ratio,0.78,0.63,0.96,ratio,log_hazard_ratio,-0.2484613592984996,0.10745438905989642,0.011546445728235587,true,true,true,false,false,false,provisional_unverified
MA-03-5cecee0795e8b72b669dc4a1,3,glp1_cardiovascular,5cecee0795e8b72b669dc4a1,108,hazard_ratio,1.07,1.01,1.15,ratio,log_hazard_ratio,0.06765864847381486,0.033115815531797516,0.0010966572383360417,true,true,true,false,false,false,provisional_unverified
MA-03-c84d382d11fa13e1917c9786,3,glp1_cardiovascular,c84d382d11fa13e1917c9786,110,hazard_ratio,0.57,0.3,1.1,ratio,log_hazard_ratio,-0.5621189181535413,0.3314558314282404,0.10986296818778613,true,true,true,false,false,false,provisional_unverified
MA-03-f2f9b4a692f1edf645769c11,3,glp1_cardiovascular,f2f9b4a692f1edf645769c11,112,hazard_ratio,0.74,0.58,0.95,ratio,log_hazard_ratio,-0.3011050927839216,0.12587830310818593,0.015845347193396333,true,true,true,false,false,false,provisional_unverified
MA-03-77ff182a39a27ed4eb40e239,3,glp1_cardiovascular,77ff182a39a27ed4eb40e239,113,hazard_ratio,0.9,0.86,0.94,ratio,log_hazard_ratio,-0.10536051565782628,0.022691102162616904,0.0005148861173543176,true,true,true,false,false,false,provisional_unverified
MA-03-d53d0d9152a29015d82901c7,3,glp1_cardiovascular,d53d0d9152a29015d82901c7,114,hazard_ratio,0.79,0.63,0.98,ratio,log_hazard_ratio,-0.23572233352106983,0.11271450796141144,0.012704560304983084,true,true,true,false,false,false,provisional_unverified
MA-03-36cbca0260c6d65a1d9afb8f,3,glp1_cardiovascular,36cbca0260c6d65a1d9afb8f,115,hazard_ratio,0.83,0.73,0.95,ratio,log_hazard_ratio,-0.18632957819149348,0.06719956400473501,0.004515781402426477,true,true,true,false,false,false,provisional_unverified
MA-03-37e00f5c0d142ef614afe31f,3,glp1_cardiovascular,37e00f5c0d142ef614afe31f,117,hazard_ratio,0.7,0.54,0.91,ratio,log_hazard_ratio,-0.35667494393873245,0.1331339412532737,0.017724646313630136,true,true,true,false,false,false,provisional_unverified
MA-03-1620fd0f99b503067eb67f1f,3,glp1_cardiovascular,1620fd0f99b503067eb67f1f,118,hazard_ratio,0.84,0.76,0.93,ratio,log_hazard_ratio,-0.1743533871447778,0.05149741384515721,0.002651983632739389,true,true,true,false,false,false,provisional_unverified
MA-03-bfa1ca64262d5b126f284cb6,3,glp1_cardiovascular,bfa1ca64262d5b126f284cb6,121,hazard_ratio,1.04,0.83,1.31,ratio,log_hazard_ratio,0.03922071315328133,0.11641966867866892,0.013553539255251044,true,true,true,false,false,false,provisional_unverified
MA-03-18a33882c3cac41a06bf58a6,3,glp1_cardiovascular,18a33882c3cac41a06bf58a6,123,hazard_ratio,0.92,0.81,1.05,ratio,log_hazard_ratio,-0.08338160893905101,0.06620305207954734,0.004382844104647257,true,true,true,false,false,false,provisional_unverified
MA-03-ed0ca9ceea055fee92349428,3,glp1_cardiovascular,ed0ca9ceea055fee92349428,127,hazard_ratio,0.89,0.81,0.99,ratio,log_hazard_ratio,-0.11653381625595151,0.05119244461760929,0.002620666385926994,true,true,true,false,false,false,provisional_unverified
MA-03-6ce4aed21461db93f1675ee5,3,glp1_cardiovascular,6ce4aed21461db93f1675ee5,129,hazard_ratio,0.77,0.69,0.87,ratio,log_hazard_ratio,-0.2613647641344075,0.059134151414450976,0.0034968478635072145,true,true,true,false,false,false,provisional_unverified
MA-03-a70277b6c25fa2f96676a55a,3,glp1_cardiovascular,a70277b6c25fa2f96676a55a,131,hazard_ratio,1.06,0.95,1.18,ratio,log_hazard_ratio,0.058268908123975824,0.05530911143655588,0.0030590978079013567,true,true,true,false,false,false,provisional_unverified
MA-03-1d7923ac483f8ab8c37e3868,3,glp1_cardiovascular,1d7923ac483f8ab8c37e3868,132,hazard_ratio,0.86,0.77,0.96,ratio,log_hazard_ratio,-0.15082288973458366,0.0562619444422871,0.003165406392427,true,true,true,false,false,false,provisional_unverified
MA-03-11c431a32d99fe7887a81096,3,glp1_cardiovascular,11c431a32d99fe7887a81096,133,hazard_ratio,0.79,0.57,1.11,ratio,log_hazard_ratio,-0.23572233352106983,0.17002326030857837,0.0289079090459586,true,true,true,false,false,false,provisional_unverified
MA-03-9505b604fe4aa26a1812348f,3,glp1_cardiovascular,9505b604fe4aa26a1812348f,134,hazard_ratio,0.82,0.68,0.98,ratio,log_hazard_ratio,-0.19845093872383832,0.09323124720075605,0.008692065454608483,true,true,true,false,false,false,provisional_unverified
MA-03-a0a851fd05238b7cdcc4cfdd,3,glp1_cardiovascular,a0a851fd05238b7cdcc4cfdd,142,hazard_ratio,0.59,0.5,0.71,ratio,log_hazard_ratio,-0.527632742082372,0.08945492733006982,0.008002184023628072,true,true,true,false,false,false,provisional_unverified
MA-03-f7330d4fd3aefdc598bc77ec,3,glp1_cardiovascular,f7330d4fd3aefdc598bc77ec,147,hazard_ratio,0.68,0.46,1.0,ratio,log_hazard_ratio,-0.3856624808119846,0.1980977190458999,0.03924270629118829,true,true,true,false,false,false,provisional_unverified
MA-03-8bccb5fd20f7208aabdf6927,3,glp1_cardiovascular,8bccb5fd20f7208aabdf6927,152,hazard_ratio,0.73,0.57,0.96,ratio,log_hazard_ratio,-0.31471074483970024,0.13298635274556314,0.01768537001656735,true,true,true,false,false,false,provisional_unverified
MA-03-f1971c6bc2996a7f47f88a04,3,glp1_cardiovascular,f1971c6bc2996a7f47f88a04,166,hazard_ratio,0.76,0.62,0.93,ratio,log_hazard_ratio,-0.2744368457017603,0.10343687723509756,0.010699187572148645,true,true,true,false,false,false,provisional_unverified
MA-03-127f1cbe3cd3ccdd7c435b8d,3,glp1_cardiovascular,127f1cbe3cd3ccdd7c435b8d,167,hazard_ratio,0.58,0.51,0.65,ratio,log_hazard_ratio,-0.5447271754416722,0.06187910570923922,0.0038290237233752017,true,true,true,false,false,false,provisional_unverified
MA-03-ce55f3e334d52f72533e9e85,3,glp1_cardiovascular,ce55f3e334d52f72533e9e85,168,hazard_ratio,1.02,0.91,1.14,ratio,log_hazard_ratio,0.01980262729617973,0.05748548025756854,0.0033045804404433026,true,true,true,false,false,false,provisional_unverified
MA-03-9630fb78a6c0d2e54d1ed7c6,3,glp1_cardiovascular,9630fb78a6c0d2e54d1ed7c6,172,hazard_ratio,0.9,0.82,0.98,ratio,log_hazard_ratio,-0.10536051565782628,0.0454723231682618,0.002067732174318839,true,true,true,false,false,false,provisional_unverified
MA-03-a8c0236a1f51a1d2e4b9620e,3,glp1_cardiovascular,a8c0236a1f51a1d2e4b9620e,174,hazard_ratio,0.69,0.58,0.83,ratio,log_hazard_ratio,-0.37106368139083207,0.09142963852325176,0.008359378800492482,true,true,true,false,false,false,provisional_unverified
MA-03-6fba8585defb8c96ed63ee22,3,glp1_cardiovascular,6fba8585defb8c96ed63ee22,177,hazard_ratio,0.96,0.75,1.23,ratio,log_hazard_ratio,-0.040821994520255166,0.1262003398374174,0.015926525775079643,true,true,true,false,false,false,provisional_unverified
MA-03-44730ea5d26419e02e930551,3,glp1_cardiovascular,44730ea5d26419e02e930551,178,hazard_ratio,0.86,0.83,0.9,ratio,log_hazard_ratio,-0.15082288973458366,0.020655752649625412,0.0004266601175225072,true,true,true,false,false,false,provisional_unverified
MA-03-f14d6b9e2ed7152d359eb60b,3,glp1_cardiovascular,f14d6b9e2ed7152d359eb60b,182,hazard_ratio,0.83,0.69,0.99,ratio,log_hazard_ratio,-0.18632957819149348,0.09209693351126802,0.008481845162178923,true,true,true,false,false,false,provisional_unverified
MA-03-260fd1d7be4b79b4b6ca9333,3,glp1_cardiovascular,260fd1d7be4b79b4b6ca9333,183,hazard_ratio,0.73,0.63,0.85,ratio,log_hazard_ratio,-0.31471074483970024,0.07640868211388882,0.0058382867023813135,true,true,true,false,false,false,provisional_unverified
MA-03-3a41879a3d3f49fa403a1e2f,3,glp1_cardiovascular,3a41879a3d3f49fa403a1e2f,189,hazard_ratio,1.52,0.95,2.43,ratio,log_hazard_ratio,0.41871033485818504,0.23959229841675042,0.05740446946062119,true,true,true,false,false,false,provisional_unverified
MA-03-6ca8bd0e950017a3c3c736ac,3,glp1_cardiovascular,6ca8bd0e950017a3c3c736ac,191,hazard_ratio,0.65,0.5,0.86,ratio,log_hazard_ratio,-0.4307829160924542,0.13835057559810957,0.01914088176832823,true,true,true,false,false,false,provisional_unverified
MA-03-59598e6d457d315068e39a6d,3,glp1_cardiovascular,59598e6d457d315068e39a6d,193,hazard_ratio,0.58,0.51,0.66,ratio,log_hazard_ratio,-0.5447271754416722,0.0657739405764144,0.004326211258949693,true,true,true,false,false,false,provisional_unverified
MA-03-ab4608e75ad08bd34abd26bf,3,glp1_cardiovascular,ab4608e75ad08bd34abd26bf,194,hazard_ratio,0.88,0.81,0.95,ratio,log_hazard_ratio,-0.12783337150988489,0.04067108839388061,0.0016541374311428501,true,true,true,false,false,false,provisional_unverified
MA-03-c8cec24a0a6ab9c22a3a521c,3,glp1_cardiovascular,c8cec24a0a6ab9c22a3a521c,195,hazard_ratio,0.55,0.49,0.63,ratio,log_hazard_ratio,-0.5978370007556204,0.06411200161412206,0.004110348750969189,true,true,true,false,false,false,provisional_unverified
MA-03-bf34f8b86381850f438589d9,3,glp1_cardiovascular,bf34f8b86381850f438589d9,197,hazard_ratio,0.27,0.21,0.36,ratio,log_hazard_ratio,-1.3093333199837622,0.13750163395455797,0.01890669934017325,true,true,true,false,false,false,provisional_unverified
MA-03-9a145d7a444f94a5a0ddc363,3,glp1_cardiovascular,9a145d7a444f94a5a0ddc363,198,hazard_ratio,0.92,0.83,1.01,ratio,log_hazard_ratio,-0.08338160893905101,0.05007232545926672,0.0025072377768987305,true,true,true,false,false,false,provisional_unverified
MA-03-b9483889d1d76f1cbc87f16d,3,glp1_cardiovascular,b9483889d1d76f1cbc87f16d,200,hazard_ratio,0.8,0.71,0.89,ratio,log_hazard_ratio,-0.2231435513142097,0.05764302162517794,0.0033227179420807318,true,true,true,false,false,false,provisional_unverified
MA-03-2e26abd9ee40c26bd9a71180,3,glp1_cardiovascular,2e26abd9ee40c26bd9a71180,201,hazard_ratio,0.81,0.74,0.88,ratio,log_hazard_ratio,-0.21072103131565253,0.04420278194925569,0.0019538859320534447,true,true,true,false,false,false,provisional_unverified
MA-03-e51ceb7b57f6c887bb126959,3,glp1_cardiovascular,e51ceb7b57f6c887bb126959,204,hazard_ratio,0.87,0.78,0.97,ratio,log_hazard_ratio,-0.13926206733350766,0.05561381574696377,0.0030928965019372356,true,true,true,false,false,false,provisional_unverified
MA-03-fb9e696b37bec06a6d91f64c,3,glp1_cardiovascular,fb9e696b37bec06a6d91f64c,208,hazard_ratio,0.65,0.45,0.95,ratio,log_hazard_ratio,-0.4307829160924542,0.19061942151084227,0.03633576385712815,true,true,true,false,false,false,provisional_unverified
MA-03-75879341a93c6e4945416f66,3,glp1_cardiovascular,75879341a93c6e4945416f66,212,hazard_ratio,0.72,0.56,0.92,ratio,log_hazard_ratio,-0.3285040669720361,0.1266443899555609,0.016038801507216177,true,true,true,false,false,false,provisional_unverified
MA-03-7fe04982e6dbacd36145ea5b,3,glp1_cardiovascular,7fe04982e6dbacd36145ea5b,216,hazard_ratio,0.74,0.58,0.95,ratio,log_hazard_ratio,-0.3011050927839216,0.12587830310818593,0.015845347193396333,true,true,true,false,false,false,provisional_unverified
MA-03-db2bcf0453d506ab32b6dff1,3,glp1_cardiovascular,db2bcf0453d506ab32b6dff1,217,hazard_ratio,1.25,1.13,1.38,ratio,log_hazard_ratio,0.22314355131420976,0.050987127320037656,0.0025996871523497303,true,true,true,false,false,false,provisional_unverified
MA-03-058a28070a76e80ccde855a2,3,glp1_cardiovascular,058a28070a76e80ccde855a2,218,hazard_ratio,0.7,0.52,0.93,ratio,log_hazard_ratio,-0.35667494393873245,0.14830776972370124,0.021995194560418395,true,true,true,false,false,false,provisional_unverified
MA-03-667369b5c561b8897f7e16bb,3,glp1_cardiovascular,667369b5c561b8897f7e16bb,220,hazard_ratio,0.86,0.81,0.9,ratio,log_hazard_ratio,-0.15082288973458366,0.026878176458571833,0.0007224363697381251,true,true,true,false,false,false,provisional_unverified
MA-03-380ac9456aec5d45f34efe53,3,glp1_cardiovascular,380ac9456aec5d45f34efe53,223,hazard_ratio,0.8,0.72,0.9,ratio,log_hazard_ratio,-0.2231435513142097,0.05692542135323345,0.0032405035962431673,true,true,true,false,false,false,provisional_unverified
MA-03-533b4939864e62749f56059b,3,glp1_cardiovascular,533b4939864e62749f56059b,230,hazard_ratio,0.68,0.39,1.17,ratio,log_hazard_ratio,-0.3856624808119846,0.280263386810631,0.07854756598656538,true,true,true,false,false,false,provisional_unverified
MA-03-ac69d1c68eedb03065191d55,3,glp1_cardiovascular,ac69d1c68eedb03065191d55,232,hazard_ratio,0.65,0.48,0.87,ratio,log_hazard_ratio,-0.4307829160924542,0.15171378465055138,0.02301707245299388,true,true,true,false,false,false,provisional_unverified
MA-03-e84eb7a431836e0697bbeff1,3,glp1_cardiovascular,e84eb7a431836e0697bbeff1,234,hazard_ratio,0.61,0.39,0.95,ratio,log_hazard_ratio,-0.4942963218147801,0.22712540957221344,0.051585951673345704,true,true,true,false,false,false,provisional_unverified
MA-03-689f3d643a22feb95bbe43ea,3,glp1_cardiovascular,689f3d643a22feb95bbe43ea,235,hazard_ratio,0.87,0.84,0.91,ratio,log_hazard_ratio,-0.13926206733350766,0.020419433291862295,0.00041695325596081425,true,true,true,false,false,false,provisional_unverified
MA-03-42e7dbb9cff7ca5c360bc4d3,3,glp1_cardiovascular,42e7dbb9cff7ca5c360bc4d3,237,hazard_ratio,0.71,0.52,0.95,ratio,log_hazard_ratio,-0.342490308946776,0.15373577723177745,0.0236346892010587,true,true,true,false,false,false,provisional_unverified
MA-03-c039031fc54152371adca4a7,3,glp1_cardiovascular,c039031fc54152371adca4a7,238,hazard_ratio,0.85,0.8,0.9,ratio,log_hazard_ratio,-0.16251892949777494,0.030047244894661585,0.0009028369257597667,true,true,true,false,false,false,provisional_unverified
MA-03-f3e6011ec37042e8851146d1,3,glp1_cardiovascular,f3e6011ec37042e8851146d1,244,hazard_ratio,0.82,0.76,0.88,ratio,log_hazard_ratio,-0.19845093872383832,0.03739953268230052,0.0013987250448544647,true,true,true,false,false,false,provisional_unverified
MA-03-08818613c9ee744ba576bb28,3,glp1_cardiovascular,08818613c9ee744ba576bb28,245,hazard_ratio,0.72,0.58,0.92,ratio,log_hazard_ratio,-0.3285040669720361,0.11769235816108259,0.013851491169516544,true,true,true,false,false,false,provisional_unverified
MA-03-805c15bc62e5617c2919f11f,3,glp1_cardiovascular,805c15bc62e5617c2919f11f,246,hazard_ratio,1.15,1.03,1.29,ratio,log_hazard_ratio,0.13976194237515863,0.05742029392056834,0.0032970901539244577,true,true,true,false,false,false,provisional_unverified
MA-03-7a7be06d18729c678874d515,3,glp1_cardiovascular,7a7be06d18729c678874d515,252,hazard_ratio,1.13,1.0,1.27,ratio,log_hazard_ratio,0.12221763272424911,0.060974819526234854,0.003717928616256911,true,true,true,false,false,false,provisional_unverified
MA-03-e5efd2755ed1f5dedc0143fd,3,glp1_cardiovascular,e5efd2755ed1f5dedc0143fd,254,hazard_ratio,0.75,0.62,0.91,ratio,log_hazard_ratio,-0.2876820724517809,0.09789086036746934,0.00958262054348338,true,true,true,false,false,false,provisional_unverified
MA-03-3f51fd58413ec26e3f8c909a,3,glp1_cardiovascular,3f51fd58413ec26e3f8c909a,257,hazard_ratio,0.76,0.61,0.94,ratio,log_hazard_ratio,-0.2744368457017603,0.11031348573432309,0.012169065134856704,true,true,true,false,false,false,provisional_unverified
MA-03-ddc9c5e3d08b0dc825733f6c,3,glp1_cardiovascular,ddc9c5e3d08b0dc825733f6c,258,hazard_ratio,0.81,0.71,0.93,ratio,log_hazard_ratio,-0.21072103131565253,0.06885831021412438,0.004741466885544585,true,true,true,false,false,false,provisional_unverified
MA-03-f6455a397f9faf9a3931b1bf,3,glp1_cardiovascular,f6455a397f9faf9a3931b1bf,260,hazard_ratio,0.5,0.48,0.53,ratio,log_hazard_ratio,-0.6931471805599453,0.025278755993948698,0.0006390155046015972,true,true,true,false,false,false,provisional_unverified
MA-03-57f5303e430821feb2c55880,3,glp1_cardiovascular,57f5303e430821feb2c55880,261,hazard_ratio,0.69,0.488,0.976,ratio,log_hazard_ratio,-0.37106368139083207,0.17682650957553353,0.03126761448866625,true,true,true,false,false,false,provisional_unverified
MA-03-177b09a56e65e1ec3bb700f2,3,glp1_cardiovascular,177b09a56e65e1ec3bb700f2,262,hazard_ratio,0.25,0.24,0.26,ratio,log_hazard_ratio,-1.3862943611198906,0.02041943329186232,0.0004169532559608153,true,true,true,false,false,false,provisional_unverified
MA-03-c91dc8959eaf9008b10f489b,3,glp1_cardiovascular,c91dc8959eaf9008b10f489b,267,hazard_ratio,0.64,0.46,0.9,ratio,log_hazard_ratio,-0.4462871026284195,0.17121954258732805,0.029316131763813844,true,true,true,false,false,false,provisional_unverified
MA-03-27fbbe6cfce3890edb55fcb3,3,glp1_cardiovascular,27fbbe6cfce3890edb55fcb3,269,hazard_ratio,0.85,0.77,0.95,ratio,log_hazard_ratio,-0.16251892949777494,0.05359064539039336,0.0028719572733588894,true,true,true,false,false,false,provisional_unverified
MA-03-945efc4ff7a5d92798160c5b,3,glp1_cardiovascular,945efc4ff7a5d92798160c5b,274,hazard_ratio,0.54,0.45,0.65,ratio,log_hazard_ratio,-0.616186139423817,0.09380906563229824,0.008800140794804838,true,true,true,false,false,false,provisional_unverified
MA-03-0cae85eb8cd859674fa103c4,3,glp1_cardiovascular,0cae85eb8cd859674fa103c4,275,hazard_ratio,0.41,0.41,0.67,ratio,log_hazard_ratio,-0.8915981192837836,0.12528815747650332,0.015697122403857094,true,true,true,false,false,false,provisional_unverified
MA-03-41e56892f0df9af3c88852ef,3,glp1_cardiovascular,41e56892f0df9af3c88852ef,276,hazard_ratio,0.96,0.84,1.08,ratio,log_hazard_ratio,-0.040821994520255166,0.06411200161412209,0.004110348750969193,true,true,true,false,false,false,provisional_unverified
MA-03-988bfe1854bd5b758e860036,3,glp1_cardiovascular,988bfe1854bd5b758e860036,278,hazard_ratio,1.18,1.03,1.36,ratio,log_hazard_ratio,0.16551443847757333,0.07090076646781786,0.005026918685724045,true,true,true,false,false,false,provisional_unverified
MA-03-5028b7f85f11290bbbf292c7,3,glp1_cardiovascular,5028b7f85f11290bbbf292c7,281,hazard_ratio,0.82,0.69,0.97,ratio,log_hazard_ratio,-0.19845093872383832,0.08689049303782317,0.007549957780355997,true,true,true,false,false,false,provisional_unverified
MA-03-a0d056a5c640db9c5c677fb5,3,glp1_cardiovascular,a0d056a5c640db9c5c677fb5,285,hazard_ratio,1.35,1.11,1.64,ratio,log_hazard_ratio,0.30010459245033816,0.09957739774577148,0.009915658141819576,true,true,true,false,false,false,provisional_unverified
MA-03-d734c664659b66253965605c,3,glp1_cardiovascular,d734c664659b66253965605c,286,hazard_ratio,0.88,0.82,0.94,ratio,log_hazard_ratio,-0.12783337150988489,0.034841337923309096,0.0012139188282862166,true,true,true,false,false,false,provisional_unverified
MA-03-72fa4b84b1acb039f17ddf1a,3,glp1_cardiovascular,72fa4b84b1acb039f17ddf1a,288,hazard_ratio,0.78,0.63,0.96,ratio,log_hazard_ratio,-0.2484613592984996,0.10745438905989642,0.011546445728235587,true,true,true,false,false,false,provisional_unverified
MA-03-601f718fc7fa2025102380ae,3,glp1_cardiovascular,601f718fc7fa2025102380ae,289,hazard_ratio,0.92,0.86,0.98,ratio,log_hazard_ratio,-0.08338160893905101,0.03332208740756961,0.0011103615091977092,true,true,true,false,false,false,provisional_unverified
MA-03-bfa736dd0b69cf65b725a6a2,3,glp1_cardiovascular,bfa736dd0b69cf65b725a6a2,290,hazard_ratio,0.59,0.54,0.64,ratio,log_hazard_ratio,-0.527632742082372,0.043342387445774365,0.0018785625494996193,true,true,true,false,false,false,provisional_unverified
MA-03-aa4718f325bf495e43dd4e49,3,glp1_cardiovascular,aa4718f325bf495e43dd4e49,292,hazard_ratio,0.48,0.36,0.66,ratio,log_hazard_ratio,-0.7339691750802004,0.1546293218527069,0.023910227176628017,true,true,true,false,false,false,provisional_unverified
MA-03-2daf439ac1618b044e147921,3,glp1_cardiovascular,2daf439ac1618b044e147921,293,hazard_ratio,0.77,0.65,0.93,ratio,log_hazard_ratio,-0.2613647641344075,0.09138234837046783,0.008350733593701544,true,true,true,false,false,false,provisional_unverified
MA-03-1e6c81dd1d44ef24e74df31e,3,glp1_cardiovascular,1e6c81dd1d44ef24e74df31e,295,hazard_ratio,0.89,0.78,1.02,ratio,log_hazard_ratio,-0.11653381625595151,0.06843594798443019,0.004683478976527634,true,true,true,false,false,false,provisional_unverified
MA-03-65b48c8e984faedf73b1fa92,3,glp1_cardiovascular,65b48c8e984faedf73b1fa92,297,hazard_ratio,1.36,1.04,1.76,ratio,log_hazard_ratio,0.3074846997479607,0.13420988856084456,0.018012294187514318,true,true,true,false,false,false,provisional_unverified
MA-03-7f6d1fc6b31a338a6a20c7ab,3,glp1_cardiovascular,7f6d1fc6b31a338a6a20c7ab,299,hazard_ratio,0.86,0.8,0.92,ratio,log_hazard_ratio,-0.15082288973458366,0.03565421188286701,0.001271222824988375,true,true,true,false,false,false,provisional_unverified
MA-03-7336e0481803468c852e6959,3,glp1_cardiovascular,7336e0481803468c852e6959,301,hazard_ratio,0.17,0.16,0.18,ratio,log_hazard_ratio,-1.7719568419318752,0.030047244894661627,0.0009028369257597692,true,true,true,false,false,false,provisional_unverified
MA-03-3f70a073e4e36ef57c2776fc,3,glp1_cardiovascular,3f70a073e4e36ef57c2776fc,307,hazard_ratio,0.75,0.72,0.78,ratio,log_hazard_ratio,-0.2876820724517809,0.020419433291862292,0.00041695325596081414,true,true,true,false,false,false,provisional_unverified
MA-03-8dfe294c568a562c168ba26c,3,glp1_cardiovascular,8dfe294c568a562c168ba26c,308,hazard_ratio,0.86,0.78,0.94,ratio,log_hazard_ratio,-0.15082288973458366,0.047599332705135985,0.002265696473974228,true,true,true,false,false,false,provisional_unverified
MA-03-329e8d80b06f431f4a2c2eff,3,glp1_cardiovascular,329e8d80b06f431f4a2c2eff,310,hazard_ratio,0.82,0.71,0.94,ratio,log_hazard_ratio,-0.19845093872383832,0.07158675043065665,0.005124662837221121,true,true,true,false,false,false,provisional_unverified
MA-03-34b7d470f664b62b2bb30823,3,glp1_cardiovascular,34b7d470f664b62b2bb30823,315,hazard_ratio,0.99,0.92,1.07,ratio,log_hazard_ratio,-0.01005033585350145,0.03853138593470394,0.0014846677020491008,true,true,true,false,false,false,provisional_unverified
MA-03-48d8f3e0161e028d47bfd7df,3,glp1_cardiovascular,48d8f3e0161e028d47bfd7df,317,hazard_ratio,1.394,1.03,1.886,ratio,log_hazard_ratio,0.3321773123383321,0.1543139023831791,0.023812780468725328,true,true,true,false,false,false,provisional_unverified
MA-03-85e1acbe69b931a3fe7df529,3,glp1_cardiovascular,85e1acbe69b931a3fe7df529,320,hazard_ratio,4.078,1.111,14.971,ratio,log_hazard_ratio,1.4056066721522635,0.6634954790816093,0.4402262507617343,true,true,true,false,false,false,provisional_unverified
MA-03-216c860eb416051f15829159,3,glp1_cardiovascular,216c860eb416051f15829159,321,hazard_ratio,0.63,0.44,0.89,ratio,log_hazard_ratio,-0.4620354595965587,0.17970910214944374,0.032295361395359205,true,true,true,false,false,false,provisional_unverified
MA-03-594eab5dd19d3260476e2efd,3,glp1_cardiovascular,594eab5dd19d3260476e2efd,323,hazard_ratio,1.5,1.01,2.23,ratio,log_hazard_ratio,0.4054651081081644,0.20205760434029874,0.04082727547174071,true,true,true,false,false,false,provisional_unverified
MA-03-0364bee1b9b9a128667e596a,3,glp1_cardiovascular,0364bee1b9b9a128667e596a,324,hazard_ratio,1.46,0.98,2.19,ratio,log_hazard_ratio,0.37843643572024505,0.20513240485248727,0.04207930352056474,true,true,true,false,false,false,provisional_unverified
MA-03-18750878bc5c5c14e20b4273,3,glp1_cardiovascular,18750878bc5c5c14e20b4273,328,hazard_ratio,0.63,0.58,0.68,ratio,log_hazard_ratio,-0.4620354595965587,0.040578473860838654,0.001646612540874766,true,true,true,false,false,false,provisional_unverified
MA-03-afac624a7c4a117829060f18,3,glp1_cardiovascular,afac624a7c4a117829060f18,329,hazard_ratio,0.74,0.58,0.95,ratio,log_hazard_ratio,-0.3011050927839216,0.12587830310818593,0.015845347193396333,true,true,true,false,false,false,provisional_unverified
MA-03-7be4093ed22a7c41b50591a6,3,glp1_cardiovascular,7be4093ed22a7c41b50591a6,335,hazard_ratio,0.73,0.58,0.92,ratio,log_hazard_ratio,-0.31471074483970024,0.11769235816108259,0.013851491169516544,true,true,true,false,false,false,provisional_unverified
MA-03-7d94bfb9f9208652490a7485,3,glp1_cardiovascular,7d94bfb9f9208652490a7485,344,hazard_ratio,0.86,0.8,0.93,ratio,log_hazard_ratio,-0.15082288973458366,0.03841214932189414,0.0014754932155274926,true,true,true,false,false,false,provisional_unverified
MA-03-18856ec569fbb773ec3eaf23,3,glp1_cardiovascular,18856ec569fbb773ec3eaf23,346,hazard_ratio,0.29,0.23,0.36,ratio,log_hazard_ratio,-1.2378743560016174,0.11429412123409463,0.013063146148673922,true,true,true,false,false,false,provisional_unverified
MA-03-743bfead56e63f6fbb7a071e,3,glp1_cardiovascular,743bfead56e63f6fbb7a071e,347,hazard_ratio,0.85,0.79,0.92,ratio,log_hazard_ratio,-0.16251892949777494,0.03886314385969921,0.0015103439506596763,true,true,true,false,false,false,provisional_unverified
MA-03-33415ee5437819e0f4104d10,3,glp1_cardiovascular,33415ee5437819e0f4104d10,348,hazard_ratio,0.82,0.72,0.94,ratio,log_hazard_ratio,-0.19845093872383832,0.06801876599699828,0.00462655252775441,true,true,true,false,false,false,provisional_unverified
MA-03-3f4d94dd81b334f45d49a63b,3,glp1_cardiovascular,3f4d94dd81b334f45d49a63b,349,hazard_ratio,0.57,0.43,0.77,ratio,log_hazard_ratio,-0.5621189181535413,0.148626533639301,0.022089846501634272,true,true,true,false,false,false,provisional_unverified
MA-03-003fe8ff420dd862f081aef4,3,glp1_cardiovascular,003fe8ff420dd862f081aef4,352,hazard_ratio,0.74,0.59,0.92,ratio,log_hazard_ratio,-0.3011050927839216,0.11333145319187425,0.012844018282581984,true,true,true,false,false,false,provisional_unverified
MA-03-2cfa9b7440d52eb35b01a323,3,glp1_cardiovascular,2cfa9b7440d52eb35b01a323,354,hazard_ratio,0.7,0.55,0.89,ratio,log_hazard_ratio,-0.35667494393873245,0.1227836807962103,0.015075832269865662,true,true,true,false,false,false,provisional_unverified
MA-03-e39b36bdca837baabd501940,3,glp1_cardiovascular,e39b36bdca837baabd501940,358,hazard_ratio,0.8,0.72,0.9,ratio,log_hazard_ratio,-0.2231435513142097,0.05692542135323345,0.0032405035962431673,true,true,true,false,false,false,provisional_unverified
MA-03-7c0e1f9df4f05ff483903f8b,3,glp1_cardiovascular,7c0e1f9df4f05ff483903f8b,360,hazard_ratio,1.06,0.96,1.17,ratio,log_hazard_ratio,0.058268908123975824,0.05046667818652386,0.002546885607182163,true,true,true,false,false,false,provisional_unverified
MA-03-07f3c0f8a89969931284db1b,3,glp1_cardiovascular,07f3c0f8a89969931284db1b,364,hazard_ratio,0.73,0.57,0.93,ratio,log_hazard_ratio,-0.31471074483970024,0.12488704618559318,0.015596774304962485,true,true,true,false,false,false,provisional_unverified
MA-03-b0f6bc934a15421607788838,3,glp1_cardiovascular,b0f6bc934a15421607788838,366,hazard_ratio,0.65,0.5,0.85,ratio,log_hazard_ratio,-0.4307829160924542,0.13536683715815656,0.018324180602202877,true,true,true,false,false,false,provisional_unverified
MA-03-5ec1cd34d232c1cf548dee19,3,glp1_cardiovascular,5ec1cd34d232c1cf548dee19,367,hazard_ratio,0.87,0.78,0.97,ratio,log_hazard_ratio,-0.13926206733350766,0.05561381574696377,0.0030928965019372356,true,true,true,false,false,false,provisional_unverified
MA-03-e45f1ddd247d9aa7ec7e4170,3,glp1_cardiovascular,e45f1ddd247d9aa7ec7e4170,376,hazard_ratio,0.87,0.78,0.97,ratio,log_hazard_ratio,-0.13926206733350766,0.05561381574696377,0.0030928965019372356,true,true,true,false,false,false,provisional_unverified
MA-03-138d7cf4599206500e3afe61,3,glp1_cardiovascular,138d7cf4599206500e3afe61,377,hazard_ratio,0.89,0.74,1.06,ratio,log_hazard_ratio,-0.11653381625595151,0.09167872566603104,0.008404988739747378,true,true,true,false,false,false,provisional_unverified
MA-03-8c48c6889ee14fd85262ebea,3,glp1_cardiovascular,8c48c6889ee14fd85262ebea,380,hazard_ratio,0.92,0.83,1.0,ratio,log_hazard_ratio,-0.08338160893905101,0.04753392910819725,0.002259474416463122,true,true,true,false,false,false,provisional_unverified
MA-03-2783b3d545ba9203d7e864b1,3,glp1_cardiovascular,2783b3d545ba9203d7e864b1,383,hazard_ratio,1.03,0.94,1.13,ratio,log_hazard_ratio,0.02955880224154443,0.046963372259500445,0.002205558333984416,true,true,true,false,false,false,provisional_unverified
MA-03-311bea7fe9fd24fc8e1f9b91,3,glp1_cardiovascular,311bea7fe9fd24fc8e1f9b91,385,hazard_ratio,0.88,0.82,0.94,ratio,log_hazard_ratio,-0.12783337150988489,0.034841337923309096,0.0012139188282862166,true,true,true,false,false,false,provisional_unverified
MA-03-785420d1a7ca238369d0456f,3,glp1_cardiovascular,785420d1a7ca238369d0456f,387,hazard_ratio,0.62,0.41,0.92,ratio,log_hazard_ratio,-0.4780358009429998,0.2061814698432832,0.0425107985067367,true,true,true,false,false,false,provisional_unverified
MA-03-2def51be77cc658dc4ffd67a,3,glp1_cardiovascular,2def51be77cc658dc4ffd67a,388,hazard_ratio,1.1,0.95,1.26,ratio,log_hazard_ratio,0.09531017980432493,0.07204341956753083,0.0051902543029832835,true,true,true,false,false,false,provisional_unverified
MA-03-e3e0279a624b64c7ce2965d4,3,glp1_cardiovascular,e3e0279a624b64c7ce2965d4,389,hazard_ratio,0.87,0.78,0.97,ratio,log_hazard_ratio,-0.13926206733350766,0.05561381574696377,0.0030928965019372356,true,true,true,false,false,false,provisional_unverified
MA-03-c62d76e579500cfccf7097c0,3,glp1_cardiovascular,c62d76e579500cfccf7097c0,390,hazard_ratio,0.99,0.85,1.15,ratio,log_hazard_ratio,-0.01005033585350145,0.07711388430024392,0.005946551151871406,true,true,true,false,false,false,provisional_unverified
MA-03-5e3c70781102bc61888459ef,3,glp1_cardiovascular,5e3c70781102bc61888459ef,391,hazard_ratio,0.66,0.5,0.85,ratio,log_hazard_ratio,-0.4155154439616658,0.13536683715815656,0.018324180602202877,true,true,true,false,false,false,provisional_unverified
MA-03-8a5642283b0226f986f58b46,3,glp1_cardiovascular,8a5642283b0226f986f58b46,393,hazard_ratio,0.84,0.76,0.93,ratio,log_hazard_ratio,-0.1743533871447778,0.05149741384515721,0.002651983632739389,true,true,true,false,false,false,provisional_unverified
MA-03-810a3c7575698674360057b9,3,glp1_cardiovascular,810a3c7575698674360057b9,395,hazard_ratio,0.63,0.5,0.79,ratio,log_hazard_ratio,-0.4620354595965587,0.11669215624546785,0.01361705932921668,true,true,true,false,false,false,provisional_unverified
MA-03-85d59b1de3d8232c09fe5806,3,glp1_cardiovascular,85d59b1de3d8232c09fe5806,399,hazard_ratio,0.61,0.57,0.66,ratio,log_hazard_ratio,-0.4942963218147801,0.03739953268230055,0.001398725044854467,true,true,true,false,false,false,provisional_unverified
MA-03-d76ccd902fcf5bd5e5bad9bb,3,glp1_cardiovascular,d76ccd902fcf5bd5e5bad9bb,406,hazard_ratio,0.761,0.616,0.94,ratio,log_hazard_ratio,-0.2731219211204512,0.10781649945208285,0.011624397554100982,true,true,true,false,false,false,provisional_unverified
MA-03-a848b1bc8856fb33e9f71ce1,3,glp1_cardiovascular,a848b1bc8856fb33e9f71ce1,409,hazard_ratio,0.09,0.01,0.66,ratio,log_hazard_ratio,-2.4079456086518722,1.0688091146250358,1.142352923505553,true,true,true,false,false,false,provisional_unverified
MA-03-84d61522faff61de271af4f1,3,glp1_cardiovascular,84d61522faff61de271af4f1,413,hazard_ratio,0.78,0.71,0.85,ratio,log_hazard_ratio,-0.2484613592984996,0.04591190982808673,0.002107903464062367,true,true,true,false,false,false,provisional_unverified
MA-03-91e3c89e7fb8ff866447d891,3,glp1_cardiovascular,91e3c89e7fb8ff866447d891,415,hazard_ratio,0.78,0.74,0.83,ratio,log_hazard_ratio,-0.2484613592984996,0.02928000603525441,0.0008573187534245347,true,true,true,false,false,false,provisional_unverified
MA-03-a6664cb049e9c8b5f99272b5,3,glp1_cardiovascular,a6664cb049e9c8b5f99272b5,417,hazard_ratio,0.64,0.46,0.88,ratio,log_hazard_ratio,-0.4462871026284195,0.16548656585170393,0.027385803477390343,true,true,true,false,false,false,provisional_unverified
MA-03-166c81aea5fdc72f4449a5e5,3,glp1_cardiovascular,166c81aea5fdc72f4449a5e5,421,hazard_ratio,0.87,0.78,0.97,ratio,log_hazard_ratio,-0.13926206733350766,0.05561381574696377,0.0030928965019372356,true,true,true,false,false,false,provisional_unverified
MA-03-eabc8432b2b717d1535f80a7,3,glp1_cardiovascular,eabc8432b2b717d1535f80a7,422,hazard_ratio,0.48,0.31,0.75,ratio,log_hazard_ratio,-0.7339691750802004,0.2253870265015344,0.05079931171520336,true,true,true,false,false,false,provisional_unverified
MA-03-8a176b7941d4d84a4f7e8e76,3,glp1_cardiovascular,8a176b7941d4d84a4f7e8e76,427,hazard_ratio,0.87,0.77,0.98,ratio,log_hazard_ratio,-0.13926206733350766,0.06152206334380213,0.0037849642780788013,true,true,true,false,false,false,provisional_unverified
MA-03-ac0c2c2f701ba249fb59c4d6,3,glp1_cardiovascular,ac0c2c2f701ba249fb59c4d6,435,hazard_ratio,1.09,1.0,1.18,ratio,log_hazard_ratio,0.08617769624105241,0.042223846913292826,0.001782853248157188,true,true,true,false,false,false,provisional_unverified
MA-03-2a9a3c4615461df0b2477882,3,glp1_cardiovascular,2a9a3c4615461df0b2477882,441,hazard_ratio,0.77,0.66,0.91,ratio,log_hazard_ratio,-0.2613647641344075,0.08194149663566441,0.006714408870892603,true,true,true,false,false,false,provisional_unverified
MA-03-65de72286aa9e38d93c4c0d5,3,glp1_cardiovascular,65de72286aa9e38d93c4c0d5,443,hazard_ratio,0.75,0.64,0.88,ratio,log_hazard_ratio,-0.2876820724517809,0.0812396895122709,0.006599887152050178,true,true,true,false,false,false,provisional_unverified
MA-03-cbf9de90e4ce1e267909677a,3,glp1_cardiovascular,cbf9de90e4ce1e267909677a,447,hazard_ratio,0.88,0.84,0.93,ratio,log_hazard_ratio,-0.12783337150988489,0.025965450159490516,0.000674204601984986,true,true,true,false,false,false,provisional_unverified
MA-03-bcb01284511b6316440da28f,3,glp1_cardiovascular,bcb01284511b6316440da28f,448,hazard_ratio,1.659,1.32,2.085,ratio,log_hazard_ratio,0.5062150112083075,0.11661875479813008,0.013599933970666387,true,true,true,false,false,false,provisional_unverified
MA-03-3bdb8f33d6855858df17a5da,3,glp1_cardiovascular,3bdb8f33d6855858df17a5da,451,hazard_ratio,0.86,0.82,0.91,ratio,log_hazard_ratio,-0.15082288973458366,0.026566880839148602,0.0007057991575215211,true,true,true,false,false,false,provisional_unverified
MA-03-5e4081f7758b4ab46370304e,3,glp1_cardiovascular,5e4081f7758b4ab46370304e,454,hazard_ratio,0.8,0.69,0.92,ratio,log_hazard_ratio,-0.2231435513142097,0.073389632340436,0.005386038135064369,true,true,true,false,false,false,provisional_unverified
MA-03-797eafa92d52c9ec24bd6464,3,glp1_cardiovascular,797eafa92d52c9ec24bd6464,458,hazard_ratio,0.65,0.55,0.76,ratio,log_hazard_ratio,-0.4307829160924542,0.08250155553999954,0.006806506666519628,true,true,true,false,false,false,provisional_unverified
MA-03-68d789579b8f0695313589fd,3,glp1_cardiovascular,68d789579b8f0695313589fd,462,hazard_ratio,0.76,0.62,0.92,ratio,log_hazard_ratio,-0.2744368457017603,0.10067893979607043,0.010136248918460773,true,true,true,false,false,false,provisional_unverified
MA-03-3ccab4c7243d569b392a6704,3,glp1_cardiovascular,3ccab4c7243d569b392a6704,466,hazard_ratio,0.88,0.74,1.03,ratio,log_hazard_ratio,-0.12783337150988489,0.08435458448055697,0.007115695922887422,true,true,true,false,false,false,provisional_unverified
MA-03-2d4a0c4f1d502ee6c80419ac,3,glp1_cardiovascular,2d4a0c4f1d502ee6c80419ac,469,hazard_ratio,0.43,0.38,0.49,ratio,log_hazard_ratio,-0.843970070294529,0.06485683930664218,0.004206409604847606,true,true,true,false,false,false,provisional_unverified
MA-03-dd106c26705af7695fa5b3c4,3,glp1_cardiovascular,dd106c26705af7695fa5b3c4,470,hazard_ratio,0.708,0.583,0.859,ratio,log_hazard_ratio,-0.34531118528841737,0.09887470858927978,0.009776207998614997,true,true,true,false,false,false,provisional_unverified
MA-03-8f47fe540c753b4b61716190,3,glp1_cardiovascular,8f47fe540c753b4b61716190,471,hazard_ratio,1.513,1.208,1.896,ratio,log_hazard_ratio,0.4140944348062188,0.11499708869038013,0.013224330407263153,true,true,true,false,false,false,provisional_unverified
MA-03-e0cb28fa8f1443abe462d129,3,glp1_cardiovascular,e0cb28fa8f1443abe462d129,472,hazard_ratio,0.88,0.79,0.99,ratio,log_hazard_ratio,-0.12783337150988489,0.057570445030531256,0.003314356141013421,true,true,true,false,false,false,provisional_unverified
MA-03-e98f2f42e91d5a213e7b6aed,3,glp1_cardiovascular,e98f2f42e91d5a213e7b6aed,473,hazard_ratio,1.04,0.93,1.15,ratio,log_hazard_ratio,0.03922071315328133,0.05416748391420627,0.002934116313595795,true,true,true,false,false,false,provisional_unverified
MA-03-5beaefea195253f7c7799b31,3,glp1_cardiovascular,5beaefea195253f7c7799b31,474,hazard_ratio,0.84,0.79,0.9,ratio,log_hazard_ratio,-0.1743533871447778,0.0332561768714938,0.0011059733001080791,true,true,true,false,false,false,provisional_unverified
MA-03-f4ddc5045d48def978e227db,3,glp1_cardiovascular,f4ddc5045d48def978e227db,475,hazard_ratio,0.78,0.66,0.93,ratio,log_hazard_ratio,-0.2484613592984996,0.08748751350329263,0.00765406501898881,true,true,true,false,false,false,provisional_unverified
MA-03-99b67099c439f859579c8a14,3,glp1_cardiovascular,99b67099c439f859579c8a14,476,hazard_ratio,0.93,0.82,1.06,ratio,log_hazard_ratio,-0.07257069283483537,0.06549096026069548,0.004289065875867994,true,true,true,false,false,false,provisional_unverified
MA-03-661ec419fcb3223bdb9c3644,3,glp1_cardiovascular,661ec419fcb3223bdb9c3644,480,hazard_ratio,0.87,0.79,0.95,ratio,log_hazard_ratio,-0.13926206733350766,0.04704908880680258,0.0022136167575503955,true,true,true,false,false,false,provisional_unverified
MA-03-781111488005d16ee84d6395,3,glp1_cardiovascular,781111488005d16ee84d6395,489,hazard_ratio,0.76,0.62,0.92,ratio,log_hazard_ratio,-0.2744368457017603,0.10067893979607043,0.010136248918460773,true,true,true,false,false,false,provisional_unverified
MA-03-8bf311e3d81a4650575ab7a6,3,glp1_cardiovascular,8bf311e3d81a4650575ab7a6,493,hazard_ratio,0.51,0.3,0.86,ratio,log_hazard_ratio,-0.6733445532637656,0.268665629291779,0.07218122036274763,true,true,true,false,false,false,provisional_unverified
MA-03-d29d1eb45ced12318155c694,3,glp1_cardiovascular,d29d1eb45ced12318155c694,498,hazard_ratio,1.61,1.28,2.01,ratio,log_hazard_ratio,0.4762341789963717,0.11512319810441807,0.013253350741789087,true,true,true,false,false,false,provisional_unverified
MA-03-17060e2247d83eb6c030c25e,3,glp1_cardiovascular,17060e2247d83eb6c030c25e,505,hazard_ratio,0.62,0.46,0.83,ratio,log_hazard_ratio,-0.4780358009429998,0.15056378993770264,0.022669454840404647,true,true,true,false,false,false,provisional_unverified
MA-03-3d73ac735e2aeda0d76ffa81,3,glp1_cardiovascular,3d73ac735e2aeda0d76ffa81,506,hazard_ratio,0.79,0.69,0.91,ratio,log_hazard_ratio,-0.23572233352106983,0.07060155291183491,0.004984579273562624,true,true,true,false,false,false,provisional_unverified
MA-03-ce7046b789b30136131b3eb3,3,glp1_cardiovascular,ce7046b789b30136131b3eb3,508,hazard_ratio,0.84,0.79,0.89,ratio,log_hazard_ratio,-0.1743533871447778,0.030405792709779913,0.0009245122303101052,true,true,true,false,false,false,provisional_unverified
MA-03-222489f55c24a68031987314,3,glp1_cardiovascular,222489f55c24a68031987314,509,hazard_ratio,0.62,0.49,0.77,ratio,log_hazard_ratio,-0.4780358009429998,0.11530444623173138,0.013295115320806232,true,true,true,false,false,false,provisional_unverified
MA-03-abcb302a351f63829c5d27cd,3,glp1_cardiovascular,abcb302a351f63829c5d27cd,512,hazard_ratio,2.91,1.3,6.59,ratio,log_hazard_ratio,1.0681530811834012,0.4140864569069721,0.17146759379376966,true,true,true,false,false,false,provisional_unverified
MA-03-55484628a4052d6db565205d,3,glp1_cardiovascular,55484628a4052d6db565205d,514,hazard_ratio,0.87,0.78,0.97,ratio,log_hazard_ratio,-0.13926206733350766,0.05561381574696377,0.0030928965019372356,true,true,true,false,false,false,provisional_unverified
MA-03-de1bf05deed7347f8032fc75,3,glp1_cardiovascular,de1bf05deed7347f8032fc75,519,hazard_ratio,2.25,1.47,3.52,ratio,log_hazard_ratio,0.8109302162163288,0.22275883529162777,0.04962149870048255,true,true,true,false,false,false,provisional_unverified
MA-03-3b5fdcb2dda1a03595e6adde,3,glp1_cardiovascular,3b5fdcb2dda1a03595e6adde,521,hazard_ratio,0.76,0.59,0.99,ratio,log_hazard_ratio,-0.2744368457017603,0.1320387543627063,0.01743423265365509,true,true,true,false,false,false,provisional_unverified
MA-03-f21949fbb4cc2a7345c28775,3,glp1_cardiovascular,f21949fbb4cc2a7345c28775,523,hazard_ratio,0.66,0.45,0.96,ratio,log_hazard_ratio,-0.4155154439616658,0.19329072056273602,0.037361302655661704,true,true,true,false,false,false,provisional_unverified
MA-03-a084c3a52175b7f11a21a74b,3,glp1_cardiovascular,a084c3a52175b7f11a21a74b,524,hazard_ratio,0.88,0.85,0.92,ratio,log_hazard_ratio,-0.12783337150988489,0.020188462947010512,0.0004075740361628164,true,true,true,false,false,false,provisional_unverified
MA-03-195b872fe69ec78dc441ed03,3,glp1_cardiovascular,195b872fe69ec78dc441ed03,527,hazard_ratio,0.444,0.215,0.918,ratio,log_hazard_ratio,-0.8119307165499123,0.37030256013440627,0.13712398604209558,true,true,true,false,false,false,provisional_unverified
MA-03-e74dced1ea878ca12a44f35a,3,glp1_cardiovascular,e74dced1ea878ca12a44f35a,532,hazard_ratio,0.83,0.76,0.91,ratio,log_hazard_ratio,-0.18632957819149348,0.04595139697752899,0.00211153088418646,true,true,true,false,false,false,provisional_unverified
MA-03-e17c372ec22494a1c4c30014,3,glp1_cardiovascular,e17c372ec22494a1c4c30014,534,hazard_ratio,0.79,0.57,1.11,ratio,log_hazard_ratio,-0.23572233352106983,0.17002326030857837,0.0289079090459586,true,true,true,false,false,false,provisional_unverified
MA-03-13c65484be3acbcfe91bc4a1,3,glp1_cardiovascular,13c65484be3acbcfe91bc4a1,535,hazard_ratio,0.49,0.37,0.65,ratio,log_hazard_ratio,-0.7133498878774648,0.14374482431717805,0.020662574517976384,true,true,true,false,false,false,provisional_unverified
MA-03-ec1ce7b89efb94f8e5ae9bb3,3,glp1_cardiovascular,ec1ce7b89efb94f8e5ae9bb3,536,hazard_ratio,0.76,0.7,0.83,ratio,log_hazard_ratio,-0.2744368457017603,0.043456248964496666,0.0018884455740643174,true,true,true,false,false,false,provisional_unverified
MA-03-5c8806a9fe07ba76743fce65,3,glp1_cardiovascular,5c8806a9fe07ba76743fce65,537,hazard_ratio,0.745,0.679,0.816,ratio,log_hazard_ratio,-0.29437106060257756,0.04688688895692684,0.002198380356059188,true,true,true,false,false,false,provisional_unverified
MA-03-cc79d76af417bb75e47d9a5d,3,glp1_cardiovascular,cc79d76af417bb75e47d9a5d,539,hazard_ratio,1.1,1.03,1.17,ratio,log_hazard_ratio,0.09531017980432493,0.03251206337804923,0.00105703426509829,true,true,true,false,false,false,provisional_unverified
MA-03-5902128699a1bdbe99920d67,3,glp1_cardiovascular,5902128699a1bdbe99920d67,542,hazard_ratio,0.681,0.635,0.731,ratio,log_hazard_ratio,-0.3841929728326246,0.03591608365449779,0.0012899650650768835,true,true,true,false,false,false,provisional_unverified
MA-03-faaeffcbc390a4421986b7e1,3,glp1_cardiovascular,faaeffcbc390a4421986b7e1,543,hazard_ratio,0.92,0.83,1.01,ratio,log_hazard_ratio,-0.08338160893905101,0.05007232545926672,0.0025072377768987305,true,true,true,false,false,false,provisional_unverified
MA-03-91daeee18a98074e0a98cccc,3,glp1_cardiovascular,91daeee18a98074e0a98cccc,544,hazard_ratio,1.05,0.79,1.39,ratio,log_hazard_ratio,0.04879016416943205,0.14414195493399976,0.020776903172195216,true,true,true,false,false,false,provisional_unverified
MA-03-16b97c48bcccec8747dc4c98,3,glp1_cardiovascular,16b97c48bcccec8747dc4c98,546,hazard_ratio,3.12,2.24,4.349,ratio,log_hazard_ratio,1.1378330018213911,0.16925567841601177,0.028647484676064393,true,true,true,false,false,false,provisional_unverified
MA-03-f4f96906f972135eca406667,3,glp1_cardiovascular,f4f96906f972135eca406667,549,hazard_ratio,0.89,0.84,0.94,ratio,log_hazard_ratio,-0.11653381625595151,0.02869389037602279,0.0008233393449112133,true,true,true,false,false,false,provisional_unverified
MA-03-43dede18fea31daa33a94ab7,3,glp1_cardiovascular,43dede18fea31daa33a94ab7,550,hazard_ratio,0.8,0.72,0.9,ratio,log_hazard_ratio,-0.2231435513142097,0.05692542135323345,0.0032405035962431673,true,true,true,false,false,false,provisional_unverified
MA-03-e78fcdd965e05e7360cc3c67,3,glp1_cardiovascular,e78fcdd965e05e7360cc3c67,554,hazard_ratio,0.6,0.43,0.84,ratio,log_hazard_ratio,-0.5108256237659907,0.17082372136212762,0.029180743780005815,true,true,true,false,false,false,provisional_unverified
MA-03-4bafd63f4f782d7baf9e4b9d,3,glp1_cardiovascular,4bafd63f4f782d7baf9e4b9d,556,hazard_ratio,0.77,0.62,0.95,ratio,log_hazard_ratio,-0.2613647641344075,0.10886488474317377,0.011851563130144509,true,true,true,false,false,false,provisional_unverified
MA-03-8316035d23462339640825f2,3,glp1_cardiovascular,8316035d23462339640825f2,559,hazard_ratio,0.56,0.47,0.66,ratio,log_hazard_ratio,-0.579818495252942,0.08661055585570859,0.007501388385634818,true,true,true,false,false,false,provisional_unverified
MA-03-8403e4c1470c6ca81a1ece0a,3,glp1_cardiovascular,8403e4c1470c6ca81a1ece0a,566,hazard_ratio,0.87,0.81,0.92,ratio,log_hazard_ratio,-0.13926206733350766,0.03248514344677725,0.0010552845447576948,true,true,true,false,false,false,provisional_unverified
MA-03-bc7d1b42deee9564045dc8c8,3,glp1_cardiovascular,bc7d1b42deee9564045dc8c8,571,hazard_ratio,0.74,0.61,0.9,ratio,log_hazard_ratio,-0.3011050927839216,0.09922014109055827,0.00984463639803029,true,true,true,false,false,false,provisional_unverified
MA-03-c6672f839856b06cf2d2480b,3,glp1_cardiovascular,c6672f839856b06cf2d2480b,574,hazard_ratio,0.74,0.63,0.88,ratio,log_hazard_ratio,-0.3011050927839216,0.08525720133706977,0.007268790379829651,true,true,true,false,false,false,provisional_unverified
MA-03-1f7f29829a222d89cbf4c2f7,3,glp1_cardiovascular,1f7f29829a222d89cbf4c2f7,578,hazard_ratio,0.39,0.31,0.5,ratio,log_hazard_ratio,-0.941608539858445,0.12195014926643684,0.014871838906106225,true,true,true,false,false,false,provisional_unverified
MA-03-06285d934eb4db03498963b9,3,glp1_cardiovascular,06285d934eb4db03498963b9,580,hazard_ratio,0.72,0.56,0.93,ratio,log_hazard_ratio,-0.3285040669720361,0.129402327394588,0.016744962335136143,true,true,true,false,false,false,provisional_unverified
MA-03-f644236c74d5288383f2995e,3,glp1_cardiovascular,f644236c74d5288383f2995e,584,hazard_ratio,0.88,0.79,0.99,ratio,log_hazard_ratio,-0.12783337150988489,0.057570445030531256,0.003314356141013421,true,true,true,false,false,false,provisional_unverified
MA-03-4fb782d4a85131039d1699a4,3,glp1_cardiovascular,4fb782d4a85131039d1699a4,585,hazard_ratio,0.46,0.27,0.8,ratio,log_hazard_ratio,-0.7765287894989963,0.2770943183745413,0.07678126127545165,true,true,true,false,false,false,provisional_unverified
MA-03-fe061b1b2c1c6eb9f029799f,3,glp1_cardiovascular,fe061b1b2c1c6eb9f029799f,595,hazard_ratio,0.73,0.63,0.85,ratio,log_hazard_ratio,-0.31471074483970024,0.07640868211388882,0.0058382867023813135,true,true,true,false,false,false,provisional_unverified
MA-03-d4726bfe4281606dc07a32d4,3,glp1_cardiovascular,d4726bfe4281606dc07a32d4,596,hazard_ratio,0.85,0.73,0.99,ratio,log_hazard_ratio,-0.16251892949777494,0.07772092022846369,0.006040541441159217,true,true,true,false,false,false,provisional_unverified
MA-03-8b1c658bd35c650dec8abc45,3,glp1_cardiovascular,8b1c658bd35c650dec8abc45,599,hazard_ratio,0.47,0.21,0.99,ratio,log_hazard_ratio,-0.7550225842780328,0.3955678330423624,0.1564739105378303,true,true,true,false,false,false,provisional_unverified
MA-03-af098f8607466136e393c60b,3,glp1_cardiovascular,af098f8607466136e393c60b,600,hazard_ratio,0.86,0.71,1.04,ratio,log_hazard_ratio,-0.15082288973458366,0.09737705006595662,0.009482289879547823,true,true,true,false,false,false,provisional_unverified
MA-03-3f19a6b810345e3362207545,3,glp1_cardiovascular,3f19a6b810345e3362207545,602,hazard_ratio,0.7,0.57,0.85,ratio,log_hazard_ratio,-0.35667494393873245,0.10194064579955554,0.01039189526603044,true,true,true,false,false,false,provisional_unverified
MA-03-4f84e0ec2a04392dac7d4489,3,glp1_cardiovascular,4f84e0ec2a04392dac7d4489,608,hazard_ratio,0.95,0.91,0.99,ratio,log_hazard_ratio,-0.05129329438755058,0.021495380599433126,0.000462051387114486,true,true,true,false,false,false,provisional_unverified
MA-03-2d65e49db73a7b133401fdfe,3,glp1_cardiovascular,2d65e49db73a7b133401fdfe,609,hazard_ratio,1.15,1.03,1.29,ratio,log_hazard_ratio,0.13976194237515863,0.05742029392056834,0.0032970901539244577,true,true,true,false,false,false,provisional_unverified
MA-03-02b669b03cfea9f51e2136f5,3,glp1_cardiovascular,02b669b03cfea9f51e2136f5,611,hazard_ratio,0.84,0.76,0.93,ratio,log_hazard_ratio,-0.1743533871447778,0.05149741384515721,0.002651983632739389,true,true,true,false,false,false,provisional_unverified
MA-03-a7ac1e85f7c83390547425a7,3,glp1_cardiovascular,a7ac1e85f7c83390547425a7,612,hazard_ratio,0.76,0.72,0.81,ratio,log_hazard_ratio,-0.2744368457017603,0.03004724489466162,0.0009028369257597688,true,true,true,false,false,false,provisional_unverified
MA-03-c517755336e34b5104f3f80d,3,glp1_cardiovascular,c517755336e34b5104f3f80d,613,hazard_ratio,0.88,0.79,0.99,ratio,log_hazard_ratio,-0.12783337150988489,0.057570445030531256,0.003314356141013421,true,true,true,false,false,false,provisional_unverified
MA-03-11585dfe6c908a0e88801813,3,glp1_cardiovascular,11585dfe6c908a0e88801813,615,hazard_ratio,0.78,0.63,0.96,ratio,log_hazard_ratio,-0.2484613592984996,0.10745438905989642,0.011546445728235587,true,true,true,false,false,false,provisional_unverified
MA-03-19a410cc36025205b48f09dd,3,glp1_cardiovascular,19a410cc36025205b48f09dd,617,hazard_ratio,0.5,0.38,0.65,ratio,log_hazard_ratio,-0.6931471805599453,0.13694157505022286,0.018752994977235822,true,true,true,false,false,false,provisional_unverified
MA-03-6e4cf77ce6cc62ddb35a2c97,3,glp1_cardiovascular,6e4cf77ce6cc62ddb35a2c97,619,hazard_ratio,0.72,0.69,0.75,ratio,log_hazard_ratio,-0.3285040669720361,0.02127120947036646,0.0004524643523322078,true,true,true,false,false,false,provisional_unverified
MA-03-c7a0bd98e33c763122af8bb4,3,glp1_cardiovascular,c7a0bd98e33c763122af8bb4,623,hazard_ratio,0.64,0.45,0.92,ratio,log_hazard_ratio,-0.4462871026284195,0.18243347656373893,0.033281973371132284,true,true,true,false,false,false,provisional_unverified
MA-03-50f0f26cc0640e737590734f,3,glp1_cardiovascular,50f0f26cc0640e737590734f,626,hazard_ratio,0.88,0.81,0.97,ratio,log_hazard_ratio,-0.12783337150988489,0.04598600414416445,0.00211471257714711,true,true,true,false,false,false,provisional_unverified
MA-03-b45ee697950c808235e9b4d8,3,glp1_cardiovascular,b45ee697950c808235e9b4d8,627,hazard_ratio,0.9,0.83,0.97,ratio,log_hazard_ratio,-0.10536051565782628,0.03976358033521803,0.0015811423210753378,true,true,true,false,false,false,provisional_unverified
MA-03-4e841b351cb98b81ff0a7e83,3,glp1_cardiovascular,4e841b351cb98b81ff0a7e83,629,hazard_ratio,0.9,0.85,0.95,ratio,log_hazard_ratio,-0.10536051565782628,0.028374407894113867,0.0008051070233415513,true,true,true,false,false,false,provisional_unverified
MA-03-8952fcc1df198e61886ca054,3,glp1_cardiovascular,8952fcc1df198e61886ca054,630,hazard_ratio,1.01,0.76,1.34,ratio,log_hazard_ratio,0.009950330853168092,0.14467267361488367,0.02093018249087866,true,true,true,false,false,false,provisional_unverified
MA-03-b838d0c548b9b2ef8ad4a555,3,glp1_cardiovascular,b838d0c548b9b2ef8ad4a555,632,hazard_ratio,0.303,0.239,0.385,ratio,log_hazard_ratio,-1.194022473472768,0.12162973047388925,0.014793791335150944,true,true,true,false,false,false,provisional_unverified
MA-03-d9f643b731efa2ca0b76522b,3,glp1_cardiovascular,d9f643b731efa2ca0b76522b,633,hazard_ratio,0.73,0.57,0.93,ratio,log_hazard_ratio,-0.31471074483970024,0.12488704618559318,0.015596774304962485,true,true,true,false,false,false,provisional_unverified
MA-03-5474e60182595aca1038ce52,3,glp1_cardiovascular,5474e60182595aca1038ce52,636,hazard_ratio,0.68,0.6,0.76,ratio,log_hazard_ratio,-0.3856624808119846,0.0603043678171729,0.003636616777828879,true,true,true,false,false,false,provisional_unverified
MA-03-5028e53e10f000e53137b6f6,3,glp1_cardiovascular,5028e53e10f000e53137b6f6,640,hazard_ratio,0.63,0.41,0.95,ratio,log_hazard_ratio,-0.4620354595965587,0.21436741479038654,0.04595338852391363,true,true,true,false,false,false,provisional_unverified
MA-03-8d595a0f3f94f04358cf52a3,3,glp1_cardiovascular,8d595a0f3f94f04358cf52a3,642,hazard_ratio,0.79,0.69,0.91,ratio,log_hazard_ratio,-0.23572233352106983,0.07060155291183491,0.004984579273562624,true,true,true,false,false,false,provisional_unverified
MA-03-09e0ee23e2bba8184b324ac0,3,glp1_cardiovascular,09e0ee23e2bba8184b324ac0,645,hazard_ratio,0.77,0.68,0.88,ratio,log_hazard_ratio,-0.2613647641344075,0.06577394057641438,0.00432621125894969,true,true,true,false,false,false,provisional_unverified
MA-03-e0cab1d0eb60de9ae9cbc401,3,glp1_cardiovascular,e0cab1d0eb60de9ae9cbc401,649,hazard_ratio,0.73,0.54,0.99,ratio,log_hazard_ratio,-0.31471074483970024,0.15462932185270684,0.023910227176628,true,true,true,false,false,false,provisional_unverified
MA-03-f17f172028f528cc09e2cd0f,3,glp1_cardiovascular,f17f172028f528cc09e2cd0f,650,hazard_ratio,0.49,0.37,0.64,ratio,log_hazard_ratio,-0.7133498878774648,0.13978960201251828,0.019541132830818254,true,true,true,false,false,false,provisional_unverified
MA-03-f4fd21b2a4861c7caa2c817a,3,glp1_cardiovascular,f4fd21b2a4861c7caa2c817a,651,hazard_ratio,0.67,0.56,0.81,ratio,log_hazard_ratio,-0.40047756659712525,0.09415924650878363,0.008865963703101882,true,true,true,false,false,false,provisional_unverified
MA-03-de8d75bd85d559db30a2feec,3,glp1_cardiovascular,de8d75bd85d559db30a2feec,652,hazard_ratio,0.59,0.47,0.75,ratio,log_hazard_ratio,-0.527632742082372,0.11922170904990456,0.014213815908780096,true,true,true,false,false,false,provisional_unverified
MA-03-659c64c7c0b38c73c5cde74e,3,glp1_cardiovascular,659c64c7c0b38c73c5cde74e,653,hazard_ratio,0.65,0.52,0.8,ratio,log_hazard_ratio,-0.4307829160924542,0.1098956204018071,0.012077047383498081,true,true,true,false,false,false,provisional_unverified
MA-03-4b28819d52da8b88f0f41725,3,glp1_cardiovascular,4b28819d52da8b88f0f41725,654,hazard_ratio,0.98,0.87,1.1,ratio,log_hazard_ratio,-0.020202707317519466,0.059840958555388915,0.003580940320827774,true,true,true,false,false,false,provisional_unverified
MA-03-d71e9526a5338d4e8aea52cf,3,glp1_cardiovascular,d71e9526a5338d4e8aea52cf,659,hazard_ratio,0.72,0.55,0.94,ratio,log_hazard_ratio,-0.3285040669720361,0.136727409601689,0.018694384536388036,true,true,true,false,false,false,provisional_unverified
MA-03-f5a66938b816bbdc0597b5bd,3,glp1_cardiovascular,f5a66938b816bbdc0597b5bd,663,hazard_ratio,0.74,0.58,0.95,ratio,log_hazard_ratio,-0.3011050927839216,0.12587830310818593,0.015845347193396333,true,true,true,false,false,false,provisional_unverified
MA-03-eedc33417d5c046e20e9587f,3,glp1_cardiovascular,eedc33417d5c046e20e9587f,672,hazard_ratio,0.76,0.58,1.0,ratio,log_hazard_ratio,-0.2744368457017603,0.13896356763144901,0.019310873128860304,true,true,true,false,false,false,provisional_unverified
MA-03-e63ace53a9e786555770e981,3,glp1_cardiovascular,e63ace53a9e786555770e981,676,hazard_ratio,0.8,0.72,0.9,ratio,log_hazard_ratio,-0.2231435513142097,0.05692542135323345,0.0032405035962431673,true,true,true,false,false,false,provisional_unverified
MA-03-84c17a1dfa49b74d9149fe01,3,glp1_cardiovascular,84c17a1dfa49b74d9149fe01,678,hazard_ratio,0.83,0.74,0.92,ratio,log_hazard_ratio,-0.18632957819149348,0.05554272567308524,0.003084994375195602,true,true,true,false,false,false,provisional_unverified
MA-03-45961a128bdd7c6468dcf1a9,3,glp1_cardiovascular,45961a128bdd7c6468dcf1a9,679,hazard_ratio,0.9,0.82,0.98,ratio,log_hazard_ratio,-0.10536051565782628,0.0454723231682618,0.002067732174318839,true,true,true,false,false,false,provisional_unverified
MA-03-edba067d5ccdc617a05fb4fa,3,glp1_cardiovascular,edba067d5ccdc617a05fb4fa,680,hazard_ratio,0.68,0.51,0.9,ratio,log_hazard_ratio,-0.3856624808119846,0.14489654965247448,0.020995010101192,true,true,true,false,false,false,provisional_unverified
MA-03-2549392e3773f9337e7daa33,3,glp1_cardiovascular,2549392e3773f9337e7daa33,681,hazard_ratio,0.66,0.45,0.96,ratio,log_hazard_ratio,-0.4155154439616658,0.19329072056273602,0.037361302655661704,true,true,true,false,false,false,provisional_unverified
MA-03-f7f79df687c6a7e07a810a5b,3,glp1_cardiovascular,f7f79df687c6a7e07a810a5b,685,hazard_ratio,0.64,0.46,0.88,ratio,log_hazard_ratio,-0.4462871026284195,0.16548656585170393,0.027385803477390343,true,true,true,false,false,false,provisional_unverified
MA-03-9d1a0bce537ad8f1412fad76,3,glp1_cardiovascular,9d1a0bce537ad8f1412fad76,689,hazard_ratio,0.67,0.631,0.711,ratio,log_hazard_ratio,-0.40047756659712525,0.030451214461994194,0.0009272764622103644,true,true,true,false,false,false,provisional_unverified
MA-03-3495c216a19a5dc0a39779c7,3,glp1_cardiovascular,3495c216a19a5dc0a39779c7,696,hazard_ratio,0.54,0.41,0.7,ratio,log_hazard_ratio,-0.616186139423817,0.13646250124095569,0.018622014244937833,true,true,true,false,false,false,provisional_unverified
MA-03-9ec88b7b802589b806330885,3,glp1_cardiovascular,9ec88b7b802589b806330885,697,hazard_ratio,1.86,1.45,2.41,ratio,log_hazard_ratio,0.62057648772511,0.1296103385260184,0.016798839852829085,true,true,true,false,false,false,provisional_unverified
MA-03-23473d5596fa89518f98bc8b,3,glp1_cardiovascular,23473d5596fa89518f98bc8b,698,hazard_ratio,0.84,0.74,0.95,ratio,log_hazard_ratio,-0.1743533871447778,0.0637286706201886,0.004061343459016489,true,true,true,false,false,false,provisional_unverified
MA-03-9792961f48a338200a3ed801,3,glp1_cardiovascular,9792961f48a338200a3ed801,699,hazard_ratio,0.68,0.49,0.94,ratio,log_hazard_ratio,-0.3856624808119846,0.1661955243305808,0.027620952307516673,true,true,true,false,false,false,provisional_unverified
MA-03-18de9c9efa94021598cb5b40,3,glp1_cardiovascular,18de9c9efa94021598cb5b40,701,hazard_ratio,0.89,0.85,0.93,ratio,log_hazard_ratio,-0.11653381625595151,0.02294640038603765,0.0005265372906763488,true,true,true,false,false,false,provisional_unverified
MA-03-fd4d29c703c7459cd4ee2654,3,glp1_cardiovascular,fd4d29c703c7459cd4ee2654,702,hazard_ratio,0.77,0.72,0.83,ratio,log_hazard_ratio,-0.2613647641344075,0.03626966870360804,0.0013154888678694845,true,true,true,false,false,false,provisional_unverified
MA-03-ac18ce1c18309c987dbc679a,3,glp1_cardiovascular,ac18ce1c18309c987dbc679a,703,hazard_ratio,0.46,0.24,0.89,ratio,log_hazard_ratio,-0.7765287894989963,0.33433842400215064,0.11178218176424186,true,true,true,false,false,false,provisional_unverified
MA-03-20b899259dba1725f82cd937,3,glp1_cardiovascular,20b899259dba1725f82cd937,705,hazard_ratio,0.76,0.66,0.88,ratio,log_hazard_ratio,-0.2744368457017603,0.07338963234043595,0.005386038135064363,true,true,true,false,false,false,provisional_unverified
MA-03-bfc96ce9d73c70dc5029eb86,3,glp1_cardiovascular,bfc96ce9d73c70dc5029eb86,714,hazard_ratio,0.87,0.8,0.95,ratio,log_hazard_ratio,-0.13926206733350766,0.043840156829970355,0.0019219593508763963,true,true,true,false,false,false,provisional_unverified
MA-03-77894e6737af38820c4bafaa,3,glp1_cardiovascular,77894e6737af38820c4bafaa,718,hazard_ratio,0.7,0.54,0.91,ratio,log_hazard_ratio,-0.35667494393873245,0.1331339412532737,0.017724646313630136,true,true,true,false,false,false,provisional_unverified
MA-03-708e8218f6bba818c4668a9d,3,glp1_cardiovascular,708e8218f6bba818c4668a9d,720,hazard_ratio,1.83,1.38,2.42,ratio,log_hazard_ratio,0.6043159668533296,0.14328937812887735,0.020531845884560394,true,true,true,false,false,false,provisional_unverified
MA-03-b888579da52df070fca9c60c,3,glp1_cardiovascular,b888579da52df070fca9c60c,721,hazard_ratio,1.0,0.89,1.13,ratio,log_hazard_ratio,0.0,0.06090710106497915,0.0037096749601395846,true,true,true,false,false,false,provisional_unverified
MA-03-1a224d8b723868435138959e,3,glp1_cardiovascular,1a224d8b723868435138959e,722,hazard_ratio,0.86,0.81,0.91,ratio,log_hazard_ratio,-0.15082288973458366,0.029697064018176164,0.0008819156112996534,true,true,true,false,false,false,provisional_unverified
MA-03-95dcc5699f5bed2dda063c27,3,glp1_cardiovascular,95dcc5699f5bed2dda063c27,723,hazard_ratio,1.33,0.73,2.39,ratio,log_hazard_ratio,0.28517894223366247,0.3025576286447529,0.09154111865113619,true,true,true,false,false,false,provisional_unverified
MA-03-eb449e2f49d512353922eaf1,3,glp1_cardiovascular,eb449e2f49d512353922eaf1,729,hazard_ratio,0.76,0.6,0.96,ratio,log_hazard_ratio,-0.2744368457017603,0.11990108822230007,0.014376270956891785,true,true,true,false,false,false,provisional_unverified
MA-03-0472647c2920ae1d6269b1aa,3,glp1_cardiovascular,0472647c2920ae1d6269b1aa,736,hazard_ratio,0.74,0.62,0.89,ratio,log_hazard_ratio,-0.3011050927839216,0.09222158864615111,0.008504821412419908,true,true,true,false,false,false,provisional_unverified
MA-03-122db7278837507b5e4ff585,3,glp1_cardiovascular,122db7278837507b5e4ff585,737,hazard_ratio,1.95,1.27,2.99,ratio,log_hazard_ratio,0.6678293725756554,0.218436791105892,0.0477146317086391,true,true,true,false,false,false,provisional_unverified
MA-03-1417ead2d18586b98660c9d6,3,glp1_cardiovascular,1417ead2d18586b98660c9d6,738,hazard_ratio,0.63,0.34,1.17,ratio,log_hazard_ratio,-0.4620354595965587,0.31526431606129834,0.09939158898159822,true,true,true,false,false,false,provisional_unverified
MA-03-07de002fd19344660a181428,3,glp1_cardiovascular,07de002fd19344660a181428,740,hazard_ratio,0.87,0.78,0.97,ratio,log_hazard_ratio,-0.13926206733350766,0.05561381574696377,0.0030928965019372356,true,true,true,false,false,false,provisional_unverified
MA-03-ec759fd06899f650033947c2,3,glp1_cardiovascular,ec759fd06899f650033947c2,741,hazard_ratio,0.75,0.6,0.93,ratio,log_hazard_ratio,-0.2876820724517809,0.11180178166233011,0.012499638382871334,true,true,true,false,false,false,provisional_unverified
MA-03-f28632f83a06f824dadd59e7,3,glp1_cardiovascular,f28632f83a06f824dadd59e7,747,hazard_ratio,0.8,0.72,0.9,ratio,log_hazard_ratio,-0.2231435513142097,0.05692542135323345,0.0032405035962431673,true,true,true,false,false,false,provisional_unverified
MA-03-fbd52a8df2b246dd18271d0b,3,glp1_cardiovascular,fbd52a8df2b246dd18271d0b,750,hazard_ratio,1.14,0.89,1.46,ratio,log_hazard_ratio,0.131028262406404,0.12627024166782114,0.01594417393084995,true,true,true,false,false,false,provisional_unverified
MA-03-fd106433e7b9641de713fddc,3,glp1_cardiovascular,fd106433e7b9641de713fddc,751,hazard_ratio,0.87,0.81,0.93,ratio,log_hazard_ratio,-0.13926206733350766,0.035243080885804384,0.0012420747503233502,true,true,true,false,false,false,provisional_unverified
MA-03-2e64b81895388ef3adb63f7b,3,glp1_cardiovascular,2e64b81895388ef3adb63f7b,754,hazard_ratio,0.58,0.566,0.595,ratio,log_hazard_ratio,-0.5447271754416722,0.012747001408337781,0.00016248604490416536,true,true,true,false,false,false,provisional_unverified
MA-03-07140c90aa43fca6e1e2be0b,3,glp1_cardiovascular,07140c90aa43fca6e1e2be0b,759,hazard_ratio,0.87,0.78,0.97,ratio,log_hazard_ratio,-0.13926206733350766,0.05561381574696377,0.0030928965019372356,true,true,true,false,false,false,provisional_unverified
MA-03-ff1cc6dc218861c6d8867872,3,glp1_cardiovascular,ff1cc6dc218861c6d8867872,760,hazard_ratio,0.74,0.6,0.91,ratio,log_hazard_ratio,-0.3011050927839216,0.10625576479470189,0.011290287552107009,true,true,true,false,false,false,provisional_unverified
MA-03-6da7efd407ad2af60f2b508a,3,glp1_cardiovascular,6da7efd407ad2af60f2b508a,768,hazard_ratio,0.62,0.6,0.63,ratio,log_hazard_ratio,-0.4780358009429998,0.012446699162403657,0.00015492032003937989,true,true,true,false,false,false,provisional_unverified
MA-03-fb024edfa43a7f32bed7c24f,3,glp1_cardiovascular,fb024edfa43a7f32bed7c24f,773,hazard_ratio,0.62,0.49,0.77,ratio,log_hazard_ratio,-0.4780358009429998,0.11530444623173138,0.013295115320806232,true,true,true,false,false,false,provisional_unverified
MA-03-3ff8dde4d2026d50334aa8bd,3,glp1_cardiovascular,3ff8dde4d2026d50334aa8bd,775,hazard_ratio,0.78,0.71,0.85,ratio,log_hazard_ratio,-0.2484613592984996,0.04591190982808673,0.002107903464062367,true,true,true,false,false,false,provisional_unverified
MA-03-5f28e49fd09efc1c1c3a8239,3,glp1_cardiovascular,5f28e49fd09efc1c1c3a8239,777,hazard_ratio,1.15,1.1,1.21,ratio,log_hazard_ratio,0.13976194237515863,0.02431426815903744,0.0005911836361095819,true,true,true,false,false,false,provisional_unverified
MA-03-91438afa07aa394c4b61a75e,3,glp1_cardiovascular,91438afa07aa394c4b61a75e,778,hazard_ratio,0.65,0.51,0.83,ratio,log_hazard_ratio,-0.4307829160924542,0.12424079700284907,0.01543577563990315,true,true,true,false,false,false,provisional_unverified
MA-03-087452d026e40a6d19b2f016,3,glp1_cardiovascular,087452d026e40a6d19b2f016,785,hazard_ratio,0.74,0.58,0.95,ratio,log_hazard_ratio,-0.3011050927839216,0.12587830310818593,0.015845347193396333,true,true,true,false,false,false,provisional_unverified
MA-03-9d4d87eb662e42e37552ad7d,3,glp1_cardiovascular,9d4d87eb662e42e37552ad7d,789,hazard_ratio,1.26,1.12,1.42,ratio,log_hazard_ratio,0.23111172096338664,0.060544017180463656,0.0036655780163482783,true,true,true,false,false,false,provisional_unverified
MA-03-eb4d06fda790919fefd2f700,3,glp1_cardiovascular,eb4d06fda790919fefd2f700,793,hazard_ratio,0.76,0.62,0.92,ratio,log_hazard_ratio,-0.2744368457017603,0.10067893979607043,0.010136248918460773,true,true,true,false,false,false,provisional_unverified
MA-03-4873d17eb87f436e8b4aa6cc,3,glp1_cardiovascular,4873d17eb87f436e8b4aa6cc,795,hazard_ratio,0.69,0.47,1.0,ratio,log_hazard_ratio,-0.37106368139083207,0.1926113413903405,0.037099128832186294,true,true,true,false,false,false,provisional_unverified
MA-03-d4cc9ac04d3234fba8c5c322,3,glp1_cardiovascular,d4cc9ac04d3234fba8c5c322,796,hazard_ratio,0.87,0.78,0.97,ratio,log_hazard_ratio,-0.13926206733350766,0.05561381574696377,0.0030928965019372356,true,true,true,false,false,false,provisional_unverified
MA-03-b31fea56d6efc09a580b54db,3,glp1_cardiovascular,b31fea56d6efc09a580b54db,800,hazard_ratio,0.776,0.727,0.998,ratio,log_hazard_ratio,-0.25360275879891825,0.08082464812543343,0.006532623744600129,true,true,true,false,false,false,provisional_unverified
MA-03-33dd22aaf4f50fa31ea295fc,3,glp1_cardiovascular,33dd22aaf4f50fa31ea295fc,803,hazard_ratio,0.51,0.3,0.86,ratio,log_hazard_ratio,-0.6733445532637656,0.268665629291779,0.07218122036274763,true,true,true,false,false,false,provisional_unverified
MA-03-5d18b5f3b55ff4758330e659,3,glp1_cardiovascular,5d18b5f3b55ff4758330e659,805,hazard_ratio,0.8,0.72,0.9,ratio,log_hazard_ratio,-0.2231435513142097,0.05692542135323345,0.0032405035962431673,true,true,true,false,false,false,provisional_unverified
MA-03-24fe5ac4a8193d0bfd19827a,3,glp1_cardiovascular,24fe5ac4a8193d0bfd19827a,807,hazard_ratio,0.75,0.62,0.91,ratio,log_hazard_ratio,-0.2876820724517809,0.09789086036746934,0.00958262054348338,true,true,true,false,false,false,provisional_unverified
MA-03-4a9863dcc2e056c4d0ce427d,3,glp1_cardiovascular,4a9863dcc2e056c4d0ce427d,808,hazard_ratio,0.69,0.53,0.91,ratio,log_hazard_ratio,-0.37106368139083207,0.13790243015398662,0.01901708024237516,true,true,true,false,false,false,provisional_unverified
MA-03-fdb3df6e23607ca597ab9ff0,3,glp1_cardiovascular,fdb3df6e23607ca597ab9ff0,811,hazard_ratio,2.39,1.92,2.97,ratio,log_hazard_ratio,0.8712933659434193,0.11128693440693249,0.012384781769692895,true,true,true,false,false,false,provisional_unverified
MA-03-085ec743f3af159f5da12999,3,glp1_cardiovascular,085ec743f3af159f5da12999,812,hazard_ratio,0.84,0.71,1.0,ratio,log_hazard_ratio,-0.1743533871447778,0.08737158224546367,0.007633793384075822,true,true,true,false,false,false,provisional_unverified
MA-03-4872520352603f9e55e544c9,3,glp1_cardiovascular,4872520352603f9e55e544c9,819,hazard_ratio,0.92,0.83,1.02,ratio,log_hazard_ratio,-0.08338160893905101,0.05258571257268444,0.0027652571667769825,true,true,true,false,false,false,provisional_unverified
MA-03-798f1b1b5a22d37908c55566,3,glp1_cardiovascular,798f1b1b5a22d37908c55566,821,hazard_ratio,0.86,0.8,0.94,ratio,log_hazard_ratio,-0.15082288973458366,0.04114058953842641,0.0016925481075692808,true,true,true,false,false,false,provisional_unverified
MA-03-2f93929e5aab4316ae2cbb49,3,glp1_cardiovascular,2f93929e5aab4316ae2cbb49,829,hazard_ratio,0.74,0.57,0.97,ratio,log_hazard_ratio,-0.3011050927839216,0.13562996944395325,0.018395488611367694,true,true,true,false,false,false,provisional_unverified
MA-03-ddc346dd086ef04b4fc872dc,3,glp1_cardiovascular,ddc346dd086ef04b4fc872dc,831,hazard_ratio,0.87,0.8,0.93,ratio,log_hazard_ratio,-0.13926206733350766,0.03841214932189414,0.0014754932155274926,true,true,true,false,false,false,provisional_unverified
MA-03-d73c761e2fd0688a4a7c1036,3,glp1_cardiovascular,d73c761e2fd0688a4a7c1036,836,hazard_ratio,1.6,1.2,2.2,ratio,log_hazard_ratio,0.47000362924573563,0.1546293218527069,0.023910227176628017,true,true,true,false,false,false,provisional_unverified
MA-03-3e028786551625fd89694ba0,3,glp1_cardiovascular,3e028786551625fd89694ba0,839,hazard_ratio,0.83,0.76,0.92,ratio,log_hazard_ratio,-0.18632957819149348,0.04873947640613007,0.00237553656034371,true,true,true,false,false,false,provisional_unverified
MA-03-e9c7a8471f8e622fdfe3e2d2,3,glp1_cardiovascular,e9c7a8471f8e622fdfe3e2d2,842,hazard_ratio,0.44,0.34,0.56,ratio,log_hazard_ratio,-0.8209805520698302,0.1272960039202165,0.016204272614055777,true,true,true,false,false,false,provisional_unverified
MA-05-f0bf3de4a089e4f49efd5578,5,cash_transfers_education,f0bf3de4a089e4f49efd5578,14,effect_size,1.04,1.0,1.09,reported_effect_scale,unverified_reported_effect_scale,1.04,0.022959605561609447,0.0005271434875446874,true,true,true,false,false,false,provisional_unverified
MA-05-798203645a63a986ffa000ef,5,cash_transfers_education,798203645a63a986ffa000ef,45,effect_size,0.69,0.6,0.79,reported_effect_scale,unverified_reported_effect_scale,0.69,0.04847027840784214,0.002349367888933728,true,true,true,false,false,false,provisional_unverified
MA-05-1ec29aa5dbf65b34e7f3f9e8,5,cash_transfers_education,1ec29aa5dbf65b34e7f3f9e8,101,effect_size,0.97,0.76,1.24,reported_effect_scale,unverified_reported_effect_scale,0.97,0.12245122966191695,0.014994303645715528,true,true,true,false,false,false,provisional_unverified
MA-05-5233a4eae1442f02a66494f3,5,cash_transfers_education,5233a4eae1442f02a66494f3,117,effect_size,4.9,1.5,8.3,reported_effect_scale,unverified_reported_effect_scale,4.9,1.7347257535438236,3.0092734400081866,true,true,true,false,false,false,provisional_unverified
MA-05-4aa28a87d601a82355d65505,5,cash_transfers_education,4aa28a87d601a82355d65505,147,effect_size,2.13,1.43,3.15,reported_effect_scale,unverified_reported_effect_scale,2.13,0.4387835729552024,0.19253102389533341,true,true,true,false,false,false,provisional_unverified
MA-05-1771be10da370a2f729b1638,5,cash_transfers_education,1771be10da370a2f729b1638,182,effect_size,1.72,1.12,2.65,reported_effect_scale,unverified_reported_effect_scale,1.72,0.39031329454736025,0.1523444679004144,true,true,true,false,false,false,provisional_unverified
MA-05-3378af3449be24f50bf998da,5,cash_transfers_education,3378af3449be24f50bf998da,204,effect_size,1.64,1.17,2.29,reported_effect_scale,unverified_reported_effect_scale,1.64,0.28571953587780624,0.08163565318222901,true,true,true,false,false,false,provisional_unverified
MA-05-3b2dff8bb180a5c97fada161,5,cash_transfers_education,3b2dff8bb180a5c97fada161,220,effect_size,0.58,0.34,1.02,reported_effect_scale,unverified_reported_effect_scale,0.58,0.17347257535438232,0.030092734400081853,true,true,true,false,false,false,provisional_unverified
MA-05-e0908479f106f3e3102cd9ab,5,cash_transfers_education,e0908479f106f3e3102cd9ab,227,effect_size,-11.7,-26.0,2.61,reported_effect_scale,unverified_reported_effect_scale,-11.7,7.298603501307174,53.26961306929334,true,true,true,false,false,false,provisional_unverified
MA-05-8213da7507a95af270774480,5,cash_transfers_education,8213da7507a95af270774480,263,effect_size,0.99,0.84,1.16,reported_effect_scale,unverified_reported_effect_scale,0.99,0.08163415310794463,0.006664134953651345,true,true,true,false,false,false,provisional_unverified
MA-05-2f92b29a65b02be8a3d33a03,5,cash_transfers_education,2f92b29a65b02be8a3d33a03,289,effect_size,0.33,0.19,0.6,reported_effect_scale,unverified_reported_effect_scale,0.33,0.10459375866955406,0.010939854352624914,true,true,true,false,false,false,provisional_unverified
MA-05-73cb97fc5efb44daa8f9464c,5,cash_transfers_education,73cb97fc5efb44daa8f9464c,302,effect_size,2.27,2.23,2.31,reported_effect_scale,unverified_reported_effect_scale,2.27,0.020408538276986177,0.0004165084346032099,true,true,true,false,false,false,provisional_unverified
MA-05-fb3102d6c5bcbf5e3ade4ca9,5,cash_transfers_education,fb3102d6c5bcbf5e3ade4ca9,318,effect_size,1.54,1.02,2.34,reported_effect_scale,unverified_reported_effect_scale,1.54,0.33674088157027154,0.11339442132072365,true,true,true,false,false,false,provisional_unverified
MA-05-03f5cc06fbcf5a4d5cbaf6c2,5,cash_transfers_education,03f5cc06fbcf5a4d5cbaf6c2,329,effect_size,-0.042,-0.084,-0.0003,reported_effect_scale,unverified_reported_effect_scale,-0.042,0.02135243317229677,0.0004559264023773996,true,true,true,false,false,false,provisional_unverified
MA-05-f0b5fd83ddf91f52e2de5974,5,cash_transfers_education,f0b5fd83ddf91f52e2de5974,341,effect_size,0.07,-0.02,0.16,reported_effect_scale,unverified_reported_effect_scale,0.07,0.04591921112321885,0.002108573950178746,true,true,true,false,false,false,provisional_unverified
MA-05-f554c2c375090a7d4403cbc2,5,cash_transfers_education,f554c2c375090a7d4403cbc2,360,effect_size,-12.0,-14.0,-10.0,reported_effect_scale,unverified_reported_effect_scale,-12.0,1.0204269138493078,1.0412710865080228,true,true,true,false,false,false,provisional_unverified
MA-06-8bf090212a9ca3400022e2bb,6,social_media_mental_health,8bf090212a9ca3400022e2bb,12,effect_size,2.44,1.73,3.43,reported_effect_scale,unverified_reported_effect_scale,2.44,0.4336814383859559,0.18807959000051166,true,true,true,false,false,false,provisional_unverified
MA-06-dd630eae0a1b97e02d5fa91b,6,social_media_mental_health,dd630eae0a1b97e02d5fa91b,14,effect_size,2.886,0.961,8.669,reported_effect_scale,unverified_reported_effect_scale,2.886,1.9663626629876163,3.86658212239175,true,true,true,false,false,false,provisional_unverified
MA-06-d7c913175fa2c4da627b3bb4,6,social_media_mental_health,d7c913175fa2c4da627b3bb4,21,effect_size,3.17,2.3,4.37,reported_effect_scale,unverified_reported_effect_scale,3.17,0.5280709279170169,0.2788589049111393,true,true,true,false,false,false,provisional_unverified
MA-06-070becb82031a9d406b29669,6,social_media_mental_health,070becb82031a9d406b29669,28,effect_size,0.64,0.32,0.51,reported_effect_scale,unverified_reported_effect_scale,0.64,0.04847027840784213,0.0023493678889337268,true,false,true,false,false,false,provisional_unverified
MA-06-ac5a8ac57a06b1b2e18a4b8c,6,social_media_mental_health,ac5a8ac57a06b1b2e18a4b8c,34,effect_size,0.54,-6.366,-0.029,reported_effect_scale,unverified_reported_effect_scale,0.54,1.616611338265766,2.613432219009431,true,false,true,false,false,false,provisional_unverified
MA-06-62163fae3e0b9e8ed64346d0,6,social_media_mental_health,62163fae3e0b9e8ed64346d0,47,effect_size,1.6,1.45,1.75,reported_effect_scale,unverified_reported_effect_scale,1.6,0.07653201853869811,0.005857149861607631,true,true,true,false,false,false,provisional_unverified
MA-06-2bb2a55d3ae41510ab388ccb,6,social_media_mental_health,2bb2a55d3ae41510ab388ccb,58,effect_size,0.22,0.1,0.35,reported_effect_scale,unverified_reported_effect_scale,0.22,0.06377668211558174,0.004067465181671964,true,true,true,false,false,false,provisional_unverified
MA-06-62480a92e1c1030f7c98fbeb,6,social_media_mental_health,62480a92e1c1030f7c98fbeb,61,effect_size,6.43,4.6,9.0,reported_effect_scale,unverified_reported_effect_scale,6.43,1.1224696052342389,1.2599380146747081,true,true,true,false,false,false,provisional_unverified
MA-06-0cd3ac86787aa5b6e561f7d1,6,social_media_mental_health,0cd3ac86787aa5b6e561f7d1,62,effect_size,5.3,2.43,11.56,reported_effect_scale,unverified_reported_effect_scale,5.3,2.3291244308610457,5.4248206144337905,true,true,true,false,false,false,provisional_unverified
MA-06-cd6bc3972fce65dd5cb341ef,6,social_media_mental_health,cd6bc3972fce65dd5cb341ef,68,effect_size,1.82,0.16,3.49,reported_effect_scale,unverified_reported_effect_scale,1.82,0.8495054057795488,0.7216594344486759,true,true,true,false,false,false,provisional_unverified
MA-06-136711c6e0be74ec686420ab,6,social_media_mental_health,136711c6e0be74ec686420ab,82,effect_size,6.5,4.0,10.4,reported_effect_scale,unverified_reported_effect_scale,6.5,1.6326830621588928,2.665653981460539,true,true,true,false,false,false,provisional_unverified
MA-06-ee290ae38f7ecee2d1740fc4,6,social_media_mental_health,ee290ae38f7ecee2d1740fc4,92,effect_size,2.4,2.03,2.77,reported_effect_scale,unverified_reported_effect_scale,2.4,0.18877897906212202,0.0356375029357371,true,true,true,false,false,false,provisional_unverified
MA-06-6a7e2541cd2d93288a139d3a,6,social_media_mental_health,6a7e2541cd2d93288a139d3a,93,effect_size,0.21,-0.43,0.84,reported_effect_scale,unverified_reported_effect_scale,0.21,0.3239855451471553,0.1049666334642994,true,true,true,false,false,false,provisional_unverified
MA-06-6d8e1a3be5cc3ba5cdd284bb,6,social_media_mental_health,6d8e1a3be5cc3ba5cdd284bb,94,effect_size,0.08,0.01,0.15,reported_effect_scale,unverified_reported_effect_scale,0.08,0.03571494198472577,0.0012755570809723277,true,true,true,false,false,false,provisional_unverified
MA-06-da62c777ea90021357fec954,6,social_media_mental_health,da62c777ea90021357fec954,101,effect_size,0.13,0.01,0.24,reported_effect_scale,unverified_reported_effect_scale,0.13,0.0586745475463352,0.00344270252976715,true,true,true,false,false,false,provisional_unverified
MA-06-e6878ec22172f6595e665431,6,social_media_mental_health,e6878ec22172f6595e665431,102,effect_size,2.14,1.61,2.85,reported_effect_scale,unverified_reported_effect_scale,2.14,0.31633234329328547,0.10006615141342101,true,true,true,false,false,false,provisional_unverified
MA-06-c5428f468115540ed849c0c6,6,social_media_mental_health,c5428f468115540ed849c0c6,115,effect_size,2.1,1.7,2.6,reported_effect_scale,unverified_reported_effect_scale,2.1,0.2295960556160943,0.05271434875446867,true,true,true,false,false,false,provisional_unverified
MA-06-136f557c89a3e8ada72776ad,6,social_media_mental_health,136f557c89a3e8ada72776ad,116,effect_size,1.68,1.04,2.7,reported_effect_scale,unverified_reported_effect_scale,1.68,0.4234771692474628,0.17933291287384426,true,true,true,false,false,false,provisional_unverified
MA-06-be35f1853cba03adc0bfc8d6,6,social_media_mental_health,be35f1853cba03adc0bfc8d6,125,effect_size,2.09,1.16,3.76,reported_effect_scale,unverified_reported_effect_scale,2.09,0.66327749400205,0.4399370340496395,true,true,true,false,false,false,provisional_unverified
MA-06-9875999eca4c2a61a8fe1216,6,social_media_mental_health,9875999eca4c2a61a8fe1216,136,effect_size,1.68,0.25,3.11,reported_effect_scale,unverified_reported_effect_scale,1.68,0.7296052434022551,0.5323238112000639,true,true,true,false,false,false,provisional_unverified
MA-06-bda821ae6d4573266028efcf,6,social_media_mental_health,bda821ae6d4573266028efcf,138,effect_size,18.1,3.37,97.4,reported_effect_scale,unverified_reported_effect_scale,18.1,23.987685677312605,575.4090641535483,true,true,true,false,false,false,provisional_unverified
MA-06-0c518f9da01e09c4773660fd,6,social_media_mental_health,0c518f9da01e09c4773660fd,139,effect_size,1.17,1.01,1.35,reported_effect_scale,unverified_reported_effect_scale,1.17,0.08673628767719119,0.0075231836000204675,true,true,true,false,false,false,provisional_unverified
MA-06-0e3d300c31f1ebd8782e82e4,6,social_media_mental_health,0e3d300c31f1ebd8782e82e4,168,effect_size,-1.67,-2.68,-0.67,reported_effect_scale,unverified_reported_effect_scale,-1.67,0.5127645242092773,0.26292745728756656,true,true,true,false,false,false,provisional_unverified
MA-06-1a85b211ce82a9aeaaadd582,6,social_media_mental_health,1a85b211ce82a9aeaaadd582,179,effect_size,-0.44,-0.56,-0.32,reported_effect_scale,unverified_reported_effect_scale,-0.44,0.06122561483095849,0.003748575911428884,true,true,true,false,false,false,provisional_unverified
MA-06-f2102456201488b5fbefc71f,6,social_media_mental_health,f2102456201488b5fbefc71f,192,effect_size,-0.48,-2.05,1.06,reported_effect_scale,unverified_reported_effect_scale,-0.48,0.7933819255178368,0.6294548797383903,true,true,true,false,false,false,provisional_unverified
MA-06-26787b955a7e1b3b47a28e44,6,social_media_mental_health,26787b955a7e1b3b47a28e44,204,effect_size,3.5,2.5,4.9,reported_effect_scale,unverified_reported_effect_scale,3.5,0.6122561483095849,0.37485759114288836,true,true,true,false,false,false,provisional_unverified
MA-06-738d3e776a61f7ce70c84f74,6,social_media_mental_health,738d3e776a61f7ce70c84f74,205,effect_size,0.1,0.06,0.13,reported_effect_scale,unverified_reported_effect_scale,0.1,0.01785747099236289,0.0003188892702430821,true,true,true,false,false,false,provisional_unverified
MA-06-e1d636eaf92d3981bba24443,6,social_media_mental_health,e1d636eaf92d3981bba24443,206,effect_size,2.06,1.27,3.35,reported_effect_scale,unverified_reported_effect_scale,2.06,0.5306219952016401,0.28155970179176937,true,true,true,false,false,false,provisional_unverified
MA-06-db6c36a108b8f41d27320629,6,social_media_mental_health,db6c36a108b8f41d27320629,210,effect_size,2.24,1.64,3.06,reported_effect_scale,unverified_reported_effect_scale,2.24,0.36225155441650436,0.13122618867717362,true,true,true,false,false,false,provisional_unverified
MA-06-87a9a0f89985bc380cd141f0,6,social_media_mental_health,87a9a0f89985bc380cd141f0,230,effect_size,2.15,1.58,2.91,reported_effect_scale,unverified_reported_effect_scale,2.15,0.3392919488548949,0.11511902655775261,true,true,true,false,false,false,provisional_unverified
MA-06-e2128b47d66e36658ab3e050,6,social_media_mental_health,e2128b47d66e36658ab3e050,235,effect_size,1.57,1.18,2.09,reported_effect_scale,unverified_reported_effect_scale,1.57,0.23214712290071754,0.053892286671080855,true,true,true,false,false,false,provisional_unverified
MA-06-2259be7854c46829d7cca028,6,social_media_mental_health,2259be7854c46829d7cca028,237,effect_size,0.09,0.04,0.14,reported_effect_scale,unverified_reported_effect_scale,0.09,0.0255106728462327,0.0006507944290675144,true,true,true,false,false,false,provisional_unverified
MA-06-6dbe388952640dd79cc81be7,6,social_media_mental_health,6dbe388952640dd79cc81be7,250,effect_size,0.39,0.34,0.45,reported_effect_scale,unverified_reported_effect_scale,0.39,0.028061740130855963,0.0007874612591716921,true,true,true,false,false,false,provisional_unverified
MA-06-f26b687684577909d9d45165,6,social_media_mental_health,f26b687684577909d9d45165,254,effect_size,1.02,0.78,1.25,reported_effect_scale,unverified_reported_effect_scale,1.02,0.11990016237729367,0.014376048938101389,true,true,true,false,false,false,provisional_unverified
MA-06-0016ae4e8c20b1080960ba44,6,social_media_mental_health,0016ae4e8c20b1080960ba44,255,effect_size,1.99,1.65,2.4,reported_effect_scale,unverified_reported_effect_scale,1.99,0.19133004634674525,0.03660718663504768,true,true,true,false,false,false,provisional_unverified
MA-06-f7764c0c38614d0327c4036b,6,social_media_mental_health,f7764c0c38614d0327c4036b,256,effect_size,0.12,0.05,0.19,reported_effect_scale,unverified_reported_effect_scale,0.12,0.03571494198472578,0.0012755570809723283,true,true,true,false,false,false,provisional_unverified
MA-06-88700dbc2dca95a932e37cd0,6,social_media_mental_health,88700dbc2dca95a932e37cd0,261,effect_size,0.3,0.2,0.4,reported_effect_scale,unverified_reported_effect_scale,0.3,0.0510213456924654,0.0026031777162700575,true,true,true,false,false,false,provisional_unverified
MA-06-aed8601065a760711fa42813,6,social_media_mental_health,aed8601065a760711fa42813,267,effect_size,0.321,0.06,0.08,reported_effect_scale,unverified_reported_effect_scale,0.321,0.005102134569246541,2.6031777162700586e-05,true,false,true,false,false,false,provisional_unverified
MA-06-1b8123cec9e2ae9fdb3e62e4,6,social_media_mental_health,1b8123cec9e2ae9fdb3e62e4,269,effect_size,1.48,1.14,1.93,reported_effect_scale,unverified_reported_effect_scale,1.48,0.2015343154852383,0.04061608031810357,true,true,true,false,false,false,provisional_unverified
MA-06-634ffd03ba8a4e4960dabdf8,6,social_media_mental_health,634ffd03ba8a4e4960dabdf8,270,effect_size,2.79,0.72,4.87,reported_effect_scale,unverified_reported_effect_scale,2.79,1.058692923118657,1.1208307054615267,true,true,true,false,false,false,provisional_unverified
MA-06-50e133d165968536b6faed87,6,social_media_mental_health,50e133d165968536b6faed87,273,effect_size,2.43,1.22,4.74,reported_effect_scale,unverified_reported_effect_scale,2.43,0.897975684187391,0.806360329391813,true,true,true,false,false,false,provisional_unverified
MA-06-7b11368ebe09549522cf5d70,6,social_media_mental_health,7b11368ebe09549522cf5d70,286,effect_size,0.72,0.46,0.97,reported_effect_scale,unverified_reported_effect_scale,0.72,0.13010443151578677,0.01692716310004605,true,true,true,false,false,false,provisional_unverified
MA-06-0732cc32c9b84075ea7cf1e9,6,social_media_mental_health,0732cc32c9b84075ea7cf1e9,296,effect_size,2.6,2.58,2.63,reported_effect_scale,unverified_reported_effect_scale,2.6,0.012755336423116303,0.0001626986072668774,true,true,true,false,false,false,provisional_unverified
MA-06-a1b49823c98f863f182ab368,6,social_media_mental_health,a1b49823c98f863f182ab368,300,effect_size,-0.81,-0.85,-0.77,reported_effect_scale,unverified_reported_effect_scale,-0.81,0.02040853827698615,0.0004165084346032088,true,true,true,false,false,false,provisional_unverified
MA-06-383149fbf34a7d7fd510fe1b,6,social_media_mental_health,383149fbf34a7d7fd510fe1b,333,effect_size,0.0121,-8.1924,0.0242,reported_effect_scale,unverified_reported_effect_scale,0.0121,2.0961099450835556,4.3936769018781865,true,true,true,false,false,false,provisional_unverified
MA-06-26c94d3379163605f5f2fa19,6,social_media_mental_health,26c94d3379163605f5f2fa19,334,effect_size,1.41,0.9,2.2,reported_effect_scale,unverified_reported_effect_scale,1.41,0.33163874700102514,0.10998425851240996,true,true,true,false,false,false,provisional_unverified
MA-06-1c2ce69239058eabd6dee5d2,6,social_media_mental_health,1c2ce69239058eabd6dee5d2,339,effect_size,3.89,1.21,12.49,reported_effect_scale,unverified_reported_effect_scale,3.89,2.8776038970550486,8.280604188346402,true,true,true,false,false,false,provisional_unverified
MA-06-30494c4bdf26a090e574771e,6,social_media_mental_health,30494c4bdf26a090e574771e,344,effect_size,2.96,1.86,4.71,reported_effect_scale,unverified_reported_effect_scale,2.96,0.7270541761176318,0.5286077750100884,true,true,true,false,false,false,provisional_unverified
MA-06-3875fea4a79eacfb5c456384,6,social_media_mental_health,3875fea4a79eacfb5c456384,353,effect_size,18.0,6.0,30.0,reported_effect_scale,unverified_reported_effect_scale,18.0,6.122561483095848,37.485759114288825,true,true,true,false,false,false,provisional_unverified
MA-06-e81af80ce855d34f91cf2abb,6,social_media_mental_health,e81af80ce855d34f91cf2abb,363,effect_size,1.82,1.13,2.96,reported_effect_scale,unverified_reported_effect_scale,1.82,0.46684531308605837,0.21794454635041985,true,true,true,false,false,false,provisional_unverified
MA-06-493bb25ad447ef89c935939e,6,social_media_mental_health,493bb25ad447ef89c935939e,385,effect_size,2.01,1.59,2.55,reported_effect_scale,unverified_reported_effect_scale,2.01,0.24490245932383384,0.059977214582862086,true,true,true,false,false,false,provisional_unverified
MA-06-2411db674f331c0c7ce6f4c0,6,social_media_mental_health,2411db674f331c0c7ce6f4c0,388,effect_size,0.18,1.36,2.32,reported_effect_scale,unverified_reported_effect_scale,0.18,0.24490245932383384,0.059977214582862086,true,false,true,false,false,false,provisional_unverified
MA-06-ae081d05141bf9dfc785a50e,6,social_media_mental_health,ae081d05141bf9dfc785a50e,394,effect_size,51.9,26.5,76.3,reported_effect_scale,unverified_reported_effect_scale,51.9,12.704315077423884,161.39962158645983,true,true,true,false,false,false,provisional_unverified
MA-06-05e8825e0ce3a00539f8b38a,6,social_media_mental_health,05e8825e0ce3a00539f8b38a,417,effect_size,1.88,1.62,2.19,reported_effect_scale,unverified_reported_effect_scale,1.88,0.14541083522352632,0.021144311000403523,true,true,true,false,false,false,provisional_unverified
MA-06-c26abee31e756d515d2d66a1,6,social_media_mental_health,c26abee31e756d515d2d66a1,449,effect_size,-0.15,-0.31,-0.01,reported_effect_scale,unverified_reported_effect_scale,-0.15,0.0765320185386981,0.005857149861607629,true,true,true,false,false,false,provisional_unverified
MA-06-15e5097a9d6be5974a16d3d0,6,social_media_mental_health,15e5097a9d6be5974a16d3d0,464,effect_size,0.88,0.79,0.97,reported_effect_scale,unverified_reported_effect_scale,0.88,0.04591921112321884,0.0021085739501787446,true,true,true,false,false,false,provisional_unverified
MA-06-7e29f09f25eb3ee86be60fb9,6,social_media_mental_health,7e29f09f25eb3ee86be60fb9,471,effect_size,4.486,1.972,10.207,reported_effect_scale,unverified_reported_effect_scale,4.486,2.1008039088872628,4.413377063596003,true,true,true,false,false,false,provisional_unverified
MA-06-009da3cd9056f6efb10922b2,6,social_media_mental_health,009da3cd9056f6efb10922b2,482,effect_size,1.33,1.01,1.77,reported_effect_scale,unverified_reported_effect_scale,1.33,0.1938811136313685,0.03758988622293963,true,true,true,false,false,false,provisional_unverified
MA-06-ad74de2ac5f95d7878e9be21,6,social_media_mental_health,ad74de2ac5f95d7878e9be21,484,effect_size,2.99,0.78,5.2,reported_effect_scale,unverified_reported_effect_scale,2.99,1.1275717398034852,1.2714180284034586,true,true,true,false,false,false,provisional_unverified
MA-06-4715d6b0805c93d24463f761,6,social_media_mental_health,4715d6b0805c93d24463f761,487,effect_size,5.25,1.86,14.84,reported_effect_scale,unverified_reported_effect_scale,5.25,3.311285335441004,10.964610572706643,true,true,true,false,false,false,provisional_unverified
MA-06-1e023677464b6bd8e34ad8c4,6,social_media_mental_health,1e023677464b6bd8e34ad8c4,490,effect_size,-25.6,-0.352,-0.16,reported_effect_scale,unverified_reported_effect_scale,-25.6,0.04898049186476677,0.002399088583314484,true,false,true,false,false,false,provisional_unverified
MA-06-db29343da684cee3418c279b,6,social_media_mental_health,db29343da684cee3418c279b,493,effect_size,0.77,0.66,0.91,reported_effect_scale,unverified_reported_effect_scale,0.77,0.06377668211558174,0.004067465181671964,true,true,true,false,false,false,provisional_unverified
MA-06-b8d6e4c756766745354ca1ee,6,social_media_mental_health,b8d6e4c756766745354ca1ee,496,effect_size,1.6,1.43,1.8,reported_effect_scale,unverified_reported_effect_scale,1.6,0.09438948953106101,0.008909375733934275,true,true,true,false,false,false,provisional_unverified
MA-06-4ac94706226e47718cd1007f,6,social_media_mental_health,4ac94706226e47718cd1007f,504,effect_size,1.39,1.29,1.49,reported_effect_scale,unverified_reported_effect_scale,1.39,0.051021345692465386,0.002603177716270056,true,true,true,false,false,false,provisional_unverified
MA-06-17a9a16a61f756efc5b6785d,6,social_media_mental_health,17a9a16a61f756efc5b6785d,505,effect_size,0.62,0.56,0.68,reported_effect_scale,unverified_reported_effect_scale,0.62,0.030612807415479237,0.0009371439778572205,true,true,true,false,false,false,provisional_unverified
MA-06-1b1dd0be7c7037cbde76940d,6,social_media_mental_health,1b1dd0be7c7037cbde76940d,521,effect_size,-1.45,-2.63,-0.28,reported_effect_scale,unverified_reported_effect_scale,-1.45,0.5995008118864683,0.35940122345253467,true,true,true,false,false,false,provisional_unverified
MA-06-1001d707d34fc9200b7b27e0,6,social_media_mental_health,1001d707d34fc9200b7b27e0,522,effect_size,3.9,1.49,10.17,reported_effect_scale,unverified_reported_effect_scale,3.9,2.214326403052998,4.903241419257627,true,true,true,false,false,false,provisional_unverified
MA-06-fd2071b929f99f4e1657a711,6,social_media_mental_health,fd2071b929f99f4e1657a711,536,effect_size,0.18,1.075,1.092,reported_effect_scale,unverified_reported_effect_scale,0.18,0.00433681438385959,1.880795900005144e-05,true,false,true,false,false,false,provisional_unverified
MA-06-772661aa43619f5e01db8395,6,social_media_mental_health,772661aa43619f5e01db8395,544,effect_size,2.15,2.01,2.3,reported_effect_scale,unverified_reported_effect_scale,2.15,0.07398095125407483,0.005473181148457797,true,true,true,false,false,false,provisional_unverified
MA-06-22b350088fce68adf4b4d183,6,social_media_mental_health,22b350088fce68adf4b4d183,560,effect_size,1.57,1.11,2.22,reported_effect_scale,unverified_reported_effect_scale,1.57,0.28316846859318295,0.08018438160540844,true,true,true,false,false,false,provisional_unverified
MA-06-6f917d25c19f73f8dc2311a1,6,social_media_mental_health,6f917d25c19f73f8dc2311a1,566,effect_size,1.99,1.52,2.6,reported_effect_scale,unverified_reported_effect_scale,1.99,0.27551526673931315,0.07590866220643487,true,true,true,false,false,false,provisional_unverified
MA-06-1bdfb663841791e4d2397650,6,social_media_mental_health,1bdfb663841791e4d2397650,582,effect_size,2.81,2.65,2.97,reported_effect_scale,unverified_reported_effect_scale,2.81,0.08163415310794471,0.006664134953651359,true,true,true,false,false,false,provisional_unverified
MA-09-e30137cb93ca28e780a55dc1,9,intelligent_tutoring_scores,e30137cb93ca28e780a55dc1,128,effect_size,-2.33,-3.71,-0.96,reported_effect_scale,unverified_reported_effect_scale,-2.33,0.7015435032713991,0.4921632869823076,true,true,true,false,false,false,provisional_unverified
MA-09-87d8921b0008e55a9f01f8ca,9,intelligent_tutoring_scores,87d8921b0008e55a9f01f8ca,342,effect_size,0.52,0.37,0.67,reported_effect_scale,unverified_reported_effect_scale,0.52,0.07653201853869811,0.005857149861607631,true,true,true,false,false,false,provisional_unverified
MA-09-fc49d496c967013316f63172,9,intelligent_tutoring_scores,fc49d496c967013316f63172,359,effect_size,0.86,0.36,1.37,reported_effect_scale,unverified_reported_effect_scale,0.86,0.2576577957469503,0.06638753970917716,true,true,true,false,false,false,provisional_unverified
MA-09-c83a8250f0584ceabf11db16,9,intelligent_tutoring_scores,c83a8250f0584ceabf11db16,433,effect_size,0.46,0.27,0.64,reported_effect_scale,unverified_reported_effect_scale,0.46,0.09438948953106098,0.00890937573393427,true,true,true,false,false,false,provisional_unverified
MA-09-382afed417ee7ca2ed8e8fa5,9,intelligent_tutoring_scores,382afed417ee7ca2ed8e8fa5,516,effect_size,-0.06,-0.57,0.43,reported_effect_scale,unverified_reported_effect_scale,-0.06,0.25510672846232696,0.06507944290675143,true,true,true,false,false,false,provisional_unverified
MA-09-51ab676c626b435c635b8c73,9,intelligent_tutoring_scores,51ab676c626b435c635b8c73,537,effect_size,7.695,4.964,10.425,reported_effect_scale,unverified_reported_effect_scale,7.695,1.3931378441327678,1.9408330527548958,true,true,true,false,false,false,provisional_unverified
MA-13-898c9f251bc2cc5eb5231d0c,13,marine_protected_areas,898c9f251bc2cc5eb5231d0c,46,effect_size,18.0,10.0,29.0,reported_effect_scale,unverified_reported_effect_scale,18.0,4.847027840784213,23.493678889337268,true,true,true,false,false,false,provisional_unverified
MA-13-530f2f39b1120931aac3f62e,13,marine_protected_areas,530f2f39b1120931aac3f62e,54,effect_size,0.32,0.01,0.63,reported_effect_scale,unverified_reported_effect_scale,0.32,0.15816617164664273,0.025016537853355253,true,true,true,false,false,false,provisional_unverified
MA-13-4223a624c647cbf5b57270e0,13,marine_protected_areas,4223a624c647cbf5b57270e0,57,effect_size,740.0,660.0,810.0,reported_effect_scale,unverified_reported_effect_scale,740.0,38.26600926934905,1464.2874654019072,true,true,true,false,false,false,provisional_unverified
MA-13-f1cabd947bae16c815161344,13,marine_protected_areas,f1cabd947bae16c815161344,205,effect_size,18.0,10.0,29.0,reported_effect_scale,unverified_reported_effect_scale,18.0,4.847027840784213,23.493678889337268,true,true,true,false,false,false,provisional_unverified
MA-13-c8ce47d24de74464577e02de,13,marine_protected_areas,c8ce47d24de74464577e02de,267,effect_size,54.0,46.0,62.0,reported_effect_scale,unverified_reported_effect_scale,54.0,4.081707655397231,16.660337384128365,true,true,true,false,false,false,provisional_unverified
MA-13-7c0f3c4c946c1cd0611f753e,13,marine_protected_areas,7c0f3c4c946c1cd0611f753e,284,effect_size,740.0,660.0,810.0,reported_effect_scale,unverified_reported_effect_scale,740.0,38.26600926934905,1464.2874654019072,true,true,true,false,false,false,provisional_unverified
MA-13-43e053fdfd8414f7c1c62e4b,13,marine_protected_areas,43e053fdfd8414f7c1c62e4b,301,effect_size,28.0,18.5,40.5,reported_effect_scale,unverified_reported_effect_scale,28.0,5.612348026171193,31.498450366867687,true,true,true,false,false,false,provisional_unverified
MA-15-1828f33eb91efa72e8e0dc5b,15,indoor_air_pollution_health,1828f33eb91efa72e8e0dc5b,10,effect_size,3.53,1.94,6.43,reported_effect_scale,unverified_reported_effect_scale,3.53,1.1454292107958481,1.3120080769443996,true,true,true,false,false,false,provisional_unverified
MA-15-9d439377c18377e031cf904b,15,indoor_air_pollution_health,9d439377c18377e031cf904b,11,effect_size,1.23,1.11,1.36,reported_effect_scale,unverified_reported_effect_scale,1.23,0.06377668211558174,0.004067465181671964,true,true,true,false,false,false,provisional_unverified
MA-15-41eae9bba102b8fe92b1b4da,15,indoor_air_pollution_health,41eae9bba102b8fe92b1b4da,13,effect_size,2.29,1.24,4.21,reported_effect_scale,unverified_reported_effect_scale,2.29,0.757666983533111,0.5740592579361635,true,true,true,false,false,false,provisional_unverified
MA-15-f14f96564676b6b0fde8bac3,15,indoor_air_pollution_health,f14f96564676b6b0fde8bac3,15,effect_size,1.78,1.45,2.18,reported_effect_scale,unverified_reported_effect_scale,1.78,0.18622791177749876,0.03468083512500786,true,true,true,false,false,false,provisional_unverified
MA-15-8afa9468754c6f2fa92ef0bd,15,indoor_air_pollution_health,8afa9468754c6f2fa92ef0bd,16,effect_size,0.64,0.55,0.75,reported_effect_scale,unverified_reported_effect_scale,0.64,0.051021345692465386,0.002603177716270056,true,true,true,false,false,false,provisional_unverified
MA-15-2b2a41a7abcd09d8d78725d2,15,indoor_air_pollution_health,2b2a41a7abcd09d8d78725d2,17,effect_size,2.2,1.16,4.19,reported_effect_scale,unverified_reported_effect_scale,2.2,0.7729733872408509,0.5974878573825944,true,true,true,false,false,false,provisional_unverified
MA-15-611271a5e4f600aa176ad004,15,indoor_air_pollution_health,611271a5e4f600aa176ad004,18,effect_size,1.25,1.02,1.52,reported_effect_scale,unverified_reported_effect_scale,1.25,0.12755336423116348,0.016269860726687856,true,true,true,false,false,false,provisional_unverified
MA-15-09621b5789d558a1ff316304,15,indoor_air_pollution_health,09621b5789d558a1ff316304,20,effect_size,0.42,0.25,0.7,reported_effect_scale,unverified_reported_effect_scale,0.42,0.11479802780804713,0.013178587188617162,true,true,true,false,false,false,provisional_unverified
MA-15-61d316b4700f2e46b01be235,15,indoor_air_pollution_health,61d316b4700f2e46b01be235,21,effect_size,1.33,1.03,1.71,reported_effect_scale,unverified_reported_effect_scale,1.33,0.17347257535438232,0.030092734400081853,true,true,true,false,false,false,provisional_unverified
MA-15-224d30332abbf325f31c6f59,15,indoor_air_pollution_health,224d30332abbf325f31c6f59,23,effect_size,1.35,1.23,1.48,reported_effect_scale,unverified_reported_effect_scale,1.35,0.06377668211558174,0.004067465181671964,true,true,true,false,false,false,provisional_unverified
MA-15-0a4adfdd7a1b63763f0088a0,15,indoor_air_pollution_health,0a4adfdd7a1b63763f0088a0,26,effect_size,1.3,1.04,1.62,reported_effect_scale,unverified_reported_effect_scale,1.3,0.14796190250814967,0.021892724593831188,true,true,true,false,false,false,provisional_unverified
MA-15-9a9a85c9302e2ef02368c648,15,indoor_air_pollution_health,9a9a85c9302e2ef02368c648,28,effect_size,1.01,0.91,1.13,reported_effect_scale,unverified_reported_effect_scale,1.01,0.0561234802617119,0.0031498450366867652,true,true,true,false,false,false,provisional_unverified
MA-15-b08e9a8ad2fb759885d73062,15,indoor_air_pollution_health,b08e9a8ad2fb759885d73062,29,effect_size,2.21,1.26,3.87,reported_effect_scale,unverified_reported_effect_scale,2.21,0.6658285612866734,0.44332767302508147,true,true,true,false,false,false,provisional_unverified
MA-15-b1652f5c280bfbcdeaf3748c,15,indoor_air_pollution_health,b1652f5c280bfbcdeaf3748c,32,effect_size,5.5,3.6,8.5,reported_effect_scale,unverified_reported_effect_scale,5.5,1.2500229694654024,1.5625574241911022,true,true,true,false,false,false,provisional_unverified
MA-15-fa3e1e184410e275291eaf36,15,indoor_air_pollution_health,fa3e1e184410e275291eaf36,33,effect_size,2.26,1.02,4.99,reported_effect_scale,unverified_reported_effect_scale,2.26,1.012773711995438,1.0257105917090186,true,true,true,false,false,false,provisional_unverified
MA-15-a5d5b95acb385b7ed69d59ca,15,indoor_air_pollution_health,a5d5b95acb385b7ed69d59ca,34,effect_size,2.6,1.1,6.2,reported_effect_scale,unverified_reported_effect_scale,2.6,1.3010443151578674,1.6927163100046043,true,true,true,false,false,false,provisional_unverified
MA-15-01817fc4f74198772a5cb308,15,indoor_air_pollution_health,01817fc4f74198772a5cb308,36,effect_size,1.3,1.18,1.43,reported_effect_scale,unverified_reported_effect_scale,1.3,0.06377668211558174,0.004067465181671964,true,true,true,false,false,false,provisional_unverified
MA-15-f0fc6e8605b07f199022fa6b,15,indoor_air_pollution_health,f0fc6e8605b07f199022fa6b,38,effect_size,1.77,1.098,2.949,reported_effect_scale,unverified_reported_effect_scale,1.77,0.4722025543837672,0.2229752523665546,true,true,true,false,false,false,provisional_unverified
MA-15-be8bcdc941a85e9192580e10,15,indoor_air_pollution_health,be8bcdc941a85e9192580e10,41,effect_size,1500.3,1028.4,2195.6,reported_effect_scale,unverified_reported_effect_scale,1500.3,297.760573461228,88661.35910795935,true,true,true,false,false,false,provisional_unverified
MA-15-5f32ac96845a79a524d44cdd,15,indoor_air_pollution_health,5f32ac96845a79a524d44cdd,42,effect_size,1.12,1.04,1.21,reported_effect_scale,unverified_reported_effect_scale,1.12,0.043368143838595566,0.0018807959000051145,true,true,true,false,false,false,provisional_unverified
MA-15-9f33d0d5e38d83bbc8ca30d7,15,indoor_air_pollution_health,9f33d0d5e38d83bbc8ca30d7,43,effect_size,1.63,1.62,1.64,reported_effect_scale,unverified_reported_effect_scale,1.63,0.005102134569246487,2.6031777162700037e-05,true,true,true,false,false,false,provisional_unverified
MA-15-a24e5a531ac8e6865fdd42f5,15,indoor_air_pollution_health,a24e5a531ac8e6865fdd42f5,44,effect_size,1.38,1.28,1.57,reported_effect_scale,unverified_reported_effect_scale,1.38,0.07398095125407483,0.005473181148457797,true,true,true,false,false,false,provisional_unverified
MA-15-0b01e65d91b07a80c19966ca,15,indoor_air_pollution_health,0b01e65d91b07a80c19966ca,50,effect_size,1.14,0.83,1.55,reported_effect_scale,unverified_reported_effect_scale,1.14,0.18367684449287544,0.03373718320285995,true,true,true,false,false,false,provisional_unverified
MA-15-0d866ae4007e5be539ea2eb1,15,indoor_air_pollution_health,0d866ae4007e5be539ea2eb1,51,effect_size,205000.0,147000.0,257000.0,reported_effect_scale,unverified_reported_effect_scale,205000.0,28061.740130855967,787461259.1716923,true,true,true,false,false,false,provisional_unverified
MA-15-1c2382413094b9932e30ff17,15,indoor_air_pollution_health,1c2382413094b9932e30ff17,54,effect_size,1.22,0.92,1.64,reported_effect_scale,unverified_reported_effect_scale,1.22,0.18367684449287539,0.03373718320285993,true,true,true,false,false,false,provisional_unverified
MA-15-d573b1ea16429a3d5cb7e56e,15,indoor_air_pollution_health,d573b1ea16429a3d5cb7e56e,55,effect_size,2.97,1.38,3.87,reported_effect_scale,unverified_reported_effect_scale,2.97,0.6352157538711942,0.4034990539661496,true,true,true,false,false,false,provisional_unverified
MA-15-60d76ef86927d7f89d4456fa,15,indoor_air_pollution_health,60d76ef86927d7f89d4456fa,58,effect_size,0.4,0.2,0.8,reported_effect_scale,unverified_reported_effect_scale,0.4,0.15306403707739621,0.023428599446430522,true,true,true,false,false,false,provisional_unverified
MA-15-46c2c281f45645255e4966cf,15,indoor_air_pollution_health,46c2c281f45645255e4966cf,62,effect_size,1.73,1.06,2.82,reported_effect_scale,unverified_reported_effect_scale,1.73,0.4489878420936954,0.20159008234795317,true,true,true,false,false,false,provisional_unverified
MA-15-7a3df60616934358be379e5a,15,indoor_air_pollution_health,7a3df60616934358be379e5a,63,effect_size,1.35,1.21,1.51,reported_effect_scale,unverified_reported_effect_scale,1.35,0.07653201853869811,0.005857149861607631,true,true,true,false,false,false,provisional_unverified
MA-15-93bbba4667ad94bb5d2ba857,15,indoor_air_pollution_health,93bbba4667ad94bb5d2ba857,65,effect_size,1.08,1.03,1.13,reported_effect_scale,unverified_reported_effect_scale,1.08,0.025510672846232665,0.0006507944290675126,true,true,true,false,false,false,provisional_unverified
MA-15-248ac66d04a23133ef11d185,15,indoor_air_pollution_health,248ac66d04a23133ef11d185,66,effect_size,4.348,1.632,11.58,reported_effect_scale,unverified_reported_effect_scale,4.348,2.537801734743229,6.440437644865742,true,true,true,false,false,false,provisional_unverified
MA-15-38a414858f4f322ee4aa9f81,15,indoor_air_pollution_health,38a414858f4f322ee4aa9f81,67,effect_size,2.4,1.1,5.0,reported_effect_scale,unverified_reported_effect_scale,2.4,0.9949162410030752,0.9898583266116892,true,true,true,false,false,false,provisional_unverified
MA-15-aff8f44a63a8f29e0d4ec381,15,indoor_air_pollution_health,aff8f44a63a8f29e0d4ec381,73,effect_size,9.42,6.37,13.92,reported_effect_scale,unverified_reported_effect_scale,9.42,1.9260557998905687,3.7096909442920984,true,true,true,false,false,false,provisional_unverified
MA-15-072ab1a00967018dd5916be0,15,indoor_air_pollution_health,072ab1a00967018dd5916be0,74,effect_size,0.18,0.11,0.29,reported_effect_scale,unverified_reported_effect_scale,0.18,0.04591921112321885,0.002108573950178746,true,true,true,false,false,false,provisional_unverified
MA-15-6effad63dc2712dcf2f84821,15,indoor_air_pollution_health,6effad63dc2712dcf2f84821,76,effect_size,1.59,1.05,2.39,reported_effect_scale,unverified_reported_effect_scale,1.59,0.3418430161395182,0.11685664768336289,true,true,true,false,false,false,provisional_unverified
MA-15-2c3deed44dc22bc57c49a6ff,15,indoor_air_pollution_health,2c3deed44dc22bc57c49a6ff,77,effect_size,4.47,2.1,9.49,reported_effect_scale,unverified_reported_effect_scale,4.47,1.8852387233365966,3.5541250439678005,true,true,true,false,false,false,provisional_unverified
MA-15-9921bcc7c54540ecbdc02524,15,indoor_air_pollution_health,9921bcc7c54540ecbdc02524,79,effect_size,1.78,1.05,2.99,reported_effect_scale,unverified_reported_effect_scale,1.78,0.49490705321691436,0.2449329913238497,true,true,true,false,false,false,provisional_unverified
MA-15-1f10d0ea92d4888dbe1e40d5,15,indoor_air_pollution_health,1f10d0ea92d4888dbe1e40d5,80,effect_size,1.1,0.98,1.23,reported_effect_scale,unverified_reported_effect_scale,1.1,0.06377668211558174,0.004067465181671964,true,true,true,false,false,false,provisional_unverified
MA-15-89b8c35d5f57258c055b2714,15,indoor_air_pollution_health,89b8c35d5f57258c055b2714,82,effect_size,0.5,0.3,0.6,reported_effect_scale,unverified_reported_effect_scale,0.5,0.0765320185386981,0.005857149861607629,true,true,true,false,false,false,provisional_unverified
MA-15-8f20baca1ced970d1a84c15e,15,indoor_air_pollution_health,8f20baca1ced970d1a84c15e,84,effect_size,1.0,0.99,1.01,reported_effect_scale,unverified_reported_effect_scale,1.0,0.005102134569246544,2.603177716270062e-05,true,true,true,false,false,false,provisional_unverified
MA-15-55c06a5769df14019c221d18,15,indoor_air_pollution_health,55c06a5769df14019c221d18,87,effect_size,1.11,1.07,1.16,reported_effect_scale,unverified_reported_effect_scale,1.11,0.022959605561609392,0.000527143487544685,true,true,true,false,false,false,provisional_unverified
MA-15-a2bdb94620133d8d3808fdbe,15,indoor_air_pollution_health,a2bdb94620133d8d3808fdbe,88,effect_size,2.5,0.7,4.3,reported_effect_scale,unverified_reported_effect_scale,2.5,0.918384222464377,0.8434295800714984,true,true,true,false,false,false,provisional_unverified
MA-15-845dcc95df0d30879d1fd9b5,15,indoor_air_pollution_health,845dcc95df0d30879d1fd9b5,89,effect_size,3.85,1.79,8.29,reported_effect_scale,unverified_reported_effect_scale,3.85,1.6581937350051252,2.7496064628102475,true,true,true,false,false,false,provisional_unverified
MA-15-b6c1b568e5260a6377e7ca5d,15,indoor_air_pollution_health,b6c1b568e5260a6377e7ca5d,90,effect_size,10.3,8.2,12.8,reported_effect_scale,unverified_reported_effect_scale,10.3,1.1734909509267044,1.377081011906861,true,true,true,false,false,false,provisional_unverified
MA-15-99ba1679349bfdd43aa76bd4,15,indoor_air_pollution_health,99ba1679349bfdd43aa76bd4,91,effect_size,292.0,145.0,440.0,reported_effect_scale,unverified_reported_effect_scale,292.0,75.25648489638645,5663.538518960042,true,true,true,false,false,false,provisional_unverified
MA-15-741e90b98a697fefbffb6717,15,indoor_air_pollution_health,741e90b98a697fefbffb6717,95,effect_size,1.17,1.01,1.37,reported_effect_scale,unverified_reported_effect_scale,1.17,0.09183842224643773,0.008434295800714989,true,true,true,false,false,false,provisional_unverified
MA-15-da6b6aef2dcb4d3a08d7dbc6,15,indoor_air_pollution_health,da6b6aef2dcb4d3a08d7dbc6,97,effect_size,0.59,0.49,0.71,reported_effect_scale,unverified_reported_effect_scale,0.59,0.056123480261711926,0.0031498450366867683,true,true,true,false,false,false,provisional_unverified
MA-15-b1bae1fea5c6860679b7c758,15,indoor_air_pollution_health,b1bae1fea5c6860679b7c758,98,effect_size,2.35,1.22,4.52,reported_effect_scale,unverified_reported_effect_scale,2.35,0.8418522039256789,0.708715133254523,true,true,true,false,false,false,provisional_unverified
MA-15-a84588a13b3bf99083acfcd9,15,indoor_air_pollution_health,a84588a13b3bf99083acfcd9,99,effect_size,1.0,0.967,1.014,reported_effect_scale,unverified_reported_effect_scale,1.0,0.011990016237729379,0.00014376048938101417,true,true,true,false,false,false,provisional_unverified
MA-15-6878b9d32c8b64e19234e990,15,indoor_air_pollution_health,6878b9d32c8b64e19234e990,102,effect_size,2.02,1.01,4.05,reported_effect_scale,unverified_reported_effect_scale,2.02,0.775524454525474,0.601438179567034,true,true,true,false,false,false,provisional_unverified
MA-15-007596cdca71954a24487392,15,indoor_air_pollution_health,007596cdca71954a24487392,106,effect_size,1.64,0.99,2.71,reported_effect_scale,unverified_reported_effect_scale,1.64,0.4387835729552024,0.19253102389533341,true,true,true,false,false,false,provisional_unverified
MA-15-14c3457f3441cb8bacec2c82,15,indoor_air_pollution_health,14c3457f3441cb8bacec2c82,107,effect_size,1.7,1.0,2.9,reported_effect_scale,unverified_reported_effect_scale,1.7,0.4847027840784212,0.2349367888933726,true,true,true,false,false,false,provisional_unverified
MA-15-cc222c19d1bf2ee1094679a1,15,indoor_air_pollution_health,cc222c19d1bf2ee1094679a1,108,effect_size,0.54,0.38,0.77,reported_effect_scale,unverified_reported_effect_scale,0.54,0.09949162410030753,0.009898583266116893,true,true,true,false,false,false,provisional_unverified
MA-15-6bfd6e311e0f93c1a2c8526f,15,indoor_air_pollution_health,6bfd6e311e0f93c1a2c8526f,109,effect_size,2.18,17.4,39.6,reported_effect_scale,unverified_reported_effect_scale,2.18,5.663369371863659,32.07375264216338,true,false,true,false,false,false,provisional_unverified
MA-15-acf532330012da0ec8b9ba93,15,indoor_air_pollution_health,acf532330012da0ec8b9ba93,114,effect_size,1.11,1.06,1.17,reported_effect_scale,unverified_reported_effect_scale,1.11,0.028061740130855935,0.0007874612591716904,true,true,true,false,false,false,provisional_unverified
MA-15-d5c37a6c5bade766ada408f7,15,indoor_air_pollution_health,d5c37a6c5bade766ada408f7,120,effect_size,-92.0,-320.4,136.4,reported_effect_scale,unverified_reported_effect_scale,-92.0,116.53275356159095,13579.882652646489,true,true,true,false,false,false,provisional_unverified
MA-15-dad8588c4d473550707158d4,15,indoor_air_pollution_health,dad8588c4d473550707158d4,123,effect_size,-17.5,-32.7,-2.3,reported_effect_scale,unverified_reported_effect_scale,-17.5,7.75524454525474,60.1438179567034,true,true,true,false,false,false,provisional_unverified
MA-15-ba5d54b7b27f24b5cd9b655e,15,indoor_air_pollution_health,ba5d54b7b27f24b5cd9b655e,124,effect_size,3.25,1.5,7.07,reported_effect_scale,unverified_reported_effect_scale,3.25,1.4209444775351614,2.0190832082376726,true,true,true,false,false,false,provisional_unverified
MA-15-9d2d8865fec310463c37f687,15,indoor_air_pollution_health,9d2d8865fec310463c37f687,125,effect_size,1.49,1.11,2.01,reported_effect_scale,unverified_reported_effect_scale,1.49,0.2295960556160942,0.05271434875446862,true,true,true,false,false,false,provisional_unverified
MA-15-86897ad7dd4040a257ff240b,15,indoor_air_pollution_health,86897ad7dd4040a257ff240b,128,effect_size,1.14,1.1,1.18,reported_effect_scale,unverified_reported_effect_scale,1.14,0.02040853827698612,0.00041650843460320754,true,true,true,false,false,false,provisional_unverified
MA-15-1bece95fd060fe1813bcf94f,15,indoor_air_pollution_health,1bece95fd060fe1813bcf94f,130,effect_size,1.11,1.02,1.26,reported_effect_scale,unverified_reported_effect_scale,1.11,0.06122561483095847,0.003748575911428882,true,true,true,false,false,false,provisional_unverified
MA-15-61f6153fe1a5cb474b456fff,15,indoor_air_pollution_health,61f6153fe1a5cb474b456fff,132,effect_size,66.0,43.1,81.5,reported_effect_scale,unverified_reported_effect_scale,66.0,9.796098372953356,95.96354333257939,true,true,true,false,false,false,provisional_unverified
MA-15-bc9249d586077111c3205bde,15,indoor_air_pollution_health,bc9249d586077111c3205bde,134,effect_size,30.9,21.6,40.1,reported_effect_scale,unverified_reported_effect_scale,30.9,4.719474476553049,22.27343933483568,true,true,true,false,false,false,provisional_unverified
MA-15-526556c054e7ba905d50cda1,15,indoor_air_pollution_health,526556c054e7ba905d50cda1,135,effect_size,1.73,1.03,2.92,reported_effect_scale,unverified_reported_effect_scale,1.73,0.482151716793798,0.23247027800720677,true,true,true,false,false,false,provisional_unverified
MA-15-d961933a98672031fa844f82,15,indoor_air_pollution_health,d961933a98672031fa844f82,138,effect_size,3.78,1.14,12.51,reported_effect_scale,unverified_reported_effect_scale,3.78,2.9005635026166576,8.413268632711814,true,true,true,false,false,false,provisional_unverified
MA-15-f34fa2e5ec2c6ffabd2ba7b0,15,indoor_air_pollution_health,f34fa2e5ec2c6ffabd2ba7b0,140,effect_size,1.79,-0.31,3.9,reported_effect_scale,unverified_reported_effect_scale,1.79,1.0739993268263965,1.153474554023553,true,true,true,false,false,false,provisional_unverified
MA-15-ed5efa493f03754f58bfc467,15,indoor_air_pollution_health,ed5efa493f03754f58bfc467,146,effect_size,1.42,1.24,1.63,reported_effect_scale,unverified_reported_effect_scale,1.42,0.0994916241003075,0.009898583266116888,true,true,true,false,false,false,provisional_unverified
MA-15-05130944829766a5834a8169,15,indoor_air_pollution_health,05130944829766a5834a8169,147,effect_size,1.6,1.32,1.93,reported_effect_scale,unverified_reported_effect_scale,1.6,0.15561510436201942,0.024216060705602196,true,true,true,false,false,false,provisional_unverified
MA-15-0ca611d9d206f4af7e5bd5ad,15,indoor_air_pollution_health,0ca611d9d206f4af7e5bd5ad,148,effect_size,2.58,1.98,3.37,reported_effect_scale,unverified_reported_effect_scale,2.58,0.35459835256263456,0.12573999164013447,true,true,true,false,false,false,provisional_unverified
MA-15-97aeabfa4a294c672db2df44,15,indoor_air_pollution_health,97aeabfa4a294c672db2df44,150,effect_size,1.18,1.04,1.36,reported_effect_scale,unverified_reported_effect_scale,1.18,0.08163415310794465,0.00666413495365135,true,true,true,false,false,false,provisional_unverified
MA-15-8793a72897a513c0e1e148c9,15,indoor_air_pollution_health,8793a72897a513c0e1e148c9,151,effect_size,3.28,2.35,4.69,reported_effect_scale,unverified_reported_effect_scale,3.28,0.5969497446018452,0.35634899758020827,true,true,true,false,false,false,provisional_unverified
MA-15-c8db092d2666f2f833bb4af3,15,indoor_air_pollution_health,c8db092d2666f2f833bb4af3,152,effect_size,0.51,0.29,0.89,reported_effect_scale,unverified_reported_effect_scale,0.51,0.15306403707739621,0.023428599446430522,true,true,true,false,false,false,provisional_unverified
MA-15-28d2eaf5ac65820fd6ad119f,15,indoor_air_pollution_health,28d2eaf5ac65820fd6ad119f,153,effect_size,1.58,1.28,1.94,reported_effect_scale,unverified_reported_effect_scale,1.58,0.16837044078513577,0.028348605330180913,true,true,true,false,false,false,provisional_unverified
MA-15-bf18c0d208a9bbe3b21c040c,15,indoor_air_pollution_health,bf18c0d208a9bbe3b21c040c,155,effect_size,1.18,0.7,1.91,reported_effect_scale,unverified_reported_effect_scale,1.18,0.30867914143941566,0.09528281235977477,true,true,true,false,false,false,provisional_unverified
MA-15-437714ac2ee2fc8a50c6ff19,15,indoor_air_pollution_health,437714ac2ee2fc8a50c6ff19,156,effect_size,1.92,1.42,2.58,reported_effect_scale,unverified_reported_effect_scale,1.92,0.29592380501629933,0.08757089837532475,true,true,true,false,false,false,provisional_unverified
MA-15-741f87ffe84f5a1d51f298bd,15,indoor_air_pollution_health,741f87ffe84f5a1d51f298bd,159,effect_size,3.3,1.06,10.3,reported_effect_scale,unverified_reported_effect_scale,3.3,2.3571861709919015,5.556326644715462,true,true,true,false,false,false,provisional_unverified
MA-15-a2fbb83dd9df434a7d2424e3,15,indoor_air_pollution_health,a2fbb83dd9df434a7d2424e3,160,effect_size,3.23,1.3,8.01,reported_effect_scale,unverified_reported_effect_scale,3.23,1.711766147982214,2.930143345377867,true,true,true,false,false,false,provisional_unverified
MA-15-5c9ef007d39c2999badc72c4,15,indoor_air_pollution_health,5c9ef007d39c2999badc72c4,162,effect_size,19.6,-10.1,49.2,reported_effect_scale,unverified_reported_effect_scale,19.6,15.12782899781599,228.85121018716237,true,true,true,false,false,false,provisional_unverified
MA-15-814440f8728b9efdb3836a03,15,indoor_air_pollution_health,814440f8728b9efdb3836a03,166,effect_size,2.39,2.33,2.45,reported_effect_scale,unverified_reported_effect_scale,2.39,0.030612807415479264,0.0009371439778572223,true,true,true,false,false,false,provisional_unverified
MA-15-bf9651f328a70d812c470f28,15,indoor_air_pollution_health,bf9651f328a70d812c470f28,167,effect_size,3.6,1.2,10.1,reported_effect_scale,unverified_reported_effect_scale,3.6,2.27044988331471,5.15494267264378,true,true,true,false,false,false,provisional_unverified
MA-15-a8db78bc7924fe943709bc96,15,indoor_air_pollution_health,a8db78bc7924fe943709bc96,168,effect_size,0.26,0.1,0.67,reported_effect_scale,unverified_reported_effect_scale,0.26,0.14541083522352638,0.02114431100040354,true,true,true,false,false,false,provisional_unverified
MA-15-3a6fc87e33b159cedd4351dd,15,indoor_air_pollution_health,3a6fc87e33b159cedd4351dd,172,effect_size,0.04,0.01,0.07,reported_effect_scale,unverified_reported_effect_scale,0.04,0.01530640370773962,0.00023428599446430519,true,true,true,false,false,false,provisional_unverified
MA-15-e4d797ade949e3e475336a60,15,indoor_air_pollution_health,e4d797ade949e3e475336a60,175,effect_size,15.5,12.6,18.5,reported_effect_scale,unverified_reported_effect_scale,15.5,1.5051296979277293,2.2654154075840176,true,true,true,false,false,false,provisional_unverified
MA-15-9d89fbfef13d8087e9886509,15,indoor_air_pollution_health,9d89fbfef13d8087e9886509,177,effect_size,-21.9,-37.7,-6.1,reported_effect_scale,unverified_reported_effect_scale,-21.9,8.061372619409532,64.9857285089657,true,true,true,false,false,false,provisional_unverified
MA-15-50b494d67496748baab99b43,15,indoor_air_pollution_health,50b494d67496748baab99b43,178,effect_size,1.98,1.01,3.92,reported_effect_scale,unverified_reported_effect_scale,1.98,0.7423605798253715,0.5510992304786618,true,true,true,false,false,false,provisional_unverified
MA-15-aa57270bae3f6577bed00a89,15,indoor_air_pollution_health,aa57270bae3f6577bed00a89,181,effect_size,4.35,0.1,18.97,reported_effect_scale,unverified_reported_effect_scale,4.35,4.813863966084109,23.17328628396303,true,true,true,false,false,false,provisional_unverified
MA-15-af920fc1bc00efd3ebfac22d,15,indoor_air_pollution_health,af920fc1bc00efd3ebfac22d,182,effect_size,-0.543,-1.357,-0.579,reported_effect_scale,unverified_reported_effect_scale,-0.543,0.1984730347436904,0.03939154552037014,true,false,true,false,false,false,provisional_unverified
MA-15-062c20fc7ff29009ae338f21,15,indoor_air_pollution_health,062c20fc7ff29009ae338f21,186,effect_size,3.55,1.73,7.26,reported_effect_scale,unverified_reported_effect_scale,3.55,1.410740208396668,1.9901879355870744,true,true,true,false,false,false,provisional_unverified
MA-15-c4c0323d4198c1255272aff4,15,indoor_air_pollution_health,c4c0323d4198c1255272aff4,187,effect_size,5.5,1.4,22.1,reported_effect_scale,unverified_reported_effect_scale,5.5,5.2807092791701695,27.88589049111393,true,true,true,false,false,false,provisional_unverified
MA-15-587b3ebe811950d56feeda19,15,indoor_air_pollution_health,587b3ebe811950d56feeda19,188,effect_size,10.3,9.7,10.9,reported_effect_scale,unverified_reported_effect_scale,10.3,0.30612807415479265,0.09371439778572223,true,true,true,false,false,false,provisional_unverified
MA-15-d9d4981dc1c790619203effd,15,indoor_air_pollution_health,d9d4981dc1c790619203effd,195,effect_size,1.01,0.78,1.42,reported_effect_scale,unverified_reported_effect_scale,1.01,0.16326830621588925,0.02665653981460538,true,true,true,false,false,false,provisional_unverified
MA-15-29c9d381acf6a7b58c6e0987,15,indoor_air_pollution_health,29c9d381acf6a7b58c6e0987,197,effect_size,-0.72,-0.92,-0.51,reported_effect_scale,unverified_reported_effect_scale,-0.72,0.10459375866955407,0.010939854352624918,true,true,true,false,false,false,provisional_unverified
MA-15-a2501e451b0f122ea3c43582,15,indoor_air_pollution_health,a2501e451b0f122ea3c43582,199,effect_size,1.51,0.16,2.86,reported_effect_scale,unverified_reported_effect_scale,1.51,0.6887881668482828,0.47442913879021786,true,true,true,false,false,false,provisional_unverified
MA-15-e729fde314489c801494ce8d,15,indoor_air_pollution_health,e729fde314489c801494ce8d,201,effect_size,1.07,0.94,1.22,reported_effect_scale,unverified_reported_effect_scale,1.07,0.07142988396945156,0.005102228323889313,true,true,true,false,false,false,provisional_unverified
MA-15-9f71dc86ef58027351a5ba8a,15,indoor_air_pollution_health,9f71dc86ef58027351a5ba8a,203,effect_size,5.7,1.2,11.0,reported_effect_scale,unverified_reported_effect_scale,5.7,2.5000459389308047,6.250229696764409,true,true,true,false,false,false,provisional_unverified
MA-15-9de7527e01f354d05afc9048,15,indoor_air_pollution_health,9de7527e01f354d05afc9048,205,effect_size,7.95,3.52,17.94,reported_effect_scale,unverified_reported_effect_scale,7.95,3.6786390244267553,13.53238507203543,true,true,true,false,false,false,provisional_unverified
MA-15-af5706fb1ae067d079d648d2,15,indoor_air_pollution_health,af5706fb1ae067d079d648d2,208,effect_size,0.718,0.084,1.352,reported_effect_scale,unverified_reported_effect_scale,0.718,0.3234753316902306,0.10463629021210473,true,true,true,false,false,false,provisional_unverified
MA-15-c030cab06befd68875a2e58a,15,indoor_air_pollution_health,c030cab06befd68875a2e58a,210,effect_size,1.17,1.1,1.24,reported_effect_scale,unverified_reported_effect_scale,1.17,0.03571494198472575,0.0012755570809723264,true,true,true,false,false,false,provisional_unverified
MA-15-c2c9c479a1ff3ef7c103fb2b,15,indoor_air_pollution_health,c2c9c479a1ff3ef7c103fb2b,213,effect_size,1.79,1.53,2.09,reported_effect_scale,unverified_reported_effect_scale,1.79,0.14285976793890307,0.020408913295557236,true,true,true,false,false,false,provisional_unverified
MA-15-4a4f1b63f833a2dbbdeb3611,15,indoor_air_pollution_health,4a4f1b63f833a2dbbdeb3611,215,effect_size,1.3,1.19,1.46,reported_effect_scale,unverified_reported_effect_scale,1.3,0.06887881668482829,0.0047442913879021794,true,true,true,false,false,false,provisional_unverified
MA-15-065d2eca223062101af17524,15,indoor_air_pollution_health,065d2eca223062101af17524,223,effect_size,2.5,2.57,7.38,reported_effect_scale,unverified_reported_effect_scale,2.5,1.227063363903793,1.505684499034892,true,false,true,false,false,false,provisional_unverified
MA-15-5521e57a70af795e1b19d9a7,15,indoor_air_pollution_health,5521e57a70af795e1b19d9a7,224,effect_size,1.44,1.3,1.61,reported_effect_scale,unverified_reported_effect_scale,1.44,0.07908308582332138,0.006254134463338815,true,true,true,false,false,false,provisional_unverified
MA-15-3dabd9dcf1c39963605ad710,15,indoor_air_pollution_health,3dabd9dcf1c39963605ad710,225,effect_size,0.74,0.61,0.9,reported_effect_scale,unverified_reported_effect_scale,0.74,0.07398095125407483,0.005473181148457797,true,true,true,false,false,false,provisional_unverified
MA-15-3a1ad7bb01d834dd0f76cf28,15,indoor_air_pollution_health,3a1ad7bb01d834dd0f76cf28,226,effect_size,1.7,1.4,2.07,reported_effect_scale,unverified_reported_effect_scale,1.7,0.17092150806975906,0.02921416192084071,true,true,true,false,false,false,provisional_unverified
MA-15-b67f06aaa86f84637c074e4d,15,indoor_air_pollution_health,b67f06aaa86f84637c074e4d,227,effect_size,0.75,0.58,0.96,reported_effect_scale,unverified_reported_effect_scale,0.75,0.09694055681568425,0.009397471555734907,true,true,true,false,false,false,provisional_unverified
MA-15-a0dc1b2ef641f5cd26acb07e,15,indoor_air_pollution_health,a0dc1b2ef641f5cd26acb07e,232,effect_size,1.12,1.05,1.21,reported_effect_scale,unverified_reported_effect_scale,1.12,0.0408170765539723,0.0016660337384128351,true,true,true,false,false,false,provisional_unverified
MA-15-8397c21b11fecbcabcd0141e,15,indoor_air_pollution_health,8397c21b11fecbcabcd0141e,234,effect_size,1.09,1.06,1.13,reported_effect_scale,unverified_reported_effect_scale,1.09,0.01785747099236285,0.00031888927024308056,true,true,true,false,false,false,provisional_unverified
MA-15-f81cca355f1023e98ef302ed,15,indoor_air_pollution_health,f81cca355f1023e98ef302ed,237,effect_size,7.7,1.0,6.4,reported_effect_scale,unverified_reported_effect_scale,7.7,1.3775763336965658,1.8977165551608721,true,false,true,false,false,false,provisional_unverified
MA-15-de407b61bd0ca2172534e8b9,15,indoor_air_pollution_health,de407b61bd0ca2172534e8b9,238,effect_size,1.4,1.07,1.82,reported_effect_scale,unverified_reported_effect_scale,1.4,0.19133004634674525,0.03660718663504768,true,true,true,false,false,false,provisional_unverified
MA-15-cabe175fdc0d5ddcf180721d,15,indoor_air_pollution_health,cabe175fdc0d5ddcf180721d,240,effect_size,2.37,1.58,3.53,reported_effect_scale,unverified_reported_effect_scale,2.37,0.49745812050153754,0.24746458165292223,true,true,true,false,false,false,provisional_unverified
MA-15-c55ec194057e2325e9af5ade,15,indoor_air_pollution_health,c55ec194057e2325e9af5ade,245,effect_size,1.59,1.08,2.34,reported_effect_scale,unverified_reported_effect_scale,1.59,0.32143447786253193,0.10332012355875853,true,true,true,false,false,false,provisional_unverified
MA-15-4b09f6aafed4562278a65e6c,15,indoor_air_pollution_health,4b09f6aafed4562278a65e6c,248,effect_size,5.0,216.0,406.0,reported_effect_scale,unverified_reported_effect_scale,5.0,48.47027840784212,2349.367888933726,true,false,true,false,false,false,provisional_unverified
MA-15-f19287cf11d65cd1e1e67caf,15,indoor_air_pollution_health,f19287cf11d65cd1e1e67caf,249,effect_size,1.7,1.6,1.8,reported_effect_scale,unverified_reported_effect_scale,1.7,0.051021345692465386,0.002603177716270056,true,true,true,false,false,false,provisional_unverified
MA-15-ac65a99ff5b30e65b93f6b9f,15,indoor_air_pollution_health,ac65a99ff5b30e65b93f6b9f,250,effect_size,0.26,0.08,0.9,reported_effect_scale,unverified_reported_effect_scale,0.26,0.20918751733910815,0.04375941741049967,true,true,true,false,false,false,provisional_unverified
MA-15-c3b30e07fd8dd82397b1f2cb,15,indoor_air_pollution_health,c3b30e07fd8dd82397b1f2cb,251,effect_size,1.12,1.03,1.3,reported_effect_scale,unverified_reported_effect_scale,1.12,0.06887881668482829,0.0047442913879021794,true,true,true,false,false,false,provisional_unverified
MA-15-3a50510182e56fea1f3c163c,15,indoor_air_pollution_health,3a50510182e56fea1f3c163c,254,effect_size,3.97,2.0,7.88,reported_effect_scale,unverified_reported_effect_scale,3.97,1.5000275633584825,2.2500826908351863,true,true,true,false,false,false,provisional_unverified
MA-15-6bffda85e63fd5d84a671404,15,indoor_air_pollution_health,6bffda85e63fd5d84a671404,257,effect_size,1.19,1.01,1.4,reported_effect_scale,unverified_reported_effect_scale,1.19,0.0994916241003075,0.009898583266116888,true,true,true,false,false,false,provisional_unverified
MA-15-88379385fe42653b06a6d709,15,indoor_air_pollution_health,88379385fe42653b06a6d709,258,effect_size,1.25,1.08,1.46,reported_effect_scale,unverified_reported_effect_scale,1.25,0.09694055681568423,0.009397471555734902,true,true,true,false,false,false,provisional_unverified
MA-15-97e6fdc94e8a38d9db57dca6,15,indoor_air_pollution_health,97e6fdc94e8a38d9db57dca6,261,effect_size,1.0,0.8,1.4,reported_effect_scale,unverified_reported_effect_scale,1.0,0.15306403707739616,0.023428599446430505,true,true,true,false,false,false,provisional_unverified
MA-15-84428ff7fc4275b68508e01f,15,indoor_air_pollution_health,84428ff7fc4275b68508e01f,262,effect_size,5.2,4.8,5.6,reported_effect_scale,unverified_reported_effect_scale,5.2,0.20408538276986155,0.0416508434603209,true,true,true,false,false,false,provisional_unverified
MA-15-6eb385b8a5b32c079e7dae07,15,indoor_air_pollution_health,6eb385b8a5b32c079e7dae07,263,effect_size,2.53,1.1,2.83,reported_effect_scale,unverified_reported_effect_scale,2.53,0.44133464023982566,0.19477626467561635,true,true,true,false,false,false,provisional_unverified
MA-15-1509ee7493de95d91b124b35,15,indoor_air_pollution_health,1509ee7493de95d91b124b35,264,effect_size,1.69,1.05,2.72,reported_effect_scale,unverified_reported_effect_scale,1.69,0.4260282365320861,0.1815000583226391,true,true,true,false,false,false,provisional_unverified
MA-15-b27b046526e4ba37cb0469b3,15,indoor_air_pollution_health,b27b046526e4ba37cb0469b3,265,effect_size,49.0,34.0,60.0,reported_effect_scale,unverified_reported_effect_scale,49.0,6.632774940020502,43.99370340496397,true,true,true,false,false,false,provisional_unverified
MA-15-bc2c65d2441fafb454a07183,15,indoor_air_pollution_health,bc2c65d2441fafb454a07183,266,effect_size,2.81,2.48,3.28,reported_effect_scale,unverified_reported_effect_scale,2.81,0.20408538276986155,0.0416508434603209,true,true,true,false,false,false,provisional_unverified
MA-15-cc853e9d58d00e260253eeb2,15,indoor_air_pollution_health,cc853e9d58d00e260253eeb2,272,effect_size,0.95,0.89,1.02,reported_effect_scale,unverified_reported_effect_scale,0.95,0.03316387470010251,0.001099842585124099,true,true,true,false,false,false,provisional_unverified
MA-15-0455a3b34ebd20cdd7690b4e,15,indoor_air_pollution_health,0455a3b34ebd20cdd7690b4e,274,effect_size,2.17,1.09,4.34,reported_effect_scale,unverified_reported_effect_scale,2.17,0.8290968675025627,0.6874016157025621,true,true,true,false,false,false,provisional_unverified
MA-15-df2a029a16a5b0f69e9e108a,15,indoor_air_pollution_health,df2a029a16a5b0f69e9e108a,275,effect_size,2.22,1.02,4.81,reported_effect_scale,unverified_reported_effect_scale,2.22,0.9668545008722191,0.9348076258568679,true,true,true,false,false,false,provisional_unverified
MA-15-a76106940a9c659dc56b42d1,15,indoor_air_pollution_health,a76106940a9c659dc56b42d1,276,effect_size,3.76,1.2,11.82,reported_effect_scale,unverified_reported_effect_scale,3.76,2.7092334562699127,7.339945920572217,true,true,true,false,false,false,provisional_unverified
MA-15-2c3c232d6ef0a97d83f27320,15,indoor_air_pollution_health,2c3c232d6ef0a97d83f27320,278,effect_size,0.71,0.59,0.87,reported_effect_scale,unverified_reported_effect_scale,0.71,0.07142988396945156,0.005102228323889313,true,true,true,false,false,false,provisional_unverified
MA-15-45af16661a2cdd7f239b9319,15,indoor_air_pollution_health,45af16661a2cdd7f239b9319,280,effect_size,0.43,0.28,0.67,reported_effect_scale,unverified_reported_effect_scale,0.43,0.09949162410030753,0.009898583266116893,true,true,true,false,false,false,provisional_unverified
MA-15-8ad02268952cb9df6b6e611b,15,indoor_air_pollution_health,8ad02268952cb9df6b6e611b,281,effect_size,1.07,0.99,1.17,reported_effect_scale,unverified_reported_effect_scale,1.07,0.04591921112321884,0.0021085739501787446,true,true,true,false,false,false,provisional_unverified
MA-15-11844bcde249a80976c308b0,15,indoor_air_pollution_health,11844bcde249a80976c308b0,282,effect_size,1.19,1.1,1.28,reported_effect_scale,unverified_reported_effect_scale,1.19,0.04591921112321884,0.0021085739501787446,true,true,true,false,false,false,provisional_unverified
MA-15-7c08aeec83cb344c43009ccf,15,indoor_air_pollution_health,7c08aeec83cb344c43009ccf,287,effect_size,12.5,10.9,14.1,reported_effect_scale,unverified_reported_effect_scale,12.5,0.8163415310794462,0.6664134953651344,true,true,true,false,false,false,provisional_unverified
MA-15-0b0a7925f67193bdc3836e6f,15,indoor_air_pollution_health,0b0a7925f67193bdc3836e6f,291,effect_size,1.49,1.15,1.95,reported_effect_scale,unverified_reported_effect_scale,1.49,0.2040853827698616,0.04165084346032092,true,true,true,false,false,false,provisional_unverified
MA-15-2f2f8b26a61ab15c64c55bf4,15,indoor_air_pollution_health,2f2f8b26a61ab15c64c55bf4,292,effect_size,1.82,1.6,2.06,reported_effect_scale,unverified_reported_effect_scale,1.82,0.1173490950926704,0.0137708101190686,true,true,true,false,false,false,provisional_unverified
MA-15-e70a386102daf4a7d45cc7d2,15,indoor_air_pollution_health,e70a386102daf4a7d45cc7d2,295,effect_size,1376.0,1331.0,1423.0,reported_effect_scale,unverified_reported_effect_scale,1376.0,23.469819018534082,550.8324047627441,true,true,true,false,false,false,provisional_unverified
MA-15-5e155e8b068063a19125c772,15,indoor_air_pollution_health,5e155e8b068063a19125c772,296,effect_size,1.47,1.25,1.73,reported_effect_scale,unverified_reported_effect_scale,1.47,0.12245122966191695,0.014994303645715528,true,true,true,false,false,false,provisional_unverified
MA-15-62cd039769c3957cb7b25587,15,indoor_air_pollution_health,62cd039769c3957cb7b25587,297,effect_size,1.05,1.01,1.08,reported_effect_scale,unverified_reported_effect_scale,1.05,0.017857470992362904,0.00031888927024308257,true,true,true,false,false,false,provisional_unverified
MA-15-2cdc33b1c8b08884aa9a8157,15,indoor_air_pollution_health,2cdc33b1c8b08884aa9a8157,302,effect_size,23.88,15.91,24.86,reported_effect_scale,unverified_reported_effect_scale,23.88,2.2832052197378263,5.213026075438056,true,true,true,false,false,false,provisional_unverified
MA-15-12576d83c3b09c240424eb18,15,indoor_air_pollution_health,12576d83c3b09c240424eb18,306,effect_size,89.0,-27.0,204.0,reported_effect_scale,unverified_reported_effect_scale,89.0,58.929654274797535,3472.7041529471635,true,true,true,false,false,false,provisional_unverified
MA-15-0284c47aed76acd71a1e5190,15,indoor_air_pollution_health,0284c47aed76acd71a1e5190,307,effect_size,1.63,0.76,3.52,reported_effect_scale,unverified_reported_effect_scale,1.63,0.7040945705560224,0.49574916428646965,true,true,true,false,false,false,provisional_unverified
MA-15-3156be315a833bf16e93fc27,15,indoor_air_pollution_health,3156be315a833bf16e93fc27,310,effect_size,13.7,12.8,15.5,reported_effect_scale,unverified_reported_effect_scale,13.7,0.6887881668482827,0.47442913879021775,true,true,true,false,false,false,provisional_unverified
MA-15-4a952ffa187e3a22dcec2275,15,indoor_air_pollution_health,4a952ffa187e3a22dcec2275,311,effect_size,17.75,16.95,18.55,reported_effect_scale,unverified_reported_effect_scale,17.75,0.40817076553972353,0.16660337384128396,true,true,true,false,false,false,provisional_unverified
MA-15-f9fbe3a6d2845e328e6cdd2c,15,indoor_air_pollution_health,f9fbe3a6d2845e328e6cdd2c,314,effect_size,1.63,1.55,1.72,reported_effect_scale,unverified_reported_effect_scale,1.63,0.043368143838595566,0.0018807959000051145,true,true,true,false,false,false,provisional_unverified
MA-15-ea2d71eccdb0d74dfdcb7e1d,15,indoor_air_pollution_health,ea2d71eccdb0d74dfdcb7e1d,316,effect_size,2.603,1.77,3.828,reported_effect_scale,unverified_reported_effect_scale,2.603,0.5250096471754688,0.2756351296273103,true,true,true,false,false,false,provisional_unverified
MA-15-5b53b11a9a0b28392749cdfc,15,indoor_air_pollution_health,5b53b11a9a0b28392749cdfc,318,effect_size,1.78,1.11,3.64,reported_effect_scale,unverified_reported_effect_scale,1.78,0.6454200230096874,0.4165670061018254,true,true,true,false,false,false,provisional_unverified
MA-15-16bb490232ad60d4f3de54b5,15,indoor_air_pollution_health,16bb490232ad60d4f3de54b5,322,effect_size,-12.0,2.0,21.0,reported_effect_scale,unverified_reported_effect_scale,-12.0,4.847027840784213,23.493678889337268,true,false,true,false,false,false,provisional_unverified
MA-15-547382d51b0143776e2f400d,15,indoor_air_pollution_health,547382d51b0143776e2f400d,324,effect_size,-0.25,-0.39,-0.11,reported_effect_scale,unverified_reported_effect_scale,-0.25,0.07142988396945156,0.005102228323889313,true,true,true,false,false,false,provisional_unverified
MA-15-2f82eff82e6e90defdf997db,15,indoor_air_pollution_health,2f82eff82e6e90defdf997db,325,effect_size,22.0,-38.0,-2.0,reported_effect_scale,unverified_reported_effect_scale,22.0,9.18384222464377,84.34295800714985,true,false,true,false,false,false,provisional_unverified
MA-15-eea821b2b1c088732c46367b,15,indoor_air_pollution_health,eea821b2b1c088732c46367b,326,effect_size,2.42,1.11,5.48,reported_effect_scale,unverified_reported_effect_scale,2.42,1.114816403380369,1.2428156132459414,true,true,true,false,false,false,provisional_unverified
MA-15-55d0840e961645e4a9911807,15,indoor_air_pollution_health,55d0840e961645e4a9911807,330,effect_size,0.62,0.46,0.82,reported_effect_scale,unverified_reported_effect_scale,0.62,0.09183842224643769,0.008434295800714982,true,true,true,false,false,false,provisional_unverified
MA-15-760df5cba787bb64e6e86128,15,indoor_air_pollution_health,760df5cba787bb64e6e86128,331,effect_size,1.33,1.12,1.58,reported_effect_scale,unverified_reported_effect_scale,1.33,0.1173490950926704,0.0137708101190686,true,true,true,false,false,false,provisional_unverified
MA-15-8c9a5d1a732084597d867cbd,15,indoor_air_pollution_health,8c9a5d1a732084597d867cbd,333,effect_size,17.8,15.1,20.6,reported_effect_scale,unverified_reported_effect_scale,17.8,1.403087006542799,1.9686531479292324,true,true,true,false,false,false,provisional_unverified
MA-15-86d591e6acc4de02fa976069,15,indoor_air_pollution_health,86d591e6acc4de02fa976069,335,effect_size,1.05,1.04,1.07,reported_effect_scale,unverified_reported_effect_scale,1.05,0.007653201853869816,5.857149861607639e-05,true,true,true,false,false,false,provisional_unverified
MA-15-12a65eef4b7356d559a3b4e8,15,indoor_air_pollution_health,12a65eef4b7356d559a3b4e8,337,effect_size,1.33,1.1,1.6,reported_effect_scale,unverified_reported_effect_scale,1.33,0.12755336423116348,0.016269860726687856,true,true,true,false,false,false,provisional_unverified
MA-15-2505057d7778baa4a54d6408,15,indoor_air_pollution_health,2505057d7778baa4a54d6408,339,effect_size,63.0,0.4,126.0,reported_effect_scale,unverified_reported_effect_scale,63.0,32.04140509486827,1026.6516404534502,true,true,true,false,false,false,provisional_unverified
MA-15-912f93e6f83c8c391cdeb1d0,15,indoor_air_pollution_health,912f93e6f83c8c391cdeb1d0,341,effect_size,3.8,2.3,6.3,reported_effect_scale,unverified_reported_effect_scale,3.8,1.0204269138493078,1.0412710865080228,true,true,true,false,false,false,provisional_unverified
MA-15-21a07a70ece5954d1fe825df,15,indoor_air_pollution_health,21a07a70ece5954d1fe825df,345,effect_size,2.28,1.21,4.32,reported_effect_scale,unverified_reported_effect_scale,2.28,0.793381925517837,0.6294548797383908,true,true,true,false,false,false,provisional_unverified
MA-15-1426ef0aca760fac09d0f4e3,15,indoor_air_pollution_health,1426ef0aca760fac09d0f4e3,347,effect_size,2.1,1.47,2.99,reported_effect_scale,unverified_reported_effect_scale,2.1,0.38776222726273707,0.15035954489175854,true,true,true,false,false,false,provisional_unverified
MA-15-ff7f4ef9cfedc1b1f7ace3eb,15,indoor_air_pollution_health,ff7f4ef9cfedc1b1f7ace3eb,350,effect_size,36.0,20.0,65.0,reported_effect_scale,unverified_reported_effect_scale,36.0,11.479802780804715,131.78587188617166,true,true,true,false,false,false,provisional_unverified
MA-15-3617cc8826d7fb6440eb1659,15,indoor_air_pollution_health,3617cc8826d7fb6440eb1659,353,effect_size,0.99,0.6,1.66,reported_effect_scale,unverified_reported_effect_scale,0.99,0.27041313217006663,0.07312326205002592,true,true,true,false,false,false,provisional_unverified
MA-15-cadc817d6a32a90806d78edb,15,indoor_air_pollution_health,cadc817d6a32a90806d78edb,356,effect_size,27.1,3.9,56.3,reported_effect_scale,unverified_reported_effect_scale,27.1,13.367592571425932,178.69253115564177,true,true,true,false,false,false,provisional_unverified
MA-15-de4ea18e37da48592acfe0ea,15,indoor_air_pollution_health,de4ea18e37da48592acfe0ea,357,effect_size,3.1,1.63,5.92,reported_effect_scale,unverified_reported_effect_scale,3.1,1.0944078651033828,1.1977285752001443,true,true,true,false,false,false,provisional_unverified
MA-15-b70a5055fed213fa678a16fe,15,indoor_air_pollution_health,b70a5055fed213fa678a16fe,359,effect_size,1.12,1.033,1.214,reported_effect_scale,unverified_reported_effect_scale,1.12,0.0461743178516812,0.002132067629068085,true,true,true,false,false,false,provisional_unverified
MA-15-e59a0e7c67057644ac9d3cdc,15,indoor_air_pollution_health,e59a0e7c67057644ac9d3cdc,360,effect_size,243.0,11.0,496.0,reported_effect_scale,unverified_reported_effect_scale,243.0,123.72676330422858,15308.311957740605,true,true,true,false,false,false,provisional_unverified
MA-15-a813da69c5709a9175c4e628,15,indoor_air_pollution_health,a813da69c5709a9175c4e628,366,effect_size,2.12,1.03,4.34,reported_effect_scale,unverified_reported_effect_scale,2.12,0.8444032712103022,0.7130168844306592,true,true,true,false,false,false,provisional_unverified
MA-15-0f9892317d3f53e316957a60,15,indoor_air_pollution_health,0f9892317d3f53e316957a60,368,effect_size,0.8,0.75,0.85,reported_effect_scale,unverified_reported_effect_scale,0.8,0.025510672846232693,0.000650794429067514,true,true,true,false,false,false,provisional_unverified
MA-15-146219b454f828c9bbe94010,15,indoor_air_pollution_health,146219b454f828c9bbe94010,369,effect_size,2.06,1.44,3.08,reported_effect_scale,unverified_reported_effect_scale,2.06,0.4183750346782163,0.17503766964199868,true,true,true,false,false,false,provisional_unverified
MA-15-99b8be12b2e2459c0a0a88c2,15,indoor_air_pollution_health,99b8be12b2e2459c0a0a88c2,370,effect_size,1.25,1.01,1.55,reported_effect_scale,unverified_reported_effect_scale,1.25,0.13775763336965657,0.018977165551608718,true,true,true,false,false,false,provisional_unverified
MA-15-ef6e9b4c9b757ba67a7c2ff7,15,indoor_air_pollution_health,ef6e9b4c9b757ba67a7c2ff7,378,effect_size,5.4,4.1,6.9,reported_effect_scale,unverified_reported_effect_scale,5.4,0.7142988396945157,0.5102228323889314,true,true,true,false,false,false,provisional_unverified
MA-15-c478a0533731282632c3f457,15,indoor_air_pollution_health,c478a0533731282632c3f457,381,effect_size,1.23,0.99,1.53,reported_effect_scale,unverified_reported_effect_scale,1.23,0.13775763336965657,0.018977165551608718,true,true,true,false,false,false,provisional_unverified
MA-15-4a6ab03dc48cb9ccd9d96c4e,15,indoor_air_pollution_health,4a6ab03dc48cb9ccd9d96c4e,389,effect_size,1.03,0.94,1.13,reported_effect_scale,unverified_reported_effect_scale,1.03,0.04847027840784211,0.0023493678889337254,true,true,true,false,false,false,provisional_unverified
MA-15-92cc9402e28c54d2254c205c,15,indoor_air_pollution_health,92cc9402e28c54d2254c205c,390,effect_size,1.41,1.0,1.99,reported_effect_scale,unverified_reported_effect_scale,1.41,0.2525556611777037,0.06378436199290709,true,true,true,false,false,false,provisional_unverified
MA-15-89a79ad0d66522bc5a5e0fc6,15,indoor_air_pollution_health,89a79ad0d66522bc5a5e0fc6,391,effect_size,3.28,1.34,8.03,reported_effect_scale,unverified_reported_effect_scale,3.28,1.7066640134129674,2.9127020546788573,true,true,true,false,false,false,provisional_unverified
MA-15-dc1f1db86dc88e4eca98ec30,15,indoor_air_pollution_health,dc1f1db86dc88e4eca98ec30,400,effect_size,-0.64,-0.9,-0.39,reported_effect_scale,unverified_reported_effect_scale,-0.64,0.13010443151578677,0.01692716310004605,true,true,true,false,false,false,provisional_unverified
MA-15-d755f51ebb3ffcca945cc06d,15,indoor_air_pollution_health,d755f51ebb3ffcca945cc06d,407,effect_size,1.86,1.418,2.433,reported_effect_scale,unverified_reported_effect_scale,1.86,0.25893332938926183,0.06704646906860796,true,true,true,false,false,false,provisional_unverified
MA-15-6d3d6c8e86961df9ee38d25c,15,indoor_air_pollution_health,6d3d6c8e86961df9ee38d25c,409,effect_size,650.0,140.0,1400.0,reported_effect_scale,unverified_reported_effect_scale,650.0,321.434477862532,103320.12355875857,true,true,true,false,false,false,provisional_unverified
MA-15-e3816961a1c5ac951ee1a11c,15,indoor_air_pollution_health,e3816961a1c5ac951ee1a11c,410,effect_size,3.15,2.41,4.13,reported_effect_scale,unverified_reported_effect_scale,3.15,0.4387835729552023,0.19253102389533336,true,true,true,false,false,false,provisional_unverified
MA-15-67e7551059b3ac1d107d7764,15,indoor_air_pollution_health,67e7551059b3ac1d107d7764,411,effect_size,4.64,1.1,20.7,reported_effect_scale,unverified_reported_effect_scale,4.64,5.000091877861609,25.00091878705763,true,true,true,false,false,false,provisional_unverified
MA-15-fcaa35a488aa166093d7ae5b,15,indoor_air_pollution_health,fcaa35a488aa166093d7ae5b,412,effect_size,3.75,1.15,1.55,reported_effect_scale,unverified_reported_effect_scale,3.75,0.10204269138493083,0.010412710865080237,true,false,true,false,false,false,provisional_unverified
MA-15-fafdaf653abc1b34fe01a524,15,indoor_air_pollution_health,fafdaf653abc1b34fe01a524,413,effect_size,-2.42,-8.65,3.8,reported_effect_scale,unverified_reported_effect_scale,-2.42,3.176078769355971,10.08747634915374,true,true,true,false,false,false,provisional_unverified
MA-15-a2ebc135de726ef917bfab67,15,indoor_air_pollution_health,a2ebc135de726ef917bfab67,417,effect_size,6.36,1.82,10.7,reported_effect_scale,unverified_reported_effect_scale,6.36,2.265347748745463,5.131800422746138,true,true,true,false,false,false,provisional_unverified
MA-15-756fed6b7596280ce62c8013,15,indoor_air_pollution_health,756fed6b7596280ce62c8013,419,effect_size,42.0,39.0,44.0,reported_effect_scale,unverified_reported_effect_scale,42.0,1.2755336423116348,1.6269860726687855,true,true,true,false,false,false,provisional_unverified
MA-15-786f259830b5c8c6301a602a,15,indoor_air_pollution_health,786f259830b5c8c6301a602a,420,effect_size,1.62,1.04,2.52,reported_effect_scale,unverified_reported_effect_scale,1.62,0.3775579581242439,0.14255001174294832,true,true,true,false,false,false,provisional_unverified
MA-15-c48bb57141ba4a0ec84cbde6,15,indoor_air_pollution_health,c48bb57141ba4a0ec84cbde6,421,effect_size,0.94,0.72,1.22,reported_effect_scale,unverified_reported_effect_scale,0.94,0.12755336423116348,0.016269860726687856,true,true,true,false,false,false,provisional_unverified
MA-15-2451c790c6bac724eed6da20,15,indoor_air_pollution_health,2451c790c6bac724eed6da20,422,effect_size,3.83,1.95,15.35,reported_effect_scale,unverified_reported_effect_scale,3.83,3.4184301613951815,11.685664768336286,true,true,true,false,false,false,provisional_unverified
MA-15-eed8b0f78062d64d55623bda,15,indoor_air_pollution_health,eed8b0f78062d64d55623bda,427,effect_size,2.17,1.21,3.88,reported_effect_scale,unverified_reported_effect_scale,2.17,0.6811349649944131,0.46394484053794033,true,true,true,false,false,false,provisional_unverified
MA-15-ea5bbf44d8b6e4e51779a47f,15,indoor_air_pollution_health,ea5bbf44d8b6e4e51779a47f,428,effect_size,1.16,1.1,1.22,reported_effect_scale,unverified_reported_effect_scale,1.16,0.03061280741547921,0.0009371439778572188,true,true,true,false,false,false,provisional_unverified
MA-15-0eb33a7e051fb747e885da0e,15,indoor_air_pollution_health,0eb33a7e051fb747e885da0e,429,effect_size,1.3,0.9,1.9,reported_effect_scale,unverified_reported_effect_scale,1.3,0.25510672846232696,0.06507944290675143,true,true,true,false,false,false,provisional_unverified
MA-15-03adba96317668b34d0bd69d,15,indoor_air_pollution_health,03adba96317668b34d0bd69d,430,effect_size,2.3,1.03,5.1,reported_effect_scale,unverified_reported_effect_scale,2.3,1.0382843848416707,1.0780344638060466,true,true,true,false,false,false,provisional_unverified
MA-15-36ca23104b3f3b3e3b3428b5,15,indoor_air_pollution_health,36ca23104b3f3b3e3b3428b5,431,effect_size,-173.0,-341.0,-7.0,reported_effect_scale,unverified_reported_effect_scale,-173.0,85.2056473064172,7260.002332905561,true,true,true,false,false,false,provisional_unverified
MA-15-29c5cb3abbb49b69c1c53d58,15,indoor_air_pollution_health,29c5cb3abbb49b69c1c53d58,435,effect_size,19.0,0.96,37.04,reported_effect_scale,unverified_reported_effect_scale,19.0,9.204250762920758,84.71823210672736,true,true,true,false,false,false,provisional_unverified
MA-15-8c38348be5db9ca0040a6479,15,indoor_air_pollution_health,8c38348be5db9ca0040a6479,447,effect_size,2.41,1.56,3.73,reported_effect_scale,unverified_reported_effect_scale,2.41,0.5535816007632495,0.3064525887036017,true,true,true,false,false,false,provisional_unverified
MA-15-f3a95af87033d957f5c26eb3,15,indoor_air_pollution_health,f3a95af87033d957f5c26eb3,449,effect_size,3.4,1.2,10.0,reported_effect_scale,unverified_reported_effect_scale,3.4,2.2449392104684778,5.0397520586988325,true,true,true,false,false,false,provisional_unverified
MA-15-ca6ec9583bd9c329e82aebb5,15,indoor_air_pollution_health,ca6ec9583bd9c329e82aebb5,451,effect_size,1.95,1.04,3.68,reported_effect_scale,unverified_reported_effect_scale,1.95,0.6734817631405432,0.4535776852828947,true,true,true,false,false,false,provisional_unverified
MA-15-012142adf6f671dcfd410efe,15,indoor_air_pollution_health,012142adf6f671dcfd410efe,456,effect_size,2.58,2.23,3.05,reported_effect_scale,unverified_reported_effect_scale,2.58,0.2091875173391081,0.04375941741049965,true,true,true,false,false,false,provisional_unverified
MA-15-677caeffe8f1f3a8a6effce3,15,indoor_air_pollution_health,677caeffe8f1f3a8a6effce3,457,effect_size,1.17,1.09,1.25,reported_effect_scale,unverified_reported_effect_scale,1.17,0.0408170765539723,0.0016660337384128351,true,true,true,false,false,false,provisional_unverified
MA-15-36c8eaa1d8c1a9874959912f,15,indoor_air_pollution_health,36c8eaa1d8c1a9874959912f,459,effect_size,5.1,3.2,8.2,reported_effect_scale,unverified_reported_effect_scale,5.1,1.2755336423116346,1.626986072668785,true,true,true,false,false,false,provisional_unverified
MA-15-d9dafeebb0a40c9989d81d51,15,indoor_air_pollution_health,d9dafeebb0a40c9989d81d51,461,effect_size,-4.1,-7.8,-0.4,reported_effect_scale,unverified_reported_effect_scale,-4.1,1.8877897906212195,3.5637502935737078,true,true,true,false,false,false,provisional_unverified
MA-15-bccb9b68f4e44ff42491df2e,15,indoor_air_pollution_health,bccb9b68f4e44ff42491df2e,463,effect_size,1.61,1.24,2.09,reported_effect_scale,unverified_reported_effect_scale,1.61,0.2168407191929779,0.047019897500127895,true,true,true,false,false,false,provisional_unverified
MA-15-7580e9677bbc71b0ca201160,15,indoor_air_pollution_health,7580e9677bbc71b0ca201160,464,effect_size,0.43,0.24,0.77,reported_effect_scale,unverified_reported_effect_scale,0.43,0.13520656608503331,0.01828081551250648,true,true,true,false,false,false,provisional_unverified
MA-15-5bc50d691ab94a0877058aeb,15,indoor_air_pollution_health,5bc50d691ab94a0877058aeb,466,effect_size,1.25,1.17,1.33,reported_effect_scale,unverified_reported_effect_scale,1.25,0.040817076553972355,0.0016660337384128397,true,true,true,false,false,false,provisional_unverified
MA-15-a3acb1dc7132edde7784d272,15,indoor_air_pollution_health,a3acb1dc7132edde7784d272,469,effect_size,0.56,0.4,0.75,reported_effect_scale,unverified_reported_effect_scale,0.56,0.08928735496181443,0.007972231756077048,true,true,true,false,false,false,provisional_unverified
MA-15-f0d8f95f55d4a921c238a214,15,indoor_air_pollution_health,f0d8f95f55d4a921c238a214,470,effect_size,2.03,1.31,3.13,reported_effect_scale,unverified_reported_effect_scale,2.03,0.4642942458014351,0.21556914668432342,true,true,true,false,false,false,provisional_unverified
MA-15-cf78a6859241802bca413fae,15,indoor_air_pollution_health,cf78a6859241802bca413fae,472,effect_size,3.14,1.42,6.95,reported_effect_scale,unverified_reported_effect_scale,3.14,1.4107402083966682,1.9901879355870749,true,true,true,false,false,false,provisional_unverified
MA-15-c45b160afd081899b1cbb93a,15,indoor_air_pollution_health,c45b160afd081899b1cbb93a,473,effect_size,1.82,1.32,1.79,reported_effect_scale,unverified_reported_effect_scale,1.82,0.11990016237729367,0.014376048938101389,true,false,true,false,false,false,provisional_unverified
MA-15-9d4a037d4c948c517ca19047,15,indoor_air_pollution_health,9d4a037d4c948c517ca19047,475,effect_size,2.9,1.8,4.7,reported_effect_scale,unverified_reported_effect_scale,2.9,0.7398095125407483,0.5473181148457796,true,true,true,false,false,false,provisional_unverified
MA-15-1b7d62ebfdd1761d99af6798,15,indoor_air_pollution_health,1b7d62ebfdd1761d99af6798,476,effect_size,7.6,1.67,36.0,reported_effect_scale,unverified_reported_effect_scale,7.6,8.757813988111685,76.69930585036471,true,true,true,false,false,false,provisional_unverified
MA-15-cfd2ae310c83a187911fe25b,15,indoor_air_pollution_health,cfd2ae310c83a187911fe25b,481,effect_size,0.88,0.59,1.3,reported_effect_scale,unverified_reported_effect_scale,0.88,0.18112577720825218,0.032806547169293404,true,true,true,false,false,false,provisional_unverified
MA-15-3ec1cff1fb850cab63a80d97,15,indoor_air_pollution_health,3ec1cff1fb850cab63a80d97,482,effect_size,2.15,1.2,3.86,reported_effect_scale,unverified_reported_effect_scale,2.15,0.6785838977097898,0.46047610623101043,true,true,true,false,false,false,provisional_unverified
MA-15-516f4385f2f9a7eb111c8d38,15,indoor_air_pollution_health,516f4385f2f9a7eb111c8d38,484,effect_size,-0.13,-0.22,-0.03,reported_effect_scale,unverified_reported_effect_scale,-0.13,0.04847027840784213,0.0023493678889337268,true,true,true,false,false,false,provisional_unverified
MA-15-95658b8f3d45ec89f663b4bb,15,indoor_air_pollution_health,95658b8f3d45ec89f663b4bb,486,effect_size,0.09,0.01,0.16,reported_effect_scale,unverified_reported_effect_scale,0.09,0.03826600926934905,0.0014642874654019072,true,true,true,false,false,false,provisional_unverified
MA-15-594df4e292a85548c053916b,15,indoor_air_pollution_health,594df4e292a85548c053916b,489,effect_size,1.77,1.16,2.7,reported_effect_scale,unverified_reported_effect_scale,1.77,0.3928643618319836,0.1543424067976517,true,true,true,false,false,false,provisional_unverified
MA-15-a27302e58afa1a5cc4779313,15,indoor_air_pollution_health,a27302e58afa1a5cc4779313,491,effect_size,6.45,3.22,13.15,reported_effect_scale,unverified_reported_effect_scale,6.45,2.533209813630907,6.417151959875934,true,true,true,false,false,false,provisional_unverified
MA-15-3f8d75660a21769d4f83a5ee,15,indoor_air_pollution_health,3f8d75660a21769d4f83a5ee,493,effect_size,-113.0,-196.0,-29.0,reported_effect_scale,unverified_reported_effect_scale,-113.0,42.6028236532086,1815.0005832263903,true,true,true,false,false,false,provisional_unverified
MA-15-e4d5d0fc97e840d698590b06,15,indoor_air_pollution_health,e4d5d0fc97e840d698590b06,494,effect_size,1.02,1.01,1.04,reported_effect_scale,unverified_reported_effect_scale,1.02,0.007653201853869816,5.857149861607639e-05,true,true,true,false,false,false,provisional_unverified
MA-15-7b3c5a8549a249066a0f8bf6,15,indoor_air_pollution_health,7b3c5a8549a249066a0f8bf6,495,effect_size,4.9,2.0,11.7,reported_effect_scale,unverified_reported_effect_scale,4.9,2.4745352660845716,6.123324783096241,true,true,true,false,false,false,provisional_unverified
MA-15-b94e44bb22c7299c99d03c44,15,indoor_air_pollution_health,b94e44bb22c7299c99d03c44,496,effect_size,1.53,1.3,1.77,reported_effect_scale,unverified_reported_effect_scale,1.53,0.11990016237729367,0.014376048938101389,true,true,true,false,false,false,provisional_unverified
MA-15-ed0df45ac73078604a3c00db,15,indoor_air_pollution_health,ed0df45ac73078604a3c00db,497,effect_size,3.385,1.6,7.13,reported_effect_scale,unverified_reported_effect_scale,3.385,1.410740208396668,1.9901879355870744,true,true,true,false,false,false,provisional_unverified
MA-15-b4709e47a4dde8d56206111d,15,indoor_air_pollution_health,b4709e47a4dde8d56206111d,498,effect_size,0.42,-0.31,1.14,reported_effect_scale,unverified_reported_effect_scale,0.42,0.3699047562703741,0.13682952871144488,true,true,true,false,false,false,provisional_unverified
MA-15-726c7d0fea952a381e2b1218,15,indoor_air_pollution_health,726c7d0fea952a381e2b1218,507,effect_size,1.29,0.72,2.3,reported_effect_scale,unverified_reported_effect_scale,1.29,0.40306863097047657,0.16246432127241422,true,true,true,false,false,false,provisional_unverified
MA-15-f331441955590113bc676ad8,15,indoor_air_pollution_health,f331441955590113bc676ad8,514,effect_size,5.76,1.08,30.88,reported_effect_scale,unverified_reported_effect_scale,5.76,7.6021805081773435,57.79314847891153,true,true,true,false,false,false,provisional_unverified
MA-15-5541c01d2ac978d3246ac1e9,15,indoor_air_pollution_health,5541c01d2ac978d3246ac1e9,515,effect_size,-14.8,-28.7,-0.8,reported_effect_scale,unverified_reported_effect_scale,-14.8,7.117477724098922,50.65848915304437,true,true,true,false,false,false,provisional_unverified
MA-15-bb422f2848f25f92b010f095,15,indoor_air_pollution_health,bb422f2848f25f92b010f095,516,effect_size,0.96,0.64,1.44,reported_effect_scale,unverified_reported_effect_scale,0.96,0.20408538276986157,0.04165084346032091,true,true,true,false,false,false,provisional_unverified
MA-15-d0a254ba100b813721c8fdf7,15,indoor_air_pollution_health,d0a254ba100b813721c8fdf7,520,effect_size,9.8,5.9,16.4,reported_effect_scale,unverified_reported_effect_scale,9.8,2.678620648854433,7.175008580469343,true,true,true,false,false,false,provisional_unverified
MA-15-13c795c5111b6c1b71652fae,15,indoor_air_pollution_health,13c795c5111b6c1b71652fae,527,effect_size,0.6,0.22,1.63,reported_effect_scale,unverified_reported_effect_scale,0.6,0.359700487131881,0.1293844404429125,true,true,true,false,false,false,provisional_unverified
MA-15-804f1c5d53035d81013c4bb6,15,indoor_air_pollution_health,804f1c5d53035d81013c4bb6,529,effect_size,4.8,1.57,14.74,reported_effect_scale,unverified_reported_effect_scale,4.8,3.3597556138488462,11.287957784788837,true,true,true,false,false,false,provisional_unverified
MA-15-96a9bb64d206905821498f8e,15,indoor_air_pollution_health,96a9bb64d206905821498f8e,532,effect_size,-0.55,-0.75,-0.35,reported_effect_scale,unverified_reported_effect_scale,-0.55,0.1020426913849308,0.01041271086508023,true,true,true,false,false,false,provisional_unverified
MA-15-8ecedb8020afb7cac336a83d,15,indoor_air_pollution_health,8ecedb8020afb7cac336a83d,534,effect_size,1.21,1.11,1.31,reported_effect_scale,unverified_reported_effect_scale,1.21,0.051021345692465386,0.002603177716270056,true,true,true,false,false,false,provisional_unverified
MA-15-a69a583932cef518694839ae,15,indoor_air_pollution_health,a69a583932cef518694839ae,537,effect_size,2.21,1.121,9.373,reported_effect_scale,unverified_reported_effect_scale,2.21,2.105140723271122,4.4316174647744635,true,true,true,false,false,false,provisional_unverified
MA-15-ccd77701e345b53d093bcfdd,15,indoor_air_pollution_health,ccd77701e345b53d093bcfdd,538,effect_size,1.32,1.1,1.58,reported_effect_scale,unverified_reported_effect_scale,1.32,0.12245122966191695,0.014994303645715528,true,true,true,false,false,false,provisional_unverified
MA-15-96929c4b0440d96c19b4fd39,15,indoor_air_pollution_health,96929c4b0440d96c19b4fd39,539,effect_size,0.791,0.77,0.809,reported_effect_scale,unverified_reported_effect_scale,0.791,0.00994916241003076,9.898583266116909e-05,true,true,true,false,false,false,provisional_unverified
MA-15-6aca2eff71028ab9cf292324,15,indoor_air_pollution_health,6aca2eff71028ab9cf292324,541,effect_size,1.227,1.13,1.333,reported_effect_scale,unverified_reported_effect_scale,1.227,0.0517866658778524,0.0026818587627443218,true,true,true,false,false,false,provisional_unverified
MA-15-1535b64cc9ac31ee109edd00,15,indoor_air_pollution_health,1535b64cc9ac31ee109edd00,542,effect_size,6.42,3.85,10.71,reported_effect_scale,unverified_reported_effect_scale,6.42,1.7500321572515634,3.062612551414561,true,true,true,false,false,false,provisional_unverified
MA-15-e033d29a0c30491c02e79805,15,indoor_air_pollution_health,e033d29a0c30491c02e79805,543,effect_size,4.22,1.22,14.59,reported_effect_scale,unverified_reported_effect_scale,4.22,3.4107769595413115,11.633399467737874,true,true,true,false,false,false,provisional_unverified
MA-15-86305ad15bf95773c0062a5b,15,indoor_air_pollution_health,86305ad15bf95773c0062a5b,544,effect_size,1.0692,1.0234,1.1192,reported_effect_scale,unverified_reported_effect_scale,1.0692,0.024439224586690896,0.0005972756983987168,true,true,true,false,false,false,provisional_unverified
MA-15-4fa1222ff08898515b78cc30,15,indoor_air_pollution_health,4fa1222ff08898515b78cc30,552,effect_size,1.36,1.27,1.45,reported_effect_scale,unverified_reported_effect_scale,1.36,0.04591921112321884,0.0021085739501787446,true,true,true,false,false,false,provisional_unverified
MA-15-7e3fbfa99bc218b50909b8c3,15,indoor_air_pollution_health,7e3fbfa99bc218b50909b8c3,553,effect_size,0.13,-0.01,0.25,reported_effect_scale,unverified_reported_effect_scale,0.13,0.06632774940020501,0.004399370340496396,true,true,true,false,false,false,provisional_unverified
MA-15-9979d967dcec0f653144d48d,15,indoor_air_pollution_health,9979d967dcec0f653144d48d,556,effect_size,1.55,1.25,1.92,reported_effect_scale,unverified_reported_effect_scale,1.55,0.17092150806975906,0.02921416192084071,true,true,true,false,false,false,provisional_unverified
MA-15-8306a407c756d674a3276332,15,indoor_air_pollution_health,8306a407c756d674a3276332,558,effect_size,2.77,1.03,7.42,reported_effect_scale,unverified_reported_effect_scale,2.77,1.6301319948742694,2.657330320712765,true,true,true,false,false,false,provisional_unverified
MA-15-308b78b0cfa1bce6d58d07fa,15,indoor_air_pollution_health,308b78b0cfa1bce6d58d07fa,560,effect_size,1.96,1.06,3.64,reported_effect_scale,unverified_reported_effect_scale,1.96,0.6581753594328036,0.4331948037645002,true,true,true,false,false,false,provisional_unverified
MA-15-1840ecc8444172de407af56e,15,indoor_air_pollution_health,1840ecc8444172de407af56e,561,effect_size,1.85,1.13,3.03,reported_effect_scale,unverified_reported_effect_scale,1.85,0.4847027840784212,0.2349367888933726,true,true,true,false,false,false,provisional_unverified
MA-15-0f2bc6b6017fba16d1770cb1,15,indoor_air_pollution_health,0f2bc6b6017fba16d1770cb1,565,effect_size,1.08,1.01,1.16,reported_effect_scale,unverified_reported_effect_scale,1.08,0.038266009269349026,0.0014642874654019055,true,true,true,false,false,false,provisional_unverified
MA-15-6d899a734c4c3e01733bebb0,15,indoor_air_pollution_health,6d899a734c4c3e01733bebb0,567,effect_size,5.79,2.47,13.58,reported_effect_scale,unverified_reported_effect_scale,5.79,2.8342357532164524,8.032892304810431,true,true,true,false,false,false,provisional_unverified
MA-15-e9ec0be42f3328217cac55ca,15,indoor_air_pollution_health,e9ec0be42f3328217cac55ca,568,effect_size,2.7,1.5,4.8,reported_effect_scale,unverified_reported_effect_scale,2.7,0.8418522039256789,0.708715133254523,true,true,true,false,false,false,provisional_unverified
MA-15-5086d53eb6f2a681788be358,15,indoor_air_pollution_health,5086d53eb6f2a681788be358,569,effect_size,57.6,52.6,62.1,reported_effect_scale,unverified_reported_effect_scale,57.6,2.4235139203921063,5.873419722334317,true,true,true,false,false,false,provisional_unverified
MA-15-bb2a020d33e8474c1f056424,15,indoor_air_pollution_health,bb2a020d33e8474c1f056424,570,effect_size,2.02,1.17,3.5,reported_effect_scale,unverified_reported_effect_scale,2.02,0.5943986773172218,0.3533097875964628,true,true,true,false,false,false,provisional_unverified
MA-15-44a3776253eabfbe929f0bf6,15,indoor_air_pollution_health,44a3776253eabfbe929f0bf6,572,effect_size,4.94,1.12,21.73,reported_effect_scale,unverified_reported_effect_scale,4.94,5.257749673608559,27.643931630330904,true,true,true,false,false,false,provisional_unverified
MA-15-f23fd849688de48d21ddce0e,15,indoor_air_pollution_health,f23fd849688de48d21ddce0e,575,effect_size,2.36,1.38,4.03,reported_effect_scale,unverified_reported_effect_scale,2.36,0.6760328304251666,0.4570203878126621,true,true,true,false,false,false,provisional_unverified
MA-15-d844b9c403746388b69a9ed7,15,indoor_air_pollution_health,d844b9c403746388b69a9ed7,577,effect_size,1.41,1.21,1.64,reported_effect_scale,unverified_reported_effect_scale,1.41,0.10969589323880058,0.012033188993458335,true,true,true,false,false,false,provisional_unverified
MA-15-32fd7354174d2cd8c59e44fd,15,indoor_air_pollution_health,32fd7354174d2cd8c59e44fd,578,effect_size,1.18,1.05,1.32,reported_effect_scale,unverified_reported_effect_scale,1.18,0.06887881668482829,0.0047442913879021794,true,true,true,false,false,false,provisional_unverified
MA-15-14f14a2b0af2fc9448220054,15,indoor_air_pollution_health,14f14a2b0af2fc9448220054,579,effect_size,2.6,1.5,4.5,reported_effect_scale,unverified_reported_effect_scale,2.6,0.765320185386981,0.5857149861607629,true,true,true,false,false,false,provisional_unverified
MA-15-67de74fe333e18ccd99f4931,15,indoor_air_pollution_health,67de74fe333e18ccd99f4931,582,effect_size,1.171,1.107,1.238,reported_effect_scale,unverified_reported_effect_scale,1.171,0.03341898142856484,0.0011168283197227616,true,true,true,false,false,false,provisional_unverified
MA-15-b22d841c2f710b64e22bb8eb,15,indoor_air_pollution_health,b22d841c2f710b64e22bb8eb,584,effect_size,0.78,0.58,1.05,reported_effect_scale,unverified_reported_effect_scale,0.78,0.1199001623772937,0.014376048938101396,true,true,true,false,false,false,provisional_unverified
MA-15-f0feb2972aa34a84c1a67a10,15,indoor_air_pollution_health,f0feb2972aa34a84c1a67a10,585,effect_size,0.28,0.11,0.73,reported_effect_scale,unverified_reported_effect_scale,0.28,0.15816617164664273,0.025016537853355253,true,true,true,false,false,false,provisional_unverified
MA-15-80aab2c55e656fc464b37494,15,indoor_air_pollution_health,80aab2c55e656fc464b37494,592,effect_size,1.11,1.03,1.19,reported_effect_scale,unverified_reported_effect_scale,1.11,0.0408170765539723,0.0016660337384128351,true,true,true,false,false,false,provisional_unverified
MA-15-54b058bebc328e1ea8c8b215,15,indoor_air_pollution_health,54b058bebc328e1ea8c8b215,593,effect_size,1.16,1.03,1.31,reported_effect_scale,unverified_reported_effect_scale,1.16,0.07142988396945156,0.005102228323889313,true,true,true,false,false,false,provisional_unverified
MA-15-0029ce87d6a1bae1163d6408,15,indoor_air_pollution_health,0029ce87d6a1bae1163d6408,595,effect_size,3.167,1.516,6.616,reported_effect_scale,unverified_reported_effect_scale,3.167,1.3010443151578674,1.6927163100046043,true,true,true,false,false,false,provisional_unverified
MA-15-df40ef4e1419a82ad24c0d67,15,indoor_air_pollution_health,df40ef4e1419a82ad24c0d67,597,effect_size,3.363,1.215,9.298,reported_effect_scale,unverified_reported_effect_scale,3.363,2.062027686160989,4.2519581784944425,true,true,true,false,false,false,provisional_unverified
MA-15-dfa4a51f8134edcae1fcdcf1,15,indoor_air_pollution_health,dfa4a51f8134edcae1fcdcf1,598,effect_size,2.24,1.56,3.23,reported_effect_scale,unverified_reported_effect_scale,2.24,0.42602823653208605,0.18150005832263905,true,true,true,false,false,false,provisional_unverified
MA-15-33f2cfc1957c1613cc6c8e76,15,indoor_air_pollution_health,33f2cfc1957c1613cc6c8e76,604,effect_size,4.0,2.7,5.9,reported_effect_scale,unverified_reported_effect_scale,4.0,0.8163415310794464,0.6664134953651347,true,true,true,false,false,false,provisional_unverified
MA-15-c8ae17dd3bd8372ed9793ef5,15,indoor_air_pollution_health,c8ae17dd3bd8372ed9793ef5,605,effect_size,3.02,1.41,6.46,reported_effect_scale,unverified_reported_effect_scale,3.02,1.2882889787347511,1.659688492729428,true,true,true,false,false,false,provisional_unverified
MA-15-a8d6501af732937a13df2c17,15,indoor_air_pollution_health,a8d6501af732937a13df2c17,606,effect_size,2.35,1.22,4.52,reported_effect_scale,unverified_reported_effect_scale,2.35,0.8418522039256789,0.708715133254523,true,true,true,false,false,false,provisional_unverified
MA-15-4ea458bae853abb897ab3111,15,indoor_air_pollution_health,4ea458bae853abb897ab3111,608,effect_size,-175.0,-300.0,-50.0,reported_effect_scale,unverified_reported_effect_scale,-175.0,63.77668211558174,4067.4651816719643,true,true,true,false,false,false,provisional_unverified
MA-15-893b3231e013f453cd465d53,15,indoor_air_pollution_health,893b3231e013f453cd465d53,611,effect_size,1.19,1.09,1.31,reported_effect_scale,unverified_reported_effect_scale,1.19,0.056123480261711926,0.0031498450366867683,true,true,true,false,false,false,provisional_unverified
MA-15-39a01a3bd1890bd8b0505277,15,indoor_air_pollution_health,39a01a3bd1890bd8b0505277,612,effect_size,3.94,0.56,7.31,reported_effect_scale,unverified_reported_effect_scale,3.94,1.721970417120707,2.9651821174388617,true,true,true,false,false,false,provisional_unverified
MA-15-19ae48bbefc31f693c5a596f,15,indoor_air_pollution_health,19ae48bbefc31f693c5a596f,613,effect_size,2.4,1.42,4.15,reported_effect_scale,unverified_reported_effect_scale,2.4,0.6964413687021528,0.48503058003972793,true,true,true,false,false,false,provisional_unverified
MA-15-1d461ec76d61c9d2a341db67,15,indoor_air_pollution_health,1d461ec76d61c9d2a341db67,615,effect_size,2.7,1.01,7.17,reported_effect_scale,unverified_reported_effect_scale,2.7,1.5714574473279341,2.469478508762427,true,true,true,false,false,false,provisional_unverified
MA-15-0b0229d6f1af05bd1c8fd2b0,15,indoor_air_pollution_health,0b0229d6f1af05bd1c8fd2b0,616,effect_size,2.9,2.4,3.3,reported_effect_scale,unverified_reported_effect_scale,2.9,0.22959605561609425,0.05271434875446865,true,true,true,false,false,false,provisional_unverified
MA-15-cf81a48ae42ab0443d2ffcd8,15,indoor_air_pollution_health,cf81a48ae42ab0443d2ffcd8,618,effect_size,1.8,1.1,3.0,reported_effect_scale,unverified_reported_effect_scale,1.8,0.4847027840784212,0.2349367888933726,true,true,true,false,false,false,provisional_unverified
MA-15-33e1a5f9d3cc6a0c9c1c42f6,15,indoor_air_pollution_health,33e1a5f9d3cc6a0c9c1c42f6,620,effect_size,1.52,1.39,1.67,reported_effect_scale,unverified_reported_effect_scale,1.52,0.07142988396945156,0.005102228323889313,true,true,true,false,false,false,provisional_unverified
MA-15-d9f89a430d07f44947794334,15,indoor_air_pollution_health,d9f89a430d07f44947794334,625,effect_size,2.78,1.57,4.9,reported_effect_scale,unverified_reported_effect_scale,2.78,0.8495054057795488,0.7216594344486759,true,true,true,false,false,false,provisional_unverified
MA-15-78b2485d02d466fba477ff00,15,indoor_air_pollution_health,78b2485d02d466fba477ff00,626,effect_size,1.399,1.227,1.594,reported_effect_scale,unverified_reported_effect_scale,1.399,0.093624169345674,0.008765485085667442,true,true,true,false,false,false,provisional_unverified
MA-15-cbd22d1943564f7c325f258c,15,indoor_air_pollution_health,cbd22d1943564f7c325f258c,627,effect_size,1.47,1.15,1.88,reported_effect_scale,unverified_reported_effect_scale,1.47,0.1862279117774987,0.03468083512500784,true,true,true,false,false,false,provisional_unverified
MA-15-28d205bb04042f43a74a099f,15,indoor_air_pollution_health,28d205bb04042f43a74a099f,631,effect_size,5.64,1.1,27.9,reported_effect_scale,unverified_reported_effect_scale,5.64,6.836860322790362,46.74265907334514,true,true,true,false,false,false,provisional_unverified
MA-15-849e21d75118204ad0af2a88,15,indoor_air_pollution_health,849e21d75118204ad0af2a88,634,effect_size,3.43,1.59,7.42,reported_effect_scale,unverified_reported_effect_scale,3.43,1.4872722269353662,2.2119786770132834,true,true,true,false,false,false,provisional_unverified
MA-15-de5466fd90728a52b241c001,15,indoor_air_pollution_health,de5466fd90728a52b241c001,635,effect_size,4.529,1.187,17.284,reported_effect_scale,unverified_reported_effect_scale,4.529,4.106453008058077,16.86295630738923,true,true,true,false,false,false,provisional_unverified
MA-15-95cbd27f2a949c468d609906,15,indoor_air_pollution_health,95cbd27f2a949c468d609906,636,effect_size,-3.54,-5.55,-1.53,reported_effect_scale,unverified_reported_effect_scale,-3.54,1.0255290484185544,1.0517098291502658,true,true,true,false,false,false,provisional_unverified
MA-15-f701208b3696cb69d103cf57,15,indoor_air_pollution_health,f701208b3696cb69d103cf57,637,effect_size,3.6,1.9,6.9,reported_effect_scale,unverified_reported_effect_scale,3.6,1.2755336423116348,1.6269860726687855,true,true,true,false,false,false,provisional_unverified
MA-15-77b2c0d9f46e70529126abd4,15,indoor_air_pollution_health,77b2c0d9f46e70529126abd4,640,effect_size,10.6,9.28,12.1,reported_effect_scale,unverified_reported_effect_scale,10.6,0.7194009742637621,0.5175377617716501,true,true,true,false,false,false,provisional_unverified
MA-15-2093de5a4127578e90e7dac0,15,indoor_air_pollution_health,2093de5a4127578e90e7dac0,645,effect_size,0.959,0.941,0.978,reported_effect_scale,unverified_reported_effect_scale,0.959,0.009438948953106107,8.909375733934287e-05,true,true,true,false,false,false,provisional_unverified
MA-15-eb74b7c773dffe013c66f611,15,indoor_air_pollution_health,eb74b7c773dffe013c66f611,647,effect_size,0.58,0.49,0.7,reported_effect_scale,unverified_reported_effect_scale,0.58,0.05357241297708866,0.0028700034321877373,true,true,true,false,false,false,provisional_unverified
MA-15-65a650a4e1f845e1ebfc80bd,15,indoor_air_pollution_health,65a650a4e1f845e1ebfc80bd,650,effect_size,4.73,1.65,13.53,reported_effect_scale,unverified_reported_effect_scale,4.73,3.030667934132444,9.184948126978616,true,true,true,false,false,false,provisional_unverified
MA-15-a445c4653f73509d6392402c,15,indoor_air_pollution_health,a445c4653f73509d6392402c,651,effect_size,11.6,10.5,12.7,reported_effect_scale,unverified_reported_effect_scale,11.6,0.5612348026171192,0.31498450366867675,true,true,true,false,false,false,provisional_unverified
MA-15-39fe3a678cfd99ac5cad8604,15,indoor_air_pollution_health,39fe3a678cfd99ac5cad8604,653,effect_size,0.13,0.06,0.19,reported_effect_scale,unverified_reported_effect_scale,0.13,0.03316387470010251,0.001099842585124099,true,true,true,false,false,false,provisional_unverified
MA-15-1aeafe28b40d31befcbd38bd,15,indoor_air_pollution_health,1aeafe28b40d31befcbd38bd,654,effect_size,3.2,2.08,4.91,reported_effect_scale,unverified_reported_effect_scale,3.2,0.7219520415483853,0.5212147502958815,true,true,true,false,false,false,provisional_unverified
MA-15-718bf60fab1c56da9aedc75e,15,indoor_air_pollution_health,718bf60fab1c56da9aedc75e,655,effect_size,83.0,11.5,599.0,reported_effect_scale,unverified_reported_effect_scale,83.0,149.8752029716171,22462.576465783426,true,true,true,false,false,false,provisional_unverified
MA-15-4ec5a2e90ab2ccbd6f69b2d6,15,indoor_air_pollution_health,4ec5a2e90ab2ccbd6f69b2d6,657,effect_size,0.63,0.45,0.89,reported_effect_scale,unverified_reported_effect_scale,0.63,0.11224696052342387,0.012599380146747077,true,true,true,false,false,false,provisional_unverified
MA-15-a0be49efb54a29f6a2be9cb2,15,indoor_air_pollution_health,a0be49efb54a29f6a2be9cb2,659,effect_size,2.43,1.02,5.8,reported_effect_scale,unverified_reported_effect_scale,2.43,1.2194101620499227,1.4869611433106187,true,true,true,false,false,false,provisional_unverified
MA-15-63f2d199899583215e82d4d4,15,indoor_air_pollution_health,63f2d199899583215e82d4d4,666,effect_size,40.3,35.7,44.9,reported_effect_scale,unverified_reported_effect_scale,40.3,2.346981901853407,5.508324047627435,true,true,true,false,false,false,provisional_unverified
MA-15-7e7b9653dba6049bf4a15876,15,indoor_air_pollution_health,7e7b9653dba6049bf4a15876,672,effect_size,2.36,1.42,3.92,reported_effect_scale,unverified_reported_effect_scale,2.36,0.6377668211558174,0.40674651816719637,true,true,true,false,false,false,provisional_unverified
MA-15-08a85fa399c3a8176b7c5c4d,15,indoor_air_pollution_health,08a85fa399c3a8176b7c5c4d,681,effect_size,0.11,0.03,0.48,reported_effect_scale,unverified_reported_effect_scale,0.11,0.11479802780804713,0.013178587188617162,true,true,true,false,false,false,provisional_unverified
MA-15-306be49472b32d710e12a989,15,indoor_air_pollution_health,306be49472b32d710e12a989,682,effect_size,1.5,1.1,2.1,reported_effect_scale,unverified_reported_effect_scale,1.5,0.25510672846232696,0.06507944290675143,true,true,true,false,false,false,provisional_unverified
MA-15-a2e214c1b345ffbad6e84a53,15,indoor_air_pollution_health,a2e214c1b345ffbad6e84a53,687,effect_size,1.08,1.01,1.16,reported_effect_scale,unverified_reported_effect_scale,1.08,0.038266009269349026,0.0014642874654019055,true,true,true,false,false,false,provisional_unverified
MA-15-2e09d2a7ef4d371195f0ce4e,15,indoor_air_pollution_health,2e09d2a7ef4d371195f0ce4e,692,effect_size,2.7,1.27,5.57,reported_effect_scale,unverified_reported_effect_scale,2.7,1.0969589323880062,1.2033188993458344,true,true,true,false,false,false,provisional_unverified
MA-15-f7c8bcd1b1928175b78693b1,15,indoor_air_pollution_health,f7c8bcd1b1928175b78693b1,693,effect_size,2.09,1.03,4.22,reported_effect_scale,unverified_reported_effect_scale,2.09,0.8137904637948229,0.662254918963393,true,true,true,false,false,false,provisional_unverified
MA-15-9fc00a34d2b04a788d258b91,15,indoor_air_pollution_health,9fc00a34d2b04a788d258b91,695,effect_size,0.86,0.79,0.93,reported_effect_scale,unverified_reported_effect_scale,0.86,0.03571494198472578,0.0012755570809723283,true,true,true,false,false,false,provisional_unverified
MA-15-ef6b555493617604fc2ae0fb,15,indoor_air_pollution_health,ef6b555493617604fc2ae0fb,700,effect_size,1.62,1.14,2.3,reported_effect_scale,unverified_reported_effect_scale,1.62,0.2959238050162993,0.08757089837532471,true,true,true,false,false,false,provisional_unverified
MA-15-7b6f431a3de4656ad06b394d,15,indoor_air_pollution_health,7b6f431a3de4656ad06b394d,703,effect_size,1.13,1.01,1.28,reported_effect_scale,unverified_reported_effect_scale,1.13,0.06887881668482829,0.0047442913879021794,true,true,true,false,false,false,provisional_unverified
MA-15-5ba9b3d6caa6d87330f50f37,15,indoor_air_pollution_health,5ba9b3d6caa6d87330f50f37,706,effect_size,1.08,1.02,1.13,reported_effect_scale,unverified_reported_effect_scale,1.08,0.028061740130855935,0.0007874612591716904,true,true,true,false,false,false,provisional_unverified
MA-15-7be9c03e8c496c4cb6dc209f,15,indoor_air_pollution_health,7be9c03e8c496c4cb6dc209f,709,effect_size,1.32,1.14,1.53,reported_effect_scale,unverified_reported_effect_scale,1.32,0.09949162410030755,0.009898583266116898,true,true,true,false,false,false,provisional_unverified
MA-15-493b6b06a88218608d1fc12c,15,indoor_air_pollution_health,493b6b06a88218608d1fc12c,713,effect_size,-94.3,-155.9,-32.6,reported_effect_scale,unverified_reported_effect_scale,-94.3,31.454659619404918,989.3956117726224,true,true,true,false,false,false,provisional_unverified
MA-15-1c9fab0a4c95318c2b697706,15,indoor_air_pollution_health,1c9fab0a4c95318c2b697706,715,effect_size,13.0,8.0,26.0,reported_effect_scale,unverified_reported_effect_scale,13.0,4.591921112321885,21.08573950178746,true,true,true,false,false,false,provisional_unverified
MA-15-141102f5bc52f31c827be4e5,15,indoor_air_pollution_health,141102f5bc52f31c827be4e5,717,effect_size,0.38,0.29,0.49,reported_effect_scale,unverified_reported_effect_scale,0.38,0.0510213456924654,0.0026031777162700575,true,true,true,false,false,false,provisional_unverified
MA-15-65d83ecd39f2f5d44228b6e4,15,indoor_air_pollution_health,65d83ecd39f2f5d44228b6e4,719,effect_size,4.01,1.02,15.83,reported_effect_scale,unverified_reported_effect_scale,4.01,3.7781306485270627,14.274271197339523,true,true,true,false,false,false,provisional_unverified
MA-15-09985930e33d23c323d77d7f,15,indoor_air_pollution_health,09985930e33d23c323d77d7f,723,effect_size,5.5,-7.8,-3.2,reported_effect_scale,unverified_reported_effect_scale,5.5,1.173490950926704,1.37708101190686,true,false,true,false,false,false,provisional_unverified
MA-15-f9f28a553d67c01bc3c3c1cb,15,indoor_air_pollution_health,f9f28a553d67c01bc3c3c1cb,728,effect_size,0.37,0.16,0.85,reported_effect_scale,unverified_reported_effect_scale,0.37,0.1760236426390056,0.030984322767904353,true,true,true,false,false,false,provisional_unverified
MA-15-92dfb4e1ae57c3cb8187fb12,15,indoor_air_pollution_health,92dfb4e1ae57c3cb8187fb12,730,effect_size,1.82,0.981,2.46,reported_effect_scale,unverified_reported_effect_scale,1.82,0.3773028513957816,0.14235744167138728,true,true,true,false,false,false,provisional_unverified
MA-15-783859f2b8788c9bd337ae80,15,indoor_air_pollution_health,783859f2b8788c9bd337ae80,735,effect_size,27.0,3.1,56.5,reported_effect_scale,unverified_reported_effect_scale,27.0,13.62269929988826,185.57793621517612,true,true,true,false,false,false,provisional_unverified
MA-15-9ce8081743c4fd21dbbcc2d0,15,indoor_air_pollution_health,9ce8081743c4fd21dbbcc2d0,737,effect_size,-9.68,-9.98,-9.38,reported_effect_scale,unverified_reported_effect_scale,-9.68,0.1530640370773961,0.023428599446430488,true,true,true,false,false,false,provisional_unverified
MA-15-bbc541e494894f1076b8a20e,15,indoor_air_pollution_health,bbc541e494894f1076b8a20e,738,effect_size,0.6,0.08,4.51,reported_effect_scale,unverified_reported_effect_scale,0.6,1.1301228070881084,1.277177559100706,true,true,true,false,false,false,provisional_unverified
MA-15-39604d1eef6169410017ddaf,15,indoor_air_pollution_health,39604d1eef6169410017ddaf,741,effect_size,1.25,1.09,1.43,reported_effect_scale,unverified_reported_effect_scale,1.25,0.08673628767719113,0.007523183600020458,true,true,true,false,false,false,provisional_unverified
MA-15-d375ef44a8872de3ebd6a003,15,indoor_air_pollution_health,d375ef44a8872de3ebd6a003,746,effect_size,1.079,1.024,1.137,reported_effect_scale,unverified_reported_effect_scale,1.079,0.028827060316242947,0.0008309994064763089,true,true,true,false,false,false,provisional_unverified
MA-15-2f434f8db0da5788d6b97713,15,indoor_air_pollution_health,2f434f8db0da5788d6b97713,752,effect_size,14.0,6.0,22.0,reported_effect_scale,unverified_reported_effect_scale,14.0,4.081707655397231,16.660337384128365,true,true,true,false,false,false,provisional_unverified
MA-15-1730aa31267e21ce3300bc10,15,indoor_air_pollution_health,1730aa31267e21ce3300bc10,753,effect_size,-0.28,-0.46,-0.1,reported_effect_scale,unverified_reported_effect_scale,-0.28,0.0918384222464377,0.008434295800714984,true,true,true,false,false,false,provisional_unverified
MA-15-6b8d507bdc7300a4f2b26d1f,15,indoor_air_pollution_health,6b8d507bdc7300a4f2b26d1f,754,effect_size,2.8,1.6,4.9,reported_effect_scale,unverified_reported_effect_scale,2.8,0.841852203925679,0.7087151332545231,true,true,true,false,false,false,provisional_unverified
MA-15-d5fcef5ac276d0c7cd24259b,15,indoor_air_pollution_health,d5fcef5ac276d0c7cd24259b,765,effect_size,-2.62,-4.16,-1.05,reported_effect_scale,unverified_reported_effect_scale,-2.62,0.793381925517837,0.6294548797383908,true,true,true,false,false,false,provisional_unverified
MA-15-89f87d82c1e0def0b2cae823,15,indoor_air_pollution_health,89f87d82c1e0def0b2cae823,767,effect_size,0.26,0.25,0.28,reported_effect_scale,unverified_reported_effect_scale,0.26,0.007653201853869816,5.857149861607639e-05,true,true,true,false,false,false,provisional_unverified
MA-15-6bd66a6209e8ba96ce9814af,15,indoor_air_pollution_health,6bd66a6209e8ba96ce9814af,774,effect_size,11.33,9.75,13.12,reported_effect_scale,unverified_reported_effect_scale,11.33,0.8597096749180417,0.739100725147685,true,true,true,false,false,false,provisional_unverified
MA-15-afbae1be4d593ea3a6c81007,15,indoor_air_pollution_health,afbae1be4d593ea3a6c81007,778,effect_size,11.3,4.7,27.4,reported_effect_scale,unverified_reported_effect_scale,11.3,5.7909227360948226,33.53478613541994,true,true,true,false,false,false,provisional_unverified
MA-15-a4c8a9d6f14c3f3b6b9863d4,15,indoor_air_pollution_health,a4c8a9d6f14c3f3b6b9863d4,782,effect_size,1.25,1.06,1.44,reported_effect_scale,unverified_reported_effect_scale,1.25,0.09694055681568423,0.009397471555734902,true,true,true,false,false,false,provisional_unverified
MA-15-28085ca15c35e28951d259f9,15,indoor_air_pollution_health,28085ca15c35e28951d259f9,788,effect_size,34.53,32.78,36.28,reported_effect_scale,unverified_reported_effect_scale,34.53,0.8928735496181445,0.7972231756077051,true,true,true,false,false,false,provisional_unverified
MA-15-725c9dc8e801d600ce49ff1e,15,indoor_air_pollution_health,725c9dc8e801d600ce49ff1e,789,effect_size,6.09,2.77,17.12,reported_effect_scale,unverified_reported_effect_scale,6.09,3.6607815534343926,13.401321581965524,true,true,true,false,false,false,provisional_unverified
MA-15-3661e2a6088f5aea91ebb637,15,indoor_air_pollution_health,3661e2a6088f5aea91ebb637,791,effect_size,2.51,1.26,5.01,reported_effect_scale,unverified_reported_effect_scale,2.51,0.9566502317337262,0.915179665876192,true,true,true,false,false,false,provisional_unverified
MA-15-9eb712dc5971abbd0fc26881,15,indoor_air_pollution_health,9eb712dc5971abbd0fc26881,795,effect_size,2.13,1.27,3.57,reported_effect_scale,unverified_reported_effect_scale,2.13,0.586745475463352,0.344270252976715,true,true,true,false,false,false,provisional_unverified
MA-15-e6624e63541c721334fc5a71,15,indoor_air_pollution_health,e6624e63541c721334fc5a71,800,effect_size,1.904,1.152,3.146,reported_effect_scale,unverified_reported_effect_scale,1.904,0.50868281655388,0.2587582078571884,true,true,true,false,false,false,provisional_unverified
MA-15-c7d7c1910bc7fe1d9159a454,15,indoor_air_pollution_health,c7d7c1910bc7fe1d9159a454,805,effect_size,5.5,3.6,7.4,reported_effect_scale,unverified_reported_effect_scale,5.5,0.9694055681568425,0.9397471555734906,true,true,true,false,false,false,provisional_unverified
MA-15-340d52d1d56a05de6a5b5156,15,indoor_air_pollution_health,340d52d1d56a05de6a5b5156,808,effect_size,2.5,1.16,5.42,reported_effect_scale,unverified_reported_effect_scale,2.5,1.0867546632495129,1.1810356980945622,true,true,true,false,false,false,provisional_unverified
MA-15-374782d4dce0843c4e589771,15,indoor_air_pollution_health,374782d4dce0843c4e589771,811,effect_size,2.8,1.6,4.9,reported_effect_scale,unverified_reported_effect_scale,2.8,0.841852203925679,0.7087151332545231,true,true,true,false,false,false,provisional_unverified
MA-15-509cc293c22ecc9a09591a9f,15,indoor_air_pollution_health,509cc293c22ecc9a09591a9f,813,effect_size,3.7,1.1,11.6,reported_effect_scale,unverified_reported_effect_scale,3.7,2.6786206488544333,7.1750085804693455,true,true,true,false,false,false,provisional_unverified
MA-15-502536ab1b9bdf954a83020c,15,indoor_air_pollution_health,502536ab1b9bdf954a83020c,815,effect_size,16.92,4.95,57.85,reported_effect_scale,unverified_reported_effect_scale,16.92,13.495145935657098,182.11896382468228,true,true,true,false,false,false,provisional_unverified
MA-15-8b86e419b4d03ae1411fae9b,15,indoor_air_pollution_health,8b86e419b4d03ae1411fae9b,817,effect_size,29.0,284000.0,373000.0,reported_effect_scale,unverified_reported_effect_scale,29.0,22704.4988331471,515494267.264378,true,false,true,false,false,false,provisional_unverified
MA-15-7b20bce15d8edcf71b8a3b72,15,indoor_air_pollution_health,7b20bce15d8edcf71b8a3b72,818,effect_size,4.3,1.1,7.4,reported_effect_scale,unverified_reported_effect_scale,4.3,1.6071723893126602,2.583003088968965,true,true,true,false,false,false,provisional_unverified
MA-15-edd7196407943f078f2b3f0d,15,indoor_air_pollution_health,edd7196407943f078f2b3f0d,821,effect_size,-2.09,-2.45,-1.72,reported_effect_scale,unverified_reported_effect_scale,-2.09,0.18622791177749876,0.03468083512500786,true,true,true,false,false,false,provisional_unverified
MA-15-4f0aa6048b2fb12a4360c405,15,indoor_air_pollution_health,4f0aa6048b2fb12a4360c405,825,effect_size,2.325,1.093,4.946,reported_effect_scale,unverified_reported_effect_scale,2.325,0.9829262247653457,0.966143963331455,true,true,true,false,false,false,provisional_unverified
MA-15-646332c86708324479036a1e,15,indoor_air_pollution_health,646332c86708324479036a1e,826,effect_size,0.91,0.52,1.3,reported_effect_scale,unverified_reported_effect_scale,0.91,0.19898324820061505,0.03959433306446757,true,true,true,false,false,false,provisional_unverified
MA-15-ec84fd33ebf5fc40396434eb,15,indoor_air_pollution_health,ec84fd33ebf5fc40396434eb,833,effect_size,130.56,5.94,2869.18,reported_effect_scale,unverified_reported_effect_scale,130.56,730.431789202473,533530.598677526,true,true,true,false,false,false,provisional_unverified
MA-15-b2369b351b1ca612646b27b1,15,indoor_air_pollution_health,b2369b351b1ca612646b27b1,835,effect_size,1.78,1.33,2.31,reported_effect_scale,unverified_reported_effect_scale,1.78,0.25000459389308044,0.06250229696764407,true,true,true,false,false,false,provisional_unverified
MA-15-c5dfba15753cf25929ab25a4,15,indoor_air_pollution_health,c5dfba15753cf25929ab25a4,837,effect_size,1.55,1.26,1.85,reported_effect_scale,unverified_reported_effect_scale,1.55,0.15051296979277293,0.022654154075840177,true,true,true,false,false,false,provisional_unverified
MA-15-eea57b595b1209f2624030a3,15,indoor_air_pollution_health,eea57b595b1209f2624030a3,838,effect_size,1.64,1.1,2.34,reported_effect_scale,unverified_reported_effect_scale,1.64,0.3163323432932854,0.10006615141342097,true,true,true,false,false,false,provisional_unverified
MA-15-4bbffddc50a25739df22e6fa,15,indoor_air_pollution_health,4bbffddc50a25739df22e6fa,839,effect_size,0.38,0.21,0.68,reported_effect_scale,unverified_reported_effect_scale,0.38,0.1199001623772937,0.014376048938101396,true,true,true,false,false,false,provisional_unverified
MA-15-0a1b6c97975293131d252a3b,15,indoor_air_pollution_health,0a1b6c97975293131d252a3b,845,effect_size,-0.0,-0.5,0.5,reported_effect_scale,unverified_reported_effect_scale,-0.0,0.25510672846232696,0.06507944290675143,true,true,true,false,false,false,provisional_unverified
MA-15-73247d98945f77f4ca8985a8,15,indoor_air_pollution_health,73247d98945f77f4ca8985a8,847,effect_size,1.9,1.2,3.0,reported_effect_scale,unverified_reported_effect_scale,1.9,0.45919211123218856,0.21085739501787462,true,true,true,false,false,false,provisional_unverified
MA-15-b0571ad26d6a633ce7fda004,15,indoor_air_pollution_health,b0571ad26d6a633ce7fda004,848,effect_size,4.635,1.663,12.919,reported_effect_scale,unverified_reported_effect_scale,4.635,2.8714813355719526,8.245405060538085,true,true,true,false,false,false,provisional_unverified
MA-15-19298485538a2adfa514b23c,15,indoor_air_pollution_health,19298485538a2adfa514b23c,852,effect_size,2.0,1.2,3.2,reported_effect_scale,unverified_reported_effect_scale,2.0,0.5102134569246539,0.2603177716270057,true,true,true,false,false,false,provisional_unverified
MA-15-56c0468258b0d05bec78101b,15,indoor_air_pollution_health,56c0468258b0d05bec78101b,853,effect_size,0.14,0.04,0.51,reported_effect_scale,unverified_reported_effect_scale,0.14,0.11990016237729369,0.014376048938101392,true,true,true,false,false,false,provisional_unverified
MA-15-b3d90245df6141393f152bf5,15,indoor_air_pollution_health,b3d90245df6141393f152bf5,855,effect_size,1.37,1.16,1.62,reported_effect_scale,unverified_reported_effect_scale,1.37,0.11734909509267046,0.013770810119068612,true,true,true,false,false,false,provisional_unverified
MA-15-2169eeb36b093347fdb7cd05,15,indoor_air_pollution_health,2169eeb36b093347fdb7cd05,858,effect_size,1.44,1.04,1.89,reported_effect_scale,unverified_reported_effect_scale,1.44,0.2168407191929779,0.047019897500127895,true,true,true,false,false,false,provisional_unverified
MA-15-e843b6026ed2ac8c40e28b2c,15,indoor_air_pollution_health,e843b6026ed2ac8c40e28b2c,860,effect_size,1.44,1.04,1.89,reported_effect_scale,unverified_reported_effect_scale,1.44,0.2168407191929779,0.047019897500127895,true,true,true,false,false,false,provisional_unverified
MA-15-e9de58d9230cb407e25a98b1,15,indoor_air_pollution_health,e9de58d9230cb407e25a98b1,865,effect_size,2.42,1.65,3.53,reported_effect_scale,unverified_reported_effect_scale,2.42,0.4796006495091747,0.23001678300962222,true,true,true,false,false,false,provisional_unverified
MA-15-fcf5f7ed611a4bc853245faf,15,indoor_air_pollution_health,fcf5f7ed611a4bc853245faf,870,effect_size,8.29,1.49,46.03,reported_effect_scale,unverified_reported_effect_scale,8.29,11.362453685712044,129.1053537599512,true,true,true,false,false,false,provisional_unverified
MA-15-bec0f1126466412f1ae93a5d,15,indoor_air_pollution_health,bec0f1126466412f1ae93a5d,877,effect_size,-6.81,-12.52,-1.1,reported_effect_scale,unverified_reported_effect_scale,-6.81,2.913318839039774,8.487426657904056,true,true,true,false,false,false,provisional_unverified
MA-15-7cb841c148e9a9ee088cdc00,15,indoor_air_pollution_health,7cb841c148e9a9ee088cdc00,882,effect_size,10.6,9.28,12.1,reported_effect_scale,unverified_reported_effect_scale,10.6,0.7194009742637621,0.5175377617716501,true,true,true,false,false,false,provisional_unverified
MA-15-c45d3dc80d4f4e59cc78a468,15,indoor_air_pollution_health,c45d3dc80d4f4e59cc78a468,883,effect_size,1.79,1.02,3.15,reported_effect_scale,unverified_reported_effect_scale,1.79,0.5433773316247564,0.29525892452364055,true,true,true,false,false,false,provisional_unverified
MA-15-7f67ca9e200f1c9788c790bd,15,indoor_air_pollution_health,7f67ca9e200f1c9788c790bd,884,effect_size,1.14,1.03,1.27,reported_effect_scale,unverified_reported_effect_scale,1.14,0.06122561483095847,0.003748575911428882,true,true,true,false,false,false,provisional_unverified
MA-15-dcaf5f2e906077aa1f5fe251,15,indoor_air_pollution_health,dcaf5f2e906077aa1f5fe251,887,effect_size,6.2,3.9,10.2,reported_effect_scale,unverified_reported_effect_scale,6.2,1.6071723893126597,2.5830030889689635,true,true,true,false,false,false,provisional_unverified
MA-15-c1e501e29cf54872189285ed,15,indoor_air_pollution_health,c1e501e29cf54872189285ed,894,effect_size,0.45,0.205,0.985,reported_effect_scale,unverified_reported_effect_scale,0.45,0.19898324820061505,0.03959433306446757,true,true,true,false,false,false,provisional_unverified
MA-15-e5b5ef7de419a1be5bbecf6b,15,indoor_air_pollution_health,e5b5ef7de419a1be5bbecf6b,897,effect_size,1.49,1.16,1.91,reported_effect_scale,unverified_reported_effect_scale,1.49,0.19133004634674525,0.03660718663504768,true,true,true,false,false,false,provisional_unverified
MA-15-ed793faa315ca0929d99ca18,15,indoor_air_pollution_health,ed793faa315ca0929d99ca18,902,effect_size,9.8,8.2,11.7,reported_effect_scale,unverified_reported_effect_scale,9.8,0.8928735496181445,0.7972231756077051,true,true,true,false,false,false,provisional_unverified
MA-15-09de09719cd95a71d8f81ebb,15,indoor_air_pollution_health,09de09719cd95a71d8f81ebb,910,effect_size,1.4,1.29,1.45,reported_effect_scale,unverified_reported_effect_scale,1.4,0.0408170765539723,0.0016660337384128351,true,true,true,false,false,false,provisional_unverified
MA-15-fd1cff23215d21cd1b8c59bd,15,indoor_air_pollution_health,fd1cff23215d21cd1b8c59bd,914,effect_size,1.37,1.24,1.52,reported_effect_scale,unverified_reported_effect_scale,1.37,0.07142988396945156,0.005102228323889313,true,true,true,false,false,false,provisional_unverified
MA-15-3364c841444befe291926331,15,indoor_air_pollution_health,3364c841444befe291926331,915,effect_size,1.4,0.7,2.7,reported_effect_scale,unverified_reported_effect_scale,1.4,0.5102134569246539,0.2603177716270057,true,true,true,false,false,false,provisional_unverified
MA-15-448387719347cac9f7d7a639,15,indoor_air_pollution_health,448387719347cac9f7d7a639,916,effect_size,0.48,0.22,1.03,reported_effect_scale,unverified_reported_effect_scale,0.48,0.20663645005448486,0.042698622491119616,true,true,true,false,false,false,provisional_unverified
MA-15-60a3afecb6ca03f63e017907,15,indoor_air_pollution_health,60a3afecb6ca03f63e017907,924,effect_size,11.0,8.9,13.2,reported_effect_scale,unverified_reported_effect_scale,11.0,1.0969589323880058,1.2033188993458335,true,true,true,false,false,false,provisional_unverified
MA-15-5d7c78a0ef0efd10f2511721,15,indoor_air_pollution_health,5d7c78a0ef0efd10f2511721,930,effect_size,32.04,0.23,0.42,reported_effect_scale,unverified_reported_effect_scale,32.04,0.04847027840784212,0.002349367888933726,true,false,true,false,false,false,provisional_unverified
MA-15-70520b966041b50b6d60ff58,15,indoor_air_pollution_health,70520b966041b50b6d60ff58,933,effect_size,1.29,1.03,1.63,reported_effect_scale,unverified_reported_effect_scale,1.29,0.15306403707739616,0.023428599446430505,true,true,true,false,false,false,provisional_unverified
MA-15-451420b43705b205fa404e49,15,indoor_air_pollution_health,451420b43705b205fa404e49,937,effect_size,12.0,10.0,14.4,reported_effect_scale,unverified_reported_effect_scale,12.0,1.1224696052342389,1.2599380146747081,true,true,true,false,false,false,provisional_unverified
MA-15-36cc48371314e83c8084518e,15,indoor_air_pollution_health,36cc48371314e83c8084518e,939,effect_size,0.06,-0.03,0.15,reported_effect_scale,unverified_reported_effect_scale,0.06,0.04591921112321885,0.002108573950178746,true,true,true,false,false,false,provisional_unverified
MA-15-52a529184fb82c820ad95cc3,15,indoor_air_pollution_health,52a529184fb82c820ad95cc3,940,effect_size,5.92,1.19,29.42,reported_effect_scale,unverified_reported_effect_scale,5.92,7.201662944491491,51.86394916606185,true,true,true,false,false,false,provisional_unverified
MA-15-7f4b36001c97048e050f59a3,15,indoor_air_pollution_health,7f4b36001c97048e050f59a3,943,effect_size,3.81,1.05,13.79,reported_effect_scale,unverified_reported_effect_scale,3.81,3.250059720610045,10.562888187531845,true,true,true,false,false,false,provisional_unverified
MA-15-7f55fae508fe8b84ebf5dd91,15,indoor_air_pollution_health,7f55fae508fe8b84ebf5dd91,944,effect_size,2.6,1.86,3.63,reported_effect_scale,unverified_reported_effect_scale,2.6,0.4515389093783187,0.2038873866825615,true,true,true,false,false,false,provisional_unverified
MA-15-a4f16360bda4ce1416302b69,15,indoor_air_pollution_health,a4f16360bda4ce1416302b69,945,effect_size,1.58,1.29,1.92,reported_effect_scale,unverified_reported_effect_scale,1.58,0.16071723893126597,0.02583003088968963,true,true,true,false,false,false,provisional_unverified
MA-15-79bee4afa2dbac39523ac51d,15,indoor_air_pollution_health,79bee4afa2dbac39523ac51d,954,effect_size,3.06,1.73,5.47,reported_effect_scale,unverified_reported_effect_scale,3.06,0.9540991644491028,0.9103052156024761,true,true,true,false,false,false,provisional_unverified
MA-15-db984c0b0bf97b04c924b017,15,indoor_air_pollution_health,db984c0b0bf97b04c924b017,955,effect_size,5.37,1.65,17.43,reported_effect_scale,unverified_reported_effect_scale,5.37,4.02558417513552,16.205327951101523,true,true,true,false,false,false,provisional_unverified
MA-15-9e5b0bcb10c9f6bbcb6d7cff,15,indoor_air_pollution_health,9e5b0bcb10c9f6bbcb6d7cff,959,effect_size,0.76,0.66,0.87,reported_effect_scale,unverified_reported_effect_scale,0.76,0.05357241297708866,0.0028700034321877373,true,true,true,false,false,false,provisional_unverified
MA-15-939243b53a2963d5e8725ad4,15,indoor_air_pollution_health,939243b53a2963d5e8725ad4,963,effect_size,2.1,1.1,3.8,reported_effect_scale,unverified_reported_effect_scale,2.1,0.6887881668482828,0.47442913879021786,true,true,true,false,false,false,provisional_unverified
MA-15-9f72759b5dc611bef16620c5,15,indoor_air_pollution_health,9f72759b5dc611bef16620c5,966,effect_size,2.31,1.92,2.78,reported_effect_scale,unverified_reported_effect_scale,2.31,0.21939178647760116,0.04813275597383334,true,true,true,false,false,false,provisional_unverified
MA-15-80e104f4315b22709a69c425,15,indoor_air_pollution_health,80e104f4315b22709a69c425,967,effect_size,1.53,1.3,1.77,reported_effect_scale,unverified_reported_effect_scale,1.53,0.11990016237729367,0.014376048938101389,true,true,true,false,false,false,provisional_unverified
MA-15-b938ddbe15b1238379c9ac49,15,indoor_air_pollution_health,b938ddbe15b1238379c9ac49,968,effect_size,3.6,1.2,11.0,reported_effect_scale,unverified_reported_effect_scale,3.6,2.5000459389308047,6.250229696764409,true,true,true,false,false,false,provisional_unverified
MA-15-e18233af606c7a5073d7a82d,15,indoor_air_pollution_health,e18233af606c7a5073d7a82d,970,effect_size,1.76,1.56,1.98,reported_effect_scale,unverified_reported_effect_scale,1.76,0.10714482595417732,0.01148001372875095,true,true,true,false,false,false,provisional_unverified
MA-15-a07865776622ac89b6e6bbce,15,indoor_air_pollution_health,a07865776622ac89b6e6bbce,973,effect_size,6.74,1.13,2.68,reported_effect_scale,unverified_reported_effect_scale,6.74,0.3954154291166069,0.15635336158347035,true,false,true,false,false,false,provisional_unverified
MA-15-5d7e9f1e2a305b83de2fb685,15,indoor_air_pollution_health,5d7e9f1e2a305b83de2fb685,975,effect_size,1.191,1.018,1.391,reported_effect_scale,unverified_reported_effect_scale,1.191,0.09515480971644796,0.009054437812173419,true,true,true,false,false,false,provisional_unverified
MA-15-59b0364b61d80c41f975c5b8,15,indoor_air_pollution_health,59b0364b61d80c41f975c5b8,989,effect_size,8.2,3.7,18.0,reported_effect_scale,unverified_reported_effect_scale,8.2,3.648026217011276,13.3080952800016,true,true,true,false,false,false,provisional_unverified
MA-15-f7b160c34f3e3d017276bc55,15,indoor_air_pollution_health,f7b160c34f3e3d017276bc55,991,effect_size,-17.1,-26.3,-7.9,reported_effect_scale,unverified_reported_effect_scale,-17.1,4.693963803706816,22.03329619050976,true,true,true,false,false,false,provisional_unverified
MA-15-e709dda24d88cfd81221e6ef,15,indoor_air_pollution_health,e709dda24d88cfd81221e6ef,992,effect_size,6.431,1.559,26.532,reported_effect_scale,unverified_reported_effect_scale,6.431,6.3707803298896915,40.58684201170941,true,true,true,false,false,false,provisional_unverified
MA-15-9fdb971728a2c20948fdc6d4,15,indoor_air_pollution_health,9fdb971728a2c20948fdc6d4,993,effect_size,4.73,2.02,10.54,reported_effect_scale,unverified_reported_effect_scale,4.73,2.1735093264990257,4.724142792378249,true,true,true,false,false,false,provisional_unverified
MA-15-9d1562e962476223a22d0d5e,15,indoor_air_pollution_health,9d1562e962476223a22d0d5e,1001,effect_size,9.9,4.5,22.0,reported_effect_scale,unverified_reported_effect_scale,9.9,4.464367748090722,19.930579390192623,true,true,true,false,false,false,provisional_unverified
MA-15-b1ab699fd997b52002abcbff,15,indoor_air_pollution_health,b1ab699fd997b52002abcbff,1002,effect_size,-106.8,-197.6,-16.0,reported_effect_scale,unverified_reported_effect_scale,-106.8,46.32738188875858,2146.2263126668763,true,true,true,false,false,false,provisional_unverified
MA-15-fe7fb87e164d784153c53bdf,15,indoor_air_pollution_health,fe7fb87e164d784153c53bdf,1003,effect_size,1.14,1.09,1.2,reported_effect_scale,unverified_reported_effect_scale,1.14,0.028061740130855935,0.0007874612591716904,true,true,true,false,false,false,provisional_unverified
MA-15-7ed8e82ce38449b9878819a5,15,indoor_air_pollution_health,7ed8e82ce38449b9878819a5,1004,effect_size,6.6,1.92,22.59,reported_effect_scale,unverified_reported_effect_scale,6.6,5.273056077316299,27.80512039452235,true,true,true,false,false,false,provisional_unverified
MA-15-6edfde5241601016a1986b40,15,indoor_air_pollution_health,6edfde5241601016a1986b40,1007,effect_size,1.61,1.15,2.24,reported_effect_scale,unverified_reported_effect_scale,1.61,0.2780663340239365,0.07732088611751142,true,true,true,false,false,false,provisional_unverified
MA-15-3d53ae2edd31ad93f31f01a5,15,indoor_air_pollution_health,3d53ae2edd31ad93f31f01a5,1018,effect_size,6.183,3.482,10.977,reported_effect_scale,unverified_reported_effect_scale,6.183,1.9120249298251408,3.655839332272835,true,true,true,false,false,false,provisional_unverified
MA-15-c8648211e5a191fd5c019841,15,indoor_air_pollution_health,c8648211e5a191fd5c019841,1022,effect_size,2.63,1.7,3.55,reported_effect_scale,unverified_reported_effect_scale,2.63,0.4719474476553049,0.22273439334835674,true,true,true,false,false,false,provisional_unverified
MA-15-3cc42f5a9ef2fb50e02d1d28,15,indoor_air_pollution_health,3cc42f5a9ef2fb50e02d1d28,1028,effect_size,0.82,0.71,0.96,reported_effect_scale,unverified_reported_effect_scale,0.82,0.06377668211558174,0.004067465181671964,true,true,true,false,false,false,provisional_unverified
MA-15-65a08a1d673a0a086e69b917,15,indoor_air_pollution_health,65a08a1d673a0a086e69b917,1031,effect_size,1.8,1.17,2.78,reported_effect_scale,unverified_reported_effect_scale,1.8,0.4107218328243464,0.16869242395859033,true,true,true,false,false,false,provisional_unverified
MA-15-b590555e6077450fd4581889,15,indoor_air_pollution_health,b590555e6077450fd4581889,1034,effect_size,1.16,0.6,1.8,reported_effect_scale,unverified_reported_effect_scale,1.16,0.30612807415479243,0.09371439778572209,true,true,true,false,false,false,provisional_unverified
MA-15-0e643279897970f7aff1322d,15,indoor_air_pollution_health,0e643279897970f7aff1322d,1039,effect_size,9.6,2.9,43.4,reported_effect_scale,unverified_reported_effect_scale,9.6,10.331822502724243,106.74655622779905,true,true,true,false,false,false,provisional_unverified
MA-15-24f11d902189ed8bff3bbf67,15,indoor_air_pollution_health,24f11d902189ed8bff3bbf67,1040,effect_size,2.07,1.07,4.01,reported_effect_scale,unverified_reported_effect_scale,2.07,0.7500137816792412,0.5625206727087965,true,true,true,false,false,false,provisional_unverified
MA-15-8cc3fd5b60627a7b069e1ee6,15,indoor_air_pollution_health,8cc3fd5b60627a7b069e1ee6,1044,effect_size,1.16,1.02,1.33,reported_effect_scale,unverified_reported_effect_scale,1.16,0.07908308582332138,0.006254134463338815,true,true,true,false,false,false,provisional_unverified
MA-15-55da18b967f5732d64964c59,15,indoor_air_pollution_health,55da18b967f5732d64964c59,1068,effect_size,7.955,7.397,8.551,reported_effect_scale,unverified_reported_effect_scale,7.955,0.2943931646455253,0.08666733539000736,true,true,true,false,false,false,provisional_unverified
MA-15-8a5c4e0e32f14347dd8285f7,15,indoor_air_pollution_health,8a5c4e0e32f14347dd8285f7,1074,effect_size,2.5,0.8,8.0,reported_effect_scale,unverified_reported_effect_scale,2.5,1.8367684449287542,3.373718320285994,true,true,true,false,false,false,provisional_unverified
MA-15-4416327df9577fdd8583a4b1,15,indoor_air_pollution_health,4416327df9577fdd8583a4b1,1077,effect_size,30.9,21.6,40.1,reported_effect_scale,unverified_reported_effect_scale,30.9,4.719474476553049,22.27343933483568,true,true,true,false,false,false,provisional_unverified
MA-15-706f186007d41dfef5b3ec17,15,indoor_air_pollution_health,706f186007d41dfef5b3ec17,1079,effect_size,5.39,3.34,8.72,reported_effect_scale,unverified_reported_effect_scale,5.39,1.3724741991273193,1.8836854272701764,true,true,true,false,false,false,provisional_unverified
MA-15-3536bdbe55710a42c249ab99,15,indoor_air_pollution_health,3536bdbe55710a42c249ab99,1083,effect_size,0.73,0.7,0.75,reported_effect_scale,unverified_reported_effect_scale,0.73,0.01275533642311636,0.00016269860726687887,true,true,true,false,false,false,provisional_unverified
MA-15-d278fbbe12eb01d6cef4819c,15,indoor_air_pollution_health,d278fbbe12eb01d6cef4819c,1085,effect_size,1.51,0.16,2.86,reported_effect_scale,unverified_reported_effect_scale,1.51,0.6887881668482828,0.47442913879021786,true,true,true,false,false,false,provisional_unverified
MA-15-84b52d4b1757304dfc183157,15,indoor_air_pollution_health,84b52d4b1757304dfc183157,1088,effect_size,7.03,2.38,20.78,reported_effect_scale,unverified_reported_effect_scale,7.03,4.693963803706817,22.033296190509766,true,true,true,false,false,false,provisional_unverified
MA-15-a2323cc2ff5cd698af2d844a,15,indoor_air_pollution_health,a2323cc2ff5cd698af2d844a,1091,effect_size,1.09,1.0,1.19,reported_effect_scale,unverified_reported_effect_scale,1.09,0.04847027840784211,0.0023493678889337254,true,true,true,false,false,false,provisional_unverified
MA-15-038f9c5aa192667f99e7e8c5,15,indoor_air_pollution_health,038f9c5aa192667f99e7e8c5,1093,effect_size,0.647,0.615,0.679,reported_effect_scale,unverified_reported_effect_scale,0.647,0.01632683062158894,0.0002665653981460543,true,true,true,false,false,false,provisional_unverified
MA-15-fad66316698938b74b84f189,15,indoor_air_pollution_health,fad66316698938b74b84f189,1095,effect_size,0.72,0.6,0.87,reported_effect_scale,unverified_reported_effect_scale,0.72,0.06887881668482829,0.0047442913879021794,true,true,true,false,false,false,provisional_unverified
MA-15-65f8547b466c2364c0118e22,15,indoor_air_pollution_health,65f8547b466c2364c0118e22,1097,effect_size,17.0,12.8,21.9,reported_effect_scale,unverified_reported_effect_scale,17.0,2.321471229007175,5.389228667108083,true,true,true,false,false,false,provisional_unverified
MA-15-d14bf998cbb01bcdbf6ab28b,15,indoor_air_pollution_health,d14bf998cbb01bcdbf6ab28b,1098,effect_size,3.87,1.71,8.78,reported_effect_scale,unverified_reported_effect_scale,3.87,1.8036045702286516,3.2529894457496793,true,true,true,false,false,false,provisional_unverified
MA-15-7b6a5784a3bcf127b96128d2,15,indoor_air_pollution_health,7b6a5784a3bcf127b96128d2,1107,effect_size,1.401,1.138,1.724,reported_effect_scale,unverified_reported_effect_scale,1.401,0.14949254287892363,0.022348020376406822,true,true,true,false,false,false,provisional_unverified
MA-15-1ae6dac5cac183260d78026b,15,indoor_air_pollution_health,1ae6dac5cac183260d78026b,1108,effect_size,1.8,1.15,2.94,reported_effect_scale,unverified_reported_effect_scale,1.8,0.4566410439475653,0.20852104301752225,true,true,true,false,false,false,provisional_unverified
MA-15-e76e0b1b7c4a34f618baf529,15,indoor_air_pollution_health,e76e0b1b7c4a34f618baf529,1111,effect_size,4.85,1.84,12.82,reported_effect_scale,unverified_reported_effect_scale,4.85,2.80107187851635,7.846003668615115,true,true,true,false,false,false,provisional_unverified
MA-15-8a4002d2703894ba8dc0ec83,15,indoor_air_pollution_health,8a4002d2703894ba8dc0ec83,1113,effect_size,1.72,1.07,2.79,reported_effect_scale,unverified_reported_effect_scale,1.72,0.4387835729552024,0.19253102389533341,true,true,true,false,false,false,provisional_unverified
MA-15-d480e0fe0f129d93bd3a32ce,15,indoor_air_pollution_health,d480e0fe0f129d93bd3a32ce,1117,effect_size,3.15,2.41,4.13,reported_effect_scale,unverified_reported_effect_scale,3.15,0.4387835729552023,0.19253102389533336,true,true,true,false,false,false,provisional_unverified
MA-15-4c34d2e6e0e72d3b822b89b8,15,indoor_air_pollution_health,4c34d2e6e0e72d3b822b89b8,1120,effect_size,6.91,3.66,13.03,reported_effect_scale,unverified_reported_effect_scale,6.91,2.3903500456920037,5.713773340939764,true,true,true,false,false,false,provisional_unverified
MA-15-6c7c9d8c97d15ba6be541881,15,indoor_air_pollution_health,6c7c9d8c97d15ba6be541881,1123,effect_size,2.3,1.6,3.3,reported_effect_scale,unverified_reported_effect_scale,2.3,0.4336814383859558,0.18807959000051158,true,true,true,false,false,false,provisional_unverified
MA-15-9eb2c5335c63bf97e59e916b,15,indoor_air_pollution_health,9eb2c5335c63bf97e59e916b,1126,effect_size,1.16,1.02,1.33,reported_effect_scale,unverified_reported_effect_scale,1.16,0.07908308582332138,0.006254134463338815,true,true,true,false,false,false,provisional_unverified
MA-15-8e7fce2615dc1b3edd11f4e9,15,indoor_air_pollution_health,8e7fce2615dc1b3edd11f4e9,1129,effect_size,-4.5,-9.8,-1.2,reported_effect_scale,unverified_reported_effect_scale,-4.5,2.1939178647760125,4.813275597383337,true,true,true,false,false,false,provisional_unverified
MA-15-83baa2e0d85c0785b9d420b7,15,indoor_air_pollution_health,83baa2e0d85c0785b9d420b7,1138,effect_size,1.37,1.29,1.46,reported_effect_scale,unverified_reported_effect_scale,1.37,0.043368143838595566,0.0018807959000051145,true,true,true,false,false,false,provisional_unverified
MA-15-9767a8152cf74266a5b80bb0,15,indoor_air_pollution_health,9767a8152cf74266a5b80bb0,1142,effect_size,2.063,1.615,2.634,reported_effect_scale,unverified_reported_effect_scale,2.063,0.2599537563031112,0.06757595541609732,true,true,true,false,false,false,provisional_unverified
MA-15-04fdef11b607d1944131d45a,15,indoor_air_pollution_health,04fdef11b607d1944131d45a,1145,effect_size,7.8,5.8,10.0,reported_effect_scale,unverified_reported_effect_scale,7.8,1.0714482595417734,1.1480013728750953,true,true,true,false,false,false,provisional_unverified
MA-15-f4770af2aae319687d829810,15,indoor_air_pollution_health,f4770af2aae319687d829810,1149,effect_size,1.72,1.1,2.7,reported_effect_scale,unverified_reported_effect_scale,1.72,0.4081707655397232,0.16660337384128368,true,true,true,false,false,false,provisional_unverified
MA-15-95de42a7a5f5f2fbae34b4d2,15,indoor_air_pollution_health,95de42a7a5f5f2fbae34b4d2,1156,effect_size,0.78,0.62,0.98,reported_effect_scale,unverified_reported_effect_scale,0.78,0.0918384222464377,0.008434295800714984,true,true,true,false,false,false,provisional_unverified
MA-15-1ef48878b28b263324f5955b,15,indoor_air_pollution_health,1ef48878b28b263324f5955b,1159,effect_size,1.5,1.04,2.18,reported_effect_scale,unverified_reported_effect_scale,1.5,0.29082167044705276,0.08457724400161416,true,true,true,false,false,false,provisional_unverified
MA-15-69ab92503c44a0af6743e896,15,indoor_air_pollution_health,69ab92503c44a0af6743e896,1166,effect_size,21.2,-15.7,58.1,reported_effect_scale,unverified_reported_effect_scale,21.2,18.82687656051973,354.4512810250472,true,true,true,false,false,false,provisional_unverified
MA-15-3d73a1792819b7af1bef0f18,15,indoor_air_pollution_health,3d73a1792819b7af1bef0f18,1170,effect_size,29.33,14.9,54.0,reported_effect_scale,unverified_reported_effect_scale,29.33,9.974673082876985,99.49410311027064,true,true,true,false,false,false,provisional_unverified
MA-15-3ab2211b1f61b03b1757b73b,15,indoor_air_pollution_health,3ab2211b1f61b03b1757b73b,1171,effect_size,10.6,9.28,12.1,reported_effect_scale,unverified_reported_effect_scale,10.6,0.7194009742637621,0.5175377617716501,true,true,true,false,false,false,provisional_unverified
MA-15-8de0a4190fa94d328fceb8d0,15,indoor_air_pollution_health,8de0a4190fa94d328fceb8d0,1173,effect_size,1.47,1.4,1.53,reported_effect_scale,unverified_reported_effect_scale,1.47,0.033163874700102534,0.001099842585124101,true,true,true,false,false,false,provisional_unverified
MA-15-3a3405d83d0788860cd4d230,15,indoor_air_pollution_health,3a3405d83d0788860cd4d230,1174,effect_size,1.48,1.08,2.03,reported_effect_scale,unverified_reported_effect_scale,1.48,0.24235139203921055,0.058734197223343124,true,true,true,false,false,false,provisional_unverified
MA-15-ae7ee5c7ffb7947de8e7af7d,15,indoor_air_pollution_health,ae7ee5c7ffb7947de8e7af7d,1176,effect_size,2.59,1.22,6.46,reported_effect_scale,unverified_reported_effect_scale,2.59,1.3367592571425935,1.7869253115564183,true,true,true,false,false,false,provisional_unverified
MA-15-772b24399bb3e03faaea600c,15,indoor_air_pollution_health,772b24399bb3e03faaea600c,1182,effect_size,1.06,1.02,1.1,reported_effect_scale,unverified_reported_effect_scale,1.06,0.020408538276986177,0.0004165084346032099,true,true,true,false,false,false,provisional_unverified
MA-15-3ed5a9ffe4fc89ed99ad758c,15,indoor_air_pollution_health,3ed5a9ffe4fc89ed99ad758c,1186,effect_size,1.02,0.98,1.06,reported_effect_scale,unverified_reported_effect_scale,1.02,0.020408538276986177,0.0004165084346032099,true,true,true,false,false,false,provisional_unverified
MA-15-2f49a51263cbff7ae2311eaf,15,indoor_air_pollution_health,2f49a51263cbff7ae2311eaf,1188,effect_size,1.42,1.19,1.7,reported_effect_scale,unverified_reported_effect_scale,1.42,0.13010443151578677,0.01692716310004605,true,true,true,false,false,false,provisional_unverified
MA-15-ad945d2db7ae1e332010c80f,15,indoor_air_pollution_health,ad945d2db7ae1e332010c80f,1189,effect_size,1.89,1.29,2.77,reported_effect_scale,unverified_reported_effect_scale,1.89,0.3775579581242439,0.14255001174294832,true,true,true,false,false,false,provisional_unverified
MA-15-b092f2ff51649fe95832f633,15,indoor_air_pollution_health,b092f2ff51649fe95832f633,1190,effect_size,2.976,0.687,1.494,reported_effect_scale,unverified_reported_effect_scale,2.976,0.20587112986909786,0.042382922113578955,true,false,true,false,false,false,provisional_unverified
MA-15-cabc31572d40353085a8a4af,15,indoor_air_pollution_health,cabc31572d40353085a8a4af,1196,effect_size,-3.44,-8.12,-0.11,reported_effect_scale,unverified_reported_effect_scale,-3.44,2.043404894983239,4.175503564841462,true,true,true,false,false,false,provisional_unverified
MA-15-383077fa7b92136d164249bc,15,indoor_air_pollution_health,383077fa7b92136d164249bc,1198,effect_size,24.3,20.1,28.3,reported_effect_scale,unverified_reported_effect_scale,24.3,2.091875173391081,4.3759417410499655,true,true,true,false,false,false,provisional_unverified
MA-15-55f3daf0a001aed7719f5c6a,15,indoor_air_pollution_health,55f3daf0a001aed7719f5c6a,1200,effect_size,15.8,7.0,10.7,reported_effect_scale,unverified_reported_effect_scale,15.8,0.9438948953106097,0.8909375733934267,true,false,true,false,false,false,provisional_unverified
MA-15-e8eb9cfa6274920556930f5e,15,indoor_air_pollution_health,e8eb9cfa6274920556930f5e,1201,effect_size,1.52,1.22,1.89,reported_effect_scale,unverified_reported_effect_scale,1.52,0.17092150806975906,0.02921416192084071,true,true,true,false,false,false,provisional_unverified
MA-15-d27badfbda5b80c9591a6058,15,indoor_air_pollution_health,d27badfbda5b80c9591a6058,1204,effect_size,1.99,1.6,2.21,reported_effect_scale,unverified_reported_effect_scale,1.99,0.15561510436201942,0.024216060705602196,true,true,true,false,false,false,provisional_unverified
MA-15-345b9982a332f1733a8f7171,15,indoor_air_pollution_health,345b9982a332f1733a8f7171,1213,effect_size,-0.932,-33.49,31.62,reported_effect_scale,unverified_reported_effect_scale,-0.932,16.60999909018211,275.89206977585053,true,true,true,false,false,false,provisional_unverified
MA-15-20ab9d3a6aa1a7136069f5c1,15,indoor_air_pollution_health,20ab9d3a6aa1a7136069f5c1,1228,effect_size,0.76,0.61,0.94,reported_effect_scale,unverified_reported_effect_scale,0.76,0.08418522039256789,0.007087151332545228,true,true,true,false,false,false,provisional_unverified
MA-15-5de13d07b36cc1f58472a4bd,15,indoor_air_pollution_health,5de13d07b36cc1f58472a4bd,1229,effect_size,1.46,0.34,2.51,reported_effect_scale,unverified_reported_effect_scale,1.46,0.5535816007632495,0.3064525887036017,true,true,true,false,false,false,provisional_unverified
MA-15-befc498e81ed67b6a87d97d3,15,indoor_air_pollution_health,befc498e81ed67b6a87d97d3,1234,effect_size,0.66,0.42,0.93,reported_effect_scale,unverified_reported_effect_scale,0.66,0.13010443151578677,0.01692716310004605,true,true,true,false,false,false,provisional_unverified
MA-15-adbab980956283ebfa969cd2,15,indoor_air_pollution_health,adbab980956283ebfa969cd2,1236,effect_size,-1.23,-2.45,-0.02,reported_effect_scale,unverified_reported_effect_scale,-1.23,0.6199093501634546,0.3842876024200766,true,true,true,false,false,false,provisional_unverified
MA-15-5afa9bb8db1be3d165de846e,15,indoor_air_pollution_health,5afa9bb8db1be3d165de846e,1240,effect_size,2.22,1.14,4.35,reported_effect_scale,unverified_reported_effect_scale,2.22,0.8188925983640696,0.6705850876554573,true,true,true,false,false,false,provisional_unverified
MA-15-f31d49688f01b063b25b5330,15,indoor_air_pollution_health,f31d49688f01b063b25b5330,1243,effect_size,1.53,1.46,1.6,reported_effect_scale,unverified_reported_effect_scale,1.53,0.03571494198472581,0.0012755570809723303,true,true,true,false,false,false,provisional_unverified
MA-15-e150e46134d70865dc82a044,15,indoor_air_pollution_health,e150e46134d70865dc82a044,1247,effect_size,2.46,1.09,5.13,reported_effect_scale,unverified_reported_effect_scale,2.46,1.030631182987801,1.062200635346834,true,true,true,false,false,false,provisional_unverified
MA-15-f6a980b631ad7ef4ec608c1c,15,indoor_air_pollution_health,f6a980b631ad7ef4ec608c1c,1248,effect_size,3.8,1.4,10.4,reported_effect_scale,unverified_reported_effect_scale,3.8,2.2959605561609426,5.271434875446865,true,true,true,false,false,false,provisional_unverified
MA-15-bea06746d02957c1726ea09b,15,indoor_air_pollution_health,bea06746d02957c1726ea09b,1249,effect_size,1.18,1.09,1.29,reported_effect_scale,unverified_reported_effect_scale,1.18,0.051021345692465386,0.002603177716270056,true,true,true,false,false,false,provisional_unverified
MA-15-f4d7482e16125e0c98a4d44a,15,indoor_air_pollution_health,f4d7482e16125e0c98a4d44a,1254,effect_size,3.13,1.0,9.79,reported_effect_scale,unverified_reported_effect_scale,3.13,2.2423881431838537,5.028304584691531,true,true,true,false,false,false,provisional_unverified
MA-15-b09d2bba6a803c680fe2d3da,15,indoor_air_pollution_health,b09d2bba6a803c680fe2d3da,1255,effect_size,2.33,1.27,4.3,reported_effect_scale,unverified_reported_effect_scale,2.33,0.7729733872408507,0.5974878573825942,true,true,true,false,false,false,provisional_unverified
MA-15-12f4131c9cfcd8722f58b503,15,indoor_air_pollution_health,12f4131c9cfcd8722f58b503,1256,effect_size,-3.53,-6.54,-0.52,reported_effect_scale,unverified_reported_effect_scale,-3.53,1.5357425053432083,2.3585050427178342,true,true,true,false,false,false,provisional_unverified
MA-15-136bf788b3a61275389031ad,15,indoor_air_pollution_health,136bf788b3a61275389031ad,1257,effect_size,0.68,0.52,0.89,reported_effect_scale,unverified_reported_effect_scale,0.68,0.09438948953106098,0.00890937573393427,true,true,true,false,false,false,provisional_unverified
MA-15-8a3134baa774819c7023d3f9,15,indoor_air_pollution_health,8a3134baa774819c7023d3f9,1258,effect_size,6.8,1.83,25.3,reported_effect_scale,unverified_reported_effect_scale,6.8,5.987354917010814,35.84841890225357,true,true,true,false,false,false,provisional_unverified
MA-15-ae728674e6db6be86b57f1cc,15,indoor_air_pollution_health,ae728674e6db6be86b57f1cc,1271,effect_size,2.26,2.06,2.49,reported_effect_scale,unverified_reported_effect_scale,2.26,0.10969589323880063,0.012033188993458347,true,true,true,false,false,false,provisional_unverified
MA-15-29bd2e25e2314e132bfefd02,15,indoor_air_pollution_health,29bd2e25e2314e132bfefd02,1273,effect_size,2.54,1.27,5.08,reported_effect_scale,unverified_reported_effect_scale,2.54,0.9719566354414658,0.9446997011786945,true,true,true,false,false,false,provisional_unverified
MA-15-14f55b101d86d3e6f8570e65,15,indoor_air_pollution_health,14f55b101d86d3e6f8570e65,1275,effect_size,1.62,0.99,2.67,reported_effect_scale,unverified_reported_effect_scale,1.62,0.42857930381670933,0.18368021966001524,true,true,true,false,false,false,provisional_unverified
MA-15-8ebb78316a1c6f83f09387ec,15,indoor_air_pollution_health,8ebb78316a1c6f83f09387ec,1282,effect_size,3.87,1.72,8.73,reported_effect_scale,unverified_reported_effect_scale,3.87,1.7882981665209123,3.1980103323820566,true,true,true,false,false,false,provisional_unverified
MA-15-4d48ccafd73ca6839955f19d,15,indoor_air_pollution_health,4d48ccafd73ca6839955f19d,1284,effect_size,31.14,27.99,34.43,reported_effect_scale,unverified_reported_effect_scale,31.14,1.642887331297386,2.699078783337447,true,true,true,false,false,false,provisional_unverified
MA-15-e860de25a92d1708d345667b,15,indoor_air_pollution_health,e860de25a92d1708d345667b,1286,effect_size,0.63,0.42,0.77,reported_effect_scale,unverified_reported_effect_scale,0.63,0.08928735496181445,0.007972231756077051,true,true,true,false,false,false,provisional_unverified
MA-15-43b19e943214f35dc18dc229,15,indoor_air_pollution_health,43b19e943214f35dc18dc229,1287,effect_size,17.9,35.6,0.23,reported_effect_scale,unverified_reported_effect_scale,,,,false,false,false,false,false,false,provisional_unverified
MA-15-ed431e8ada60b19f375b63b4,15,indoor_air_pollution_health,ed431e8ada60b19f375b63b4,1291,effect_size,1.13,0.66,1.92,reported_effect_scale,unverified_reported_effect_scale,1.13,0.32143447786253193,0.10332012355875853,true,true,true,false,false,false,provisional_unverified
MA-15-63547255bd3d95da5f5a9b94,15,indoor_air_pollution_health,63547255bd3d95da5f5a9b94,1299,effect_size,12.5,8.8,16.3,reported_effect_scale,unverified_reported_effect_scale,12.5,1.9133004634674524,3.660718663504768,true,true,true,false,false,false,provisional_unverified
MA-15-6e52bf1080b8f1f4c8c4a0a8,15,indoor_air_pollution_health,6e52bf1080b8f1f4c8c4a0a8,1301,effect_size,19.4,19.2,19.6,reported_effect_scale,unverified_reported_effect_scale,19.4,0.10204269138493134,0.010412710865080341,true,true,true,false,false,false,provisional_unverified
MA-15-4770d46a21c94fa4b6292adb,15,indoor_air_pollution_health,4770d46a21c94fa4b6292adb,1302,effect_size,2.26,1.06,4.79,reported_effect_scale,unverified_reported_effect_scale,2.26,0.9515480971644796,0.9054437812173419,true,true,true,false,false,false,provisional_unverified
MA-15-2a188b6db57222cad8a2fd7c,15,indoor_air_pollution_health,2a188b6db57222cad8a2fd7c,1306,effect_size,4.87,1.22,19.51,reported_effect_scale,unverified_reported_effect_scale,4.87,4.665902063575961,21.770642066882413,true,true,true,false,false,false,provisional_unverified
MA-15-0dac03f8503b9d34c3539b09,15,indoor_air_pollution_health,0dac03f8503b9d34c3539b09,1307,effect_size,3.87,1.72,8.73,reported_effect_scale,unverified_reported_effect_scale,3.87,1.7882981665209123,3.1980103323820566,true,true,true,false,false,false,provisional_unverified
MA-15-507404e45060a3320e6de35b,15,indoor_air_pollution_health,507404e45060a3320e6de35b,1309,effect_size,10.7,3.7,31.2,reported_effect_scale,unverified_reported_effect_scale,10.7,7.015435032713992,49.21632869823076,true,true,true,false,false,false,provisional_unverified
MA-15-a5781ff68490e843971c1335,15,indoor_air_pollution_health,a5781ff68490e843971c1335,1310,effect_size,5.5,2.3,13.3,reported_effect_scale,unverified_reported_effect_scale,5.5,2.8061740130855966,7.874612591716922,true,true,true,false,false,false,provisional_unverified
MA-15-6bfe2b8c40dfd0a429da89d1,15,indoor_air_pollution_health,6bfe2b8c40dfd0a429da89d1,1314,effect_size,2.11,1.05,4.36,reported_effect_scale,unverified_reported_effect_scale,2.11,0.8444032712103025,0.7130168844306596,true,true,true,false,false,false,provisional_unverified
MA-15-8d1a63b6c1613a4cc8a6f1cb,15,indoor_air_pollution_health,8d1a63b6c1613a4cc8a6f1cb,1319,effect_size,0.134,0.053,0.339,reported_effect_scale,unverified_reported_effect_scale,0.134,0.07296052434022553,0.0053232381120006415,true,true,true,false,false,false,provisional_unverified
MA-15-13c14d83175a37aa30493d69,15,indoor_air_pollution_health,13c14d83175a37aa30493d69,1323,effect_size,0.074,0.002,0.145,reported_effect_scale,unverified_reported_effect_scale,0.074,0.03648026217011276,0.00133080952800016,true,true,true,false,false,false,provisional_unverified
MA-15-196fa1145002dd8035c32297,15,indoor_air_pollution_health,196fa1145002dd8035c32297,1325,effect_size,38.04,14.59,110.18,reported_effect_scale,unverified_reported_effect_scale,38.04,24.385652173713837,594.6600319373543,true,true,true,false,false,false,provisional_unverified
MA-15-984b98d1cbb08e4b42c0a7eb,15,indoor_air_pollution_health,984b98d1cbb08e4b42c0a7eb,1328,effect_size,0.14,0.12,0.17,reported_effect_scale,unverified_reported_effect_scale,0.14,0.012755336423116354,0.0001626986072668787,true,true,true,false,false,false,provisional_unverified
MA-15-c1540aebaa9b6928d3eb9932,15,indoor_air_pollution_health,c1540aebaa9b6928d3eb9932,1329,effect_size,0.81,0.79,0.83,reported_effect_scale,unverified_reported_effect_scale,0.81,0.01020426913849306,0.00010412710865080188,true,true,true,false,false,false,provisional_unverified
MA-15-5cfd1375c03ac0118757944b,15,indoor_air_pollution_health,5cfd1375c03ac0118757944b,1331,effect_size,35.0,655.0,2624.0,reported_effect_scale,unverified_reported_effect_scale,35.0,502.30514834232184,252310.46205120196,true,false,true,false,false,false,provisional_unverified
MA-15-843aa5ef647556106fe1b50e,15,indoor_air_pollution_health,843aa5ef647556106fe1b50e,1336,effect_size,1.44,-2.5,5.2,reported_effect_scale,unverified_reported_effect_scale,1.44,1.9643218091599177,3.8585601699412924,true,true,true,false,false,false,provisional_unverified
MA-15-eae3e242eff8f6588d145057,15,indoor_air_pollution_health,eae3e242eff8f6588d145057,1337,effect_size,0.83,0.65,1.06,reported_effect_scale,unverified_reported_effect_scale,0.83,0.10459375866955407,0.010939854352624918,true,true,true,false,false,false,provisional_unverified
MA-15-d528863c78f16a20bb1731cf,15,indoor_air_pollution_health,d528863c78f16a20bb1731cf,1338,effect_size,0.85,0.78,0.91,reported_effect_scale,unverified_reported_effect_scale,0.85,0.03316387470010251,0.001099842585124099,true,true,true,false,false,false,provisional_unverified
MA-15-4b03e9fff0552fd9fa2b0ff9,15,indoor_air_pollution_health,4b03e9fff0552fd9fa2b0ff9,1343,effect_size,3.57,1.18,10.92,reported_effect_scale,unverified_reported_effect_scale,3.57,2.484739535223065,6.173930557900532,true,true,true,false,false,false,provisional_unverified
MA-15-4759f5623d05158ab6ddd6e2,15,indoor_air_pollution_health,4759f5623d05158ab6ddd6e2,1346,effect_size,1.46,1.28,1.67,reported_effect_scale,unverified_reported_effect_scale,1.46,0.0994916241003075,0.009898583266116888,true,true,true,false,false,false,provisional_unverified
MA-15-c1fdf460c248baf28d0f49ba,15,indoor_air_pollution_health,c1fdf460c248baf28d0f49ba,1350,effect_size,14.0,6.0,22.0,reported_effect_scale,unverified_reported_effect_scale,14.0,4.081707655397231,16.660337384128365,true,true,true,false,false,false,provisional_unverified
