ID,DOI,Title,Year,Authors,Venue,Abstract,Citations,Concepts
https://openalex.org/W2618463919,https://doi.org/10.1186/s13561-017-0155-5,Socioeconomic inequality of diabetes patients’ health care utilization in Denmark,2017,Camilla Sortsø; Jørgen T. Lauridsen; Martha Emneus; Anders Green; Peter Bjødstrup Jensen,Health Economics Review,"Understanding socioeconomic inequalities in health care is critical for achieving health equity. The aim of this paper is threefold: 1) to quantify inequality in diabetes health care service utilization; 2) to understand determinants of these inequalities in relation to socio-demographic and clinical morbidity factors; and 3) to compare the empirical outcome of using income level and educational level as proxies for Socio Economic Status (SES).Data on the entire Danish population of diabetes patients in 2011 (N = 318,729) were applied. Patients' unique personal identification number enabled individual patient data from several national registers to be linked. A concentration index approach with decomposition into contributing factors was applied. Differences in diabetes patients' health care utilization patterns suggest that use of services differ among patients of lower and higher SES, despite the Danish universal health care system. Especially, out-patient services, rehabilitation and specialists in primary care show different utilization patterns according to SES. Comparison of the empirical outcome from using educational level and income level as proxy for patients' SES indicate important differences in inequality estimates. While income, alike other measures of labor market attachment, to a certain extent is explained by morbidity and thus endogenous, education is more decisive for patients' ability to take advantage of the more specialized services provided in a universal health care system.",84,Socioeconomic status; Equity (law); Health care; Danish; Health equity
https://openalex.org/W2143062300,https://doi.org/10.2196/jmir.3117,Predictors of eHealth Usage: Insights on The Digital Divide From the Health Information National Trends Survey 2012,2014,Emily Z. Kontos; Kelly D. Blake; Wen‐Ying Sylvia Chou; Abby Prestin,Journal of Medical Internet Research,"BACKGROUND: Recent eHealth developments have elevated the importance of assessing the extent to which technology has empowered patients and improved health, particularly among the most vulnerable populations. With noted disparities across racial and social groups in chronic health outcomes, such as cancer, obesity, and diabetes, it is essential that researchers examine any differences in the implementation, uptake, and impact of eHealth strategies across groups that bear a disproportionate burden of disease. OBJECTIVE: The goal was to examine eHealth use by sociodemographic factors, such as race/ethnicity, socioeconomic status (SES), age, and sex. METHODS: We drew data from National Cancer Institute's 2012 Health Information National Trends Survey (HINTS) (N=3959) which is publicly available online. We estimated multivariable logistic regression models to assess sociodemographic predictors of eHealth use among adult Internet users (N=2358) across 3 health communication domains (health care, health information-seeking, and user-generated content/sharing). RESULTS: Among online adults, we saw no evidence of a digital use divide by race/ethnicity. However, there were significant differences in use by SES, particularly for health care and health information-seeking items. Patients with lower levels of education had significantly lower odds of going online to look for a health care provider (high school or less: OR 0.50, 95% CI 0.33-0.76) using email or the Internet to communicate with a doctor (high school or less: OR 0.46, 95% CI 0.29-0.72), tracking their personal health information online (high school or less: OR 0.53, 95% CI 0.32-0.84), using a website to help track diet, weight, and physical activity (high school or less: OR 0.64, 95% CI 0.42-0.98; some college: OR 0.67, 95% CI 0.49-0.93), or downloading health information to a mobile device (some college: OR 0.54, 95% CI 0.33-0.89). Being female was a consistent predictor of eHealth use across health care and user-generated content/sharing domains, whereas age was primarily influential for health information-seeking. CONCLUSIONS: This study illustrates that lower SES, older, and male online US adults were less likely to engage in a number of eHealth activities compared to their counterparts. Future studies should assess issues of health literacy and eHealth literacy and their influence on eHealth engagement across social groups. Clinical care and public health communication efforts attempting to leverage Web 2.0 and 3.0 platforms should acknowledge differential eHealth usage to better address communication inequalities and persistent disparities in health.",987,eHealth; Digital divide; Digital health; Health Information National Trends Survey; Computer science
https://openalex.org/W2790281639,https://doi.org/10.21106/ijma.236,"Social Determinants of Health in the United States: Addressing Major Health Inequality Trends for the Nation, 1935-2016",2018,Gopal K. Singh; Gem P. Daus; Michelle Allender; Christine Ramey; Elijah K. Martin,International Journal of Maternal and Child Health and AIDS,"OBJECTIVES: This study describes key population health concepts and examines major empirical trends in US health and healthcare inequalities from 1935 to 2016 according to important social determinants such as race/ethnicity, education, income, poverty, area deprivation, unemployment, housing, rural-urban residence, and geographic location. METHODS: Long-term trend data from the National Vital Statistics System, National Health Interview Survey, National Survey of Children's Health, American Community Survey, and Behavioral Risk Factor Surveillance System were used to examine racial/ethnic, socioeconomic, rural-urban, and geographic inequalities in health and health care. Life tables, age-adjusted rates, prevalence, and risk ratios were used to examine health differentials, which were tested for statistical significance at the 0.05 level. RESULTS: Life expectancy of Americans increased from 69.7 years in 1950 to 78.8 years in 2015. However, despite the overall improvement, substantial gender and racial/ethnic disparities remained. In 2015, life expectancy was highest for Asian/Pacific Islanders (87.7 years) and lowest for African-Americans (75.7 years). Life expectancy was lower in rural areas and varied from 74.5 years for men in rural areas to 82.4 years for women in large metro areas, with rural-urban disparities increasing during the 1990-2014 time period. Infant mortality rates declined dramatically during the past eight decades. However, racial disparities widened over time; in 2015, black infants had 2.3 times higher mortality than white infants (11.4 vs. 4.9 per 1,000 live births). Infant and child mortality was markedly higher in rural areas and poor communities. Black infants and children in poor, rural communities had nearly three times higher mortality rate compared to those in affluent, rural areas. Racial/ethnic, socioeconomic, and geographic disparities were particularly marked in mortality and/or morbidity from cardiovascular disease, cancer, diabetes, COPD, HIV/AIDS, homicide, psychological distress, hypertension, smoking, obesity, and access to quality health care. CONCLUSIONS AND GLOBAL HEALTH IMPLICATIONS: Despite the overall health improvement, significant social disparities remain in a number of health indicators, most notably in life expectancy and infant mortality. Marked disparities in various health outcomes indicate the underlying significance of social determinants in disease prevention and health promotion and necessitate systematic and continued monitoring of health inequalities according to social factors. A multi-sectoral approach is needed to tackle persistent and widening health inequalities among Americans.",705,Life expectancy; Health equity; Socioeconomic status; Demography; Residence
https://openalex.org/W1947627842,https://doi.org/10.1111/j.1600-0757.2011.00425.x,The global burden of periodontal disease: towards integration with chronic disease prevention and control,2012,Poul Erik Petersen; Hiroshi Ogawa,Periodontology 2000,"Chronic diseases are accelerating globally, advancing across all regions and pervading all socioeconomic classes. Unhealthy diet and poor nutrition, physical inactivity, tobacco use, excessive use of alcohol and psychosocial stress are the most important risk factors. Periodontal disease is a component of the global burden of chronic disease, and chronic disease and periodontal disease have the same essential risk factors. In addition, severe periodontal disease is related to poor oral hygiene and to poor general health (e.g. the presence of diabetes mellitus and other systemic diseases). The present report highlights the global burden of periodontal disease: the ultimate burden of periodontal disease (tooth loss), as well as signs of periodontal disease, are described from World Health Organization (WHO) epidemiological data. High prevalence rates of complete tooth loss are found in upper middle-income countries, whereas the tooth-loss rates, at the time of writing, are modest for low-income countries. In high-income countries somewhat lower rates for edentulism are found when compared with upper middle-income countries. Around the world, social inequality in tooth loss is profound within countries. The Community Periodontal Index was introduced by the WHO in 1987 for countries to produce periodontal health profiles and to assist countries in the planning and evaluation of intervention programs. Globally, gingival bleeding is the most prevalent sign of disease, whereas the presence of deep periodontal pockets (≥6 mm) varies from 10% to 15% in adult populations. Intercountry and intracountry variations are found in the prevalence of periodontal disease, and these variations relate to socio-environmental conditions, behavioral risk factors, general health status of people (e.g. diabetes and HIV status) and oral health systems. National public health initiatives for the control and prevention of periodontal disease should include oral health promotion and integrated disease-prevention strategies based on common risk-factor approaches. Capacity building of oral health systems must consider the establishment of a financially fair service in periodontal care. Health systems research is needed for the evaluation of population-oriented oral health programs.",799,Medicine; Periodontal disease; Chronic disease; Disease prevention; MEDLINE
https://openalex.org/W2130944773,https://doi.org/10.2337/diacare.28.9.2280,"Ethnic Differences in Mortality, End-Stage Complications, and Quality of Care Among Diabetic Patients",2005,Loes Lanting; Inez M.A. Joung; Johan P. Mackenbach; Steven W. J. Lamberts; Aart H. Bootsma,Diabetes Care,"OBJECTIVE: To determine the influence of ethnic differences in diabetes care on inequalities in mortality and prevalence of end-stage complications among diabetic patients. The following questions were examined: 1) Are there ethnic differences among diabetic patients in mortality and end-stage complications and 2) are there ethnic differences among diabetic patients in quality of care? RESEARCH DESIGN AND METHODS: A review of the literature on ethnic differences in the prevalence of complications and mortality among diabetic patients and in the quality of diabetes care was performed by systematically searching articles on Medline published from 1987 through October 2004. RESULTS: A total of 51 studies were included, mainly conducted in the U.S. and the U.K. In general, after adjusting for confounders, diabetic patients from ethnic minorities had higher mortality rates and higher risk of diabetes complications. After additional adjustment for risk factors such as smoking, socioeconomic status, income, years of education, and BMI, in most instances ethnic differences disappear. Nevertheless, blacks and Hispanics in the U.S. and Asians in the U.K. have an increased risk of end-stage renal disease, and blacks and Hispanics in the U.S. have an increased risk of retinopathy. Intermediate outcomes of care were worse in blacks, and they were inclined to be worse in Hispanics. Likewise, ethnic differences in quality of care in the U.S. exist: process of care was worse in blacks. CONCLUSIONS: Given the fact that there are ethnic differences in diabetes care and that ethnic differences in some diabetes complications persist after adjustment for risk factors other than diabetes care, it seems the case that ethnic differences in diabetes care contribute to the more adverse disease outcomes of diabetic patients from some ethnic minority groups. Although no generalizations can be made for all ethnic groups in all regions for all kinds of complications, the results do implicate the importance of quality of care in striving for equal health outcomes among ethnic minorities.",392,Medicine; Ethnic group; Diabetes mellitus; Stage (stratigraphy); Gerontology
https://openalex.org/W2084884579,https://doi.org/10.2337/dc11-2052,Poverty Increases Type 2 Diabetes Incidence and Inequality of Care Despite Universal Health Coverage,2012,Chih‐Cheng Hsu; Cheng-Hua Lee; Mark L. Wahlqvist; Hsiao-Ling Huang; Hsing‐Yi Chang,Diabetes Care,"OBJECTIVE: The discrepancy of diabetes incidence and care between socioeconomic statuses has seldom been studied concurrently in nations with universal health coverage. We aimed to delineate whether income disparity is associated with diabetes incidence and inequality of care under a national health insurance (NHI) program in Asia. RESEARCH DESIGN AND METHODS: From the Taiwan NHI database in 2000, a representative cohort aged ≥20 years and free of diabetes (n = 600,662) were followed up until 2005. We regarded individuals exempt from paying the NHI premium as being poor. Adjusted hazard ratios (HRs) were used to discover any excess risk of diabetes in the poor population. The indicators used to evaluate quality of diabetes care included the proportion of diabetic patients identified through hospitalization, visits to diabetes clinics, and completion of recommended diabetes tests. RESULTS: The incidence of type 2 diabetes in the poor population was 20.4 per 1,000 person-years (HR, 1.5; 95% CI, 1.3-1.7). Compared with their middle-income counterparts, the adjusted odds ratio (OR) for the poor population incidentally identified as having diabetes through hospitalization was 2.2 (P < 0.001). Poor persons with diabetes were less likely to visit any diabetes clinic (OR, 0.4; P < 0.001). The ORs for the poor population with diabetes to receive tests for glycated hemoglobin, low-density lipoprotein cholesterol, triglycerides, and retinopathy were 0.6 (0.4-0.9), 0.4 (0.2-0.7), 0.5 (0.4-0.8), and 0.4 (0.2-0.9), respectively. CONCLUSIONS: Poverty is associated not only with higher diabetes incidence but also with inequality of diabetes care in a northeast Asian population, despite universal health coverage.",180,Medicine; Diabetes mellitus; Population; Incidence (geometry); Hazard ratio
https://openalex.org/W2994633471,https://doi.org/10.1016/s2468-2667(19)30226-9,"Social inequalities in multimorbidity, frailty, disability, and transitions to mortality: a 24-year follow-up of the Whitehall II cohort study",2019,Aline Dugravot; Aurore Fayossé; Julien Dumurgier; Kim Bouillon; Tesnim Ben Rayana,The Lancet Public Health,"BACKGROUND: Social inequalities in mortality persist in high-income countries with universal health care, and the mechanisms by which these inequalities are generated remain unclear. We aimed to examine whether social inequalities were present before or after the onset of adverse health conditions (multimorbidity, frailty, and disability). METHODS: Our analysis was based on data from the ongoing Whitehall II cohort study, which enrolled British civil servants aged 35-55 years in 1985-88. Participants were assessed for three indicators of socioeconomic status (education, occupational position, and literacy) at age 50 years. Participants underwent clinical examinations (in 2002-04, 2007-09, 2012-13, and 2015-16) for assessment of frailty (two or more of low physical activity, slow walking speed, poor grip strength, weight loss, and exhaustion) and disability (two or more difficulties in bathing, dressing, going to the toilet, transferring, feeding, and walking). In addition, electronic health records were used to assess the incidence of multimorbidity (two or more of diabetes, coronary heart disease, stroke, chronic obstructive pulmonary disease, depression, arthritis, cancer, dementia, and Parkinson's disease) and mortality. In analyses adjusted for sociodemographic factors, we used multistate models to examine social inequalities in transitions from healthy state to adverse health conditions and subsequently to mortality. FINDINGS: Of 10 308 individuals in the Whitehall II study cohort, 6425 had relevant data available at 50 years and to the end of follow-up on Aug 31, 2017, and were included in our analysis. Participants were followed up for a median of 23·6 years (IQR 19·6-28·9). 1694 (26·4%) of 6425 participants developed multimorbidity, 1733 (27·0%) became frail, 692 (10·8%) had a disability, and 611 (9·5%) died. Multimorbidity (hazard ratio [HR] 4·12 [95% CI 3·41-4·98]), frailty (HR 2·38 [95% CI 1·93-2·93]), and disability (HR 1·73 [95% CI 1·34-2·22]) were associated with increased risk of mortality; these associations were not modified by socioeconomic status. In multistate models, occupation was the socioeconomic status indicator that was most strongly associated with inequalities in the transition from healthy state to multimorbidity (HR 1·54 [95% CI 1·37-1·73]), to frailty (HR 2·08 [95% CI 1·85-2·33]), and to disability (HR 1·44 [95% CI 1·18-1·74]). Socioeconomic status indicators did not affect transitions to mortality in those with multimorbidity, frailty, or disability. INTERPRETATION: Socioeconomic status affects the risk of multimorbidity, frailty, and disability, but does not affect the risk of mortality after the onset of these adverse health conditions. Therefore, primary prevention is key to reducing social inequalities in mortality. Of the three adverse health conditions, multimorbidity had the strongest association with mortality, making it a central target for improving population health. FUNDING: UK Medical Research Council; National Institute on Aging, National Institutes of Health; British Heart Foundation.",336,Medicine; Cohort; Gerontology; Cohort study; Demography
https://openalex.org/W2269986463,https://doi.org/10.1161/circulationaha.114.008727,Cardiovascular Health in Brazil,2016,Antônio Luiz Pinho Ribeiro; Bruce Bartholow Duncan; Luisa C Brant; Paulo A. Lotufo; José Geraldo Mill,Circulation,"Brazil is a large country, with an evolving economy, but marked social inequalities. The population is formed by an admixture of native Brazilians, Europeans, and Africans; is predominantly urban; and faces rapid aging. Time trends related to health behaviors show a substantial reduction in smoking rates, but a rising prevalence of overweight and obesity, unhealthy eating habits, and insufficient physical activity. The high prevalence of hypertension and the increasing prevalence of diabetes mellitus are also causes for concern. Cardiovascular disease (CVD) has been the leading cause of mortality since the 1960s and has accounted for a substantial percentage of all hospitalizations. In 2011, CVD was responsible for 31% of all deaths, with ischemic heart disease (31%) and cerebrovascular diseases (30%) being the leading CVD causes. Despite an increase in the overall number of CVD deaths, the age-adjusted mortality rates for CVD declined 24% between 2000 and 2011. Health care delivered by Brazil’s universal public health system, which focuses on primary prevention, has contributed to this achievement. However, the decline in age-adjusted mortality differs according to race, sex, and socioeconomic status with black individuals and lower-income populations sustaining the greatest impact of CVD, especially at younger ages. With one of the world’s largest public health systems in terms of population coverage, Brazil has the means to implement actions to confront the high burden of CVD, focusing on health promotion and comprehensive care. Insufficient funding, low education levels, and social inequalities remain as the main barriers to be overcome.",322,Medicine; Overweight; Obesity; Public health; Socioeconomic status
https://openalex.org/W2150384954,https://doi.org/10.1136/jech.2006.045997,Health status of Gypsies and Travellers in England,2007,Glenys Parry; Patrice Van Cleemput; Jean Peters; Stephen J. Walters; Kate Thomas,Journal of Epidemiology & Community Health,"OBJECTIVE: To provide the first valid and reliable estimate of the health status of Gypsies and Travellers in England by using standardised instruments to compare their health with that of a UK resident non-Traveller sample, drawn from different socioeconomic and ethnic groups, matched for age and sex. DESIGN: Epidemiological survey, by structured interview, of quota sample and concurrent age-sex-matched comparators. SETTING: The homes or alternative community settings of the participants at five study locations in England. PARTICIPANTS: Gypsies and Travellers of UK or Irish origin (n = 293) and an age-sex-matched comparison sample (n = 260); non-Gypsies or Travellers from rural communities, deprived inner-city White residents and ethnic minority populations. RESULTS: Gypsies and Travellers reported poorer health status for the last year, were significantly more likely to have a long-term illness, health problem or disability, which limits daily activities or work, had more problems with mobility, self-care, usual activities, pain or discomfort and anxiety or depression as assessed using the EuroQol-5D health utility measure, and a higher overall prevalence of reported chest pain, respiratory problems, arthritis, miscarriage and premature death of offspring. No inequality was reported in diabetes, stroke and cancer. CONCLUSIONS: Significant health inequalities exist between the Gypsy and Traveller population in England and their non-Gypsy counterparts, even when compared with other socially deprived or excluded groups, and with other ethnic minorities.",203,Medicine; Environmental health; Family medicine
https://openalex.org/W2142872639,https://doi.org/10.2471/blt.10.080820,Management of diabetes and associated cardiovascular risk factors in seven countries: a comparison of data from national health examination surveys,2010,Emmanuela Gakidou; Leslie Mallinger; Jesse Abbott-Klafter; Ramiro Guerrero; Salvador Villalpando,Bulletin of the World Health Organization,"OBJECTIVE: To examine the effectiveness of the health system response to the challenge of diabetes across different settings and explore the inequalities in diabetes care that are attributable to socioeconomic factors. METHODS: We used nationally representative health examination surveys from Colombia, England, the Islamic Republic of Iran, Mexico, Scotland, Thailand and the United States of America to obtain data on diagnosis, treatment and control of hyperglycaemia, arterial hypertension and hypercholesterolaemia among individuals with diabetes. Using logistic regression, we explored the socioeconomic determinants of diagnosis and effective case management. FINDINGS: A substantial proportion of individuals with diabetes remain undiagnosed and untreated, both in developed and developing countries. The figures range from 24% of the women in Scotland and the USA to 62% of the men in Thailand. The proportion of individuals with diabetes reaching treatment targets for blood glucose, arterial blood pressure and serum cholesterol was very low, ranging from 1% of male patients in Mexico to about 12% in the United States. Income and education were not found to be significantly related to the rates of diagnosis and treatment anywhere except in Thailand, but in the three countries with available data insurance status was a strong predictor of diagnosis and effective management, especially in the United States. CONCLUSION: There are many missed opportunities to reduce the burden of diabetes through improved control of blood glucose levels and improved diagnosis and treatment of arterial hypertension and hypercholesterolaemia. While no large socioeconomic inequalities were noted in the management of individuals with diabetes, financial access to care was a strong predictor of diagnosis and management.",160,Medicine; Diabetes mellitus; Socioeconomic status; Environmental health; Blood pressure
https://openalex.org/W3092849554,https://doi.org/10.1016/s0140-6736(20)30925-9,"Global burden of 369 diseases and injuries in 204 countries and territories, 1990–2019: a systematic analysis for the Global Burden of Disease Study 2019",2020,Theo Vos; Stephen S Lim; Cristiana Abbafati; Kaja Abbas; Mohammad Abbasi,The Lancet,"BACKGROUND: In an era of shifting global agendas and expanded emphasis on non-communicable diseases and injuries along with communicable diseases, sound evidence on trends by cause at the national level is essential. The Global Burden of Diseases, Injuries, and Risk Factors Study (GBD) provides a systematic scientific assessment of published, publicly available, and contributed data on incidence, prevalence, and mortality for a mutually exclusive and collectively exhaustive list of diseases and injuries. METHODS: GBD estimates incidence, prevalence, mortality, years of life lost (YLLs), years lived with disability (YLDs), and disability-adjusted life-years (DALYs) due to 369 diseases and injuries, for two sexes, and for 204 countries and territories. Input data were extracted from censuses, household surveys, civil registration and vital statistics, disease registries, health service use, air pollution monitors, satellite imaging, disease notifications, and other sources. Cause-specific death rates and cause fractions were calculated using the Cause of Death Ensemble model and spatiotemporal Gaussian process regression. Cause-specific deaths were adjusted to match the total all-cause deaths calculated as part of the GBD population, fertility, and mortality estimates. Deaths were multiplied by standard life expectancy at each age to calculate YLLs. A Bayesian meta-regression modelling tool, DisMod-MR 2.1, was used to ensure consistency between incidence, prevalence, remission, excess mortality, and cause-specific mortality for most causes. Prevalence estimates were multiplied by disability weights for mutually exclusive sequelae of diseases and injuries to calculate YLDs. We considered results in the context of the Socio-demographic Index (SDI), a composite indicator of income per capita, years of schooling, and fertility rate in females younger than 25 years. Uncertainty intervals (UIs) were generated for every metric using the 25th and 975th ordered 1000 draw values of the posterior distribution. FINDINGS: Global health has steadily improved over the past 30 years as measured by age-standardised DALY rates. After taking into account population growth and ageing, the absolute number of DALYs has remained stable. Since 2010, the pace of decline in global age-standardised DALY rates has accelerated in age groups younger than 50 years compared with the 1990-2010 time period, with the greatest annualised rate of decline occurring in the 0-9-year age group. Six infectious diseases were among the top ten causes of DALYs in children younger than 10 years in 2019: lower respiratory infections (ranked second), diarrhoeal diseases (third), malaria (fifth), meningitis (sixth), whooping cough (ninth), and sexually transmitted infections (which, in this age group, is fully accounted for by congenital syphilis; ranked tenth). In adolescents aged 10-24 years, three injury causes were among the top causes of DALYs: road injuries (ranked first), self-harm (third), and interpersonal violence (fifth). Five of the causes that were in the top ten for ages 10-24 years were also in the top ten in the 25-49-year age group: road injuries (ranked first), HIV/AIDS (second), low back pain (fourth), headache disorders (fifth), and depressive disorders (sixth). In 2019, ischaemic heart disease and stroke were the top-ranked causes of DALYs in both the 50-74-year and 75-years-and-older age groups. Since 1990, there has been a marked shift towards a greater proportion of burden due to YLDs from non-communicable diseases and injuries. In 2019, there were 11 countries where non-communicable disease and injury YLDs constituted more than half of all disease burden. Decreases in age-standardised DALY rates have accelerated over the past decade in countries at the lower end of the SDI range, while improvements have started to stagnate or even reverse in countries with higher SDI. INTERPRETATION: As disability becomes an increasingly large component of disease burden and a larger component of health expenditure, greater research and development investment is needed to identify new, more effective intervention strategies. With a rapidly ageing global population, the demands on health services to deal with disabling outcomes, which increase with age, will require policy makers to anticipate these changes. The mix of universal and more geographically specific influences on health reinforces the need for regular reporting on population health in detail and by underlying cause to help decision makers to identify success stories of disease control to emulate, as well as opportunities to improve. FUNDING: Bill & Melinda Gates Foundation.",18860,Burden of disease; Medicine; Disease; Disease burden; Environmental health
https://openalex.org/W1872185361,https://doi.org/10.1111/j.1365-2524.2010.00960.x,"Do social inequalities exist in terms of the prevention, diagnosis, treatment, control and monitoring of diabetes? A systematic review",2010,Ignacio Ricci‐Cabello; Isabel Ruíz-Pérez; Antonio Olry de Labry Lima; Soledad Márquez-Calderón,Health & Social Care in the Community,"The major increase in the prevalence of diabetes mellitus (DM) has led to the study of social inequalities in health-care. The aim of this study is to establish the possible existence of social inequalities in the prevention, diagnosis, treatment, control and monitoring of diabetes in Organisation for Economic Co-operation and Development (OECD) countries which have universal healthcare systems. We searched MEDLINE, EMBASE and the Cochrane Database of Systematic Reviews for all relevant articles published up to 15 December 2007. We included observational studies carried out in OECD countries with universal healthcare systems in place that investigate social inequalities in the provision of health-care to diabetes patients. Two independent reviewers carried out the critical assessment using the STROBE tool items considered most adequate for the evaluation of the methodological quality. We selected 41 articles from which we critically assessed 25 (18 cross-sectional, 6 cohorts, 1 case-control). Consistency among the article results was found regarding the existence of ethnic inequalities in treatment, metabolic control and use of healthcare services. Socioeconomic inequalities were also found in the diagnosis and control of the disease, but no evidence of any gender inequalities was found. In general, the methodological quality of the articles was moderate with insufficient information in the majority of cases to rule out bias. This review shows that even in countries with a significant level of economic development and which have universal healthcare systems in place which endeavour to provide medical care to the entire population, socioeconomic and ethnic inequalities can be identified in the provision of health-care to DM sufferers. However, higher quality and follow-up articles are needed to confirm these results.",117,Socioeconomic status; Medicine; Health care; Inequality; Social inequality
https://openalex.org/W4315754639,https://doi.org/10.3322/caac.21763,"Cancer statistics, 2023",2023,Rebecca L. Siegel; Kimberly D. Miller; Nikita Sandeep Wagle; Ahmedin Jemal,CA A Cancer Journal for Clinicians,"Each year, the American Cancer Society estimates the numbers of new cancer cases and deaths in the United States and compiles the most recent data on population-based cancer occurrence and outcomes using incidence data collected by central cancer registries and mortality data collected by the National Center for Health Statistics. In 2023, 1,958,310 new cancer cases and 609,820 cancer deaths are projected to occur in the United States. Cancer incidence increased for prostate cancer by 3% annually from 2014 through 2019 after two decades of decline, translating to an additional 99,000 new cases; otherwise, however, incidence trends were more favorable in men compared to women. For example, lung cancer in women decreased at one half the pace of men (1.1% vs. 2.6% annually) from 2015 through 2019, and breast and uterine corpus cancers continued to increase, as did liver cancer and melanoma, both of which stabilized in men aged 50 years and older and declined in younger men. However, a 65% drop in cervical cancer incidence during 2012 through 2019 among women in their early 20s, the first cohort to receive the human papillomavirus vaccine, foreshadows steep reductions in the burden of human papillomavirus-associated cancers, the majority of which occur in women. Despite the pandemic, and in contrast with other leading causes of death, the cancer death rate continued to decline from 2019 to 2020 (by 1.5%), contributing to a 33% overall reduction since 1991 and an estimated 3.8 million deaths averted. This progress increasingly reflects advances in treatment, which are particularly evident in the rapid declines in mortality (approximately 2% annually during 2016 through 2020) for leukemia, melanoma, and kidney cancer, despite stable/increasing incidence, and accelerated declines for lung cancer. In summary, although cancer mortality rates continue to decline, future progress may be attenuated by rising incidence for breast, prostate, and uterine corpus cancers, which also happen to have the largest racial disparities in mortality.",16489,Medicine; Cancer; Cervical cancer; Demography; Incidence (geometry)
https://openalex.org/W2913137768,https://doi.org/10.1371/journal.pone.0211208,Lifestyle and socio-economic inequalities in diabetes prevalence in South Africa: A decomposition analysis,2019,Chipo Mutyambizi; Frederik Booysen; Andrew Stokes; Milena Pavlova; Wim Groot,PLoS ONE,"BACKGROUND: Inequalities in diabetes are widespread and are exacerbated by differences in lifestyle. Many studies that have estimated inequalities in diabetes make use of self-reported diabetes which is often biased by differences in access to health care and diabetes awareness. This study adds to this literature by making use of a more objective standardised measure of diabetes in South Africa. The study estimates socio-economic inequalities in undiagnosed diabetes, diagnosed diabetes (self-reported), as well as total diabetes (undiagnosed diabetics + diagnosed diabetics). The study also examines the contribution of lifestyle factors to diabetes inequalities in South Africa. METHODS: This cross sectional study uses data from the 2012 South African National Health and Nutrition Examination Survey (SANHANES-1) and applies the Erreygers Concentration Indices to assess socio-economic inequalities in diabetes. Contributions of lifestyle factors to inequalities in diabetes are assessed using a decomposition method. RESULTS: Self-reported diabetes and total diabetes (undiagnosed diabetics + diagnosed diabetics) were significantly concentrated amongst the rich (CI = 0.0746; p < 0.05 and CI = 0.0859; p < 0.05). The concentration index for undiagnosed diabetes was insignificant but pro-poor. The decomposition showed that lifestyle factors contributed 22% and 35% to socioeconomic inequalities in self-reported and total diabetes, respectively. CONCLUSION: Diabetes in South Africa is more concentrated amongst higher socio-economic groups when measured using self-reported diabetes or clinical data. Our findings also show that the extent of inequality is worse in the total diabetes outcome (undiagnosed diabetics + diagnosed diabetics) when compared to the self-reported diabetes outcome. Although in comparison to other determinants, the contribution of lifestyle factors was modest, these contributions are important in the development of policies that address socio-economic inequalities in the prevalence of diabetes.",86,Diabetes mellitus; Medicine; Socioeconomic status; National Health and Nutrition Examination Survey; Inequality
https://openalex.org/W3092410836,https://doi.org/10.1016/s0140-6736(20)32076-6,From race-based to race-conscious medicine: how anti-racist uprisings call us to act,2020,Jessica P. Cerdeña; Marie V. Plaisime; Jennifer Tsai,The Lancet,"The brutalisation of Jacob Blake and murders of George Floyd, Breonna Taylor, Ahmaud Arbery, Tony McDade, and countless others—coupled with horrifying statistics about the disproportionate burden of COVID-19 on Black and Brown communities—have forced the USA and the world to reckon with how structural racism conditions survival. Although clinicians often imagine themselves as beneficent caregivers, it is increasingly clear that medicine is not a stand-alone institution immune to racial inequities, but rather is an institution of structural racism. A pervasive example of this participation is race-based medicine, the system by which research characterising race as an essential, biological variable, translates into clinical practice, leading to inequitable care. In this Viewpoint, we discuss examples of race-based medicine, how it is learned, and how it perpetuates health-care disparities. We introduce race-conscious medicine as an alternative approach that emphasises racism, rather than race, as a key determinant of illness and health, encouraging providers to focus only on the most relevant data to mitigate health inequities. Research in clinical medicine and epidemiology requires explicit hypotheses; however, hypotheses involving race are frequently implicit and circular, relying on conventional wisdom that Black and Brown people are genetically distinct from White people.1Kaufman JS Cooper RS In search of the hypothesis.Public Health Rep. 1995; 110: 662-666PubMed Google Scholar This common knowledge descends from European colonialisation, at which time race was developed as a tool to divide and control populations worldwide. Race is thus a social and power construct, with meanings that have shifted over time to suit political goals, including to assert biological inferiority of dark-skinned populations.2Roberts D Fatal invention: how science, politics, and big business re-create race in the twenty-first century. The New Press, New York and London2011Google Scholar In fact, race is a poor proxy for human variation. Physical characteristics used to identify racial groups vary with geography and do not correspond to underlying biological traits. Genetic research shows that humans cannot be divided into biologically distinct subcategories.3The American Society of Human GeneticsASHG denounces attempts to link genetics and racial supremacy.Am J Hum Genet. 2018; 103: 636Summary Full Text Full Text PDF Scopus (53) Google Scholar, 4Mersha TB Abebe T Self-reported race/ethnicity in the age of genomic research: its potential impact on understanding health disparities.Hum Genomics. 2015; 9: 1Crossref PubMed Scopus (255) Google Scholar Furthermore, ongoing overlap and mixture between populations erodes any meaningful genetic difference.5American Association of Physical AnthropologistsAAPA statement on race & racism.https://physanth.org/about/position-statements/aapa-statement-race-and-racism-2019/Date: March 27, 2019Date accessed: March 25, 2020Google Scholar Despite the absence of meaningful correspondence between race and genetics, race is repeatedly used as a shortcut in clinical medicine. For instance, Black patients are presumed to have greater muscle mass than patients of other races and estimates of their renal function are accordingly adjusted.6National Kidney FoundationFrequently asked questions about GFR estimates.https://www.kidney.org/sites/default/files/docs/12–10–4004_abe_faqs_aboutgfrrev1b_singleb.pdfDate: 2014Date accessed: February 28, 2020Google Scholar On the basis of the understanding that Asian patients have higher visceral body fat than do people of other races, they are considered to be at risk for diabetes at lower body-mass indices.7Hsu WC Araneta MRG Kanaya AM Chiang JL Fujimoto W BMI cut points to identify at-risk Asian Americans for Type 2 Diabetes screening.Diabetes Care. 2015; 38: 150-158Crossref PubMed Scopus (335) Google Scholar Angiotensin-converting enzyme (ACE) inhibitors are considered less effective in Black patients than in White patients, and they might not be prescribed to Black patients with hypertension (table).1Kaufman JS Cooper RS In search of the hypothesis.Public Health Rep. 1995; 110: 662-666PubMed Google Scholar, 6National Kidney FoundationFrequently asked questions about GFR estimates.https://www.kidney.org/sites/default/files/docs/12–10–4004_abe_faqs_aboutgfrrev1b_singleb.pdfDate: 2014Date accessed: February 28, 2020Google Scholar, 7Hsu WC Araneta MRG Kanaya AM Chiang JL Fujimoto W BMI cut points to identify at-risk Asian Americans for Type 2 Diabetes screening.Diabetes Care. 2015; 38: 150-158Crossref PubMed Scopus (335) Google Scholar, 8Streja E Nicholas SB Norris KC Controversies in timing of dialysis initiation and the role of race and demographics.Semin Dial. 2013; 26: 658-666Crossref PubMed Scopus (14) Google Scholar, 9Chapman EN Kaatz A Carnes M Physicians and implicit bias: how doctors may unwittingly perpetuate health care disparities.J Gen Intern Med. 2013; 28: 1504-1510Crossref PubMed Scopus (760) Google Scholar, 10Grubbs V Precision in GFR reporting: let's stop playing the race card. CJASN, 2020https://doi.org/10.2215/CJN.00690120Google Scholar, 11Lee H Woo BKP Perceptions of and attitudes toward diabetes among Chinese Americans.J Am Osteopath Assoc. 2018; 118: e33-e40Crossref Scopus (4) Google Scholar, 12Thomas DM Bredlau C Bosy-Westphal A et al.Relationships between body roundness with body fat and visceral adipose tissue emerging from a new geometrical model.Obesity. 2013; 21: 2264-2271Crossref PubMed Scopus (257) Google Scholar, 13Centre for Metabolic Bone DiseasesFRAX fracture risk assessment tool. Welcome to FRAX.https://www.sheffield.ac.uk/FRAX/index.aspxDate: 2020Date accessed: March 24, 2020Google Scholar, 14Silverman SL Calderon AD The utility and limitations of FRAX: a US perspective.Curr Osteoporos Rep. 2010; 8: 192-197Crossref PubMed Scopus (89) Google Scholar, 15Fausto-Sterling A The bare bones of race.Soc Stud Sci. 2008; 38: 657-694Google Scholar, 16Scanlon PD Shriver MD ‘Race correction’ in pulmonary-function testing.New Engl J Med. 2010; 363: 385-386Crossref PubMed Scopus (26) Google Scholar, 17Braun L Wolfgang M Dickersin K Defining race/ethnicity and explaining difference in research studies on lung function.Eur Respir J. 2013; 41: 1362-1370Crossref PubMed Scopus (88) Google Scholar, 18Braun L Race, ethnicity and lung function: a brief history.Can J Respir Ther. 2015; 51: 99-101PubMed Google Scholar, 19James PA Oparil S Carter BL et al.2014 evidence-based guideline for the management of high blood pressure in adults: report from the panel members appointed to the Eighth Joint National Committee (JNC 8).JAMA. 2014; 311: 507-520Crossref PubMed Scopus (6174) Google Scholar, 20Donato A Brown K In Black Africans with hypertension, amlodipine-based therapy vs perindopril–hydrochlorothiazide improved BP control.Ann Intern Med. 2019; 171: JC5Google Scholar, 21Roberts KB Revised AAP guideline on UTI in febrile infants and young children.Am Fam Physician. 2012; 86: 940-946PubMed Google Scholar, 22Shaw KN Gorelick M McGowan KL Yakscoe NM Schwartz JS Prevalence of urinary tract infection in febrile young children in the Emergency Department.Pediatrics. 1998; 102: e16Crossref PubMed Scopus (242) Google Scholar, 23Sabin JA Rivara FP Greenwald AG Physician implicit attitudes and stereotypes about race and quality of medical care.Med Care. 2008; 46: 678-685Crossref PubMed Scopus (225) Google Scholar, 24Bennett G Coady S Levy D O'Donnell C Shero S Sorlie P 2013 Report on the assessment of cardiovascular risk: full work group report supplement. National Heart, Lung, and Blood Institute, 2014Google Scholar, 25Golomb BA Evans MA Statin adverse effects.Am J Cardiovasc Drugs. 2008; 8: 373-418Crossref PubMed Scopus (551) Google Scholar, 26Williams DR Priest N Anderson NB Understanding associations among race, socioeconomic status, and health: patterns and prospects.Health Psychol. 2016; 35: 407-411Crossref PubMed Scopus (618) Google Scholar, 27Wong RS Bussel JB Saleh MN et al.Efficacy of eltrombopag in adult east Asian and non-east Asian patients with chronic immune thrombocytopenia (cITP): results from the Extend study.Blood. 2016; 1284930Google Scholar, 28Rajman I Hirano M Honma W Zhao S New paradigm for expediting drug development in Asia.Drug Disc Today. 2020; 25: 491-496Google Scholar We argue that such approaches are harmful and unnecessary, contributing to health-care disparities among the exact populations they are intended to help.TableExamples of race-based medicine, the potential harm to patients, and race-conscious alternativesHow race is usedRationale for race-based managementPotential harmRace-conscious approacheGFR6National Kidney FoundationFrequently asked questions about GFR estimates.https://www.kidney.org/sites/default/files/docs/12–10–4004_abe_faqs_aboutgfrrev1b_singleb.pdfDate: 2014Date accessed: February 28, 2020Google ScholareGFR for Black patients is multiplied by 1·16–1·21 the eGFR for White patients, depending on the equation usedBlack patients are presumed to have higher muscle mass and creatinine generation rate than patients of other racesBlack patients might experience delayed dialysis and transplant referral8Streja E Nicholas SB Norris KC Controversies in timing of dialysis initiation and the role of race and demographics.Semin Dial. 2013; 26: 658-666Crossref PubMed Scopus (14) Google Scholar, 9Chapman EN Kaatz A Carnes M Physicians and implicit bias: how doctors may unwittingly perpetuate health care disparities.J Gen Intern Med. 2013; 28: 1504-1510Crossref PubMed Scopus (760) Google ScholarUse eGFR equations that do not adjust for race (eg, CKD-EPI Cystatin C).10Grubbs V Precision in GFR reporting: let's stop playing the race card. CJASN, 2020https://doi.org/10.2215/CJN.00690120Google ScholarBMI risk for diabetes7Hsu WC Araneta MRG Kanaya AM Chiang JL Fujimoto W BMI cut points to identify at-risk Asian Americans for Type 2 Diabetes screening.Diabetes Care. 2015; 38: 150-158Crossref PubMed Scopus (335) Google ScholarAsian patients considered at risk for diabetes at BMI ≥23 vs 25 for patients of other racesAsian patients are presumed to develop more visceral than peripheral adiposity than patients of other races at similar BMI levels, increasing risk for insulin resistance7Hsu WC Araneta MRG Kanaya AM Chiang JL Fujimoto W BMI cut points to identify at-risk Asian Americans for Type 2 Diabetes screening.Diabetes Care. 2015; 38: 150-158Crossref PubMed Scopus (335) Google ScholarAsian patients screened for diabetes despite absence of other risk factors might experience increased stigma and distrust of medical providers11Lee H Woo BKP Perceptions of and attitudes toward diabetes among Chinese Americans.J Am Osteopath Assoc. 2018; 118: e33-e40Crossref Scopus (4) Google ScholarScreen patients with lower BMIs on the basis of indications of increased body fat (eg, body roundness,12Thomas DM Bredlau C Bosy-Westphal A et al.Relationships between body roundness with body fat and visceral adipose tissue emerging from a new geometrical model.Obesity. 2013; 21: 2264-2271Crossref PubMed Scopus (257) Google Scholar body fat percentage), not based on raceFRAX13Centre for Metabolic Bone DiseasesFRAX fracture risk assessment tool. Welcome to FRAX.https://www.sheffield.ac.uk/FRAX/index.aspxDate: 2020Date accessed: March 24, 2020Google ScholarProbability of fracture is adjusted according to geography or minority status, or bothDifferent geographical and ethnic minority populations are presumed to have varied relative risks for fracture on the basis of epidemiological dataSome populations, including Black women, might be less likely to be screened for osteoporosis than other populations14Silverman SL Calderon AD The utility and limitations of FRAX: a US perspective.Curr Osteoporos Rep. 2010; 8: 192-197Crossref PubMed Scopus (89) Google ScholarScreen patients for osteoporosis on the basis of clinical risk criteria, rather than race; counteract existing biases that place Black patients at risk because of racial essentialist beliefs about variation in bone density15Fausto-Sterling A The bare bones of race.Soc Stud Sci. 2008; 38: 657-694Google ScholarPFT16Scanlon PD Shriver MD ‘Race correction’ in pulmonary-function testing.New Engl J Med. 2010; 363: 385-386Crossref PubMed Scopus (26) Google ScholarReference values for pulmonary function are adjusted for race and ethnicityRacial and ethnic minority groups are presumed to have varied lung function on the basis of epidemiological dataBlack patients might experience increased difficulty obtaining disability support for pulmonary disease17Braun L Wolfgang M Dickersin K Defining race/ethnicity and explaining difference in research studies on lung function.Eur Respir J. 2013; 41: 1362-1370Crossref PubMed Scopus (88) Google ScholarUse unadjusted measures of lung function for all patients; counteract existing biases that harm Black patients because of racial essentialist beliefs about variation in lung capacity18Braun L Race, ethnicity and lung function: a brief history.Can J Respir Ther. 2015; 51: 99-101PubMed Google ScholarJNC 8 Hypertension Guidelines19James PA Oparil S Carter BL et al.2014 evidence-based guideline for the management of high blood pressure in adults: report from the panel members appointed to the Eighth Joint National Committee (JNC 8).JAMA. 2014; 311: 507-520Crossref PubMed Scopus (6174) Google ScholarTreatment algorithm provides alternate pathways for Black and non-Black patientsACE-inhibitor use associated with higher risk of stroke and poorer control of blood pressure in Black patients than in patients of other racesBlack patients might be less likely to achieve hypertension control and require multiple antihypertensive agents20Donato A Brown K In Black Africans with hypertension, amlodipine-based therapy vs perindopril–hydrochlorothiazide improved BP control.Ann Intern Med. 2019; 171: JC5Google ScholarConsider all antihypertensive options for blood pressure control in Black patients; adjust as needed to achieve goals and manage adverse effectsPaediatric UTI diagnosis21Roberts KB Revised AAP guideline on UTI in febrile infants and young children.Am Fam Physician. 2012; 86: 940-946PubMed Google ScholarWhite race in girls and non-Black race in boys are considered independent risk factors for UTIStudy of febrile children in the emergency department found highest prevalence of UTI among White girls and non-Black boys22Shaw KN Gorelick M McGowan KL Yakscoe NM Schwartz JS Prevalence of urinary tract infection in febrile young children in the Emergency Department.Pediatrics. 1998; 102: e16Crossref PubMed Scopus (242) Google ScholarExperimental data suggests that these guidelines could affect management of UTI by race23Sabin JA Rivara FP Greenwald AG Physician implicit attitudes and stereotypes about race and quality of medical care.Med Care. 2008; 46: 678-685Crossref PubMed Scopus (225) Google ScholarTreat UTI in children on the basis of clinical presentation, regardless of raceASCVD risk estimationRace-specific equations included to estimate ASCVD riskASCVD events higher for Black patients than patients of other races with otherwise equivalent risk burden24Bennett G Coady S Levy D O'Donnell C Shero S Sorlie P 2013 Report on the assessment of cardiovascular risk: full work group report supplement. National Heart, Lung, and Blood Institute, 2014Google ScholarBlack patients might experience more adverse effects from recommended statin therapy, including persistent muscle damage25Golomb BA Evans MA Statin adverse effects.Am J Cardiovasc Drugs. 2008; 8: 373-418Crossref PubMed Scopus (551) Google ScholarRecommend preventive therapy on the basis of clinical metrics and comorbidities; consider pathways by which structural racism might increase cardiovascular risk among Black patients and promote resources to reduce racial stress and trauma26Williams DR Priest N Anderson NB Understanding associations among race, socioeconomic status, and health: patterns and prospects.Health Psychol. 2016; 35: 407-411Crossref PubMed Scopus (618) Google ScholarEltrombopag dosingEast Asian patients receive half the starting dose compared with non-east Asian patientsLimited pharmacokinetic studies suggest reduced metabolism of eltrombopag in patients of East Asian descent27Wong RS Bussel JB Saleh MN et al.Efficacy of eltrombopag in adult east Asian and non-east Asian patients with chronic immune thrombocytopenia (cITP): results from the Extend study.Blood. 2016; 1284930Google ScholarSome East Asian patients might receive inappropriate dosing28Rajman I Hirano M Honma W Zhao S New paradigm for expediting drug development in Asia.Drug Disc Today. 2020; 25: 491-496Google ScholarInitiate same starting dose for all patients, regardless of race, and adjust as needed on the basis of platelet responseExamples of race-based medicine were chosen to represent multiple racial groups (eg, White, Black, Asian) and domains in which race is essentialised as biological (eg, pharmacokinetics, bone density, lung capacity). ACE=angiotensin-converting enzyme. ASCVD=atherosclerotic cardiovascular disease. BMI=body-mass index. CKD-EPI=Chronic Kidney Disease Epidemiologic Collaboration equation. eGFR=estimated glomerular filtration rate. FRAX=fracture risk assessment score. JNC 8=Eighth Joint National Committee. PFT=pulmonary function test. UTI=urinary tract infection. Open table in a new tab Examples of race-based medicine were chosen to represent multiple racial groups (eg, White, Black, Asian) and domains in which race is essentialised as biological (eg, pharmacokinetics, bone density, lung capacity). ACE=angiotensin-converting enzyme. ASCVD=atherosclerotic cardiovascular disease. BMI=body-mass index. CKD-EPI=Chronic Kidney Disease Epidemiologic Collaboration equation. eGFR=estimated glomerular filtration rate. FRAX=fracture risk assessment score. JNC 8=Eighth Joint National Committee. PFT=pulmonary function test. UTI=urinary tract infection. Emerging scholarship underscores the harms of these race-adjusted practices,29Vyas DA Eisenstein LG Jones DS Hidden in plain sight—reconsidering the use of race correction in clinical algorithms.New Engl J Med. 2020; (published online June 17.)https://doi.org/10.1056/NEJMms2004740Google Scholar, 30Eneanya ND Yang W Reese PP Reconsidering the consequences of using race to estimate kidney function.JAMA. 2019; 322: 113-114Crossref PubMed Scopus (227) Google Scholar even as some continue to defend them, touting their ability to capture yet-understood differences in clinical measures between racial groups.31Levey AS Titan SM Powe   J   Kidney  race, and GFR  2020; (published online   Scholar,   Black kidney function  use or  of  2020; (published online   Scopus  Google Scholar   of race-based medicine  racial   the  for research  more     and    about the biological inferiority of Black and Brown   even    or clinical  support the use of    they  be   and   such as structural   be    medical   their  with racial biases that are   Race is often  as an independent risk  for  rather than as a  of structural   from   Health disparities are    leading  to develop harmful stereotypes on the basis of the  that some populations are more  than    to  race with   such as    hypertension, and    which  their implicit  of race as a biological  J  L  N  C George P Race   and  race  in  medical  Med. 2016;   Scopus  Google Scholar,  L    racial  in medical   J     Scopus  Google Scholar  might   genetic  which could be meaningful   to a    of  (eg,   with race (eg,   M  D    S  race  of human  2016;   PubMed Scopus  Google Scholar,  D    and the  of race as a biological   BA      race in a genomic    Press, New  New  and   Scholar On the    that race is relevant to   and have  power to  the   of their    SL   Cooper       race   A   of  attitudes about the role of race in   Health      PubMed Scopus  Google Scholar,  H  C The   in  medical    of medical   of     PubMed Scopus  Google Scholar,  RS The  of race in medical     Scholar,  J  K  S et  racial  in     2018; 9:  Scopus  Google Scholar In this  race-based medicine is      care might  medical  and increase health inequities. For instance, medical    the  beliefs that Black patients     and   than White patients   Black patients as  less  and  less    in  medical    S    MN   in  assessment and   and  beliefs about biological differences between  and      2016;   PubMed Scopus  Google Scholar This   in    of Black patients translates to    management and their reduced  of    for         and ethnic disparities in   and consequences of       Full Text Full Text PDF PubMed Scopus  Google Scholar,      MA    in   by race/ethnicity for patients  care in US emergency  2008;   PubMed Scopus  Google Scholar Furthermore, race-adjusted  might  affect   The assessment of renal function in Black patients is based on a higher  glomerular filtration rate  which might  kidney   dialysis and  for  EN Kaatz A Carnes M Physicians and implicit bias: how doctors may unwittingly perpetuate health care disparities.J Gen Intern Med. 2013; 28: 1504-1510Crossref PubMed Scopus (760) Google Scholar, 10Grubbs V Precision in GFR reporting: let's stop playing the race card. CJASN, 2020https://doi.org/10.2215/CJN.00690120Google Scholar Race  for pulmonary lung function   reduce the  that Black patients   disability support for their lung  L Race, ethnicity and lung function: a brief history.Can J Respir Ther. 2015; 51: 99-101PubMed Google Scholar  examples  the  of  from a race-based system of clinical care to race-conscious   the  of race-conscious  we accordingly  the   for race-conscious medicine.      that    be  Race  not be used to   about  function in clinical     be  or  with more   than   For instance, the health  of the  of  the  of    the    and the    the  for      the use of race in the   of an   and  consider including relevant  of structural  (eg,       of Black     Race  be used to  for  of  and  to  support   it  be  that racial health disparities are a  of structural racism.  in   racial disparities in   be   the  of the structural  of health,  race as a social and power   of   as a   of ongoing racial   structural  in clinical    H    a new medical  with stigma and   Med. 2014; 103:  PubMed Scopus  Google Scholar In   race  be  from genetic  and   be  from    and management on the basis of      race-based medicine  clinical   be    to  race-based medicine  require   clinical  including     for     for health-care   consider   the use of race-based medicine in their   and other  and require that race be   as a social and power     risk  Black,  and other people of   be included in   for their      to   management    in  or    on Black  2020; (published online   Scholar    have    to  such   clinical research  be used to  structural  rather than using race as a proxy for      in their  guidelines  to  the use of race as a proxy for biological  such as genetics, pharmacokinetics, and   using racial    the   and  of race   structural  to health that overlap with race  be  including socioeconomic status,        status,   and    and measures of structural racism that  for    be developed and used to  health  rather than  including race as an independent   The    a  political   for understanding racial health  Race  2016; (published online   Scholar,  A      racism and   in the    Med. 2014; 103:  PubMed Scopus  Google Scholar,    S   et  between an   of  racism and Black   2015;  PubMed Scopus  Google Scholar   race-conscious approach  to  race-based medicine  clinical practice,   and research     to promote    over   that  racial  J  A  M  N  D     in  2020;   Full Text Full Text PDF Scopus  Google Scholar In   medicine     toward  health  Health care is   institution  by structural  a   to racial health disparities  require    of      and   We   health-care  to  their   to  for      and  health-care providers  work  racial   and  the  of     and   the  of this  and  the      to     the   of the  with  from  and   of  We       and  are  by the    Health  Research    is  by the National  of Health",429,Race (biology); Gender studies; Sociology
https://openalex.org/W2127951128,https://doi.org/10.1164/rccm.201204-0596pp,"Global Strategy for the Diagnosis, Management, and Prevention of Chronic Obstructive Pulmonary Disease",2012,Jørgen Vestbo; Suzanne S. Hurd; Àlvar Agustí; Paul Jones; Claus Vogelmeier,American Journal of Respiratory and Critical Care Medicine,"Chronic obstructive pulmonary disease (COPD) is a global health problem, and since 2001, the Global Initiative for Chronic Obstructive Lung Disease (GOLD) has published its strategy document for the diagnosis and management of COPD. This executive summary presents the main contents of the second 5-year revision of the GOLD document that has implemented some of the vast knowledge about COPD accumulated over the last years. Today, GOLD recommends that spirometry is required for the clinical diagnosis of COPD to avoid misdiagnosis and to ensure proper evaluation of severity of airflow limitation. The document highlights that the assessment of the patient with COPD should always include assessment of (1) symptoms, (2) severity of airflow limitation, (3) history of exacerbations, and (4) comorbidities. The first three points can be used to evaluate level of symptoms and risk of future exacerbations, and this is done in a way that splits patients with COPD into four categories-A, B, C, and D. Nonpharmacologic and pharmacologic management of COPD match this assessment in an evidence-based attempt to relieve symptoms and reduce risk of exacerbations. Identification and treatment of comorbidities must have high priority, and a separate section in the document addresses management of comorbidities as well as COPD in the presence of comorbidities. The revised document also contains a new section on exacerbations of COPD. The GOLD initiative will continue to bring COPD to the attention of all relevant shareholders and will hopefully inspire future national and local guidelines on the management of COPD.",16082,Medicine; Pulmonary disease; COPD; Intensive care medicine; Disease management
https://openalex.org/W2108650040,https://doi.org/10.1186/1471-2458-14-913,Determinants of health check attendance in adults: findings from the cross-sectional German Health Update (GEDA) study,2014,Jens Hoebel; Anne Starker; Susanne Jordan; Michael Richter; Thomas Lampert,BMC Public Health,"BACKGROUND: In Germany, adult health checks are carried out in the primary care setting for early detection of chronic conditions, such as cardiovascular diseases, diabetes, and kidney disease. This study aims to examine the social, behavioural, and health-related determinants of health check attendance among eligible adults in Germany. METHODS: Data were derived from the cross-sectional German Health Update (GEDA) study, a national health survey among adults in Germany carried out by the Robert Koch Institute. Analyses were restricted to respondents with statutory health insurance aged 35 years or older (n = 26,555). Logistic regression models were fitted to estimate associations between health check attendance and factors selected on the basis of Andersen's Behavioral Model of Health Services Use. RESULTS: After mutual adjustment, higher health check attendance was associated with a higher age, higher socioeconomic status, being married, stronger social support, physical activity, non-smoking, greater fruit and vegetable consumption, and higher use of outpatient care in both sexes. In women, higher attendance was related to alcohol consumption and having company health insurance (BKK) after multiple adjustment. In men, higher attendance was associated with better self-rated health after adjusting for all other factors. CONCLUSIONS: The findings of this study suggest that people with an unfavourable risk factor profile, such as socioeconomically disadvantaged groups, smokers, physically inactive people, and persons with a low fruit and vegetable intake, are less likely to have health checks than those with a more favourable risk profile. Health checks carried out in the primary care setting should be evaluated for their effects on population health and health inequality.",118,Medicine; Environmental health; Attendance; Cross-sectional study; Public health
https://openalex.org/W2090274609,https://doi.org/10.1017/s104161021200083x,Nature and determinants of out-of-pocket health expenditure among older people in a rural Indian community,2012,Ethel Mary Brinda; Anto P. Rajkumar; Ulrika Enemark; Martin Prince; K. S. Jacob,International Psychogeriatrics,"BACKGROUND: Increasing out-of-pocket health expenditure among older people worsens the inequitable access to essential health services in low and middle-income countries (LMIC). We investigated various socioeconomic and health factors associated with out-of-pocket and catastrophic health expenditures among rural older people in India. METHODS: We recruited 1,000 participants aged above 65 years from Kaniyambadi block, Vellore, India. We assessed their out-of-pocket health expenditure, health service utilization, socioeconomic profiles, disability, cognition, and health status by standard instruments. We employed appropriate multivariate statistics evaluating these determinants. RESULTS: Male gender, poor sanitation, diabetes, tuberculosis, malaria, respiratory ailments, gastrointestinal diseases, dementia, depression, and disability were associated with higher out-of-pocket expenditures. Illiteracy, tuberculosis, diabetes, and dementia increased the risk for catastrophic health expenditures, while pension schemes protected against it. Income inequalities were associated with inequities on education, disease prevalence, and access to safe water, sanitation, and nutrition. CONCLUSIONS: Interactions between determinants of out-of-pocket health expenditure, economic inequality, and inequities on essential health care delivery to older people are complex. We highlight the need for equitable health services and policies, focusing on both medical and social determinants.",88,Gerontology; Environmental health; Geography; Medicine; Psychology
https://openalex.org/W2151611183,https://doi.org/10.1371/journal.pone.0074176,Prevalence of Major Chronic Conditions among Older Chinese Adults: The Study on Global AGEing and Adult Health (SAGE) Wave 1,2013,Fan Wu; Yanfei Guo; Paul Kowal; Yong Jiang; Min Yu,PLoS ONE,"BACKGROUND: The likely corresponding increase in prevalence of chronic disease will be a major challenge for the health care system. Few nationwide epidemiological studies include a large enough sample of older adults to provide estimates of chronic conditions in the older adult population. This study aimed to estimate the prevalence of eight common chronic health conditions and examine socioeconomic inequalities in the diseases among older adults in China. METHOD: Data are from SAGE-China Wave 1, including 13,157 people aged 50-plus years. Respondents were asked if they had been diagnosed with any of the following chronic medical conditions: angina, arthritis, asthma, stroke, diabetes, depression, chronic lung disease and hypertension. A set of validated symptom-based questions and related diagnostic algorithms were also used to estimate disease prevalence for angina, arthritis, asthma and depression. Multivariate logistic regression was performed to examine the probability of developing chronic conditions in relation to sociodemographic variables such as gender, age, urban/rural setting and household wealth level. RESULTS: Fifty percent of respondents reported having one of the selected chronic conditions, 18.9% two conditions, 5.8% three conditions, and 1.4% reported having four or more chronic conditions. Self-reported prevalence was generated for angina (8%), arthritis (22%), asthma (2%), stroke (3%), diabetes (7%), depression (0.3%), chronic lung disease (8%) and hypertension (27%). The symptom-based prevalence of angina, arthritis, asthma and depression was 10%, 20%, 4% and 2%, respectively. CONCLUSION: This study provides the best available prevalence estimates for major chronic health conditions among older Chinese adults. Findings from this study indicated that major chronic conditions were common, so prevention and early intervention targeting adults aged 50 years and older should be prioritized.",129,Medicine; Asthma; Depression (economics); Diabetes mellitus; Epidemiology
https://openalex.org/W2054931962,https://doi.org/10.1371/journal.pmed.0030442,Projections of Global Mortality and Burden of Disease from 2002 to 2030,2006,Colin Mathers; Dejan Lončar,PLoS Medicine,"BACKGROUND: Global and regional projections of mortality and burden of disease by cause for the years 2000, 2010, and 2030 were published by Murray and Lopez in 1996 as part of the Global Burden of Disease project. These projections, which are based on 1990 data, continue to be widely quoted, although they are substantially outdated; in particular, they substantially underestimated the spread of HIV/AIDS. To address the widespread demand for information on likely future trends in global health, and thereby to support international health policy and priority setting, we have prepared new projections of mortality and burden of disease to 2030 starting from World Health Organization estimates of mortality and burden of disease for 2002. This paper describes the methods, assumptions, input data, and results. METHODS AND FINDINGS: Relatively simple models were used to project future health trends under three scenarios-baseline, optimistic, and pessimistic-based largely on projections of economic and social development, and using the historically observed relationships of these with cause-specific mortality rates. Data inputs have been updated to take account of the greater availability of death registration data and the latest available projections for HIV/AIDS, income, human capital, tobacco smoking, body mass index, and other inputs. In all three scenarios there is a dramatic shift in the distribution of deaths from younger to older ages and from communicable, maternal, perinatal, and nutritional causes to noncommunicable disease causes. The risk of death for children younger than 5 y is projected to fall by nearly 50% in the baseline scenario between 2002 and 2030. The proportion of deaths due to noncommunicable disease is projected to rise from 59% in 2002 to 69% in 2030. Global HIV/AIDS deaths are projected to rise from 2.8 million in 2002 to 6.5 million in 2030 under the baseline scenario, which assumes coverage with antiretroviral drugs reaches 80% by 2012. Under the optimistic scenario, which also assumes increased prevention activity, HIV/AIDS deaths are projected to drop to 3.7 million in 2030. Total tobacco-attributable deaths are projected to rise from 5.4 million in 2005 to 6.4 million in 2015 and 8.3 million in 2030 under our baseline scenario. Tobacco is projected to kill 50% more people in 2015 than HIV/AIDS, and to be responsible for 10% of all deaths globally. The three leading causes of burden of disease in 2030 are projected to include HIV/AIDS, unipolar depressive disorders, and ischaemic heart disease in the baseline and pessimistic scenarios. Road traffic accidents are the fourth leading cause in the baseline scenario, and the third leading cause ahead of ischaemic heart disease in the optimistic scenario. Under the baseline scenario, HIV/AIDS becomes the leading cause of burden of disease in middle- and low-income countries by 2015. CONCLUSIONS: These projections represent a set of three visions of the future for population health, based on certain explicit assumptions. Despite the wide uncertainty ranges around future projections, they enable us to appreciate better the implications for health and health policy of currently observed trends, and the likely impact of fairly certain future trends, such as the ageing of the population, the continued spread of HIV/AIDS in many regions, and the continuation of the epidemiological transition in developing countries. The results depend strongly on the assumption that future mortality trends in poor countries will have a relationship to economic and social development similar to those that have occurred in the higher-income countries.",11452,Disease burden; Environmental health; Global health; Medicine; Burden of disease
https://openalex.org/W2114522702,https://doi.org/10.1093/pubmed/fdp070,The complex interrelationship between ethnic and socio-economic inequalities in health,2009,Karien Stronks; Anton E. Kunst,Journal of Public Health,"Ethnicity matters in medicine and public health. Health professionals, both in public health and medicine, should be aware of the influence of ethnicity on health (care) and target health (care) services accordingly. In his paper, Bhopal discusses some of the issues that are relevant to health professionals who want to get familiar with this issue. These include the classification of ethnic groups, the use of ethnicity versus race as a basis for classification of groups and the use of absolute versus relative risks to describe inequalities in health. Bhopal also discusses some of the factors that produce ethnic inequalities in health. If health (care) policy is to respond effectively to these inequalities, we need to have a clear understanding of the factors that account for these inequalities, e.g. the higher burden of diabetes mellitus in immigrant populations with a South Asian background can only effectively be prevented if we have a detailed insight into the factors that are responsible for the increased risks of these groups. Currently, there is a paucity of evidence on these factors and mechanisms, and further research into these issues is warranted. An explanation that gets very little attention in Bhopal’s paper is that from socio-economic factors. Ethnic minority groups, in general, do have a lower socio-economic status than the ‘majority’ population in the host country. Given the well-known association between socio-economic status and health, it is not surprising that ethnic inequalities in health are, to at least some extent, socio-economic in nature. Many empirical studies support this hypothesis. As a general rule, explanation of ethnic inequalities in health should recognize that these inequalities are rooted in socio-economic factors. This is not to say, however, that ethnic inequalities in health can simply be understood by generalizing insights in socio-economic inequalities in health in the ‘majority’ population towards immigrant populations. Instead, we should aim to understand the complex way in which ethnic inequalities are linked up with socio-economic inequalities. The first point to realize is that socio-economic position is a multidimensional concept. It includes key components such as educational level and occupational class, but also employment status, income level and other indicators for material welfare. Different types of socio-economic determinants may be relevant to ethnic minority groups as compared with the majority population. For example, first-generation migrants may be disproportionally affected by lack of formal education. The lack of formal education, together with migrants’ problems of acculturation and integration, may particularly affect their later socio-economic career, including occupational positions, wealth accumulation and residential career. Thus, a ‘false start’ early in the socioeconomic career may affect migrant groups in particular. This implies that, if ethnic inequalities are to be addressed by policies on socio-economic determinants of health, particular emphasis may need to be placed on the root socioeconomic factors shaped in the early life of migrants. Second, the pervading relationship between socioeconomic factors and health (care) may take different forms in different ethnic groups. Recent studies showed that socioeconomic inequalities in health within ethnic minority groups often were smaller (or sometimes larger) than in the total national population. Illustrations for this were provided for example in recent Dutch studies on mortality by cause of death, metabolic syndrome prevalence and hospitalization rates. Such an effect modification has been found to be",59,Ethnic group; Inequality; Public health; Environmental health; Geography
https://openalex.org/W2984899832,https://doi.org/10.1186/s12889-019-7835-5,"Socioeconomic inequalities in the prevalence of chronic diseases and preventive care among adults aged 45 and older in Shaanxi Province, China",2019,Sha Lai; Chi Shen; Xiaowei Yang; Xiaolong Zhang; Yongjian Xu,BMC Public Health,"BACKGROUND: Monitoring inequalities in chronic disease prevalence and their preventive care can help build effective strategies to improve health equality. Using hypertension and diabetes as a model, this study measures and decomposes socioeconomic inequalities in their prevalence and preventive care among Chinese adults aged 45 years and older in Shaanxi Province, an underdeveloped western region of China. METHODS: Data of 27,728 respondents aged 45 years and older who participated in the fifth National Health Services Survey conducted in 2013 in Shaanxi Province were analyzed. The relative indexes of inequalities based on Poisson regressions were used to assess disparities in the prevalence of hypertension and diabetes and their preventive care between those with the lowest and the highest socioeconomic status, and the concentration index was used to measure the magnitude of the socioeconomic-related inequality across the entire socioeconomic spectrum. The contribution of each factor to the inequality was further estimated via the concentration index decomposition. RESULTS: Our results indicate a higher prevalence of hypertension and diabetes among the rich than the poor individuals aged 45 years and older in Shaanxi Province, China. Among individuals with hypertension or diabetes, significant inequalities favoring the rich were observed in the use of preventive care, i.e. in adequate use of medication and of blood pressure/blood glucose monitoring. Furthermore, economic status, educational level, employment status, and urban-rural areas were identified as the key socioeconomic indicators for monitoring the inequalities in the patient preventive care. CONCLUSIONS: Our study suggests that the existence of clear inequities in the prevalence of chronic diseases and preventive care among adults aged 45 and older in Shaanxi Province, China. These inequalities in chronic diseases could be as much a cause as a consequence of socioeconomic inequalities.",37,Medicine; Socioeconomic status; Biostatistics; Environmental health; Inequality
https://openalex.org/W2027601891,https://doi.org/10.1186/1471-2458-9-457,Income level and chronic ambulatory care sensitive conditions in adults: a multicity population-based study in Italy,2009,Italian Study Group on Inequalities in Health Care; Nera Agabiti; Monica Pirani; Patrizia Schifano; Giulia Cesaroni,BMC Public Health,"BACKGROUND: A relationship between quality of primary health care and preventable hospitalizations has been described in the US, especially among the elderly. In Europe, there has been a recent increase in the evaluation of Ambulatory Care Sensitive Conditions (ACSC) as an indicator of health care quality, but evidence is still limited. The aim of this study was to determine whether income level is associated with higher hospitalization rates for ACSC in adults in a country with universal health care coverage. METHODS: From the hospital registries in four Italian cities (Turin, Milan, Bologna, Rome), we identified 9384 hospital admissions for six chronic conditions (diabetes, hypertension, congestive heart failure, angina pectoris, chronic obstructive pulmonary disease, and asthma) among 20-64 year-olds in 2000. Case definition was based on the ICD-9-CM coding algorithm suggested by the Agency for Health Research and Quality - Prevention Quality Indicators. An area-based (census block) income index was used for each individual. All hospitalization rates were directly standardised for gender and age using the Italian population. Poisson regression analysis was performed to assess the relationship between income level (quintiles) and hospitalization rates (RR, 95% CI) separately for the selected conditions controlling for age, gender and city of residence. RESULTS: Overall, the ACSC age-standardized rate was 26.1 per 10.000 inhabitants. All conditions showed a statistically significant socioeconomic gradient, with low income people being more likely to be hospitalized than their well off counterparts. The association was particularly strong for chronic obstructive pulmonary disease (level V low income vs. level I high income RR = 4.23 95%CI 3.37-5.31) and for congestive heart failure (RR = 3.78, 95% CI = 3.09-4.62). With the exception of asthma, males were more vulnerable to ACSC hospitalizations than females. The risks were higher among 45-64 year olds than in younger people. CONCLUSIONS: The socioeconomic gradient in ACSC hospitalization rates confirms the gap in health status between social groups in our country. Insufficient or ineffective primary care is suggested as a plausible additional factor aggravating inequality. This finding highlights the need for improving outpatient care programmes to reduce the excess of unnecessary hospitalizations among poor people.",99,Medicine; Biostatistics; Asthma; Public health; Socioeconomic status
https://openalex.org/W2058187500,https://doi.org/10.4103/2230-8210.113720,South Asian women with diabetes: Psychosocial challenges and management: Consensus statement,2013,Sarita Bajaj; Fatema Jawad; Najmul Islam; Hajera Mahtab; Jyoti Bhattarai,Indian Journal of Endocrinology and Metabolism,"Diabetes is the ninth leading cause of death in women globally. In South Asians mortality in women with diabetes stands second highest. There is a marked gender discrimination which is faced by women across South Asia esp in access to services and support for diabetes, resulting in high rates of morbidity and mortality in women with diabetes. The most important risk factor identified for the diabetes epidemic is obesity along with genetic susceptibility. Lack of health care, social and cultural disparity, discrimination at work, disparity in marriage, restricted medical facilities are prevalent. Diabetes and depression are common in women. Increasing age, low level of education, low socioeconomic conditions, difficulties posed in finding partners, frequent divorce and family history of psychiatric illness are significant risk factors for diabetes and depression. Such patients usually have poor metabolic control, higher complication rates, increased healthcare costs, lost productivity, lower quality of life as well as increased risk of death. Preconception counseling should be incorporated in the routine diabetes clinic visit for all women of childbearing potential. Women with diabetes should have information and access to contraception. Proper family planning counseling and psychological support can help stop practices such as female foeticide and multiple pregnancies. Psychological support to patients and their families are needed to break the barrier. There is emerging evidence that women with diabetes are more prone to untoward outcomes as compared to men. Central obesity, metabolic syndrome and the polycystic ovary syndrome show ethnic specific differences in South Asian women. Optimal sexuality is an integral part of holistic health. Shortage of trained female health care professionals, lack of privacy in over-crowded health care facilities, a social taboo attached to such matters, and lack of confidence in patients contribute to the neglect of sexual issues in women attending diabetes clinics across South Asia. Guidelines for counselling in female sexual dysfunction, written in culturally appropriate manner for South Asia, are needed. Diabetes affects women more severely because of their unique biological, cultural and socioeconomic circumstances. Women have limited access to health care facilities because of illiteracy, ignorance and negative social customs. Transcending the gender hierarchy and inequality is a formidable challenge. Sensitising men, empowering women on self care and providing peer support maybe the answer to this challenge. It is essential for health care providers to use appropriate coping mechanism such as building psychological contact with the patient, including family and friends as part of social support and empower patient with complete process of managing diabetes. Increasing awareness through the media, seminars, posters, group discussions and education, regular monitoring and consulting the doctor, support group for women and facilities for aerobic exercises are recommended. The health care systems should consider custom-designed prevention and control programs tailored for women based on local and regional attitudes on health care, cultural beliefs, and available social support systems. Policies that empower adolescent girls and young women to take control of their metabolic management must be encouraged. Provision of gender specific diabetes education with a holistic life-cycle approach is recommended.",85,Medicine; Diabetes mellitus; Psychosocial; Obesity; Socioeconomic status
https://openalex.org/W2151797631,https://doi.org/10.1093/pubmed/fdl028,Using the UK primary care Quality and Outcomes Framework to audit health care equity: preliminary data on diabetes management,2006,Louise Sigfrid; Carole Turner; David Crook; Sunanda Ray,Journal of Public Health,"BACKGROUND: The incentivization of UK primary care through the Quality and Outcomes Framework (QOF) has released an unprecedented supply of data that in theory could aid health equity audit and reduce health inequalities. The current system allows for 'exception reporting' whereby patients can be excluded from calculation of payment for reasons such as failure to attend review. We speculated that such exclusions could be linked to socioeconomic deprivation. METHODS: We assessed 'exception reporting' rates for 15 diabetes indicators using 2004/05 QOF data for 49 general practitioner (GP) practices in Brighton and Hove and related it to a deprivation ranking for each practice. RESULTS: The standardized diabetes prevalence was 26% higher (P < 0.001) in the highest compared to the lowest quintile of deprivation. Correlations between 'exception reporting' and deprivation were seen for 10 of the 15 diabetes indicators (r = 0.20-0.41, P < 0.05). Practices with a more deprived patient population were more likely to report 'exceptions' for QOF indicators, although there was no such relationship with the achievement of QOF targets. CONCLUSIONS: Strategies to reduce health inequalities need to take into account that high levels of exception reporting, particularly in practices with deprived populations, may be disguising unmet need in those populations.",82,Audit; Primary care; Equity (law); Medicine; Quality management
https://openalex.org/W2293385148,https://doi.org/10.4239/wjd.v7.i3.34,Diabetes in migrants and ethnic minorities in a changing World,2016,Luca Montesi; Maria Turchese Caletti; Giulio Marchesini,World Journal of Diabetes,"On a worldwide scale, the total number of migrants exceeds 200 million and is not expected to reduce, fuelled by the economic crisis, terrorism and wars, generating increasing clinical and administrative problems to National Health Systems. Chronic non-communicable diseases (NCD), and specifically diabetes, are on the front-line, due to the high number of cases at risk, duration and cost of diseases, and availability of effective measures of prevention and treatment. We reviewed the documents of International Agencies on migration and performed a PubMed search of existing literature, focusing on the differences in the prevalence of diabetes between migrants and native people, the prevalence of NCD in migrants vs rates in the countries of origin, diabetes convergence, risk of diabetes progression and standard of care in migrants. Even in universalistic healthcare systems, differences in socioeconomic status and barriers generated by the present culture of biomedicine make high-risk ethnic minorities under-treated and not protected against inequalities. Underutilization of drugs and primary care services in specific ethnic groups are far from being money-saving, and might produce higher hospitalization rates due to disease progression and complications. Efforts should be made to favor screening and treatment programs, to adapt education programs to specific cultures, and to develop community partnerships.",95,Ethnic group; Socioeconomic status; Medicine; Non-communicable disease; Diabetes mellitus
https://openalex.org/W4307210202,https://doi.org/10.1038/s41598-022-22779-9,"Prevalence of prediabetes, diabetes, diabetes awareness, treatment, and its socioeconomic inequality in west of Iran",2022,Farhad Moradpour; Satar Rezaei; Bakhtiar Piroozi; Ghobad Moradi; Yousef Moradi,Scientific Reports,"We aim to estimate the prevalence of prediabetes, and diabetes mellitus (DM). We estimated awareness, treatment, plasma glucose control, and associated factors in diabetes, as well as, socioeconomic-related inequality in the prevalence of diabetes and prediabetes. Data for adults aged 35-70 years were obtained from the baseline phase of the Dehgolan prospective cohort study (DehPCS). Diabetes status was determined as fasting plasma glucose (FPG) of ≥ 126 mg/dl and/or taking glucose lowering medication confirmed by a medical practitioner. Prediabetes was considered as 100 ≤ FPG ≤ 125 mg/dl. The relative concentration index (RCI) was used to exhibit socioeconomic inequality in the prevalence of prediabetes and DM. Prevalence of prediabetes and DM, diabetes awareness and treatment, and glycemic control of DM 18.22%, 10.00%, 78.50%, 68.91% and, 28.50%, respectively. Increasing age (p < 0.001), Increasing body mass index (BMI) (p < 0.05), ex-smoker (p < 0.01), family history of diabetes (FHD) (p < 0.001), and comorbidity (p < 0.001) were independent risk factors for DM. Age group of 46-60 (p < 0.05), ex-smoker (p < 0.05), FHD (p < 0.05) were increased chance of awareness. Current smokers (p < 0.05), and higher education increase the chance of glycemic control in DM. Both DM (RCI = - 0.234) and prediabetes (RCI = - 0.122) were concentrated significantly among less-educated participants. DM was concentrated significantly among poor (RCI = - 0.094) people. A significant proportion of DM awareness and treatment can be due to the integration of diabetes into the primary health care system. The high prevalence of prediabetes and diabetes, which is affected by socioeconomic inequality and combined with low levels of glycemic control may place a greater burden on the health system. Therefore, awareness, receiving treatment, and glycemic control in people with diabetes, and the socioeconomic status of people have become increasingly important in the near future.",48,Prediabetes; Medicine; Diabetes mellitus; Glycemic; Internal medicine
https://openalex.org/W2042386526,https://doi.org/10.1111/j.1468-0009.2005.00409.x,Contribution of Primary Care to Health Systems and Health,2005,Bárbara Starfield; Leiyu Shi; James Macinko,Milbank Quarterly,"Evidence of the health-promoting influence of primary care has been accumulating ever since researchers have been able to distinguish primary care from other aspects of the health services delivery system. This evidence shows that primary care helps prevent illness and death, regardless of whether the care is characterized by supply of primary care physicians, a relationship with a source of primary care, or the receipt of important features of primary care. The evidence also shows that primary care (in contrast to specialty care) is associated with a more equitable distribution of health in populations, a finding that holds in both cross-national and within-national studies. The means by which primary care improves health have been identified, thus suggesting ways to improve overall health and reduce differences in health across major population subgroups.",5483,Receipt; Specialty; Health care; Primary care; Primary health care
https://openalex.org/W2728038562,https://doi.org/10.1177/1403494817713648,Social inequality in diabetes patients’ morbidity patterns from diagnosis to death – A Danish register-based investigation,2017,Camilla Sortsø; Jørgen T. Lauridsen; Martha Emneus; Anders Green; Peter Bjødstrup Jensen,Scandinavian Journal of Public Health,"AIM: Measuring socioeconomic inequalities in health and health care, and understanding determinants of such inequalities, are critical for achieving higher equity in health. Equity in health is a prerequisite for public health and welfare. The aim of the paper is (1) to quantify inequality in diabetes morbidity patterns over patients' entire life span, and (2) to compare levels of inequality measured through income and educational level, respectively, as proxies for socioeconomic status (SES). METHOD: Historic individual register data on the entire Danish diabetes population alive in 2011 were gathered. Cox survival analysis and a concentration index decomposition approach were applied to analyse relevant morbidity indicators reflecting patients' health state at diagnosis and throughout their lives with diabetes. RESULTS: Patients with high education have approximately 26% lower mortality hazard when diagnosed with diabetes and 10-15% lower hazard of developing complications as compared with patients with short education. The outcome variables: 'severe complications at diagnosis' and 'years with severe complications' inhibit the highest negative concentration index value, indicating that morbidity is concentrated among the lower SES groups, whereas the outcome variables 'years without complications' and 'duration of diabetes' concentrate among the socioeconomically better-off patients. CONCLUSIONS: Significant differences in diabetes patients' morbidity patterns and survival indicate that diabetes impacts harder on patients of lower SES; these patients experience more severe complications and die earlier. Hence to reduce inequality in health, it is important to invest in efforts targeted towards socially vulnerable groups.",34,Medicine; Socioeconomic status; Hazard ratio; Diabetes mellitus; Public health
https://openalex.org/W3026971003,https://doi.org/10.1177/1757913920914952,The impact of socioeconomic position on non-communicable diseases: what do we know about it?,2020,Santiago Lago Peñas; Berta Rivera; David Cantarero; Bruno Casal; Marta Pascual Sáez,Perspectives in Public Health,"AIMS: Non-communicable diseases (NCDs) have become a primary health concern for most countries around the world. The aim of this research is to analyze the relevant evidence that determines the effect of socioeconomic position (SEP) on the incidence and prevalence of NCDs. METHODS: A systematic literature search was performed using PubMed, Cochrane Library, and Web of Science to identify evidence regarding the relationship between income inequalities and NCDs, between 2005 and 2015. The final selection of papers was based on applied studies focusing on Organisation for Economic Co-operation and Development (OECD) countries and articles referring to three main groups of chronic diseases: cardiovascular and heart diseases, cancer, and diabetes. RESULTS: A final set of 47 selected studies were fully taken into account in this review. Despite significant heterogeneity in exposure and outcomes measures, overall the evidence suggests that having low SEP increases the risk of developing cardiovascular diseases (CVDs), lung and breast cancer, and type 2 diabetes. SEP is also associated with multiple NCD risk factors such as smoking and physical inactivity. CONCLUSION: Low socioeconomic status appears to have a significant consistent impact on mortality and morbidity caused by NCDs in OECD countries. Social and economic disadvantages are associated with health inequalities in terms of access to care, increased incident risk of NCDs, and early death. These findings point to the need for public health strategies and research to address socioeconomic status disparity among individuals.",63,Socioeconomic status; Medicine; Environmental health; Non-communicable disease; Systematic review
https://openalex.org/W3108106255,https://doi.org/10.1136/bjsports-2020-102955,World Health Organization 2020 guidelines on physical activity and sedentary behaviour,2020,Fiona Bull; Salih S Al-Ansari; Stuart Biddle; Katja Borodulin; Matthew P. Buman,British Journal of Sports Medicine,"OBJECTIVES: To describe new WHO 2020 guidelines on physical activity and sedentary behaviour. METHODS: The guidelines were developed in accordance with WHO protocols. An expert Guideline Development Group reviewed evidence to assess associations between physical activity and sedentary behaviour for an agreed set of health outcomes and population groups. The assessment used and systematically updated recent relevant systematic reviews; new primary reviews addressed additional health outcomes or subpopulations. RESULTS: The new guidelines address children, adolescents, adults, older adults and include new specific recommendations for pregnant and postpartum women and people living with chronic conditions or disability. All adults should undertake 150-300 min of moderate-intensity, or 75-150 min of vigorous-intensity physical activity, or some equivalent combination of moderate-intensity and vigorous-intensity aerobic physical activity, per week. Among children and adolescents, an average of 60 min/day of moderate-to-vigorous intensity aerobic physical activity across the week provides health benefits. The guidelines recommend regular muscle-strengthening activity for all age groups. Additionally, reducing sedentary behaviours is recommended across all age groups and abilities, although evidence was insufficient to quantify a sedentary behaviour threshold. CONCLUSION: and to strengthen surveillance systems that track progress towards national and global targets.",10653,Medicine; Guideline; Physical activity; Population; Physical therapy
https://openalex.org/W3022595475,https://doi.org/10.1186/s12939-020-01160-0,"Socioeconomic inequalities in hospitalizations for chronic ambulatory care sensitive conditions: a systematic review of peer-reviewed literature, 1990–2018",2020,Lauren E. Wallar; Eric De Prophetis; Laura C. Rosella,International Journal for Equity in Health,"BACKGROUND: Hospitalizations for chronic ambulatory care sensitive conditions are an important indicator of health system equity and performance. Chronic ambulatory care sensitive conditions refer to chronic diseases that can be managed in primary care settings, including angina, asthma, and diabetes, with hospitalizations for these conditions considered potentially avoidable with adequate primary care interventions. Socioeconomic inequities in the risk of hospitalization have been observed in several health systems globally. While there are multiple studies examining the association between socioeconomic status and hospitalizations for chronic ambulatory care sensitive conditions, these studies have not been systematically reviewed. The objective of this study is to systematically identify and describe socioeconomic inequalities in hospitalizations for chronic ambulatory care sensitive conditions amongst adult populations in economically developed countries reported in high-quality observational studies published in the peer-reviewed literature. METHODS: Peer-reviewed literature was searched in six health and social science databases: MEDLINE, EMBASE, PsycInfo, CINAHL, ASSIA, and IBSS using search terms for hospitalization, socioeconomic status, and chronic ambulatory care sensitive conditions. Study titles and abstracts were first screened followed by full-text review according to the following eligibility criteria: 1) Study outcome is hospitalization for selected chronic ambulatory care sensitive conditions; 2) Primary exposure is individual- or area-level socioeconomic status; 3) Study population has a mean age ± 1 SD < 75 years of age; 4) Study setting is economically developed countries; and 5) Study type is observational. Relevant data was then extracted, and studies were critically appraised using appropriate tools from The Joanna Briggs Institute. Results were narratively synthesized according to socioeconomic constructs and type of adjustment (minimally versus fully adjusted). RESULTS: Of the 15,857 unique peer-reviewed studies identified, 31 studies met the eligibility criteria and were of sufficient quality for inclusion. Socioeconomic constructs and hospitalization outcomes varied across studies. However, despite this heterogeneity, a robust and consistent association between lower levels of socioeconomic status and higher risk of hospitalizations for chronic ambulatory care sensitive conditions was observed. CONCLUSIONS: This systematic review is the first to comprehensively identify and analyze literature on the relationship between SES and hospitalizations for chronic ambulatory care sensitive conditions, considering both aggregate and condition-specific outcomes that are common to several international health systems. The evidence consistently demonstrates that lower socioeconomic status is a risk factor for hospitalization across global settings. Effective health and social interventions are needed to reduce these inequities and ensure fair and adequate care across socioeconomic groups. TRIAL REGISTRATION: PROSPERO CRD42018088727.",50,Medicine; Socioeconomic status; CINAHL; Ambulatory care; Observational study
https://openalex.org/W2528236474,https://doi.org/10.1186/s12913-016-1805-8,The impact of reimbursement systems on equity in access and quality of primary care: A systematic literature review,2016,Wenjing Tao; Janne Agerholm; Bo Bur­ström,BMC Health Services Research,"BACKGROUND: Reimbursement systems provide incentives to health care providers and may drive physician behaviour. This review assesses the impact of reimbursement system on socioeconomic and racial inequalities in access, utilization and quality of primary care. METHODS: A systematic search was performed in Web of Science and PubMed for English language studies published between 1980 and 2013, supplemented by reference tracking. Articles were selected based on inclusion criteria, and data extraction and critical appraisal were performed by two authors independently. Data were synthesized in a narrative manner and categorized according to study outcome and reimbursement system. RESULTS: Twenty seven articles, mostly from the United States and United Kingdom, were included in the data synthesis. Reimbursement systems seem to have limited effect on socioeconomic and racial inequity in access, utilization and quality of primary care. Capitation might have a more beneficial impact on inequity in access to primary care and number of ambulatory care sensitive admissions than fee-for-service, but did worse in patient satisfaction. Pay-for-performance had little or no impact on socioeconomic and racial inequity in the management of diabetes, cardiovascular diseases, chronic obstructive pulmonary disease, and preventive services. CONCLUSION: We found little scientific evidence supporting an association between reimbursement system and socioeconomic or racial inequity in access, utilization and quality of primary care. Overall, few studies addressed this research question, and heterogeneity in context and outcomes complicates comparisons across studies. Further empirical studies are warranted.",54,Medicine; Reimbursement; Health informatics; Nursing research; Equity (law)
https://openalex.org/W3021842026,https://doi.org/10.1093/eurheartj/ehs092,European Guidelines on cardiovascular disease prevention in clinical practice (version 2012): The Fifth Joint Task Force of the European Society of Cardiology and Other Societies on Cardiovascular Disease Prevention in Clinical Practice (constituted by representatives of nine societies and by invited experts) * Developed with the special contribution of the European Association for Cardiovascular Prevention &amp; Rehabilitation (EACPR),2012,Authors/Task Force Members:; Joep Perk; Guy De Backer; H. Gohlke; Ian Graham,European Heart Journal,C-reactive protein CURE Clopidogrel in Unstable Angina to Prevent Recurrent Events CVD cardiovascular disease DALYs disability-adjusted life years DBP diastolic blood,8514,Medicine; Clinical Practice; Task force; Disease; Clopidogrel
https://openalex.org/W4250727440,https://doi.org/10.1596/0-8213-5029-3,Better Health Systems for India's Poor,2002,David H. Peters; Abdo S. Yazbeck; Rashmi Sharma; G.N.V. Ramana; Lant Pritchett,"Health, nutrition, and population series","No AccessHealth, Nutrition, and Population1 Feb 2013Better Health Systems for India's PoorFindings, Analysis, and OptionsAuthors/Editors: David H. Peters, Abdo S. Yazbeck, Rashmi R. Sharma, G. N. V. Ramana, Lant H. Pritchett, Adam WagstaffDavid H. Peters, Abdo S. Yazbeck, Rashmi R. Sharma, G. N. V. Ramana, Lant H. Pritchett, Adam Wagstaffhttps://doi.org/10.1596/0-8213-5029-3SectionsAboutPDF (1.3 MB) ToolsAdd to favoritesDownload CitationsTrack Citations ShareFacebookTwitterLinked In Abstract:This report focuses on four areas of the health system in which reforms, and innovations would make the most difference to the future of the Indian health system: oversight, public health service delivery, ambulatory curative care, and inpatient care (together with health insurance). Part 1 of the report contains four chapters that discuss current conditions, and policy options. Part 2 presents the theory, and evidence to support the policy choices. The general reader may be most interested in the overview chapter, and in the highlights found at the beginning of each of the chapters in part 2. These highlights outline the empirical findings, and the main policy challenges discussed in the chapter. The report does not set out to prescribe detailed answers for India ' s future health system. It does however, have a goal: to support informed debate, and consensus building, and to help shape a health system that continually strives to be more effective, equitable, efficient, and accountable to the Indian people, and particularly to the poor. Previous bookNext book FiguresreferencesRecommendeddetailsCited byWomen's Perceived Barriers to Accessing Post-Abortion Care Services in Selected Districts in KwaZulu Natal Province, South Africa: A Qualitative StudyAnnals of Global Health, Vol.88, No.1Breast reconstruction following mastectomy in Indian women: a neglected entityBMJ Case Reports, Vol.15, No.721 July 2022Bibliometric analysis of scientific publications on health care insurance in India from 2000 to 2021International Journal of Healthcare Management, Vol.3011 June 2022Decrease of glycated hemoglobin based on evaluation of diabetes intervention programs in low-and middle-income countries: A systematic reviewDiabetes Epidemiology and Management, Vol.6Persistent Inequalities in Health-Contextualising the Neglect of Ambedkar's Contribution18 August 2022Measuring Income Elasticity of Healthcare-Seeking Behavior in India: A Conditional Quantile Regression ApproachJournal of Quantitative Economics, Vol.19, No.430 July 2021""Demand Side"" Health Insurance in India: The Price of ObfuscationMedical Anthropology, Vol.40, No.528 May 2021Going Granular: Equity of Health Financing at the District and Facility Level in IndiaHealth Systems & Reform, Vol.7, No.217 August 2021Out-of-Pocket Payments for Delivery Care in India: Do Households face Hardship Financing?Journal of Health Management, Vol.23, No.215 June 2021Utilization of health care services in public and private healthcare in India: Causes and determinantsInternational Journal of Healthcare Management, Vol.14, No.211 October 2019Facilities are substantially more influential than care providers in the quality of delivery care received: a variance decomposition and clustering analysis in Kenya, Malawi and IndiaBMJ Global Health, Vol.5, No.819 August 2020Does Credit Utilization Pattern Promote Poverty Alleviation? An Evidence from IndiaGlobal Business Review, Vol.513 May 2020Health Insurance as Social Innovation for Farmers in Cooperatives: Lessons from Yeshasvini in Karnataka, India28 October 2020The price of a woman: Re-examining the use of financial incentives for women's health in IndiaGlobal Public Health, Vol.14, No.1212 June 2019Do poor people in the poorer states pay more for healthcare in India?BMC Public Health, Vol.19, No.130 July 2019Equity in distribution of public subsidy for noncommunicable diseases among the elderly in India: an application of benefit incidence analysisBMC Public Health, Vol.19, No.126 December 2019Understanding public health insurance in India: A design perspectiveThe International Journal of Health Planning and Management, Vol.34, No.423 July 2019Democratizing health insurance services; accelerating social inclusion through technology policy of health insurance firmsBUSINESS STRATEGY & DEVELOPMENT, Vol.2, No.315 April 2019Impoverishment Due to Out-of-pocket Health Expenditures: Measurement and Comparison Across Different Surveys in IndiaIndian Journal of Human Development, Vol.13, No.231 August 2019Catastrophic health expenditure among industrial workers in a large-scale industry in Nepal, 2017: a cross-sectional studyBMJ Open, Vol.8, No.1115 November 2018Uptake of voluntary health insurance and its impact on health care utilization in GhanaHealth Policy and Planning, Vol.33, No.73 August 2018Can Short-term Economic Policies Hurt the Health of the Poor? Demonetization in IndiaInternational Journal of Health Services, Vol.48, No.325 April 2018""When the Government Changes, the Card Will Also Change"": Questioning Identity in Biometric Smartcards for National Health Insurance (RSBY) in IndiaAnthropologica, Vol.60, No.1Healthcare for All: A New Multidisciplinary Approach for Designing and Managing Hospital Layouts in India11 January 2018Health-care utilization and expenditure patterns in the rural areas of Punjab, IndiaJournal of Family Medicine and Primary Care, Vol.7, No.1Arriving at a Decision: A Semi-Parametric Approach to Institutional Birth Choice in IndiaSSRN Electronic JournalIncidence and Intensity of the Burden in Paying for Health Care in India: A Rural-Urban AnalysisSSRN Electronic JournalJournal of Quantitative Economics, Vol.16, No.3Cost of hospitalization for childbirth in India: how equitable it is in the post-NRHM era?BMC Research Notes, Vol.10, No.115 August 2017Public expenditure and healthcare utilization: the case of reproductive health care in IndiaInternational Journal of Health Economics and Management, Vol.17, No.412 July 2017Exposure to Hardship Financing for Healthcare among Rural Poor in Chhattisgarh, IndiaJournal of Health Management, Vol.19, No.313 July 2017The Effectiveness of Public Spending on Education and Health Care in Indian EconomyThe Indian Economic Journal, Vol.65, No.1-417 August 2018Out-of-pocket Payments for Healthcare in IndiaJournal of Health Management, Vol.19, No.18 February 2017Exacerbating Health Risks in India due to Climate ChangeEmerging Themes in Epidemiology, Vol.14, No.1Applied Health Economics and Health Policy, Vol.15, No.6How do parents and pediatricians arrive at the decision to immunize their children in the private sector? Insights from a qualitative study on rotavirus vaccination across select Indian citiesHuman Vaccines & Immunotherapeutics, Vol.12, No.1223 November 2016Role of the private sector in vaccination service delivery in India: evidence from private-sector vaccine sales data, 2009–12Health Policy and Planning, Vol.31, No.714 March 2016Mental health problems among youth in India and its correlatesInternational Journal of Human Rights in Healthcare, Vol.9, No.2The determinants of access to health care and medicines in IndiaApplied Economics, Vol.48, No.1716 November 2015Illness Makes Credit Sick: Can Health Insurance Rescue the Poor from Exploitative Credit?The Geneva Papers on Risk and Insurance - Issues and Practice, Vol.41, No.230 March 2016Health insurance in India: what do we know and why is ethnographic research neededAnthropology & Medicine, Vol.23, No.11 February 2016Mitigating India's health woes: Can health insurance be a remedy to achieve universal health coverage?Archives of Medicine and Health Sciences, Vol.4, No.2Exacerbating Health Risks in India due to Climate ChangeAvailability of medicines in public sector health facilities of two North Indian StatesBMC Pharmacology and Toxicology, Vol.16, No.123 December 2015Expanding availability of safe abortion services through private sector accreditation: a case study of the Yukti Yojana program in Bihar, IndiaReproductive Health, Vol.12, No.110 November 2015Community health workers in rural India: analysing the opportunities and challenges Accredited Social Health Activists (ASHAs) face in realising their multiple rolesHuman Resources for Health, Vol.13, No.19 December 2015Assessing the pro-poor effect of different contracting schemes for health services on health facilities in rural AfghanistanHealth Policy and Planning, Vol.30, No.104 December 2014Government Spending on Health in IndiaJournal of Health Management, Vol.17, No.4Economic consequences of ill-health for households in northern rural IndiaBMC Health Services Research, Vol.15, No.126 April 2015Evolving social health scheme for workers in unorganized sector: key evidences from study of cycle rickshaw pullers in Delhi, IndiaThe International Journal of Health Planning and Management, Vol.30, No.427 March 2014Demographic Change and Catastrophic Health Expenditure in IndiaSocial Indicators Research, Vol.122, No.32 August 2014Catastrophic Healthcare Expenditures of Hospitalized Patients in the Hospitals of Shiraz in 2013Shiraz E-Medical Journal, Vol.16, No.510 May 2015Financial catastrophe and poverty impacts of out-of-pocket health payments in TurkeyThe European Journal of Health Economics, Vol.16, No.325 February 2014Effectiveness of micro health insurance on financial protection: Evidence from IndiaInternational Journal of Health Economics and Management, Vol.15, No.124 December 2014Household Costs of Leprosy Reactions (ENL) in Rural IndiaPLOS Neglected Tropical Diseases, Vol.9, No.115 January 2015Health-System Evaluation: A Multi-attribute Decision Making Approach21 January 2015An Empirical Study to Determine the Significant Predictors of Trust in Government Hospitals26 August 2014Effect of Micro Health Insurance on Access and Utilization of Health Services in KarnatakaOpen Medicine Journal, Vol.1, No.1Trends and Differentials in Health Care Utilization Pattern in IndiaJournal of Health Management, Vol.16, No.3Is Public Private Partnership an Effective Alternative to Government in the Provision of Primary Health Care? A Case Study in OdishaJournal of Health Management, Vol.16, No.113 March 2014MOBILE TOBACCO CESSATION CLINIC – A NECESSARY STEP TOWARDS PUBLIC HEALTHJournal of Evolution of Medical and Dental Sciences, Vol.3, No.928 February 2014Information asymmetry minimization system for potential clients of healthcare insurance in Indian context using semantic webCommunity Based Health Insurance in India: Prospects and ChallengesHealth, Vol.06, No.11The Burden of Maternal Health Care Expenditure in India: Multilevel Analysis of National DataMaternal and Child Health Journal, Vol.17, No.91 November 2012Evaluating medical tourism enablers with interpretive structural modelingBenchmarking: An International Journal, Vol.20, No.6Improving the Method of GDP Estimation of Private Health Care Service in IndiaJournal of Health Management, Vol.15, No.3Dimensions and Determinants of Trust in Health Care in Resource Poor Settings – A Qualitative ExplorationPLoS ONE, Vol.8, No.716 July 2013Refining estimates of catastrophic healthcare expenditure: an application in the Indian contextInternational Journal of Health Care Finance and Economics, Vol.13, No.224 February 2013Burden of direct and indirect costs of illness: Empirical findings from slum settlements in Chennai, South IndiaProgress in Development Studies, Vol.13, No.2Health care services in India: A few questions on equityHealth, Vol.05, No.01Health system capacity: maternal health policy implementation in the state of Gujarat, IndiaGlobal Health Action, Vol.6, No.119 January 2017Catastrophic Spending on Health by Sample Households: Some Results24 April 2013Support for children identified with acute flaccid paralysis under the global polio eradication programme in Uttar Pradesh, India: a qualitative studyBMC Public Health, Vol.12, No.122 March 2012Hardship financing of healthcare among rural poor in Orissa, IndiaBMC Health Services Research, Vol.12, No.127 January 2012Burden of out-of-pocket expenditure for road traffic injuries in urban IndiaBMC Health Services Research, Vol.12, No.128 August 2012Illness Mapping: a time and cost effective method to estimate healthcare data needed to establish community-based health insuranceBMC Medical Research Methodology, Vol.12, No.19 October 2012Can the rural poor in India afford to treat non-communicable diseasesTropical Medicine & International Health, Vol.17, No.114 September 2012Have financial difficulties compromised Christian health services' commitment to the poor?Development in Practice, Vol.22, No.5-65 July 2012Healthcare provision in rural India: does micro health insurance help or hinder?International Journal of Health Care Quality Assurance, Vol.25, No.3Measuring incidence of catastrophic out-of-pocket health expenditure: with application to IndiaInternational Journal of Health Care Finance and Economics, Vol.12, No.118 February 2012Priority Mental Health Disorders of Children and Adolescents in Primary-care Pediatric Setting in India 1: Developing a Child and Adolescent Mental Health Policy, Program, and Service ModelThe Indian Journal of Pediatrics, Vol.79, No.S110 June 2011Universal Health Insurance in India: Ensuring equity, efficiency, and qualityIndian Journal of Community Medicine, Vol.37, No.3Credit from whom and for what? The diversity of borrowing sources and uses in rural southern IndiaJournal of International Development, Vol.245 May 2011Health technology assessment and its role in the future development of the Indian healthcare sectorPerspectives in Clinical Research, Vol.3, No.2Adverse Selection and Private Health Insurance Coverage in India - A Rational Behaviour Model of Insurance Agents Under Asymmetric InformationSSRN Electronic JournalChallenges in the Sustainability of a Targeted Health Care Initiative in IndiaIIM Kozhikode Society & Management Review, Vol.1, No.11 January 2012Appropriation and Dementia in IndiaCulture, Medicine, and Psychiatry, Vol.35, No.412 August 2011HEALTH CARE UTILIZATION, SOCIOECONOMIC FACTORS AND CHILD HEALTH IN INDIAJournal of Biosocial Science, Vol.43, No.69 June 2011Screening for dementia: Fluidity and the Mini Mental State Examination in IndiaTranscultural Psychiatry, Vol.48, No.522 October 2011An evaluation of two health insurance schemes in IndiaBritish Journal of Healthcare Management, Vol.17, No.8Trade in Health Services Implications for People's HealthSocial Change, Vol.41, No.2Whom Do Physicians Work For? An Analysis of Dual Practice in the Health SectorJournal of Health Politics, Policy and Law, Vol.36, No.2Do Health Camps Make People Healthier? Evidence from an RCT of Health Camps on Usage of RSBYSSRN Electronic JournalCoping with Health Care Expenses Among Poor Households: Evidence from a Rural Commune in VietnamSSRN Electronic JournalJob satisfaction and motivation of health workers in public and private sectors: cross-sectional analysis from two Indian statesHuman Resources for Health, Vol.8, No.125 November 2010DETERMINANTS OF INEQUALITY IN CHILD MALNUTRITION IN INDIAAsian Population Studies, Vol.6, No.3Effects of state-level public spending on health on the mortality probability in IndiaHealth Economics, Vol.19, No.1120 November 2009Decentralisation, Governance and Health-System Performance: 'Where You Stand Depends on Where You Sit'Development Policy Review, Vol.28, No.65 October 2010Determinants and implications of new liberal health policies: the case of India, China and LebanonPolitical and economic determinants of health care systems: the case of IndiaImpact evaluation of India's 'Yeshasvini' community-based health insurance programmeHealth Economics, Vol.19, No.S114 December 2010Catastrophic Payments and Impoverishment Due to Out-of-Pocket Health Spending: The Effects of Recent Health Sector Reforms in IndiaSSRN Electronic JournalNon-Hodgkin′s lymphoma: Is India ready to incorporate recent advances in day to day practice?Journal of Cancer Research and Therapeutics, Vol.6, No.1Tobacco and health in IndiaIndian Journal of Cancer, Vol.47, No.5Impact of interpersonal counseling on the blood sugar and lipid profile of type 2 diabetes mellitus subjects (nutrition health education and diabetes mellitus)International Journal of Diabetes in Developing Countries, Vol.30, No.3Saving mothers and newborns through an innovative partnership with private sector obstetricians: Chiranjeevi scheme of Gujarat, IndiaInternational Journal of Gynecology & Obstetrics, Vol.107, No.320 October 2009Healthcare systems: a global comparisonScaling up beyond 'pills and skills': preventing parent-to-child HIV/AIDS transmission and the public/private divide in southern IndiaThe International Journal of Health Planning and Management, Vol.24, No.S12 December 2009Catastrophic payments for health care among households in urban Tamil Nadu, IndiaJournal of International Development, Vol.21, No.2International health policy and stagnating maternal mortality: is there a causal link?Reproductive Health Matters, Vol.17, No.3317 January 2017Support for provision of early medical abortion by mid-level providers in Bihar and Jharkhand, IndiaReproductive Health Matters, Vol.17, No.3317 January 2017Do Spouses Make Claims? Health Seeking and Microfinance In IndiaSSRN Electronic JournalWhy is Access to Basic Services Not Inclusive? A Synthesis with a Special Focus on Developing AsiaSSRN Electronic JournalAids Treatment in South Asia: Equity and Efficiency Arguments for Shouldering the Fiscal Burden When Prevalence Rates are LowSSRN Electronic JournalSaving in Asia: Issues for Rebalancing GrowthSSRN Electronic JournalExploring evidence-policy linkages in health research plans: A case study from six countriesHealth Research Policy and Systems, Vol.6, No.111 March 2008Traditional Indian medicine and homeopathy for HIV/AIDS: a review of the literatureAIDS Research and Therapy, Vol.5, No.122 December 2008Economic evaluation of a surveillance program of hepatocellular carcinoma (HCC) in IndiaHepatology International, Vol.2, No.227 February 2008Poverty and Access to Health Care in Developing CountriesAnnals of the New York Academy of Sciences, Vol.1136, No.125 July 2008Barriers of Mistrust: Public and Private Health Sectors' Perceptions of Each Other in Madhya Pradesh, IndiaQualitative Health Research, Vol.18, No.61 June 2008'Money itself discriminates'Contributions to Indian Sociology, Vol.42, No.11 April 2008Not All Drinks Are Created Equal: Implications for Alcohol Assessment in IndiaAlcohol and Alcoholism, Vol.43, No.61 October 2008Public Financing of Health Services in IndiaJournal of Health Management, Vol.10, No.1Indian community health insurance schemes provide partial protection against catastrophic health expenditureBMC Health Services Research, Vol.7, No.115 March 2007Spending to save? State health expenditure and infant mortality in IndiaHealth Economics, Vol.16, No.91 January 2007Quality improvement and its impact on the use and equality of outpatient health services in IndiaHealth Economics, Vol.16, No.81 January 2007The Dynamics of Gender and Class in Access to Health Care: Evidence from Rural Karnataka, IndiaInternational Journal of Health Services, Vol.37, No.323 June 2016Healthy public policy in poor countries: tackling macro-economic policiesHealth Promotion International, Vol.22, No.213 March 2007The New Evidence on Male Circumcision: An Indian PerspectiveReproductive Health Matters, Vol.15, No.2917 January 2017Can computers improve patient care by primary health care workers in India?International Journal for Quality in Health Care, Vol.18, No.613 October 2006Utilisation of Health Care in North Bengal: A Study of Health Seeking Patterns in an Interdisciplinary FrameworkJournal of Social Sciences, Vol.13, No.19 October 2017Maternity and Child Health Care Services Delivered by Public Health Centers Compared to Health Cooperatives: Iran`s ExperienceJournal of Medical Sciences(Faisalabad), Vol.6, No.3Immunization in india 1993–1999: Wealth, gender, and regional inequalities revisitedSocial Science & Medicine, Vol.62, No.3Journal of Human Ecology, Vol.19, No.4A Case Study of the Yeshasvini Health Insurance Scheme for the Rural Poor in IndiaInternational Journal of Self Help and Self Care, Vol.3, No.3-4Reform strategies in Georgia and their impact on health care provision in rural areas: evidence from a household surveySocial Science & Medicine, Vol.60, No.4Development and ChoiceThe Millennium Development Goals for India: How Attainable?Private Care and Public Health: Do Vaccination and Prenatal Care Rates Differ between Users of Private versus Public Sector Care in India?Health Services Research, Vol.39, No.6p2Household tobacco and alcohol use, and child health: an exploratory study from IndiaHealth Policy, Vol.70, No.1International health in a globalized development perspectiveJournal of Public Health, Vol.12, No.33 April 2004India mental health country profileInternational Review of Psychiatry, Vol.16, No.1-211 July 2009Factors influencing the care-seeking behaviour of chest symptomatics: a community-based study involving rural and urban population in Tamil Nadu, South IndiaTropical Medicine and International Health, Vol.8, No.4The Role of Oversight in the Health Sector: The Example of Sexual and Reproductive Health Services in IndiaReproductive Health Matters, Vol.10, No.2017 January 2017Exacerbating Health Risks in India due to Climate Change View Published: May 2002ISBN: 978-0-8213-5029-4 Copyright & Permissions Related RegionsSouth AsiaRelated CountriesIndiaRelated TopicsHealth Nutrition and Population KeywordsHEALTH CARE SYSTEMSHEALTH REFORMPUBLIC HEALTH FINANCEPUBLIC HEALTH ADMINISTRATIONSERVICE DELIVERYHEALTH INSURANCEMATERNAL HEALTH SERVICESPRIVATE SECTOR INVESTMENTSAMBULATORY CAREHEALTH CARE RESOURCESTUBERCULOSISHEALTH CAREHEALTH OUTCOMESHEALTH POLICYHEALTH SERVICESHOSPITALSINTERNATIONAL COMPARISONSINTERVENTIONNUTRITIONPATIENTSPUBLIC HEALTH PDF DownloadLoading ...",199,Geography
https://openalex.org/W2945347373,https://doi.org/10.2337/dc19-0184,"Socioeconomic Inequality in Metabolic Control Among Children With Type 1 Diabetes: A Nationwide Longitudinal Study of 4,079 Danish Children",2019,Nick Fabrin Nielsen; Amanda Gaulke; Tine Louise Mundbjerg Eriksen; Jannet Svensson; Niels Skipper,Diabetes Care,"OBJECTIVE: To examine inequality in glycemic control by maternal educational level among children with type 1 diabetes in a setting with universal access to health care. RESEARCH DESIGN AND METHODS: across groups with and without adjustment for socioeconomic and treatment characteristics. RESULTS: between children of mothers with ≤high school and mothers with ≥master's degree; 22.5% of the difference was explained by more frequent blood glucose monitoring among the children with the highly educated mothers. CONCLUSIONS: Family background is significantly related to outcomes for children with type 1 diabetes, even with universal access to health care.",33,Medicine; Danish; Socioeconomic status; Glycemic; Longitudinal study
https://openalex.org/W3197233575,https://doi.org/10.1016/s1474-4422(21)00252-0,"Global, regional, and national burden of stroke and its risk factors, 1990–2019: a systematic analysis for the Global Burden of Disease Study 2019",2021,Valery L. Feigin; Benjamin Stark; Catherine O. Johnson; Gregory A. Roth; Catherine Bisignano,The Lancet Neurology,"BACKGROUND: Regularly updated data on stroke and its pathological types, including data on their incidence, prevalence, mortality, disability, risk factors, and epidemiological trends, are important for evidence-based stroke care planning and resource allocation. The Global Burden of Diseases, Injuries, and Risk Factors Study (GBD) aims to provide a standardised and comprehensive measurement of these metrics at global, regional, and national levels. METHODS: We applied GBD 2019 analytical tools to calculate stroke incidence, prevalence, mortality, disability-adjusted life-years (DALYs), and the population attributable fraction (PAF) of DALYs (with corresponding 95% uncertainty intervals [UIs]) associated with 19 risk factors, for 204 countries and territories from 1990 to 2019. These estimates were provided for ischaemic stroke, intracerebral haemorrhage, subarachnoid haemorrhage, and all strokes combined, and stratified by sex, age group, and World Bank country income level. FINDINGS: In 2019, there were 12·2 million (95% UI 11·0-13·6) incident cases of stroke, 101 million (93·2-111) prevalent cases of stroke, 143 million (133-153) DALYs due to stroke, and 6·55 million (6·00-7·02) deaths from stroke. Globally, stroke remained the second-leading cause of death (11·6% [10·8-12·2] of total deaths) and the third-leading cause of death and disability combined (5·7% [5·1-6·2] of total DALYs) in 2019. From 1990 to 2019, the absolute number of incident strokes increased by 70·0% (67·0-73·0), prevalent strokes increased by 85·0% (83·0-88·0), deaths from stroke increased by 43·0% (31·0-55·0), and DALYs due to stroke increased by 32·0% (22·0-42·0). During the same period, age-standardised rates of stroke incidence decreased by 17·0% (15·0-18·0), mortality decreased by 36·0% (31·0-42·0), prevalence decreased by 6·0% (5·0-7·0), and DALYs decreased by 36·0% (31·0-42·0). However, among people younger than 70 years, prevalence rates increased by 22·0% (21·0-24·0) and incidence rates increased by 15·0% (12·0-18·0). In 2019, the age-standardised stroke-related mortality rate was 3·6 (3·5-3·8) times higher in the World Bank low-income group than in the World Bank high-income group, and the age-standardised stroke-related DALY rate was 3·7 (3·5-3·9) times higher in the low-income group than the high-income group. Ischaemic stroke constituted 62·4% of all incident strokes in 2019 (7·63 million [6·57-8·96]), while intracerebral haemorrhage constituted 27·9% (3·41 million [2·97-3·91]) and subarachnoid haemorrhage constituted 9·7% (1·18 million [1·01-1·39]). In 2019, the five leading risk factors for stroke were high systolic blood pressure (contributing to 79·6 million [67·7-90·8] DALYs or 55·5% [48·2-62·0] of total stroke DALYs), high body-mass index (34·9 million [22·3-48·6] DALYs or 24·3% [15·7-33·2]), high fasting plasma glucose (28·9 million [19·8-41·5] DALYs or 20·2% [13·8-29·1]), ambient particulate matter pollution (28·7 million [23·4-33·4] DALYs or 20·1% [16·6-23·0]), and smoking (25·3 million [22·6-28·2] DALYs or 17·6% [16·4-19·0]). INTERPRETATION: The annual number of strokes and deaths due to stroke increased substantially from 1990 to 2019, despite substantial reductions in age-standardised rates, particularly among people older than 70 years. The highest age-standardised stroke-related mortality and DALY rates were in the World Bank low-income group. The fastest-growing risk factor for stroke between 1990 and 2019 was high body-mass index. Without urgent implementation of effective primary prevention strategies, the stroke burden will probably continue to grow across the world, particularly in low-income countries. FUNDING: Bill & Melinda Gates Foundation.",7399,Burden of disease; Stroke (engine); Medicine; Disease; Disease burden
https://openalex.org/W2000673820,https://doi.org/10.2147/ijgm.s77139,Association between education and quality of diabetes care in Switzerland,2015,Aline Flatz; Silvia Stringhini; Emilie Zurcher; Bernard Burnand; Isabelle Peytremann‐Bridevaux,International Journal of General Medicine,"PURPOSE: Low socioeconomic status is associated with higher prevalence of diabetes, worse outcomes, and worse quality of care. We explored the relationship between education, as a measure of socioeconomic status, and quality of care in the Swiss context. PATIENTS AND METHODS: Data were drawn from a population-based survey of 519 adults with diabetes during fall 2011 and summer 2012 in a canton of Switzerland. We assessed patients and diabetes characteristics. Eleven indicators of quality of care were considered (six of process and five of outcomes of care). After bivariate analyses, regression analyses adjusted for age, sex, and diabetic complications were performed to assess the relationship between education and quality of care. RESULTS: Of 11 quality-of-care indicators, three were significantly associated with education: funduscopy (patients with tertiary versus primary education were more likely to get the exam: odds ratio, 1.8; 95% confidence interval [CI], 1.004-3.3) and two indicators of health-related quality of life (patients with tertiary versus primary education reported better health-related quality of life: Audit of Diabetes-Dependent Quality of Life: β=0.6 [95% CI, 0.2-0.97]; SF-12 mean physical component summary score: β=3.6 [95% CI, 0.9-6.4]). CONCLUSION: Our results suggest the presence of educational inequalities in quality of diabetes care. These findings may help health professionals focus on individuals with increased needs to decrease health inequalities.",29,Medicine; Socioeconomic status; Context (archaeology); Odds ratio; Confidence interval
https://openalex.org/W2762689525,https://doi.org/10.1016/s0140-6736(17)32129-3,"Worldwide trends in body-mass index, underweight, overweight, and obesity from 1975 to 2016: a pooled analysis of 2416 population-based measurement studies in 128·9 million children, adolescents, and adults",2017,Leandra Abarca-Gómez; Ziad Abdeen; Zargar Abdul Hamid; Niveen Abu-Rmeileh; Benjamín Acosta-Cázares,The Lancet,"BACKGROUND: Underweight, overweight, and obesity in childhood and adolescence are associated with adverse health consequences throughout the life-course. Our aim was to estimate worldwide trends in mean body-mass index (BMI) and a comprehensive set of BMI categories that cover underweight to obesity in children and adolescents, and to compare trends with those of adults. METHODS: We pooled 2416 population-based studies with measurements of height and weight on 128·9 million participants aged 5 years and older, including 31·5 million aged 5-19 years. We used a Bayesian hierarchical model to estimate trends from 1975 to 2016 in 200 countries for mean BMI and for prevalence of BMI in the following categories for children and adolescents aged 5-19 years: more than 2 SD below the median of the WHO growth reference for children and adolescents (referred to as moderate and severe underweight hereafter), 2 SD to more than 1 SD below the median (mild underweight), 1 SD below the median to 1 SD above the median (healthy weight), more than 1 SD to 2 SD above the median (overweight but not obese), and more than 2 SD above the median (obesity). FINDINGS: per decade (0·50-1·06, PP>0·9999) in Polynesia and Micronesia. Trends in mean BMI have recently flattened in northwestern Europe and the high-income English-speaking and Asia-Pacific regions for both sexes, southwestern Europe for boys, and central and Andean Latin America for girls. By contrast, the rise in BMI has accelerated in east and south Asia for both sexes, and southeast Asia for boys. Global age-standardised prevalence of obesity increased from 0·7% (0·4-1·2) in 1975 to 5·6% (4·8-6·5) in 2016 in girls, and from 0·9% (0·5-1·3) in 1975 to 7·8% (6·7-9·1) in 2016 in boys; the prevalence of moderate and severe underweight decreased from 9·2% (6·0-12·9) in 1975 to 8·4% (6·8-10·1) in 2016 in girls and from 14·8% (10·4-19·5) in 1975 to 12·4% (10·3-14·5) in 2016 in boys. Prevalence of moderate and severe underweight was highest in India, at 22·7% (16·7-29·6) among girls and 30·7% (23·5-38·0) among boys. Prevalence of obesity was more than 30% in girls in Nauru, the Cook Islands, and Palau; and boys in the Cook Islands, Nauru, Palau, Niue, and American Samoa in 2016. Prevalence of obesity was about 20% or more in several countries in Polynesia and Micronesia, the Middle East and north Africa, the Caribbean, and the USA. In 2016, 75 (44-117) million girls and 117 (70-178) million boys worldwide were moderately or severely underweight. In the same year, 50 (24-89) million girls and 74 (39-125) million boys worldwide were obese. INTERPRETATION: The rising trends in children's and adolescents' BMI have plateaued in many high-income countries, albeit at high levels, but have accelerated in parts of Asia, with trends no longer correlated with those of adults. FUNDING: Wellcome Trust, AstraZeneca Young Health Programme.",7574,Underweight; Overweight; Body mass index; Obesity; Medicine
https://openalex.org/W4386048821,https://doi.org/10.3389/fpubh.2023.1197947,Diabetes risk among US adults with different socioeconomic status and behavioral lifestyles: evidence from the National Health and Nutrition Examination Survey,2023,Ce Liu; Li He; Yuanfei Li; Aimin Yang; Kai Zhang,Frontiers in Public Health,"Background: Diabetes disproportionately affects minorities and those with low socioeconomic status (SES) in the United States, and differences in behavioral lifestyles are largely responsible for the unequal distribution of diabetes among different groups. Methods: With data of 9,969 participants collected in the 2007-2008 and 2009-2010 cycles of the US National Health and Nutrition Examination Survey (NHANES), this study examined several mediators and their mediating effects in the connection between SES and the risk of diabetes. The SES is assessed by the income-to-poverty ratio (IPR), education level, and employment status. For the mediation analysis, we used health-related behaviors as mediators (smoking, alcohol use, consumption of green vegetables and fruits, physical activity and sedentary time, health insurance, and healthcare). In this study, the structural equation model was utilized to evaluate the mediating effects of behavioral lifestyle as a mediator in the relationship between SES and diabetes. Results: = 0.46), which was independent of the majority of known or suspected risk factors and confounding variables (gender, age, race). Participants with lower SES had higher risk of diabetes compared with those with higher SES. In mediating analysis, we found alcohol intake (OR = 0.996), physical activity (OR = 0.993), health insurance (OR = 0.998), and healthcare (OR = 1.002) mediated the IPR-diabetes association. But in the relationship between education status and diabetes, the mediation effect of alcohol intake (OR = 0.995), physical activity (OR = 0.991), and health care (OR = 1.008) were obvious. Likewise, alcohol intake (OR = 0.996), fruit intake (OR = 0.998), and health care (OR = 0.975) were important mediators in the association between employment status and diabetes. Conclusion: This study provides critical insights on the link between SES and diabetes. Our results highlight that poor health-related behaviors and limited access to healthcare are important pathways for increased diabetes risk related to those with low SES, particularly among Mexican Americans and males. They should be top priorities for agencies and healthcare providers to develop behavior-related interventions to reduce inequalities in diabetes risk.",43,National Health and Nutrition Examination Survey; Socioeconomic status; Mediation; Medicine; Environmental health
https://openalex.org/W2981869278,https://doi.org/10.1126/science.aax2342,Dissecting racial bias in an algorithm used to manage the health of populations,2019,Ziad Obermeyer; Brian W. Powers; Christine Vogeli; Sendhil Mullainathan,Science,"Racial bias in health algorithms The U.S. health care system uses commercial algorithms to guide health decisions. Obermeyer et al. find evidence of racial bias in one widely used algorithm, such that Black patients assigned the same level of risk by the algorithm are sicker than White patients (see the Perspective by Benjamin). The authors estimated that this racial bias reduces the number of Black patients identified for extra care by more than half. Bias occurs because the algorithm uses health costs as a proxy for health needs. Less money is spent on Black patients who have the same level of need, and the algorithm thus falsely concludes that Black patients are healthier than equally sick White patients. Reformulating the algorithm so that it no longer uses costs as a proxy for needs eliminates the racial bias in predicting who needs extra care. Science , this issue p. 447 ; see also p. 421",5859,Proxy (statistics); Health care; Racial bias; Computer science; White (mutation)
https://openalex.org/W4288726494,https://doi.org/10.1186/s12966-022-01331-y,"The health, cost and equity impacts of restrictions on the advertisement of high fat, salt and sugar products across the transport for London network: a health economic modelling study",2022,Chloe Thomas; Penny Breeze; Steven Cummins; Laura Cornelsen; Amy Yau,International Journal of Behavioral Nutrition and Physical Activity,"BACKGROUND: Policies aimed at restricting the marketing of high fat, salt and sugar products have been proposed as one way of improving population diet and reducing obesity. In 2019, Transport for London implemented advertising restrictions on high fat, salt and sugar products. A controlled interrupted time-series analysis comparing London with a north of England control, suggested that the advertising restrictions had resulted in a reduction in household energy purchases. The aim of the study presented here was to estimate the health benefits, cost savings and equity impacts of the Transport for London policy using a health economic modelling approach, from an English National Health Service and personal social services perspective. METHODS: A diabetes prevention microsimulation model was modified to incorporate the London population and Transport for London advertising intervention. Conversion of calorie to body mass index reduction was mediated through an approximation of a mathematical model estimating weight loss. Outcomes gathered included incremental obesity, long-term diabetes and cardiovascular disease events, quality-adjusted life years, healthcare costs saved and net monetary benefit. Slope index of inequality was calculated for proportion of people with obesity across socioeconomic groups to assess equity impacts. RESULTS: The results show that the Transport for London policy was estimated to have resulted in 94,867 (4.8%) fewer individuals with obesity, and to reduce incidence of diabetes and cardiovascular disease by 2,857 and 1,915 cases respectively within three years post intervention. The policy would produce an estimated 16,394 additional quality-adjusted life-years and save £218 m in NHS and social care costs over the lifetime of the current population. Greater benefits (e.g. a 37% higher gain in quality-adjusted life-years) were expected to accrue to individuals from the most socioeconomically deprived groups compared to the least deprived. CONCLUSIONS: This analysis suggests that there are considerable potential health and economic gains from restricting the advertisement of high fat, salt and sugar products. The population health and economic impacts of the Transport for London advertising restrictions are likely to have reduced health inequalities in London.",45,Equity (law); Obesity; Population; Body mass index; Environmental health
https://openalex.org/W4396967883,https://doi.org/10.1111/hex.14070,Barriers and facilitators of self‐management of diabetes amongst people experiencing socioeconomic deprivation: A systematic review and qualitative synthesis,2024,Abi Woodward; Kate Walters; Nathan Davies; Danielle Nimmons; Joanne Protheroe,Health Expectations,"BACKGROUND: The number of people living with diabetes is rising worldwide and a higher prevalence of diabetes has been linked to those experiencing socioeconomic deprivation. Self-management strategies are vital and known to reduce the risks of long-term complications amongst people living with diabetes. Lack of knowledge about self-care activity required to manage diabetes is a key barrier to successful self-management. Self-management interventions can be less effective in socioeconomically deprived populations which can increase the risk of exacerbating health inequalities. The purpose of this review is to identify and synthesise qualitative evidence on the barriers and facilitators of self-management of diabetes amongst people who are socioeconomically disadvantaged. METHODS: MEDLINE, EMBASE, AMED, PsycINFO and CINAHL Plus were searched for qualitative studies concerning self-management of multiple long-term conditions amongst socioeconomically disadvantaged populations. Relevant papers which focused on diabetes were identified. Data were coded and thematically synthesised using NVivo. FINDINGS: From the search results, 79 qualitative studies were identified after full-text screening and 26 studies were included in the final thematic analysis. Two overarching analytical themes were identified alongside a set of subthemes: (1) Socioeconomic barriers to diabetes self-management; healthcare costs, financial costs of healthy eating, cultural influences, living in areas of deprivation, competing priorities and time constraints, health literacy, (2) facilitators of diabetes self-management; lifestyle and having goals, support from healthcare providers, informal support. DISCUSSION: Self-management of diabetes is challenging for people experiencing socioeconomic deprivation due to barriers associated with living in areas of deprivation and financial barriers surrounding healthcare, medication and healthy food. Support from healthcare providers can facilitate self-management, and it is important that people with diabetes have access to interventions that are designed to be inclusive from a cultural perspective as well as affordable. PATIENT OR PUBLIC CONTRIBUTION: A patient advisory group contributed to the research questions and interpretation of the qualitative findings by reflecting on the themes developed.",38,CINAHL; Socioeconomic status; Qualitative research; Thematic analysis; PsycINFO
https://openalex.org/W2033272049,https://doi.org/10.1111/j.0141-9889.2004.00413.x,Social movements in health: an introduction,2004,Phil Brown; Stephen Zavestoski,Sociology of Health & Illness,"Health social movements (HSMs) are an important political force concerning health access and quality of care, as well as for broader social change. We define HSMs as collective challenges to medical policy, public health policy and politics, belief systems, research and practice which include an array of formal and informal organisations, supporters, networks of co-operation and media. HSMs make many challenges to political power, professional authority and personal and collective identity. These movements address (a) access to, or provision of, health-care services; (b) disease, illness experience, disability and contested illness; and (c) health inequality and inequity based on race, ethnicity, gender, class and/or sexuality. This introductory essay has three goals. First, we aim to explain why an entire volume on health social movements is warranted, by specifying the important analytical questions to be answered and by situating the volume in the midst of a growing interest in the topic among scholars from various sociological fields and even other disciplines. Second, we seek to offer an explanation for the phenomenon of health social movements generally, and more specifically what appears to be a recent growth in their presence and power in contemporary societies. We do this by noting the growing tendency across all movements to challenge authority structures, and by emphasising the ways in which HSMs challenge the authority of medicine, science, governments and corporations. Third, we further develop the concept of health social movements, and offer some conceptual tools that may be of use in reading the contributions to the volume, which we introduce in a manner that offers insight into the ways in which they advance our understanding of HSMs. In the last SHI Monograph, Health and Media, Clive Seale (2003) introduced the volume by pointing to the fact that media studies and the sociology of health and illness ‘stand at a distance from one another’. Seale used the Monograph as a vehicle to bridge that gap. The same holds true for health social movements: many medical sociologists have studied such movements without reference to social movement theory and literature, while social movement specialists rarely take up issues of health. Fortunately, we are seeing recent attention to health social movements that has the potential to reduce this gap. The Society for Social Studies of Science, in both the 2001 and 2003 annual meetings, had a stream of four sessions on the topic. Stemming from that 2003 stream, a special issue of Science as Culture on health, the environment, and social movements is now in press, edited by David Hess. The current volume editors were invited to lead a multi-session workshop at the American Sociological Association's Collective Behavior and Social Movements Section Conference in August 2002. A medical social movements symposium was held in Sweden in June 2003, with a resultant special issue of Social Science and Medicine on patient-centred movements, edited by Joe Dumit, published in 2004. A special issue on health and the environment of Annals of the American Academy of Political and Social Science, in November 2002, focused on the role of health social movements. Sociology of Health and Illness has published a significant amount of research on health social movements, and it is fitting that this volume reflects this tradition. In our recent article in this journal, Embodied health movements: uncharted territory in social movement research (Brown et al. 2004), we put forth our first attempt to systematise the study of these movements. Previous research has focused on individual cases of health social movements; we consider them as a collective group that when taken together have been an important force for social change. Scholars writing about individual social movements dealing with health have covered areas such as occupational safety and health (Rosner and Markowitz 1987), the women's health movement (Morgen 2002), AIDS activism (Epstein 1996) and environmental justice organizing (Bullard 1994). Other scholars, who focus more generally on changes in the health care system, point to the significance of these movements in medical history (Porter 1997) and health policy (Light 2000). Despite this significant body of research, scholars have not examined the forces that gave rise to the wide array of health social movements, nor carried out comparative analysis of these movements’ different strategic, tactical and political approaches. Generally, scholars have not explored the collective development and impact the myriad health social movements have had on public health, medical research and health-care delivery. We believe there is an analytical benefit to considering the origins and impacts of HSMs collectively, and this work is part of a larger project to integrate and synthesise this material. Why has this new class of health social movements emerged in the last decade? A central reason is that science and technocratic decision-making have become an increasingly dominant force in shaping social policy and regulation. Governmental and scientific demands for ‘better science’ in policy-making have become a significant and powerful authority used to support dominant political and socioeconomic systems. Through this ‘scient-ization’ (Morello-Frosch et al. forthcoming) of decision-making, industry exerts considerable control over debates regarding the costs, benefits and potential risks of new technologies and industrial production by deploying scientific experts who work to ensure that battles over policy-making remain scientific, ‘objective’ and effectively separated from the social milieu in which they unfold (Beck 1992). The end result of this process is threefold: First, scientists are asked to answer questions that are virtually impossible to answer scientifically due to data uncertainties or the infeasibility of carrying out a study. Second, the process inappropriately frames political and moral questions (i.e.‘transcientific’ issues) in scientific terms, thus limiting public participation in decision-making and ensuring that it becomes the purview of ‘experts’ (Weinberg 1972). Third, the scientisation of decision-making delegitimises the importance of those questions that may not be conducive to scientific analysis. All of these processes can exclude the public from important policy debates and diminish public capacity to participate in the production of scientific knowledge itself. The continuing advance of societal rationalisation raises the role of objective scientific expertise above that of public knowledge for most social issues. Ironically, however, the quest for better science to inform good decision-making is often a veiled attempt to hide the politicisation of the policy process (Weiss 2004). This has been recently demonstrated in the United States by the persistent opposition of the Bush Administration to the widening scientific consensus on the question of global climate change and its attendant ecological and human health impacts (Gelbspan 1997). The Bush Administration has extended such antiscientific actions to a wide range of issues that go against consensus held by scientists, and that purge responsible scientists from expert panels and replace them with industry supporters: revoking major elements of the Clean Air Act's regulatory regime11 The Clean Air Act, enacted into law in 1970, is one of the most central components of environmental protection in the United States. Its mandate for revision of standards every five years, based on new scientific data, has led to increasing regulation of air pollution, but the Bush Administration has sought to combat that process. , allowing high mercury emissions from power plants, allowing lead industry representatives on Centers for Disease Control panels to stall lead regulation, firing pro-regulatory officials who seek to enforce existing policies (Union of Concerned Scientists 2004). The extent of such actions is so great that 60 Nobel Laureates signed a protest letter in February 2004. In their efforts to counter this trend, health social movements have leveraged medical science and public health to marshal resources, conduct research, and produce their own scientific knowledge. Until recently, most health social movements have focused on expanding access to health care and improving the quality of health care. The latest emerging crop of HSMs, what we term embodied health movements (EHMs are discussed in greater detail below), are highly focused on the personal understanding and experience of illness, while often addressing some of the access concerns from earlier movements. EHMs have some notably different goals, strategies and targets from other health social movements. By using science to democratise knowledge production, embodied health movements can engage in effective policy advocacy and challenge aspects of the political economy, as well as transform traditional assumptions and lines of inquiry regarding disease causation and strategies for prevention. This emergence of EHMs has been catalysed by: growing public awareness about the limits of medical science to solve persistent health problems that are  and   the rise of  issues and  of scientific knowledge  and  the collective  to   participation in social policy and regulation. The rise of medical authority is one of the most   of     and  concerning   are  to make health  and to  care,  of and  of the knowledge  for medicine, and the power of medical  to  with a  of social problems that may not be    authority is  into the broader  we discussed above  the rise and  of scientific  in which science  an increasing role in  and  social   authority has      health      scientists and   in    increasing medical authority has   increasing challenges to this  HSMs  the  of  and   challenges into formal and   In  scientific and medical authority structures, HSMs focus on the   of social  increasing  in which   are   of social  and a   that  many  out of    what  be   care.  scholars  authority  as an  of  power, with  or potential    in our    science and  have become increasingly powerful  of authority that  a central role in  dominant political and socioeconomic systems.  such as  social    and the  of    have demonstrated  health belief  and the  of the health care  support and  existing   and    the  power of the health care   a   of the  political    medical science has become a   HSMs often  on its expertise and  while   its   and      with medical science  that HSMs  their use of medical science in a  that   their  of its  and    the one  HSMs attempt to  on the  authority of medical science, and its  as an  of  and   the other  HSMs  to  the manner in which science and  are used as  of    in     and    1987), health    their   are in   their     against the       in the  industry  from  the  that they had   by     awareness of   of authority have  to   as the public has  of such  as the    The     for  years,   and is the most   of  research in the United States.   were   for their  so that    their  The  over this  led to major  in   and other research  , the  history of   and   the   of  on  in   and the  to other  of    in the    there is  attention to research   of interest in medical research and   in    In the  of such  the   of science and      and social movements have  powerful    these new    the   of science and medicine, to include the political  and dominant   and  health social movement challenges take on a   social   without the  of   health movements      the women's health movement  to  in so many   of  that it was  for women's health activism to  a   of  The public can more  challenge science  it now has a  of ways to  and  scientific  for personal use and to  policy change.    knowledge     of health concerns in  and support   is    major  of scientific knowledge by the media   and by wide access  the  to medical  research studies and    of the challenges of research in the  of medical   the public has become more  of the  of  medical science to effectively address the persistent and most  health issues of the   medical    go  with an   of medical    to   as well as   that can lead to  health   1994).   this has led to the   of  traditional medical  with      and body   the    in medical science is  by the use of other  to disease  and health.  health research    that  in   have not by   the   in improving the health  of      research, emphasising  individual      the   of regulatory   a significant body of research  that the health  of  is   by   such as race,     and other environmental   et al.   and  2000). This is  by the   of   that are now  on new     and  in  and the  of   that the public and medical  had   had been  or at      debates on  questions  medical science have  public  The  of   for a  of  has    about the use of that  by  to  in the  and  the  of   from    and    et al. 1997).  concerns have been further  by  of  of interest in the support of research by   and the increasing power of   to   research     in the  of scientific research has been  by  of  and   that  the  process or  the  of research  that  with     and    and  2002,  and   In  a  of  highly    in human  research has  concerns about the   of using human  as research  and has  the   at   research  for  to  study   The   of an   in a    at the  of  and the 2001  of a    in an  study at    are the  cases that have  the   of attention in the United States   In the   one of the   at the  and the   that  the  was an  in the   the   may have been  and inappropriately  by   or by   to participate in the     These  concerns    the   of  in medical research can be   the   that science is  an objective   the  these problems  the   of science,  and   which   the  for a  of the dominant political  and its   on the  health.  health concerns are so     are more  to focus many   a  of health.    an   and  of high  it is  that   make demands for broader and better health  and for  of  to include the   in an industrial   environmental  is increasingly  and in which the  has  to    of environmental regulation and  it becomes  for the public to  health with  political and  concerns and   for  regulation of industrial production and   participation in the  of environmental   of this  for  is due to social  that  a  for the growth of health social movements; some of it is due to the  of health social movements  The  is that increasing  of   believe they have the  and the authority to  health policy,  access  quality of care,   and   of   some of that   at the individual  the most effective   from the collective efforts of health social movements.  we  our  of HSMs a    we  a   that    of HSMs, even  we  that the  and  of some movements may  into more  one of these  The  (Brown et al.   to  the process of   a wide range of movements that  with health    a   of  Health access movements seek  access to health care and  provision of health care  These include movements such as those   health care    to  specialists and  of health  to   Embodied health movements address disease, disability or illness experience by  science on    and prevention. Embodied health movements include   that are   by current medical knowledge or have environmental  that are often   a  these   to  medical   and/or   some  embodied health movements  include  who are not  but who   as  to the  many     this  in  other  who do have the  In  to the    this    the AIDS  and the  control   health movements address health inequality and health inequity based on race, ethnicity, gender, class and/or   These  address   and  by the scientific  and/or    include the women's health   and  health movement and environmental justice  The  of our  are    is often  with other    the women's health movement can be  as a   but at the same  it  elements of both access movements  in  more  for  and embodied movements  in  assumptions about   for   We  this  as  one  into  a new  and we believe there are other   that can  the same   one of the  in this volume, by     and    a    with the   of    that focus on      with all   or a    such as  or   across a range of  and     up of other   but  by a  interest such as  or    we work with such  we are  to  what social  are  to  into  and  well they can explain the development and  of HSMs. In  on the development of HSMs, the   to important questions about the  and  in the ways the different  of HSMs   work on embodied health movements   from social movements and science and  studies scholars to  on the  that  the development of    many health social movements have  the political   above by     health and other social   as the  These   them to   policies and  for more  regulation of industrial production that  from a  control to a    (Morello-Frosch     can be  in  of the concept of  movement   and   which  to  ways a movement can   movements:   the political and   it  in the  environment, and by  the   and   the movement   and    The environmental   movement  such a process.  from the women's health  AIDS  and the   and environmental movements was  to the development of a  collective illness  of  with   that has  their  in the  of  scientists and their own emerging        from their experience in the women's movement to   their disease   it was  and  was    of the  health  of    many     from the AIDS  in which   that    their      to    and  for more   of AIDS  This    over into the    which  significant  in  for research,  of  on  and  research   as well as the power to   for  scientific  The social movement  that benefits the development of EHMs  to  of their  In  the authority of science and  by  both  and  the  of  EHMs can be  as  movements’  concept  from  and   concept of   and    of   In the   of health care, EHMs  to  traditional  of social movements.  can     and expert  for    to  their own research when the  science research   not make their  a   EHMs often  on  scientists  by  with   to  the     and  the scientific  We have  the  of social movement  and  movements in our analysis of embodied health movements. The  of health social movements we introduced above  the question of  these conceptual tools for  the development and  of embodied health movements can be  to the other  of HSMs in the  A   across the  of HSMs, but in  of the    be    to be at  three  ways in which HSMs   First, they produce changes in the health care and public health systems, both in  of health care  social policy and regulation. Second, they produce changes in medical science,  the  of   new   to research and changes in   Third, health social movements produce changes in   by  to democratise those  that  medical research and policy-making   of these three  of HSMs,   et al. 2004).    of HSMs  to be more or   in  one  of  but not  is  further    use the  to  and introduce the contributions to this volume, we point to further questions that  be answered  the research    do HSMs   the broader   of public  in  In the first  David   out that HSMs, as well as the  of  and  medicine,  challenge the authority of medical knowledge.   the medical   of such challenges as       has a  in the  by HSMs, and the public more  that  is  by   and   specifically those of the  industry      These  forces are  in what   the  shaping of   which there is both greater  of social  advocacy  and greater  of the  of that   the  of HSMs  the movement  the public shaping of science,    a   of medical sociology and the sociology of      the challenges the  and   movement make to the authority of medical knowledge.    focus is on the  that  and   to these      a   of  different  In  on social movement and      health social movements can  access to formal    are often more      have many ways of  to social movement   as   a  contemporary  for the  of  in      the  of  activism    on the   the  and the    there an   social  In the       and   point  to a significant   the  of HSMs in  to  the   of when  were   significant they are for the   and  they  into a broader    This  up the important   social movements and social movement organisations, and   to   about what it   to  that a larger movement   et  article  to the emergence of a health  movement that  the lines of many different  and  This health  movement is  in the networks and  of  that  among individual health    analysis of    which   to  held in  across a   of social   with a  of different  and  of   research,  that we may  to  of HSMs  more    on social movement theory and science and  studies to develop the concept of a  of   development of this concept is significant in  of its  to focus analytical attention  a  of  and  which   of   is  and  both  and the  that  and   and across its  and     of a  of   to the movement  one    disease  who  to benefit from potential  in  research  while  allowing  to   and   as central  in the  In the   analysis    to   about the ways in which  political and scientific  participate in the  of  knowledge. In the  article we     health social movements often result in       and    detail the      and   recently, the   movement in the United States has  an even    these    et al.    one    and a  that may  them as  and       and an increasingly professional  The role these   in shaping the  and strategies of the   in the    they   to be studied further in  movements such as the medical  and   movements.  do  social movement   from a  of interest or support   this  the  of the  in the volume     of social movements. The  article  with   to the further development of a health social     of the   in the United     that  the fact that  more  with   to   can benefit the Association's  the  of personal  for the  movement  the same  and   as  so  of    to  the Association's  and its  to   the  of  research have  it from more    research  to important  for  other  movements  the   or the  of the   those   by the disease from  the  of the   do HSMs use   to  their  In     one of the most  and  health social movements, the       a   question of this  that can be extended to other health social movements:  do health social movements  use   to engage in    analysis  to the significance of the    to disease         be  to use the   or     by    as they  to   for further research into      research  a   to the  that  health activism is about   science   be central to many   all movements take   a broader   the    to  and   great significance for  scientific knowledge. The volume  with     of one         the   movement has  the  of   so that       public    social  and     with    a   experience from     work is significant in  of sociological  of   in that  most  work has  the  politicisation of       this politicisation  the  experience of   for one    this work  an important advance in the study of HSMs  its focus on the  of  social movement activism on the  illness     take  of  use of  experience as a  of social movement    these   to  a  body of  that HSMs are a  social phenomenon while   insight into the  of conceptual   for further analysis. The  of     explain the great range of   one   and   for all   of health  and  use   to   on the  they   the    the illness  of one  to  the  in which the experience of    over  as a result of changes in the  of    changes in medicine, changes in the public  and  awareness of   the emergence of the    and a specifically   of   In the   and  use    and  analysis to    in    to  and     with  from four social movements,  and  material.    analysis of   media and other      to the    and  the research in this volume   to the  for  and even   to the study of  and  health social movements.  health social movements offers insight into an  and powerful  of political   at  the health care system,   experience of illness and addressing broader social  of health and disease of   Health social movements challenge   and   in  to  public participation in social policy and regulation, and to democratise the production and  of scientific knowledge in medical science and public health  In  to  their goals, HSMs  an array of strategies and are  in the  they   of  The   of HSMs  their capacity to impact on scientific and policy  as they    with movements  other  such as the environmental   HSMs  a  range of  they engage in the    public health research,    such as     new  to medical science,   media  to  the  for  social change and true disease  and engage  the policy  to  public power to  and  industrial   activism in scientific knowledge production may  introduce potential    in scientific  is  this process can    and   that   be   political and    in scientific  may   among movement    those  on  with    to   more  and  access  other   it is important to  in  that as   to take science into their own  they    with some of the same  issues and  that they had     some health movement  have major  over  to take   to support their  This issue has been   for the environmental      have   to   from major     have  that  such   can  a  or   of interest and  the  of an   to  and  scientific   data regarding   for new   Other   address   such as  American  that work with scientists to  the presence of persistent  in human   In carrying out this research,  have sought to develop    that address the  of the  and not  individual   and they    ways to  individual and collective study  to the   and   Despite these  HSMs have  leveraged their embodied experience of illness and  a new  for  social movements can effectively engage in scientific knowledge   HSMs  as a    at  and  social policy and regulation in a  that  the socioeconomic and political  that   of health and disease among    was    the  of  to  from the    the  and     was  and  We  the  who gave    of the  and    for  The  were   to   of revision and    in our   research group have   our interest in health social movements, and have  in   about these  we are  to the            and   and         and",303,Health care; Social movement; Politics; Sociology; Public relations
https://openalex.org/W2763517524,https://doi.org/10.1016/s2542-5196(17)30118-3,Urban greenness and mortality in Canada's largest cities: a national cohort study,2017,Dan L. Crouse; Lauren Pinault; Adele Balram; Perry Hystad; Paul A. Peters,The Lancet Planetary Health,"BACKGROUND: Findings from published studies suggest that exposure to and interactions with green spaces are associated with improved psychological wellbeing and have cognitive, physiological, and social benefits, but few studies have examined their potential effect on the risk of mortality. We therefore undertook a national study in Canada to examine associations between urban greenness and cause-specific mortality. METHODS: We used data from a large cohort study (the 2001 Canadian Census Health and Environment Cohort [2001 CanCHEC]), which consisted of approximately 1·3 million adult (aged ≥19 years), non-immigrant, urban Canadians in 30 cities who responded to the mandatory 2001 Statistics Canada long-form census. The cohort has been linked by Statistics Canada to the Canadian mortality database and to annual income tax filings through 2011. We measured greenness with images from the moderate-resolution imaging spectroradiometer from NASA's Aqua satellite. We assigned estimates of exposure to greenness derived from remotely sensed Normalized Difference Vegetation Index (NDVI) within both 250 m and 500 m of participants' residences for each year during 11 years of follow-up (between 2001 and 2011). We used Cox proportional hazards models to estimate associations between residential greenness (as a continuous variable) and mortality. We estimated hazard ratios (HRs) and corresponding 95% CIs per IQR (0·15) increase in NDVI adjusted for personal (eg, education and income) and contextual covariates, including exposures to fine particulate matter, ozone, and nitrogen dioxide. We also considered effect modification by selected personal covariates (age, sex, household income adequacy quintiles, highest level of education, and marital status). FINDINGS: Our cohort consisted of approximately 1 265 000 individuals at baseline who contributed 11 523 770 person-years. We showed significant decreased risks of mortality in the range of 8-12% from all causes of death examined with increased greenness around participants' residence. In the fully adjusted analyses, the risk was significantly decreased for all causes of death (non-accidental HR 0·915, 95% CI 0·905-0·924; cardiovascular plus diabetes 0·911, 0·895-0·928; cardiovascular 0·911, 0·894-0·928; ischaemic heart disease 0·904, 0·882-0·927; cerebrovascular 0·942, 0·902-0·983; and respiratory 0·899, 0·869-0·930). Greenness associations were more protective among men than women (HR 0·880, 95% CI 0·868-0·893 vs 0·955, 0·941-0·969), and among individuals with higher incomes (highest quintile 0·812, 0·791-0·834 vs lowest quintile 0·991, 0·972-1·011) and more education (degree or more 0·816, 0·791-0·842 vs did not complete high school 0·964, 0·950-0·978). INTERPRETATION: Increased amounts of residential greenness were associated with reduced risks of dying from several common causes of death among urban Canadians. We identified evidence of inequalities, both in terms of exposures to greenness and mortality risks, by personal socioeconomic status among individuals living in generally similar environments, and with reasonably similar access to health care and other social services. The findings support the development of policies related to creating greener and healthier cities. FUNDING: None.",309,Demography; Census; Normalized Difference Vegetation Index; Cohort; Geography
https://openalex.org/W3013675945,https://doi.org/10.2196/17849,Health Equity in the Effectiveness of Web-Based Health Interventions for the Self-Care of People With Chronic Health Conditions: Systematic Review,2020,Sophie Turnbull; Christie Cabral; Alastair D Hay; Patricia J Lucas,Journal of Medical Internet Research,"BACKGROUND: Web-based self-care interventions have the potential to reduce health inequalities by removing barriers to access to health care. However, there is a lack of evidence about the equalizing effects of these interventions on chronic conditions. OBJECTIVE: This study investigated the differences in the effectiveness of web-based behavioral change interventions for the self-care of high burden chronic health conditions (eg, asthma, chronic obstructive pulmonary disease [COPD], diabetes, and osteoarthritis) across socioeconomic and cultural groups. METHODS: A systematic review was conducted, following Cochrane review guidelines. We conducted searches in Ovid Medical Literature Analysis and Retrieval System Online and Cumulative Index to Nursing and Allied Health Literature databases. Studies with any quantitative design were included (published between January 1, 2006, and February 20, 2019) if they investigated web-based self-care interventions targeting asthma, COPD, diabetes, and osteoarthritis; were conducted in any high-income country; and reported variations in health, behavior, or psychosocial outcomes across social groups. Study outcomes were investigated for heterogeneity, and the possibility of a meta-analysis was explored. A narrative synthesis was provided together with a novel figure that was developed for this review, displaying heterogeneous outcomes. RESULTS: Overall, 7346 records were screened and 18 studies were included, most of which had a high or critical risk of bias. Important study features and essential data were often not reported. The meta-analysis was not possible due to the heterogeneity of outcomes. There was evidence that intervention effectiveness was modified by participants' social characteristics. Minority ethnic groups were found to benefit more from interventions than majority ethnic groups. Single studies with variable quality showed that those with higher education, who were employed, and adolescents with divorced parents benefited more from interventions. The evidence for differences by age, gender, and health literacy was conflicting (eg, in some instances, older people benefited more, and in others, younger people benefited more). There was no evidence of differences in income, numeracy, or household size. CONCLUSIONS: There was evidence that web-based self-care interventions for chronic conditions can be advantageous for some social groups (ie, minority ethnic groups, adolescents with divorced parents) and disadvantageous for other (ie, low education, unemployed) social groups who have historically experienced health inequity. However, these findings should be treated with caution as most of the evidence came from a small number of low-quality studies. The findings for gender and health literacy were mixed across studies on diabetes, and the findings for age were mixed across studies on asthma, COPD, and diabetes. There was no evidence that income, numeracy, or the number of people living in the household modified intervention effectiveness. We conclude that there appear to be interaction effects, which warrant exploration in future research, and recommend a priori consideration of the predicted interaction effects. TRIAL REGISTRATION: PROSPERO CRD42017056163; https://www.crd.york.ac.uk/prospero/display_record.php?RecordID=56163.",54,Psychological intervention; Medicine; Psychosocial; Health equity; Health care
https://openalex.org/W2568309188,https://doi.org/10.21149/spm.v58i6.7923,Desigualdad en indicadores de enfermedades crónicas y su atención en adultos en México: análisis de tres encuestas de salud,2016,Juan Pablo Gutiérrez; Sebastián García-Saisó; Rodrigo Espinosa-de la Peña; Alejandra Balandrán,Salud Pública de México,"OBJECTIVE:: To analyze trends from 2000 to 2012 in socioeconomic inequalities in health related to diabetes and hypertension indicators in Mexico. MATERIALS AND METHODS:: Cross-sectional analysis of three national health surveys (2000, 2006 and 2012), measuring inequality using absolute and relative gaps as well as the Slope Index of Inequality for diabetes and hypertension indicators. RESULTS:: From 2000 to 2012, there is a reduction in the gap related to the prevalence of diagnosed diabetes and hypertension, with a parallel reduction in the inequality related to care for those conditions, while an inequality gradient on diabetes care remains. CONCLUSION:: While there is an evident progress in the reduction of inequalities for diabetes and hypertension diagnostic and care in Mexico, some inequalities remain. Given the contribution of these conditions to the burden of disease in the country, there is a need to strength the quality of health services that will promote effective access.",23,Inequality; Socioeconomic status; Medicine; Diabetes mellitus; Primary care
https://openalex.org/W4405585655,https://doi.org/10.1161/strokeaha.124.049474,Socioeconomic Status and Stroke: A Review of the Latest Evidence on Inequalities and Their Drivers,2024,Camila Pantoja‐Ruiz; Rufus Akinyemi; Diego Lucumí; Daniel Youkee; Eva Emmett,Stroke,"The latest research on socioeconomic status (SES) and stroke continues to demonstrate that individuals with low SES are at a higher risk of stroke, receive lower-quality care, and experience poorer outcomes. Despite growing evidence on the impact of SES on stroke, gaps remain in understanding the underlying mechanisms and the influence of SES in different contexts, particularly in low- and middle-income countries. This narrative review builds upon our previous reviews from 2006 to 2015, focusing on studies published since 2015 to update on the influence of SES on stroke. Reports from nationwide or population-based observational studies in the past decade have confirmed that these inequalities persist globally and have provided new evidence on their mechanisms. In high-income countries, inadequate control of cardiovascular risk factors (hypertension, diabetes, obesity, and dyslipidemia) among lower socioeconomic groups has been found to explain much of the inequality in stroke risk. Exposure to particulate air pollution (both environmental and indoor from solid fuel cooking) synergizes with cardiovascular risk factors, especially hypertension, as major causes in low- and middle-income countries. Lower SES is persistently associated with disparities in care and increased poststroke disability and mortality. Lower SES also exacerbates other causes of health inequality among women, ethnic minorities, and migrants. Addressing stroke inequalities requires an interdisciplinary approach. Targeting cardiovascular risk factors, providing equitable quality of acute and rehabilitative stroke care, enacting legislative measures, and implementing societal changes remain leading global priorities.",35,Medicine; Socioeconomic status; Stroke (engine); Dyslipidemia; Environmental health
https://openalex.org/W4221039283,https://doi.org/10.2337/dc21-2136,Incidence and Characteristics of Remission of Type 2 Diabetes in England: A Cohort Study Using the National Diabetes Audit,2022,Naomi Holman; Sarah H. Wild; Kamlesh Khunti; Peter Knighton; Jackie O’Keefe,Diabetes Care,"OBJECTIVE: To assess the incidence of remission of type 2 diabetes in routine care settings. RESEARCH DESIGN AND METHODS: People with type 2 diabetes (HbA1c ≥48 mmol/mol [6.5%] or <48 mmol/mol [6.5%] with a prescription for glucose-lowering medications) alive on 1 April 2018 were identified from a national collation of health records in England and followed until 31 December 2019. Remission was defined as two HbA1c measurements of <48 mmol/mol (6.5%) at least 182 days apart, with no prescription for glucose-lowering medications 90 days before these measurements. RESULTS: In 2,297,700 people with type 2 diabetes, the overall incidence of remission per 1,000 person-years was 9.7 (95% CI 9.6-9.8) and 44.9 (95% CI 44.0-45.7) in 75,610 (3.3%) people who were diagnosed <1 year. In addition to shorter duration of diagnosis, baseline factors associated with higher odds of remission were no prescription for glucose-lowering medication, lower HbA1c and BMI, BMI reduction, White ethnicity, female sex, and lower socioeconomic deprivation. Among 8,940 (0.4%) with characteristics associated with remission (diagnosed <2 years, HbA1c <53 mmol/mol [7.0%], prescribed metformin alone or no glucose-lowering medications, BMI reduction of ≥10%), incidence of remission per 1,000 person-years was 83.2 (95% CI 78.7-87.9). CONCLUSIONS: Remission of type 2 diabetes was generally infrequent in routine care settings but may be a reasonable goal for a subset of people who lose a significant amount of weight shortly after diagnosis. Policies that encourage intentional remission of type 2 diabetes should seek to reduce the ethnic and socioeconomic inequalities identified.",53,Medicine; Type 2 diabetes; Diabetes mellitus; Incidence (geometry); Metformin
https://openalex.org/W2402599050,https://doi.org/10.1093/eurheartj/ehw106,2016 European Guidelines on cardiovascular disease prevention in clinical practice,2016,Massimo Piepoli; Arno W. Hoes; Stefan Agewall; Christian Albus; Carlos Brotons,European Heart Journal,No abstract available.,6474,Medicine; Diabetes mellitus; Ambulatory blood pressure; Blood pressure; Internal medicine
https://openalex.org/W2900851032,https://doi.org/10.2188/jea.je20170206,Socioeconomic Disparity in the Prevalence of Objectively Evaluated Diabetes Among Older Japanese Adults: JAGES Cross-Sectional Data in 2010,2018,Yuiko Nagamine; Naoki Kondo; Kenichi Yokobayashi; Asami Ota; Yasuhiro Miyaguni,Journal of Epidemiology,"BACKGROUND: Studies on sex-specific socioeconomic gradients in objectively evaluated diabetes among older adults are scarce. METHODS: We used cross-sectional data of 9,893 adults aged 65 years and older in Aichi Prefecture without long-term care insurance from the Japan Gerontological Evaluation Study (JAGES) in 2010 (Response rate: 66.3%). We collected demographic, socioeconomic (income, years of education, and longest occupation) and behavioral information using a mail-in self-reported survey. Blood samples for the objectively evaluated diabetes and self-reported medical history were collected at annual municipal health checkups. Poisson regression analysis stratified by sex with multiple imputations was conducted to calculate prevalence ratio and 95% confidence interval. RESULTS: A clear income gradient in diabetes prevalence was observed among women, from 11.7% in the lowest income quartile (Q1) to 7.8% in the highest (Q4). Among men, the findings were 17.6% in Q1 to 15.1% in Q4. The prevalence ratios for diabetes with incomes Q1 to Q4 were 1.43 (95% confidence interval [CI], 1.07-1.90) for women and 1.16 (95% CI, 0.90-1.50) for men after adjusting for age and other socioeconomic factors. Even after adjusting for marital status, body mass index, other metabolic risk factors, and lifestyle factors, the income-based gradient remained among women. Education and occupation were not significantly associated with diabetes in the study population. CONCLUSIONS: Only women showed an income-based gradient in diabetes. Monitoring income gradient in diabetes is important in public health actions, even in older populations. Future longitudinal and intervention studies should evaluate the causal link of income to diabetes onset, determine the mechanisms of the potential sex differences in the income/diabetes association, and identify ways to mitigate the income-based inequality.",34,Medicine; Cross-sectional study; Socioeconomic status; Diabetes mellitus; Environmental health
https://openalex.org/W3049048617,https://doi.org/10.2147/dmso.s263571,&lt;p&gt;Incidence and Intensity of Catastrophic Health-care Expenditure for Type 2 Diabetes Mellitus Care in Iran: Determinants and Inequality&lt;/p&gt;,2020,Bakhtiar Piroozi; Amjad Mohamadi Bolbanabad; Ghobad Moradi; Hossein Safari; Shahnaz Ghafoori,Diabetes Metabolic Syndrome and Obesity,"BACKGROUND: The present study aimed to assess the prevalence and intensity of catastrophic health-care expenditures (CHE) relating to type 2 diabetes mellitus care and inequality in facing such expenditures in Iran. METHODS: A total of 1065 type 2 diabetes patients were included in this cross-sectional study. A multistage sampling method was used to select the samples. Data on sociodemographic characteristics, economic status, health and diabetic costs were collected using a self-constructed questionnaire. We used capacity to pay (CTP) of households to calculate the incidence of CHE due to diabetic care at four different thresholds. The mean positive overshoot (MPO) and overshoot were used to assess the intensity of CHE. The relative concentration index and slope index of inequality (SII) were used to measure socioeconomic-related inequalities in incidences of CHE. In addition, decomposition methods were used to identify the main factors affecting observed inequality in CHE. RESULTS: The incidence of CHE at the 10, 20, 30, and 40% of CTP thresholds for type 2 diabetes mellitus care was 57.5, 28.9, 16.5, and 11.4%, respectively. The results of CI and SII indices for CHE due to diabetic care indicated that the incidence of CHE was more prevalent among patients with lower socioeconomic groups. The decomposition analysis showed that the socioeconomic status, marital status and gender of patients were the main factors contributing to socioeconomic inequality in incidence of CHE among the poor. CONCLUSION: Our study demonstrated that the incidence and intensity of CHE due to diabetic care were relatively high, particularly among socioeconomically disadvantaged patients. Modification to the present health care financing strategies is recommended in order to protect lower socioeconomic groups against the financial burden of diabetic care.",17,Medicine; Socioeconomic status; Incidence (geometry); Type 2 Diabetes Mellitus; Demography
https://openalex.org/W2331247600,https://doi.org/10.1097/00002030-200302140-00001,Social health inequalities during the course of chronic HIV disease in the era of highly active antiretroviral therapy,2003,Rosemary Dray‐Spira; France Lert,AIDS,"Introduction High-income countries have seen major shifts in the HIV epidemic since the mid-1990s [1]. The dynamics of the epidemic have changed, with an increasing proportion of persons infected through heterosexual contacts and thus an increasing proportion of women living with HIV/AIDS. Moreover, the epidemic appears to have shifted towards more socially vulnerable populations: HIV is moving into poorer and more deprived communities, and the proportions of infected young adults belonging to ethnic minorities and of disadvantaged young women have increased sharply [1]. At the same time, the wide-scale diffusion of highly active antiretroviral therapy, known as HAART, first introduced in 1996, has led to rapid changes in the natural history of HIV disease. In most cases, HAART has slowed down or even stopped the progression toward AIDS and death that was so relentless and almost continuous before then. HIV infection has, therefore, become a chronic disease in settings where HAART has been widely introduced. Important problems accompany these new therapies, however: their efficacy largely depends on adherence to treatment; toxic effects are frequent and can severely reduce the quality of life and augment cardiovascular risks; the emergence of resistance to these drugs, which is promoted by poor adherence, results in treatment failures; finally, the complexity of these treatments is even greater in case of comorbidity, which is relatively common in these patients. In particular, co-infection with hepatitis C virus is widespread among intravenous drug users. For all of these reasons, the benefits of the most recent advances in HIV infection management may differ among groups of patients independently of their clinical characteristics, and this can lead to inequalities in the consequences of the disease in settings where HAART is widely used. In particular, socioeconomic characteristics may play a major role in these inequalities. The epidemiological study of these social inequalities may be approached from two points of view. The first approach looks at whether social characteristics influence the effects of the chronic disease on morbidity and mortality. The second considers the social consequences of chronic HIV infection: how does it affect the patient's social situation and do these consequences differ according to the patients’ baseline social characteristics? Social inequalities have already been reported in the context of other chronic diseases. We present here a summary review of the data available to document the existence of such inequalities in the particular context of chronic HIV infection, to characterize them and to attempt to understand how they are generated. Furthermore, we present an overview of current knowledge concerning social inequalities in the more global context of chronic disease in general. Social inequalities in the context of chronic disease Several chronic diseases, including various cancers [2–4], diabetes [5], rheumatoid arthritis [6–8], ischaemic heart disease [9] and self-reported limiting long-standing illnesses (LLI) [10,11] have served as a framework for the study of social inequalities. Studies have shown that socioeconomic characteristics significantly affect health status among patients living with a chronic disease. Survival after diagnosis of cancer and ischaemic heart disease has been shown to be associated with socioeconomic factors, including ethnic origin, social class and marital status, with the risk of death highest for minorities, the lowest social classes and the unmarried [2–4,9]. Potential causes have been suggested for these inequalities in survival, including differences in the degree of disease advancement at the time of diagnosis and treatment start, in the type of care and treatment prescribed, in treatment adherence and in associated comorbidity. No study has formally tested these hypotheses, however. Differences in the type of treatment according to ethnic origin have been reported among patients with ischaemic heart disease [12], chronic kidney failure [13] and breast cancer [14], with patients of ethnic minorities more likely than the others to receive suboptimal therapies. Level of social support has also been reported to be associated with survival after a diagnosis of breast cancer: patients with the highest level of social support have the lowest risk of dying [15]. A study conducted in Finland, however, showed that the social gradient in mortality observed in the general population did not appear among the population of diabetic patients. The authors concluded that the explanation probably lay in Finland's highly equitable health system, which provides equal treatment to all patients, regardless of their socioeconomic characteristics [5]. Further data report on the social impact of various chronic diseases and its variations according to socioeconomic characteristics. Several studies have shown that diabetes affects employment rates and resources to only a limited degree [16–18]. Rheumatoid arthritis, by comparison, is associated with high rates of disability and consequently with a decrease in income level [7,19,20]. The risk of disability among patients with rheumatoid arthritis increases with disease severity and duration of illness, reaching approximately 40% by 2 years after diagnosis [19,20]. Nonetheless, after adjustment for disease characteristics, patients with the lowest educational level, the poorest psychological status, the highest age and those with the most physically demanding work have a higher risk of disability than the others [7,8,20]. Studies conducted in the general population have also shown that self-reported LLI significantly affects employment. In the Netherlands, reporting a LLI was associated with increased job mobility for men and women and an increased risk of stopping work among men [21]. In the UK, two studies have shown that an economic downturn has the most adverse effect on employment rates among persons reporting a LLI, especially among the lowest social classes [22,23]. In Sweden, a study has found that the adverse social consequences of recession, including economic inactivity, unemployment and financial difficulties, are reported more frequently by workers with LLI and that, in this group, the risk of economic inactivity is higher among manual than non-manual workers [23,24]. Finally, chronic disease, and particularly rheumatoid arthritis, has been associated with a decrease in the size of patients’ social networks [8, 20,25]. Social inequalities in the course of chronic HIV infection Impact of social characteristics on health status and its determinants in the context of HIV infection Many prospective surveys aimed primarily at studying the prognosis of patients with HIV have focused secondarily on the influence of socioeconomic factors on the clinical and/or biological progression of the disease. Some of these studies have reported gender, ethnic group, transmission category, income level, occupational status or educational level to be associated with disease course [26–32], but these associations have not been reported consistently. The extreme diversity of studies in terms of methodology, population samples and cofactors considered suggests that a more systematic approach would be useful in studying the influence of social situation on HIV disease. The effect of socioeconomic factors may be explained by processes that were not considered when these various studies were planned. Several types of difference associated with sociodemographic characteristics may explain the social inequalities reported in these studies: Differences in access to health care The rapid evolution of antiretroviral treatments in recent years has made obvious the differences in health-care access among people with HIV. For example, in the United States and in Italy, the use of HAART has revealed differences in patient survival according to sociodemographic characteristics, differences that were undetectable in the absence of effective treatment [30,31]. In France, national AIDS case surveillance data showed that more than three quarters of the patients who developed full-blown AIDS during the first quarter of 2001 had never received any antiretroviral treatment: 52% had not been aware that they were HIV seropositive, 24% knew they were HIV infected but were not receiving treatment, and 24% were being treated [33]. Women and non-citizens were over-represented in the first two groups, a finding which suggests that access to HIV diagnosis and antiretroviral treatments was unequal even though both were available free of charge [34]. Differences in access to health care may occur at different steps of the process: the time until entering medical care, the type of health-care setting, the pattern of medical care use, the access to antiretroviral treatments, and the type of antiretroviral treatment. Time until entering medical care. Data from the United States and Europe have shown that delayed presentation for medical care for HIV infection is associated with ethnicity (belonging to an ethnic minority) and HIV transmission through heterosexual contact [32, 35,36]. Time to entering care includes the period between HIV infection and testing and the period between awareness of infection and presentation for primary medical care. The determinants of the duration for these two periods may be different. Health-care setting. Several studies have shown that the type of care and treatment depend on physicians’ experience with HIV infection [37,38]. In the United States, patients’ socioeconomic status [39] and whether they acquired HIV through drug injection [40] have been shown to determine these features. The physician's level of experience and access to antiretroviral treatments also depend on whether patients are followed in urban or rural areas [41]. However, for patients followed in the same type of health-care setting, sociodemographic characteristics do not affect their disease course, treatment adherence or type of treatment [42]. Pattern of medical care use. In the United States, ethnic origin, gender, HIV transmission category and socioeconomic status have been shown to be associated with patients’ pattern of care for their HIV infection [43]. Two major patterns can be distinguished: white non-drug user males tend to use outpatient clinics or private physicians, whereas women, minorities and drug users tend to use emergency rooms. Likewise, in France in 2001, use of a private physician and type of hospital have been shown to be associated with patients’ sociodemographic characteristics [44]. Access to antiretroviral treatments. Several years after the introduction of zidovudine therapy in 1987, a study reported that access to this new antiretroviral agent in the United States had been delayed among patients who were minorities, women and drug users [45]. Since 1996, many studies in the United States and Europe have reported that, for patients at the same disease stage, access to HAART depends largely on sociodemographic characteristics, including age, gender, ethnic origin, HIV transmission category, educational level, occupational status and socioeconomic status [30,38,43,46–52]. For drug users, access also depends on continued illicit drug use and enrolment in a drug treatment program [38,53–55] even though ease of access to medical care enhances HAART use among active drug users [56]. Guidelines for antiretroviral treatments define patients with a CD4 cell count < 500 × 106 cells/l as eligible for therapy. Nonetheless, in 1999 in Baltimore, as many as 32% of HIV-infected drug users had received no antiretroviral treatment 3.5 years after their CD4 cell count had fallen below this level [57]. This heterogeneity may be explained by differences in access to health care and by physicians’ reluctance to initiate complex long-term treatment in patients whose compliance is expected to be poor [54]. Type of antiretroviral treatment. Several studies in the United States and Europe have shown that, in the group of patients taking HAART, the probability of receiving a treatment that includes a protease inhibitor differs according to gender, ethnic origin, HIV transmission category (especially history of drug abuse), history of incarceration and treatment with psychiatric medications [51–53,57–59]. Differences in adherence to treatments HAART is a complex combination of long-term treatments and as such presents significant difficulties in adherence. Perceived treatment-related constraints and side-effects may depend on the way disease is managed socially, and in particular on whether the disease is kept secret from family and friends [60]. Strict adherence to HAART is crucial to maintain a low viral load and to prevent the development of drug-resistant virus [61]. Demographic and psychosocial factors are associated with the degree of adherence [61–65]. First, socioeconomic difficulties, especially those related to emotional stress and alcohol or drug abuse, negatively affect treatment adherence [64,66]. Patients in precarious situations may express their difficulty in disease management by poor adherence [60]. Nonetheless, poor adherence is also encountered among those in stable, comfortable socioeconomic situations [67]. Youth is associated with poor adherence [62], as is continued drug use [55]. Adherence in patients with a past history of drug use, however, is as good as in those with no drug use history [68]. Adherence to HAART also depends on dynamic factors such as duration of the disease, the complexity of the regimen, medication side-effects, interactions with the health-care system, and negative life events [61–65,69,70]. Differences in comorbidity HIV and hepatitis C virus co-infection, which is particularly widespread among drug users, may accelerate the course of both diseases [27,71–74]. Mortality studies in Western Europe and in the United States have shown that end-stage liver disease as a complication of hepatitis C virus infection has become the leading cause of death among HIV-infected people since 1998 [75–77]. The high risk of other comorbidity among these patients (i.e., psychiatric diseases [40,78], pulmonary infections [79–81], tuberculosis or other sexually transmitted diseases) may affect the HIV prognosis, either by direct interaction with it or because of the even greater complexity of the care needed, or both [40]. A recent study in the United States has reported that depression is associated with clinical and biological progression of HIV disease [82]; it does not, however, provide information on the mechanisms by which depression adversely influences the disease course. Does depression act directly on the neuroendocrine and immunological systems? Or does this action come from secondary changes in behaviour (e.g., drug abuse) or adherence to treatments or health-care use, or some combination of all or several of these? Comorbidity also affects non-HIV-related mortality. In Canada, for example, among patients infected with HIV through drug injection and prospectively followed from 1996, only 34% of the deaths have been related to HIV [83]. Differences in living conditions, life style and health behaviours Living conditions and life style have consequences that may directly affect the course of HIV infection. A recent study has reported that cocaine exerts a specific effect that enhances HIV replication [84]. Aspects of life style are also markers of risk for other diseases or injuries, such as tuberculosis, suicides, fatal overdoses or accidents This is especially true for intravenous drug use [85–87], alcohol and/or psychoactive substance abuse [86], early unemployment [88], poor socioeconomic conditions [89], homelessness [87,89,90], incarceration [91,92], social and affective isolation, recent immigration or emotional stress. Such factors may also influence behaviours with their own effects on health, including diet, exercise and smoking. These behaviours may further enhance some HAART side-effects, particularly metabolic disorders associated with lipodystrophy [93]. Moreover, in the context of chronic disease, systematic preventive care (e.g., dental or gynaecological follow-up) independent of the disease itself is essential. Living conditions and life style may have an impact on all of these health behaviours. Differences in psychosocial characteristics Only a few studies have focused on the influence of social support on the course of HIV disease, although it has been shown to affect survival in other chronic diseases [15]. A recent study in California (USA) reported that social support improved the survival of parents with HIV [28]. Social support has also been associated with the way of coping with HIV disease [94] and with quality of life [95]. Social impact of chronic HIV infection Impact on occupational status Studies in the United States [96,97], Europe [44,98,99] and Australia [100,101] have reported high unemployment rates, ranging from 45 to 65%, among people with HIV in the era of HAART. The impact of HIV infection on employment status is major. In Australia, 35–50% of subjects who had been HIV infected for several years reported that they had lost their job since the HIV diagnosis [100,101]. In 1999 in France, 75% of the AIDES association clients who were unemployed had lost their job since diagnosis [98]. Occupational status is associated with the severity of infection, with the sickest patients least likely to still be working. Nonetheless, characteristics other than health status, including socioeconomic and job characteristics, may also have an impact on occupational status during the course of the disease, as reported for other chronic diseases (see above). Early in the HIV epidemic, Yelin et al. [102] reported that, at comparable disease stage, patients with the highest risk of losing their jobs were those with physically demanding work, those who had low control over the pace and scheduling of their work activities and those belonging to ethnic minorities. The level of work security (type of contract) may also be determinant: according to Virtanen et al. [103], health-related work selection may be stronger among non-permanent than permanent employees. As the disease becomes chronic, those with HIV must attempt to normalize their lives, a task that includes the need to (re)enter the workforce [100,101,104]. Returning to work is likely to be more difficult for those with still other disadvantages for job-seeking, e.g., low qualification levels or little (or long-ago) work experience. Moreover, people who receive disability benefits and who are qualified only for insecure or casual jobs may be less likely to consider returning to work, since (re)entering the workforce might jeopardize their benefits and thus their financial situation [105]. Further considerations include their employers’ attitudes and tolerance as well as workplace  towards those with HIV  Impact on resources and  In Australia in  and  among a  of persons with high educational levels and living with   reported   below the    and  reported that their  had  after the   support    was the major  of income for   difficulties were independently associated with employment status,  health status and   Moreover,  reported they had  since the HIV  and  reported that their current  was  for their health  In two  of France,  of the    in 2001 for HIV infection care reported  below the   [44]. Impact on social  In France in 2001,  of a  of  who had been HIV infected for a  time of  years   [44]. This may  their situation before the HIV diagnosis or  from  that followed HIV  HIV infection also affects    especially  play a major  role for HIV-infected   than   of the  of  persons  in France reported that they had    in different  of their social life during the   years [44]. The  of  and of  the disease  and the  of family  may  between the different  of patients. For example,   may be stronger among women or minorities than among  or    effect on    HIV infection can be considered to  the patient's socioeconomic  in various  that  it is a risk  for  and   to   this  a dynamic process: the interactions between the patient's  the changes  by the  of  and the health-care  [60]. HIV disease,  other chronic diseases, causes  in the social and   of those   their  with time and with other people  The health-care  can  in different   social  where the disease is  from family and friends    as a  of  by   access to health-care   and   or by  social    contacts with   support groups,  Finally,  may be increased by the treatment, which can be  and have toxic   impact on social  also probably depends on how disease and health care have been  in    and  Data reported in this review    between health status, clinical characteristics,   and the living conditions and life style of people with chronic HIV disease. These  may have been  early in the  when the natural history of HIV infection  social  The diffusion of effective  since  and the   of HIV infection into a chronic disease have revealed the existence of social inequalities during the course of HIV infection. Such inequalities have also been reported for other chronic diseases, including  rheumatoid arthritis and ischaemic heart disease.   is the absence of reported social inequalities among patients with  probably related to disease  the  of a    treatment, the limited  clinical  and the low level of  Nonetheless, the mechanisms  in  social inequalities  largely   the  that social characteristics affect health status and access to health care among people living with a chronic disease appears to be  to  the impact of these social inequalities.  are several   HIV infection in  countries provides a particularly  framework for further study of the health inequalities  in chronic disease. First, the population  is particularly  and  in its social characteristics.  most of the subjects are young when they become  and their social status is still  this  time and  for many interactions between disease course and social  This is not the case for other chronic diseases such as  rheumatoid arthritis or ischaemic heart disease, which are likely to occur in persons more  in   in many  health care for HIV infection is  which appears to  only limited financial  to health-care  This review has  however, the  of the available data on the  the studies   in  the  of social characteristics in  surveys has  been   and most studies are  to a specific  of the population living with HIV/AIDS. Further studies conducted with   among persons living with  in countries where HAART has been  on a   would   to the study of the mechanisms  in social inequalities in the context of chronic diseases.",76,Antiretroviral therapy; Medicine; Human immunodeficiency virus (HIV); Disease; Viral disease
https://openalex.org/W3197233987,https://doi.org/10.1093/eurheartj/ehab484,2021 ESC Guidelines on cardiovascular disease prevention in clinical practice,2021,Frank L.J. Visseren; François Mach; Yvo M. Smulders; David Carballo; Konstantinos C. Koskinas,European Heart Journal,"The ESC Guidelines represent the views of the ESC and were produced after careful consideration of the scientific and medical knowledge and the evidence available at the time of their publication. The ESC is not responsible in the event of any contradiction, discrepancy and/or ambiguity between the ESC Guidelines and any other official recommendations or guidelines issued by the relevant public health authorities, in particular in relation to good use of healthcare or therapeutic strategies. Health professionals are encouraged to take the ESC Guidelines fully into account when exercising their clinical judgment, as well as in the determination and the implementation of preventive, diagnostic or therapeutic medical strategies; however, the ESC Guidelines do not override, in any way whatsoever, the individual responsibility of health professionals to make appropriate and accurate decisions in consideration of each patient's health condition and in consultation with that patient and, where appropriate and/or necessary, the patient's caregiver. Nor do the ESC Guidelines exempt health professionals from taking into full and careful consideration the relevant official updated recommendations or guidelines issued by the competent public health authorities, in order to manage each patient's case in light of the scientifically accepted data pursuant to their respective ethical and professional obligations. It is also the health professional's responsibility to verify the applicable rules and regulations relating to drugs and medical devices at the time of prescription.",6100,Medicine; Medical prescription; Health professionals; Health care; Ambiguity
https://openalex.org/W2954483041,https://doi.org/10.7326/m19-1510,Area Deprivation and Inequalities in Health and Health Care Outcomes,2019,Gopal K. Singh; Ching-Ching Lin,Annals of Internal Medicine,"Editorials16 July 2019Area Deprivation and Inequalities in Health and Health Care OutcomesGopal K. Singh, PhD, MS, MSc and Ching-Ching Claire Lin, PhD, MHSGopal K. Singh, PhD, MS, MScHealth Resources and Services Administration, U.S. Department of Health and Human Services, Rockville, Maryland (G.K.S., C.C.L.) and Ching-Ching Claire Lin, PhD, MHSHealth Resources and Services Administration, U.S. Department of Health and Human Services, Rockville, Maryland (G.K.S., C.C.L.)Author, Article, and Disclosure Informationhttps://doi.org/10.7326/M19-1510 SectionsAboutFull TextPDF ToolsAdd to favoritesDownload CitationsTrack CitationsPermissions ShareFacebookTwitterLinkedInRedditEmail Although the United States has made remarkable progress in improving the overall health of its population during the past several decades, substantial health disparities persist among various social groups and geographic areas, and in many instances, these disparities have widened over time (1). Despite the decline in mortality, persistent or increasing inequalities in life expectancy, infant mortality, all-cause mortality, and mortality from several major causes (such as cardiovascular disease, cancer, diabetes, respiratory disease, and HIV/AIDS) have been reported (2–8). To analyze health inequalities over time, many of these studies have used area deprivation indices (ADIs). Without reliable patient-level measures of ...References1. Singh GK, Daus GP, Allender M, et al. Social determinants of health in the United States: addressing major health inequality trends for the nation, 1935-2016. Int J MCH AIDS. 2017;6:139-64. [PMID: 29367890] doi:10.21106/ijma.236 CrossrefMedlineGoogle Scholar2. Singh GK. Area deprivation and widening inequalities in US mortality, 1969-1998. Am J Public Health. 2003;93:1137-43. [PMID: 12835199] CrossrefMedlineGoogle Scholar3. Singh GK, Siahpush M. Increasing inequalities in all-cause and cardiovascular mortality among US adults aged 25-64 years by area socioeconomic status, 1969-1998. Int J Epidemiol. 2002;31:600-13. [PMID: 12055162] CrossrefMedlineGoogle Scholar4. Singh GK, Siahpush M. Widening socioeconomic inequalities in US life expectancy, 1980-2000. Int J Epidemiol. 2006;35:969-79. [PMID: 16684899] CrossrefMedlineGoogle Scholar5. Singh GK, Azuine RE, Siahpush M, et al. All-cause and cause-specific mortality among US youth: socioeconomic and rural-urban disparities and international patterns. J Urban Health. 2013;90:388-405. [PMID: 22772771] doi:10.1007/s11524-012-9744-0 CrossrefMedlineGoogle Scholar6. Singh GK, Kogan MD. Persistent socioeconomic disparities in infant, neonatal, and postneonatal mortality rates in the United States, 1969-2001. Pediatrics. 2007;119:e928-39. [PMID: 17403832] CrossrefMedlineGoogle Scholar7. Singh GK, Siahpush M, Azuine RE, et al. Widening socioeconomic and racial disparities in cardiovascular disease mortality in the United States, 1969-2013. Int J MCH AIDS. 2015;3:106-18. [PMID: 27621991] MedlineGoogle Scholar8. Singh GK, Jemal A. Socioeconomic and racial/ethnic disparities in cancer mortality, incidence, and survival in the United States, 1950-2014: over six decades of changing patterns and widening inequalities. J Environ Public Health. 2017;2017:2819372. [PMID: 28408935] doi:10.1155/2017/2819372 CrossrefMedlineGoogle Scholar9. Jencks SF, Schuster A, Dougherty GB, et al. Safety-net hospitals, neighborhood disadvantage, and readmissions under Maryland's all-payer program. An observational study. Ann Intern Med. 2019;171:91-8. doi:10.7326/M16-2671 LinkGoogle Scholar10. Alpert JS. The role of the environment in health outcomes [Editorial]. Am J Med. 2018;131:1137-8. [PMID: 29959900] doi:10.1016/j.amjmed.2018.06.001 CrossrefMedlineGoogle Scholar Author, Article, and Disclosure InformationAffiliations: Health Resources and Services Administration, U.S. Department of Health and Human Services, Rockville, Maryland (G.K.S., C.C.L.)Disclaimer: The views expressed in this article are those of the authors and do not necessarily reflect the official policies of the Health Resources and Services Administration or the U.S. Department of Health and Human Services.Disclosures: Authors have disclosed no conflicts of interest. Forms can be viewed at www.acponline.org/authors/icmje/ConflictOfInterestForms.do?msNum=M19-1510.Corresponding Author: Gopal K. Singh, PhD, MS, MSc, Health Resources and Services Administration, U.S. Department of Health and Human Services, 5600 Fishers Lane, Room 13N42, Rockville, MD 20857; e-mail, [email protected]gov.Current Author Addresses: Dr. Singh: Health Resources and Services Administration, U.S. Department of Health and Human Services, 5600 Fishers Lane, Room 13N42, Rockville, MD 20857.Dr. Lin: Health Resources and Services Administration, U.S. Department of Health and Human Services, 5600 Fishers Lane, Rockville, MD 20857.This article was published at Annals.org on 2 July 2019. PreviousarticleNextarticle Advertisement FiguresReferencesRelatedDetailsSee AlsoSafety-Net Hospitals, Neighborhood Disadvantage, and Readmissions Under Maryland's All-Payer Program Stephen F. Jencks , Alyson Schuster , Geoff B. Dougherty , Sule Gerovich , Jane E. Brock , and Amy J.H. Kind Metrics Cited byDoes the place of residence influence your risk of being hypertensive? A study-based on Nepal Demographic and Health SurveyAssessing Risks of Early Childhood Caries in Primary Care Practice Using Electronic Health Records and Neighborhood DataGeographic Access to Pediatric Cancer Care in the USArea Deprivation Index is Associated with Variation in Quality of Life and Psychosocial Well-being Following Breast Cancer SurgeryCOUNTERPOINT: Is Considering Social Determinants of Health Ethically Permissible for Fair Allocation of Critical Care Resources During the COVID-19 Pandemic? NoThe association between area deprivation index and emergency department discharge rates and revisitsRisk Factors for Implant Removal After Surgical Fixation of Midshaft Clavicle FracturesAssessing and Augmenting Predictive Models for Hospital Readmissions With Novel Variables in an Urban Safety-net PopulationAssociation Between Neighborhood Disadvantage and Functional Well-being in Community-Living Older PersonsA novel virtual hospital at home model during the coronavirus disease 2019 (COVID-19) pandemicCrisis Standards of Care and COVID-19: What Did We Learn? How Do We Ensure Equity? What Should We Do?Crisis Standards of Care and COVID-19: What Did We Learn? How Do We Ensure Equity? What Should We Do?Association of Socioeconomic Disadvantage With Long-term Mortality After Myocardial InfarctionTo Understand the Disparities in Living Kidney Transplantation Outcomes, Look to the CommunityDiminishing disparities in U.S. crisis standards of care: Medical and legal challengesFactors Associated With Surgical Treatment of Nondisplaced or Minimally Displaced Scaphoid Waist FracturesThe Association Between Area Deprivation Index and Patient-Reported Outcomes in Patients with Advanced CancerStudy of lipoprotein(a) and its impact on atherosclerotic cardiovascular disease: Design and rationale of the Mass General Brigham Lp(a) RegistryThe geographic alignment of primary care Health Professional Shortage Areas with markers for social determinants of health 16 July 2019Volume 171, Issue 2Page: 131-132KeywordsDatabasesHealth careHealth promotionHealth services administration and managementInfantsLife expectancyMorbidityMortalitySocioeconomic statusSurveillance Epidemiology and End Results ePublished: 2 July 2019 Issue Published: 16 July 2019 PDF downloadLoading ...",53,Medicine; Life expectancy; Health equity; Gerontology; Health care
https://openalex.org/W4381799391,https://doi.org/10.1016/s0140-6736(23)01301-6,"Global, regional, and national burden of diabetes from 1990 to 2021, with projections of prevalence to 2050: a systematic analysis for the Global Burden of Disease Study 2021",2023,Kanyin Liane Ong; Lauryn K Stafford; Susan A. McLaughlin; Edward J. Boyko; Stein Emil Vollset,The Lancet,"BACKGROUND: Diabetes is one of the leading causes of death and disability worldwide, and affects people regardless of country, age group, or sex. Using the most recent evidentiary and analytical framework from the Global Burden of Diseases, Injuries, and Risk Factors Study (GBD), we produced location-specific, age-specific, and sex-specific estimates of diabetes prevalence and burden from 1990 to 2021, the proportion of type 1 and type 2 diabetes in 2021, the proportion of the type 2 diabetes burden attributable to selected risk factors, and projections of diabetes prevalence through 2050. METHODS: Estimates of diabetes prevalence and burden were computed in 204 countries and territories, across 25 age groups, for males and females separately and combined; these estimates comprised lost years of healthy life, measured in disability-adjusted life-years (DALYs; defined as the sum of years of life lost [YLLs] and years lived with disability [YLDs]). We used the Cause of Death Ensemble model (CODEm) approach to estimate deaths due to diabetes, incorporating 25 666 location-years of data from vital registration and verbal autopsy reports in separate total (including both type 1 and type 2 diabetes) and type-specific models. Other forms of diabetes, including gestational and monogenic diabetes, were not explicitly modelled. Total and type 1 diabetes prevalence was estimated by use of a Bayesian meta-regression modelling tool, DisMod-MR 2.1, to analyse 1527 location-years of data from the scientific literature, survey microdata, and insurance claims; type 2 diabetes estimates were computed by subtracting type 1 diabetes from total estimates. Mortality and prevalence estimates, along with standard life expectancy and disability weights, were used to calculate YLLs, YLDs, and DALYs. When appropriate, we extrapolated estimates to a hypothetical population with a standardised age structure to allow comparison in populations with different age structures. We used the comparative risk assessment framework to estimate the risk-attributable type 2 diabetes burden for 16 risk factors falling under risk categories including environmental and occupational factors, tobacco use, high alcohol use, high body-mass index (BMI), dietary factors, and low physical activity. Using a regression framework, we forecast type 1 and type 2 diabetes prevalence through 2050 with Socio-demographic Index (SDI) and high BMI as predictors, respectively. FINDINGS: In 2021, there were 529 million (95% uncertainty interval [UI] 500-564) people living with diabetes worldwide, and the global age-standardised total diabetes prevalence was 6·1% (5·8-6·5). At the super-region level, the highest age-standardised rates were observed in north Africa and the Middle East (9·3% [8·7-9·9]) and, at the regional level, in Oceania (12·3% [11·5-13·0]). Nationally, Qatar had the world's highest age-specific prevalence of diabetes, at 76·1% (73·1-79·5) in individuals aged 75-79 years. Total diabetes prevalence-especially among older adults-primarily reflects type 2 diabetes, which in 2021 accounted for 96·0% (95·1-96·8) of diabetes cases and 95·4% (94·9-95·9) of diabetes DALYs worldwide. In 2021, 52·2% (25·5-71·8) of global type 2 diabetes DALYs were attributable to high BMI. The contribution of high BMI to type 2 diabetes DALYs rose by 24·3% (18·5-30·4) worldwide between 1990 and 2021. By 2050, more than 1·31 billion (1·22-1·39) people are projected to have diabetes, with expected age-standardised total diabetes prevalence rates greater than 10% in two super-regions: 16·8% (16·1-17·6) in north Africa and the Middle East and 11·3% (10·8-11·9) in Latin America and Caribbean. By 2050, 89 (43·6%) of 204 countries and territories will have an age-standardised rate greater than 10%. INTERPRETATION: Diabetes remains a substantial public health issue. Type 2 diabetes, which makes up the bulk of diabetes cases, is largely preventable and, in some cases, potentially reversible if identified and managed early in the disease course. However, all evidence indicates that diabetes prevalence is increasing worldwide, primarily due to a rise in obesity caused by multiple factors. Preventing and controlling type 2 diabetes remains an ongoing challenge. It is essential to better understand disparities in risk factor profiles and diabetes burden across populations, to inform strategies to successfully control diabetes risk factors within the context of multiple and complex drivers. FUNDING: Bill & Melinda Gates Foundation.",4064,Burden of disease; Medicine; Diabetes mellitus; Disease; Disease burden
https://openalex.org/W2095757043,https://doi.org/10.5124/jkma.2013.56.3.184,Equity in health care: current situation in South Korea,2013,Hong‐Jun Cho,Journal of Korean Medical Association,"Health care has contributed improvement of health, however, it may aggravate health inequity if there is socioeconomic disparities in access to health care service or quality in health care. Health care interventions may cause health inequalities if there is difference in effectiveness among different socioeconomic groups (SEG) because of difference in access, diagnostic accuracy, provider and consumer compliance. In Korea, there are disparities in access to health care between urban and rural population due to geographical maldistribution of medical personnels and facilities. Health care financing was regressive due to reliance on health insurance contribution. Private insurance is more prevalent among higher income group. Health care utilization is more common among lower SEG, however differences nearly disappeared or changed to favor higher SEG when need is considered. This trend is more serious in elderly and for tertiary hospitals. Preventive services including hepatitis B vaccination and cancer screening showed inequality favoring higher SEG, however influenza vaccination among elderly showed opposite and national cancer screening program has reduced the gap. Quality of health care was worse among lower SEG with shorter survival for cancer patients after diagnosis or surgery, patients with myocardial infarction, ischemic and hemorrhagic stroke, hip fracture and burn among lower SEG. Moreover, checkup for diabetes complications and hypertension treatment were less complete among lower SEG. Every health policy should be equity sensitive. Monitoring on health care service equity should be introduced and measures to correct distal and proximal causes of health care inequity should be introduced.",32,Medicine; Health care; Health equity; Socioeconomic status; Psychological intervention
https://openalex.org/W2609642573,https://doi.org/10.1186/s12963-017-0132-6,Changing ethnic inequalities in mortality in New Zealand over 30 years: linked cohort studies with 68.9 million person-years of follow-up,2017,George Disney; Andrea Teng; June Atkinson; Nick Wilson; Tony Blakely,Population Health Metrics,"BACKGROUND: Internationally, ethnic inequalities in mortality within countries are increasingly recognized as a public health concern. But few countries have data to monitor such inequalities. We aimed to provide a detailed description of ethnic inequalities (Māori [indigenous], Pacific, and European/Other) in mortality for a country with high quality ethnicity data, using both standard and novel visualization methods. METHODS: Cohort studies of the entire New Zealand population were conducted, using probabilistically-linked Census and mortality data from 1981 to 2011 (68.9 million person years). Absolute (standardized rate difference) and relative (standardized rate ratio) inequalities were calculated, in 1-74-year-olds, for Māori and Pacific peoples in comparison to European/Other. RESULTS: All-cause mortality rates were highest for Māori, followed by Pacific peoples then European/Other, and declined in all three ethnic groups over time. Pacific peoples experienced the slowest annual percentage fall in mortality rates, then Māori, with European/Other having the highest percentage falls - resulting in widening relative inequalities. Absolute inequalities, however, for both Māori and Pacific males compared to European/Other have been falling since 1996. But for females, only Māori absolute inequalities (compared with European/Other) have been falling. Regarding cause of death, cancer is becoming a more important contributor than cardiovascular disease (CVD) to absolute inequalities, especially for Māori females. CONCLUSIONS: We found declines in all-cause mortality rates, over time, for each ethnic group of interest. Ethnic mortality inequalities are generally stable or even falling in absolute terms, but have increased on a relative scale. The drivers of these inequalities in mortality are transitioning over time, away from CVD to cancer and diabetes; such transitions are likely in other countries, and warrant further research. To address these inequalities, policymakers need to enhance prevention activities and health care delivery, but also support wider improvements in educational achievement and socioeconomic position for highest need populations.",38,Medicine; Ethnic group; Epidemiology; Public health; Health services research
https://openalex.org/W2980154349,https://doi.org/10.1186/s12939-019-1061-8,Socioeconomic disparities in access to intensive insulin regimens for adults with type 1 diabetes: a qualitative study of patient and healthcare professional perspectives,2019,Anne Scott; Alicia O’Cathain; Elizabeth Goyder,International Journal for Equity in Health,"BACKGROUND: Type 1 diabetes is a complex chronic condition which requires lifelong treatment with insulin. Health outcomes are dependent on ability to self-manage the condition. Socioeconomic inequalities have been demonstrated in access to treatment and health outcomes for adults with type 1 diabetes; however, there is a paucity of research exploring how these disparities occur. This study explores the influence of socioeconomic factors in gaining access to intensive insulin regimens for adults with type 1 diabetes. METHODS: We undertook a qualitative descriptive study informed by a phenomenological perspective. In-depth face-to-face interviews were conducted with 28 patients and 6 healthcare professionals involved in their care. The interviews were analysed using a thematic approach. The Candidacy theory for access to healthcare for vulnerable groups framed the analysis. RESULTS: Access to intensive insulin regimens was through hospital-based specialist services in this sample. Patients from lower socioeconomic groups had difficulty accessing hospital-based services if they were in low paid work and because they lacked the ability to navigate the healthcare system. Once these patients were in the specialist system, access to intensive insulin regimens was limited by non-alignment with healthcare professional goals, poor health literacy, psychosocial problems and poor quality communication. These factors could also affect access to structured diabetes education which itself improved access to intensive insulin regimens. Contact with diabetes specialist nurses and attendance at structured diabetes education courses could ameliorate these barriers. CONCLUSIONS: Access to intensive insulin regimens was hindered for people in lower socioeconomic groups by a complex mix of factors relating to the permeability of specialist services, ability to navigate the healthcare system and patient interactions with healthcare providers. Improving access to diabetes specialist nurses and structured diabetes education for vulnerable patients could lessen socioeconomic disparities in both access to services and health outcomes.",23,Medicine; Socioeconomic status; Health care; Qualitative research; Thematic analysis
https://openalex.org/W3096220157,https://doi.org/10.1002/wps.20826,Prioritizing <scp>COVID</scp>‐19 vaccination for people with severe mental illness,2020,Marc D. Binder; Victor Mazereel; Johan Detraux; Kristof Van Assche,World Psychiatry,"In the global race for a safe and effective COVID-19 vaccination, there are still many challenges that need to be addressed. One of these is being the initial scarcity of doses and the associated ethical considerations as to whom they should be distributed first. Recently, the National Academies of Sciences, Engineering, and Medicine have proposed an ethical framework for equitable allocation of COVID-19 vaccine in the US1. The World Health Organization, as well as several other entities, have produced similar frameworks. In the prioritization of vaccines, these frameworks endorse three universal ethical principles. A first principle concerns minimizing harm and maximizing benefit: an effective vaccine should reduce deaths, disease burden, and societal and economic disruption, and have a minimal side effect profile. The second principle advocates prioritizing populations that may experience disproportionately greater health burdens as a result of the COVID-19 pandemic: some groups are at higher risk of being infected with, dying of or having lasting sequelae of COVID-19, due to their age, profession, medical status or socioeconomic factors. The third principle relates to equal respect for every person, and requires that, in allocation and priority-setting, individuals are considered and treated as having equal dignity and worth. Individuals who, because of vulnerability or structural inequalities, would face barriers to accessing a vaccine, should be offered an equal opportunity to be vaccinated as compared to more privileged groups2. People of all ages with comorbid and underlying physical conditions, such as cardiovascular diseases, chronic obstructive pulmonary disease, type 2 diabetes mellitus, chronic kidney disease, obesity, immunodeficiency and cancer, are particularly vulnerable to morbidity and mortality due to COVID-19. The risk of premature death or severe morbidity in these patients is significant enough for the US National Academies of Sciences, Engineering, and Medicine to prioritize these patients in the allocation of vaccines1. Even without factoring COVID-19 into the calculation, people with severe mental illness, including schizophrenia, major depressive disorder and bipolar disorder, have a two to three times higher mortality rate than the general population, resulting in a 10-20 years reduced life expectancy, that appears to be widening. This is mainly attributable to physical diseases. There exists a large body of evidence showing that these people are more likely to develop a wide variety of physical diseases, such as cardiovascular diseases, type 2 diabetes mellitus, and respiratory tract diseases3. The risk for obesity, which is an important associated factor for mortality in patients with COVID-19, can be more than four times higher in people with schizophrenia and about one and a half times higher in those with major depressive disorder or bipolar disorder, compared to the general population3. Recent studies have shown that people with severe mental illness are at a heightened risk of morbidity and mortality from COVID-19. We therefore argue that they should also be prioritized in vaccine allocation. A case-control study with over 61 million patients found that people who were recently diagnosed with schizophrenia, bipolar disorder, major depressive disorder or attention-deficit/hyperactivity disorder showed very high odds ratios (5.7 to 7.6) of being infected with COVID-19, as compared to patients without mental disorders, even after adjustment for age, gender, ethnicity and the aforementioned medical conditions. These people are also at increased risk for COVID-19 complications, as reflected in higher rates of hospitalization and death4. Other recent studies5, 6 have confirmed these data. To put these findings into perspective with the example of the US: in 2017, there were an estimated 11.2 million adults aged 18 or older in the US with severe mental illness. Taking into account a mortality rate of 8.5% that has been found among COVID-19 patients recently diagnosed with a severe mental illness, this means that about 1 million of patients with severe mental illness in the US would die if all were affected by COVID-19. Severe mental illness is known to be positively correlated with many environmental variables which are themselves risk factors for COVID-19 infection, such as socioeconomic deprivation, working in unsafe environments, living in overcrowded settings or being homeless, institutionalization and confinement. Furthermore, stigmatization, discrimination, erroneous beliefs and negative attitudes associated with severe mental illness, as well as system factors, act as barriers to the recognition and management of physical diseases in people with severe mental illness7. Finally, persons suffering from a severe mental illness have more difficulties in following and applying the confusing and constantly changing rules and obligations that are established in relation to the fight against COVID-194, 8. It thus becomes clear why severe mental illness is a major risk factor for COVID infection and negative COVID-19 related outcomes. In light of this knowledge, and taking into account the second and third ethical principles that should guide vaccine allocation, we consider it paramount that persons with severe mental illness should also be prioritized to guarantee that they receive a COVID-19 vaccine during the first phase of its distribution. It is our responsibility as psychiatrists in this global health crisis to advocate for the needs of our patients with governments and public health policy bodies, as a position paper by the World Psychiatric Association recently stated9. In addition, public health bodies should develop and implement targeted programs to ensure that these patients and their health care providers are made aware of these increased risks as well as of the benefits of vaccination.",112,Dignity; Vaccination; Inequality; Pandemic; Harm
https://openalex.org/W2904214837,https://doi.org/10.2196/10925,Crossing the Digital Divide in Online Self-Management Support: Analysis of Usage Data From HeLP-Diabetes,2018,Shoba Poduval; Saddif Ahmed; Louise Marston; Fiona Hamilton; Elizabeth Murray,JMIR Diabetes,"BACKGROUND: Digital health is increasingly recognized as a cost-effective means to support patient self-care. However, there are concerns about whether the ""digital divide,"" defined as the gap between those who do and do not make regular use of digital technologies, will lead to increased health inequalities. Access to the internet, computer literacy, motivation to use digital health interventions, and fears about internet security are barriers to use of digital health interventions. Some of these barriers disproportionately affect people of older age, black or minority ethnic background, and low socioeconomic status. HeLP-Diabetes (Healthy Living for People with type 2 Diabetes), a theoretically informed online self-management program for adults with type 2 diabetes, was developed to meet the needs of people from a broad demographic background. OBJECTIVE: This study aimed to determine whether there was evidence of a digital divide when HeLP-Diabetes was integrated into routine care. This was achieved by (1) comparing the characteristics of people who registered for the program against the target population (people with type 2 diabetes in inner London), (2) comparing the characteristics of people who registered for the program and used it with those who did not use it, and (3) comparing sections of the website visited by different demographic groups. METHODS: A retrospective analysis of data on the use of HeLP-Diabetes in routine clinical practice in 4 inner London clinical commissioning groups was undertaken. Data were collected from patients who registered for the program as part of routine health services.. Data on gender, age, ethnicity, and educational attainment were collected at registration, and data on webpage visits (user identification number, date, time, and page visited) were collected automatically by software on the server side of the website. RESULTS: The characteristics of people who registered for the program were found to reflect those of the target population. The mean age was 58.4 years (SD=28.0), over 50.0% were from black and minority ethnic backgrounds, and nearly a third (29.8%) had no qualifications beyond school leaving age. There was no association between demographic characteristics and use of the program, apart from weak evidence of less use by the mixed ethnicity group. There was no evidence of the differential use of the program by any demographic group, apart from weak evidence for people with degrees and school leavers being more likely to use the ""Living and working with diabetes"" (P=.03) and ""Treating diabetes"" (P=.04) sections of the website. CONCLUSIONS: This study is one of the first to provide evidence that a digital health intervention can be integrated into routine health services without widening health inequalities. The relative success of the intervention may be attributed to integration into routine health care, and careful design with extensive user input and consideration of literacy levels. Developers of digital health interventions need to acknowledge barriers to access and use, and collect data on the demographic profile of users, to address inequalities.",37,Digital divide; Psychological intervention; The Internet; Digital health; Socioeconomic status
https://openalex.org/W2795110290,https://doi.org/10.1186/s12889-018-5269-0,Socioeconomic inequalities in cardiometabolic control in patients with type 2 diabetes,2018,Berta Ibáñez; Arkaitz Galbete; María José Goñi; Luis Forga; Laura Arnedo,BMC Public Health,"BACKGROUND: The aim of this study was to determine if the achievement of control targets in patients with type 2 diabetes was associated with personal socioeconomic factors and if these associations were sex-dependent. METHODS: This cross-sectional, population-based study was conducted in Spain. Glycated haemoglobin (HbA1c) level and other clinical parameters were obtained from electronic primary care records (n = 32,638 cases). Socioeconomic status was determined using education level and yearly income. Among patients, having their HbA1c level checked during the previous year was considered as an indirect measure of the process of care, whereas tobacco use and clinical parameters such as HbA1c, low-density lipoprotein cholesterol (LDL-c) and blood pressure (BP) were considered intermediate control outcomes. General linear mixed effect models were used to assess associations. RESULTS: The achievement of metabolic and cardiovascular control targets in patients with type 2 diabetes was associated with educational level and income, and socioeconomic gradients differed by sex. The probability of having had an HbA1c test performed in the previous year was higher in patients with lower education levels. Patients in the lowest income and education level categories were less likely to have reached the recommended HbA1c level. Males in the lowest education level categories were less likely to be non-smokers or to have achieved the blood pressure targets. In contrast, patients within the low income categories had a higher probability of reaching the recommended LDL-c level. CONCLUSIONS: Our results suggest the presence of socioeconomic inequalities in the achievement of cardiovascular and metabolic control that differed in direction and magnitude depending on the measured outcome and sex of the patient. These findings may help health professionals focus on high-risk individuals to decrease health inequalities.",25,Medicine; Socioeconomic status; Biostatistics; Type 2 diabetes; Epidemiology
https://openalex.org/W2123828906,https://doi.org/10.1093/ije/31.2.285,"A life course approach to chronic disease epidemiology: conceptual models, empirical challenges and interdisciplinary perspectives",2002,Yoav Ben‐Shlomo,International Journal of Epidemiology,What is a Life Course Approach to Chronic Disease Epidemiology?,2813,Epidemiology; Life course approach; Psychosocial; Context (archaeology); Disease
https://openalex.org/W2143115331,https://doi.org/10.1590/s1020-49892007000200006,Desigualdades socioeconómicas entre departmentos y su asociación con indicadores de mortalidad en Colombia en 2000,2007,Jesús Rodríguez García,Revista Panamericana de Salud Pública,"OBJECTIVES: To study the inequalities in various mortality indicators for the departments of Colombia with respect to national figures, and to identify associations between the departmental mortality indicators and departmental socioeconomic indicators. METHODS: To determine mortality rates and the Gini coefficient for mortality for the departments, data from the death registry were adjusted by the estimated registry coverage for each of the departments. Five socioeconomic indicators were selected: Gini coefficient for income distribution, Human Development Index, per capita gross domestic product, per capita social investment (in health care, etc.), and percentage of the population with health care services from the country's social security system. The differences among the departments were then studied and compared to the national averages. The Spearman's rank correlation coefficient was calculated to find associations between the mortality indicators and each of the five socioeconomic indicators. RESULTS: For Colombia overall, death registry coverage was estimated at 76%, with Chocó department having the lowest coverage (35%), and Caldas department the highest (88%). The associations between the Gini coefficient for mortality and four of the socioeconomic indicators studied were significant. The national mortality rate was significantly associated with one socioeconomic indicator. Death caused by diabetes mellitus was associated with all the socioeconomic indicators; death caused by undernutrition or by diarrhea, with four socioeconomic indicators; and death from traffic accidents, with two socioeconomic indicators. Homicide was not associated with any of the socioeconomic indicators studied. CONCLUSIONS: Adjusting the death registry data produced mortality indicators that were more valid for drawing associations with socioeconomic indicators. The Gini coefficient of mortality, mortality from undernutrition, and mortality from diarrheal diseases were more suitable indicators for evaluating the inequalities among the departments because of their higher levels of association with the socioeconomic indicators. Regarding diabetes-related mortality, the associations with all the socioeconomic indicators could be due to systematic errors that lesser-developed departments made when the cause of death was being assigned. A department is a large unit for analysis, which can make it difficult to identify associations between socioeconomic indicators and deaths due to homicide or traffic accidents.",22,Socioeconomic status; Gini coefficient; Demography; Mortality rate; Geography
https://openalex.org/W4226133548,https://doi.org/10.1016/s2666-7568(21)00301-9,A whole-population approach is required for dementia risk reduction,2022,Sebastian Walsh; Ishtar Govia; Lindsay Wallace; Edo Richard; Ruth Peters,The Lancet Healthy Longevity,"There are estimated to be more than 55 million cases of dementia globally, an increasing majority of which are in low-income and middle-income countries.1WHOGlobal status report on the public health response to dementia.https://www.who.int/publications/i/item/9789240033245Date: Sept 1, 2021Date accessed: December 13, 2021Google Scholar Dementia is characterised by progressive cognitive impairment, affecting a person's daily life beyond what would normally be expected from biological ageing. Dementia is therefore intrinsically linked to the sociocultural and temporal context of what ageing means to a population. In addition to devastation at the individual level, at a population level dementia is a leading cause of morbidity, health and social care costs, and mortality. The absence of effective treatments for dementia means that risk reduction is one of the key public health challenges of our time. The causes of dementia are multiple, complex, and overlapping. Intensive data collection and synthesis efforts over recent years have identified modifiable risk factors for dementia and shown that action on these risk factors has the potential to prevent a substantial proportion of cases, particularly in low-income settings.2Livingston G Huntley J Sommerlad A et al.Dementia prevention, intervention, and care: 2020 report of the Lancet Commission.Lancet. 2020; 396: 413-446Summary Full Text Full Text PDF PubMed Scopus (1261) Google Scholar This important work has led to the development of clinical trials of dementia risk reduction targeting individual behavioural change. Although many trials that are currently underway have yet to publish their results, those that have been published have reported mixed results.3Ngandu T Lehtisalo J Solomon A et al.A 2 year multidomain intervention of diet, exercise, cognitive training, and vascular risk monitoring versus control to prevent cognitive decline in at-risk elderly people (FINGER): a randomised controlled trial.Lancet. 2015; 385: 2255-2263Summary Full Text Full Text PDF PubMed Scopus (1477) Google Scholar, 4Andrieu S Guyonnet S Coley N et al.Effect of long-term omega 3 polyunsaturated fatty acid supplementation with or without multidomain intervention on cognitive function in elderly adults with memory complaints (MAPT): a randomised, placebo-controlled trial.Lancet Neurol. 2017; 16: 377-389Summary Full Text Full Text PDF PubMed Scopus (369) Google Scholar, 5van Charante EPM Richard E Eurelings LS et al.Effectiveness of a 6-year multidomain vascular care intervention to prevent dementia (preDIVA): a cluster-randomised controlled trial.Lancet. 2016; 388: 797-805Summary Full Text Full Text PDF PubMed Scopus (288) Google Scholar Geoffrey Rose's prevention paradox6Rose GA Khaw K-T Marmot M Rose's strategy of preventive medicine: the complete original text. Oxford University Press, New York, NY, USA2008Crossref Scopus (178) Google Scholar describes two broad approaches to prevention. The at-risk individual approach to prevention constitutes targeted interventions to identify individuals at high risk of disease. Individuals identified as being at high risk can then be educated about their risk and supported to take steps to reduce it. The whole-population-based approach to prevention involves interventions that aim to reduce everyone's risk across society. These interventions tend to induce unconscious behavioural change because the most convenient course of action is now a healthier one. The current trials use the at-risk individual approach. These trials have enrolled late midlife and older individuals at risk of developing dementia, with interventions designed to intensively control risk factors such as cardiovascular or cardiometabolic disease, to increase physical activity and healthy dietary patterns, and to address low cognitive stimulation. Such trials are helpful in providing empirical, interventional evidence of dementia's preventability. Additionally, the high prevalence of these risk factors in modern societies mean that a substantial proportion of the target population are eligible to participate. However, an exclusive focus on such approaches, which neglects whole-population-based approaches, will be insufficient to substantially reduce dementia incidence at the population level. We need whole-population-based approaches for three reasons. First, dementia and its modifiable risk factors are highly prevalent. To substantially reduce the absolute burden of disease, we require scalable interventions that efficiently apply available resources to very large numbers of people. Second, dementia occurs as a result of cumulative exposure to multiple risk factors across the life course. Whole-population-based approaches affect the contexts and environments in which people live, work, and play. Thus, they have the potential to reduce the whole risk profile in the whole population across the life course. Third, dementia incidence follows a socioeconomic gradient,7Kivimäki M Batty GD Pentti J et al.Association between socioeconomic status and the development of mental and physical health conditions in adulthood: a multi-cohort study.Lancet Public Health. 2020; 5: e140-e149Summary Full Text Full Text PDF PubMed Scopus (130) Google Scholar and interventions should therefore aim to reduce inequalities. Whole-population-based approaches offer three key advantages here. The first advantage is that they generally require passive engagement and can be designed to be most applicable to individuals from deprived backgrounds. This approach avoids healthy volunteer bias, in which individuals most likely to engage when active enrolment is required are more affluent. Another advantage is that they do not necessitate identification of individuals at high risk of disease, which requires data that are less likely to be available in resource-constrained contexts. The third advantage is that they tend to drive unconscious behavioural change. Unconscious behavioural change (eg, finding yourself exercising more because of the provision of high-quality green spaces in your previously under-served community) is less reliant on cognitive, social, and material resources than interventions that target conscious behavioural change (eg, choosing to go to an exercise class). The resources required for conscious behavioural change are not evenly distributed within our global societies, meaning that approaches reliant on these resources will widen health inequalities.8Marteau TM Rutter H Marmot M Changing behaviour: an essential component of tackling health inequalities.BMJ. 2021; 372: n332Crossref PubMed Scopus (21) Google Scholar The current policy focus, favouring individual-level approaches, will increase inequalities (both within and between countries) and have a relatively small effect on the absolute incidence of disease. A key question, therefore, is what should balanced (both individual-level and population-level approaches) dementia risk reduction look like? The figure considers how policies addressing some modifiable risk factors for dementia might differ according to these two approaches. Both approaches are necessary but insufficient separately. Notably, the examples of whole-population-based approaches require engagement from a much broader range of stakeholders, including national and local governments, industry, the education sector, town planners, and workplaces. Whole-population-based approaches are therefore often seen as political compared with the relatively biomedical individual-level approaches. It is also important to see this work in the context of the broader non-communicable disease agenda, as many of the risk factors listed in the figure are also risk factors for other prevalent diseases such as type 2 diabetes, ischaemic heart disease, and stroke—although other risk factors are relatively exclusive to dementia. Given the association of dementia and its risk factors with low socioeconomic status, it is important to note that adopting whole-population-based approaches does not mean an absence of targeting. Michael Marmot's “proportionate universalism” calls for whole-population approaches, but with a scale and an intensity that are proportionate to the level of disadvantage.9Marmot M Bell R Fair society, healthy lives.Public Health. 2012; 126: S4-10Crossref PubMed Scopus (381) Google Scholar For example, a local government might decide to increase active commuting by investing in, and maintaining, high-quality off-road cycle paths from the suburbs to the city centre, and subsidising cycling equipment. But it might weight this funding on the basis of socioeconomic deprivation, such that the greatest investment goes into the poorest neighbourhoods, where physical activity levels are likely to be lowest. A national government might wish to increase the levels of formal education received for all citizens by introducing a minimum number of years of schooling. Recognising that poorer families rely on the income of teenage children entering the workforce, financial support would be provided to families below an income threshold. The International Research Network on Dementia Prevention (IRNDP), established in 2017, has a goal to “link researchers globally to foster new research and accelerate knowledge translation that will delay or prevent dementia worldwide”. So far, expert IRNDP research groups have led on observational research to identify risk factors, evidence synthesis, and individual-based clinical trials. Now we establish a new expert IRNDP research group: Population-based Approaches to Dementia Risk Reduction. Recognising the increasing burden of dementia in low-income and middle-income countries, and the association of dementia and its risk factors with socioeconomic status in high-income countries, explicit focus will be on research relevant to resource-constrained contexts. This research group aims to balance the global approach to dementia risk reduction, without which we cannot hope to reduce the absolute burden of dementia for future generations. We declare no competing interests. Ethics, evidence, and the environment in dementia risk reduction – Authors' replyTimothy Daly's response to our Comment1 introduces three important considerations that we welcome. Full-Text PDF Open AccessEthics, evidence, and the environment in dementia risk reductionThe Comment by Sebastian Walsh and colleagues on dementia risk reduction for The Lancet Healthy Longevity makes a convincing case for a shift away from individualistic lifestyle interventions to a whole-population approach, which considers both conscious behavioural changes and structural policy changes within society.1 Although the authors provide concrete pragmatic measures at both of these levels, there are three considerations worthy of further reflection on the way to a risk-reducing society. Full-Text PDF Open Access",90,Dementia; Reduction (mathematics); Medicine; Computer science; Business
https://openalex.org/W3049258024,https://doi.org/10.1097/j.pain.0000000000001869,The Lancet Series call to action to reduce low value care for low back pain: an update,2020,Rachelle Buchbinder; Martin Underwood; Jan Hartvigsen; Christopher G. Maher,Pain,"1. Introduction The 2018 Lancet Low Back Pain Series, comprising 3 papers written by 31 authors from disparate disciplines and 12 different countries, raised unprecedented awareness of the rising global burden of low back pain partly attributable to poor quality health care.12,30,44 Many people with low back pain get the wrong care, causing harm to millions across the world and wasting valuable health care resources. Based upon an up-to-date, evidence-based synthesis, the series described current guideline recommended care of low back pain, and new strategies that show promise, but require further testing, to reduce low value care. We also proposed a series of actions needed to reverse the alarming global rise in low back pain disability. A better understanding of low back pain in different cultures and changes to the way care for low back pain is delivered and the way clinicians are reimbursed are key to reversing this problem. To reach all relevant stakeholders, we devised a well-planned and thorough media strategy to facilitate promotion of the series. This included not only Lancet staples such as a Lancet social media card, structured press release, and Lancet podcast distributed to about 2000 journalists but also email banners, country media focal points who could provide country-specific information, a set of global key messages that were modified for country-level use, a twitter hashtag of the series, #LowBackPain, and a schedule of suggested tweets to be used by authors over the 48 hours before and after the publication of the series. The series was also made free to download (see https://www.thelancet.com/series/low-back-pain). The success of this approach is evident by the unprecedented media coverage it received with all 3 articles achieving Altmetric scores in the 99th percentile. There was media coverage in at least 17 countries including wall-to-wall coverage in the United Kingdom, Australia, and Denmark. Furthermore, interest in The Lancet Low Back Pain Series has persisted as evident by continued attention from major media outlets. For example, The Economist published an article entitled “Back pain is a massive problem which is badly treated” on 18 Jan 2020,17 accompanied by a “Leader” (editorial opinion) on the topic. This review, invited to coincide with a plenary at the 2020 World Congress on Pain, outlines and discusses some of the main messages from The Lancet Low Back Pain Series, with a focus on pertinent positive and negative developments since it was published. 2. Low back pain is still the number one cause of disability in the world Low back pain is a common problem affecting all age groups from children to the elderly. While highly disabling in only a very small proportion of those affected, its high prevalence means that in 2015, low back pain was responsible for 60·1 million disability-adjusted life-years; a 54% increase since 1990, with the biggest increase seen in low-income and middle-income countries.44 In the latest data from the Global Burden of Disease Project published in 2017, the global point prevalence of low back pain was 7.8%, meaning that 577 million people are affected at any one time.38,37 Focusing on Africa, a 2018 systematic review (65 studies) found the lifetime, annual, and point prevalence of low back pain was 47% (95% confidence interval [CI] 37-58), 57% (95% CI 51-63) and 39% (95% CI 30-47), respectively, comparable or higher than what has been observed in population studies in high income countries.67 Low back pain remains the leading global cause of disability overall and in both males and females, accounting for 7.6% or 42.5 million years lived with disability across all age groups, topping the list of causes of disability in 126 of 195 countries and territories in 2017.38 It is also very costly. For example, a recent study estimated that US$134.5 billion was spent on health care for low back and neck pain in 2016 in the United States, the most out of 154 conditions studied, and this had increased by 6.7% annually between 1996 and 2016.25 As we outlined in the first article in The Lancet Series,44 disability from low back pain is highest in working age groups worldwide. It is the commonest cause of medically certified sick leave and early retirement in Europe4 and accounts for more lost workdays than any other musculoskeletal condition in the United States.87 It also hampers productivity growth. For example, Schofield et al. demonstrated that back pain is the most common health condition forcing older Australians to retire involuntarily.75 Both the development of disabling low back pain, as well as early retirement due to chronic symptoms, is overrepresented among people with lower socioeconomic status and education attainment,59,80 The condition contributes to the cycle of poverty and social inequality. In Australia, regardless of labour force participation, those with back problems are more likely to be in income poverty compared to those without chronic health problems.76 Compared to those with back problems who remain in the work force, those who are not working due to back problems are 90% more likely to be in income poverty.76 In poorer regions of the world, the contribution of disabling low back pain to the poverty cycle is worse because of the greater prevalence of informal employment, limited possibilities for job modification, absent or poorly monitored occupational musculoskeletal health policies, and the lack of social support systems. For example, in a study of 500 farmers in rural Nigeria, more than half had reduced their farming workload and one in 3 had been absent from work in the past year because of low back pain.28 An ethnographic study of villagers in Botswana found that low back pain as well as other musculoskeletal symptoms results in both economic and subsistence consequences.64 For the vast majority of people with low back pain, it is currently not possible to accurately identify specific causes or nociceptive sources. Risk factors and triggers for episodes of nonspecific low back pain include previous episodes of back pain, the presence of other chronic conditions such as asthma, headache, and diabetes, poor mental health (including psychological distress and depression), genetic influences, as well as awkward postures, lifting, bending and heavy manual tasks, and being tired or being distracted during an activity.44 Smoking, obesity, and low levels of physical activity, all related to poorer general health, are also associated with occurrence of low back pain episodes.77–93 Low back pain is a chronic condition with a variable course characterised by often recurrent but transient episodes of low back pain.44 Across all categories of low back pain, there are multiple factors that can contribute to the persistence of disabling pain including genetic, biophysical, psychological, and social factors and coexisting comorbidities. Many of these prognostic factors are shared with other regional musculoskeletal conditions,41 and co-occurrence of low back pain with pain at other sites is also common. How pain is processed, experienced, and understood has a central role in the development and maintenance of disabling pain.60 Studies of Latino-American immigrants in the United States and of Australian Aboriginals also found that exposure to a more biomedical interpretation of low back pain increased disability by shifting previous beliefs that back pain is a benign and normal part of everyday life towards back pain being a medical condition that requires attention and treatment.13,62 3. Many patients with low back pain are still receiving the wrong care A 2018 systematic review that included 14 studies mostly from the United States (6 studies), United Kingdom (3 studies), and other high-income countries found that overall more than 50% of people with low back pain seek care annually and 30% have sought care within the past month.5 Proportions were similar irrespective of whether the study included workers or the general population, but rates did vary by setting, eg, 67% (95% CI 50-84) in the United States vs 48% (95% CI 33-63) in Europe. These data are very concerning as much of modern back pain care is ineffective and some care is harmful. The surge in global low-value care for low back pain that includes presentations to emergency departments, liberal use of diagnostic imaging, opioids, spinal injections, and surgery has also led to skyrocketing medical and human costs. A 2012 study in a US Veterans Affairs Health Care facility found that 59% of outpatient lumbar spine scans were inappropriate.3 This suggests that unnecessary lumbar spine magnetic resonance imaging scans for people not suspected of having a serious condition cost $US300 million per year in the United States. This is supported by a 2019 systematic review (14 studies) which found evidence that imaging is associated with higher medical costs, increased health care utilization and more work absence compared with nonimaged groups.61 Despite little evidence to support its use for most back conditions,43 and a 20% failure rate,91 another US study estimated that $US12.8billion was spent on spinal fusion surgery in 2011, the highest aggregate hospital costs of any surgical procedure.92 As outlined in the second article in The Lancet Series, the global gap between evidence and practice relates to both overuse of low-value care as well as underuse of high-value care and is apparent across all income settings.30 We highlighted the discordance between 10, highly consistent, international guideline recommendations and current clinical practice, by providing examples from both high-income and low-income or middle-income settings. Although most is known about the size and nature of the evidence-practice gaps in high-income countries, and particularly in the United States due to a number of large robust studies, emerging evidence from low-income and middle-income countries indicates similar problems in these settings. A 2020 population study in Central Ethiopia (N = 1812) found that 30% (95% CI 27.9-33.2) of the population had sought health care for low back pain in the previous year.6 Of these 77% were treated with injected medications. There was a strong relationship between educational level and receiving back pain treatment, with those with a degree more likely to receive treatment compared to people with no education (adjusted proportion ratio = 1.68 [95% CI 1.44-1.99]). Surprisingly and unexplained, health care use was higher in rural compared with urban populations (adjusted proportion ratio = 1.69 [95% CI 1.44-1.99]). A 2019 systematic review (6 studies) found that management pathways in African countries typically favour treatment approaches with ineffective passive treatment modalities.1 The authors identify a need for culturally sensitive and context-specific biopsychosocial interventions. A 2020 survey of physiotherapists in Nigeria found that although 79% were aware of clinical practice guidelines for treatment of low back pain, just 28% reported adhering to these when treating people with low back pain.2 A 2018 qualitative study of unconventional healers in rural Nigeria found that passive treatments linked to a spiritual or biomedical understanding were typically advised.51 At the other end of the health care spectrum, invasive non–evidence-based treatments, such as sacroiliac joint injections, are being offered to some people with low back pain in Ghana.81 Major international clinical guidelines have moved away from medicalized management of low back pain and prioritized nonpharmacological approaches as first line care.82,83 However, a recent consensus statement for the assessment and management of chronic nonspecific low back pain by the Chinese Association for the Study of Pain recommended pharmacological therapy as first-line treatment and continue to recommend medicines and interventional therapies that have either been proven to be ineffective and where harms may outweigh benefits, or are of unknown efficacy.63 With increasing development and improved educational attainment in low-income and middle-income countries, there is a real risk that there will be massive increases in inappropriate care for low back pain and increased disability. 3.1. Opioids and gabapentinoids We highlighted in The Lancet Series one of the most disastrous examples of harmful medical care for low back pain—prescription opioids. We identified extreme overuse in some (eg, United States) but not all (eg, Japan) high-income countries, but lower income countries appeared to have very low rates of use.30 Now, a Los Angeles Times investigation has revealed that aggressive marketing appears to be leading to new epidemics of opioid prescribing in low-income and middle-income countries.73 There is also evidence of illicit trade, particularly of the drug tramadol in Africa.86 For example, in Egypt, about 100,000 people are addicted to opioids, with half of them using tramadol, while two-thirds of people treated for addiction in Egypt's state institutions are addicted to Tramadol.86 We also now have more evidence that adding opioids to a nonsteroidal anti-inflammatory drug  not   for people with low back  This was most  demonstrated in a series of  by  et   patients  to the emergency  with low back  The   also  that an opioid strategy was not more  than a  strategy in patients with chronic low back pain   to  pain from  or   while it was also more likely to cause   Although the high rates of opioid prescribing are now  to  in some high-income countries such as the United  and the United   opioid  is being  for or used with  In  the number of  for  and  were 30% and   respectively, in the 12  to  2019 than the 12  to   In one study of  patients  to a pain  in the  of   were  an  over half of   were also on  while  of those on  therapy were on high  of both   only  the evidence not support use of gabapentinoids for nonspecific low back pain   studies in both  and  have reported an increased number of   associated with  opioid and   This increase in prescribing may be  by a  that these are   with some authors  the  that gabapentinoids are   in the general  This is  of the  of the US   where   in an article in the   entitled   of    that it was  to  addiction in people using opioids for chronic pain  on very limited  The World Health     guidelines  to opioid use, now  that  had been  by     but  therapies for low back    and   In  high-income countries, there has been an increased  of the use of    It is now possible to  these on  in some     for Health and  Care  did not  any    of  to  low back pain and   their use for chronic pain in   the  for   an     in the United Kingdom,  a  in 2019  there was evidence that    had a   for  However, another  from the    that   evidence now   that   is not  is well  by the human  and  no health  from   Studies    use of   and opioids among people with chronic   A    study found   had greater pain and lower  in  pain, and there was no evidence it reduced pain  or  or  an   There is  an  need to   and   about  and   to  the  aggressive marketing approaches for   that  the opioid  a new prescribing  may be   medicines such as    or      lumbar  or    to      However, there is only a  relationship between   and the  of low back pain (eg,   is  in 54% of those  with low back pain and  of those who are   which means that   these      are  to  low back pain for most  A 2019 systematic review of  studies identified  studies  on clinical  from   treatments for low back  However, these were  in  of both   and  and only one     =  was  The  authors reported small  of    over   with no   The current evidence  is   to support the use of    for people with low back    new therapies or treatment approaches   of  therapies such as    and sacroiliac joint  have been  but it is   to  these   only are     the   had major  For example, the      to   of its 3   and did not  on the   the authors  that the therapy had  clinical  which points to   review and lack of   Although the    of sacroiliac joint fusion  results  fusion over   the absence of a   and lack of   may  the observed   published   have also  to  the  results of the   of  therapies such as  as treatment of low back pain in people with   and     as treatment of  low back pain of     the    to     which    upon physical and   to   with physical   also  to  the positive  observed in the    Back  This  the  of    in the  and different health care settings. A  is that   often  not    as a high  and    can be  There has been aggressive promotion of  low back pain as a  of nonspecific low back   the  of the most  used  to   pain,   has been found to be  In  there is now greater  that  medicines are not  for low back pain but are associated with    pain  education is  particularly among  but a recent    it was no more  than  education in patients  receiving  first-line care  to       of spinal       of the  spent on low back pain is  and better  level and   are needed   is  being  on a global  to  the rising burden of low back  The  and burden of   now  outweigh that of    and  in most   when   strategies for  and management of   only half of  for   and     musculoskeletal health and low back pain,  those being the most    The Lancet Series identified   that included   of  practice, the  of clinical   health and occupational care, changes to   and  and  health and    we also  that most were not   for   as the evidence  them was    to reduce overuse of imaging for low back pain, a major  of   and   have not  with much success to   imaging rates is  and strategies  be  towards the   and health care    imaging  to  a  for their  clinicians  imaging because of  beliefs and    from   of  and   and health  continue to  liberal  to imaging  because of   and  from  Global  to  health care  and  such as   are    imaging for low back     of these  have not  been well  A 2019   of a  strategy  to reduce general   for  and    scans that was  by the Australian    in  reported a    in lumbar spine  scans over that   to a cost  to the  of  Based upon an estimated cost of the  which was delivered to   general   of all  general  in  the  cost  per      on   were  and it is not known whether or not there was any  of  scans by medical   for magnetic resonance    of  strategies to  better clinical management and  for people with back pain have  In   a     found that a strategy that  general  to provide evidence-based education and  and  early  and management of  to        did not     compared with   However, it did  general   with low back pain  and further  are needed to  whether or not it  reduce unnecessary health care use, increase work participation, and  economic  A   study of a spine care  that   spine care recommendations  in one  care practice    care  but not another    care  reported a  in health care  mostly attributable to reduced spine surgery   utilization was also reduced while manual care costs were    have been made to provide  on    upon    by evidence for  in the  For example, in  the   demonstrated that  physiotherapists in  a    of  and  to people  care for  back pain was  using a  of   and an   in a   providing support for a   In  the  Back   of a structured  education and   was found to be  to  and  are being monitored  a clinical  in a    Although there is no evidence  that these approaches are  to current  care,  are being  on the  that  of education and  may be   by clinicians   being  about  to  these strategies in their practice  health systems.  studies have   clinical pathways for low back pain and other musculoskeletal  such as    or  and management of patients on    Although the results have been  with  to reduced   and  and   with the care  there is still  evidence from high quality studies that  are    compared with       countries  the Global  Care  to   for  of evidence-based care for spine pain and disability  The  includes a   and  and outlines  for   is currently being sought for  studies that can  the  and  of this  in   and low-income  In  of the evidence that  to     the risk of    of low back pain, it will be particularly  to  the  of the  in low-income and middle-income  and the  of   and  will be    the  of the  for  The   of The Lancet Low Back Pain Series proposed a set of actions to  the major global  of disabling low back  We  the need to  harmful  while   to  and  health care for   proposed actions to  these  are outlined in  1. Of the  actions we  these were the  that  as the most  during   presentations and   of the    is also likely to reduce the overall burden of musculoskeletal conditions  that  attributable to low back pain due to the  shared  in biopsychosocial risk  for pain and    low back pain  may have limited  on overall health for the     proposed actions to  care for low back    of The Lancet Series authors and  was  in  with the    for Back and  Pain  in  Care in    in   We invited  to provide  about any media including social media   any health   or     were aware of in their countries  publication of the      on  to   the   by the series to reduce the burden of low back pain on a global  and   A  of  is being  as a   A   at the   to reach consensus on a  to  an     data set that could be   to  status and changes in health care and health  for people with low back  To  what is currently being  at a global   a  review of    low back   is    The Lancet Low Back Pain Series outlined a way  to  the increasing and   of disabling low back  As a   it   media attention and  to   but attention  now be  towards  with  and     and  to identify and    While   will    and    in different countries will be  to these   of interest statement   is   or  on multiple previous and current   from   and  in  and   has received   for  at  from the    the   is an  on the   which received   at no cost from    is   or  on multiple previous and current   from the    for Health     and is a  on   by the Australian   is an     has received   for  at  from the    the   is a  and  of   that   data  for health    is part of an   with    by the    related to  to work   is a  on   studies receiving support in  from    has   for  from  for    in      was an  of the   series, and a  of the     for which  received a    is   or  on multiple previous and current   from    and  in  and     have been  when  has been invited  at  and  has received  for   of  and    is   or  on multiple previous and current   from   and  in  and   has received   for  at  from the    the   is an  on the   which received   at no cost from",285,Call to action; Low back pain; Medicine; Value (mathematics); Series (stratigraphy)
https://openalex.org/W3180959935,https://doi.org/10.1016/j.heliyon.2021.e07516,"Undiagnosed hypertension in Peru: analysis of associated factors and socioeconomic inequalities, 2019",2021,Delia Vanessa Guerrero-Díaz; Akram Hernández‐Vásquez; Wency Cecilia Montoya-Rivera; Carlos Rojas‐Roque; Manuel Chacón-Díaz,Heliyon,"OBJECTIVE: To determine the factors associated and measure the socioeconomic inequalities in people with undiagnosed hypertension in Peru. MATERIALS AND METHODS: An observational, cross-sectional, analytical study was performed using data from the 2019 Demographic and Family Health Survey (ENDES, acronym in Spanish) database. The dependent variable was the presence of undiagnosed hypertension (mean systolic blood pressure ≥140 mmHg and/or mean diastolic blood pressure ≥90 mmHg in the two blood pressure measurements and with no prior diagnosis of hypertension by a health care professional). Adjusted prevalence ratios were estimated to determine the factors associated with undiagnosed hypertension. The socioeconomic inequality in undiagnosed hypertension was estimated using concentration curves and the Erreygers concentration index. RESULTS: 67.2% of 3697 persons with hypertension had not been diagnosed. Non-diagnosis of hypertension was more prevalent in men who were residents of the Coast and in inhabitants residing at more than 3000 m above sea level. Being 50 years of age or older, having health insurance, being obese and having diabetes mellitus were associated with a lower prevalence of undiagnosed hypertension. Inequality of the non-diagnosis of hypertension was found to be concentrated in the poorest population. CONCLUSIONS: At least one out of every two adult Peruvians with hypertension have not been diagnosed with this condition. Socioeconomic inequality was found, as well as socio-demographic and health-related factors associated with undiagnosed hypertension. Our findings identify some population subgroups in which interventions for screening and treatment of hypertension should be prioritized in order to reduce both inequalities and complications of hypertension among the most vulnerable.",27,Medicine; Blood pressure; Socioeconomic status; Population; Diabetes mellitus
https://openalex.org/W3022098591,https://doi.org/10.1101/2020.05.04.20091041,The Social and Economic Factors Underlying the Incidence of COVID-19 Cases and Deaths in US Counties,2020,Nivedita Mukherji,medRxiv,"Abstract This paper uncovers the socioeconomic and health/lifestyle factors that can explain the differential impact of the coronavirus pandemic on different parts of the United States. Using a dynamic panel representation of an epidemiological model of disease spread, the paper develops a Vulnerability Index for US counties from daily reported number of cases over a 20-day period of rapid disease growth. County-level economic, demographic, and health factors are used to explain the differences in the values of this index and thereby the transmission and concentration of the disease across the country. These factors are also used to examine the number of reported deaths. The paper finds that counties with high median income have a high incidence of cases but reported lower deaths. Income inequality as measured by the Gini coefficient, is found to be associated with more deaths and more cases. The remarkable similarity in the distribution of cases across the country and the distribution of distance-weighted international passengers served by the top international airports is evidence of the spread of the virus by way of international travel. The distributions of age, race, and health risk factors such as obesity and diabetes are found to be particularly significant factors in explaining the differences in mortality across counties. Counties with better access to health care as measured by the number of primary care physicians per capita have lower deaths, and so do places with more health awareness as measured by flu vaccination prevalence. Environmental health conditions such as the amount of air pollution is found to be associated with counties with higher deaths from the virus. It is hoped that research such as these will help policymakers to develop risk factors for each region of the country to better contain the spread of infectious diseases in the future.",36,Socioeconomic status; Demography; Epidemiology; Per capita income; Per capita
https://openalex.org/W2070254045,https://doi.org/10.1177/1403494811408482,Socioeconomic position and effectiveness of lifestyle intervention in prevention of type 2 diabetes: One-year follow-up of the FIN-D2D project,2011,Nina Rautio; Jari Jokelainen; Heikki Oksa; Timo Saaristo; Markku Peltonen,Scandinavian Journal of Public Health,"AIMS: Lifestyle intervention is effective in prevention of type 2 diabetes (T2D) in high-risk individuals. However, health behaviour and health outcomes are modified by socioeconomic position through various mechanisms. It is therefore possible that success in lifestyle intervention may be determined by factors such as level of education or occupation. In this study we assessed the impact of the level of education and occupation on the baseline anthropometric and clinical characteristics and their changes during a one-year follow-up in a cohort of Finnish men and women at high risk for T2D aged 20-64 years. METHODS: As part of a Finnish national diabetes prevention programme 2003-2007 (FIN-D2D), high-risk individuals were identified using opportunistic screening for lifestyle intervention in primary health care. 1,067 men and 2,122 women had one-year follow-up data. Education and occupation were used as factors of socioeconomic position. Measures of anthropometric and clinical characteristics included weight, body mass index (BMI), waist circumference, systolic and diastolic blood pressure, total, HDL and LDL cholesterol, triglycerides, FINDRISC scores and glucose tolerance status. RESULTS: The effect of intervention was similar in all socioeconomic groups, but the level of education was related to glucose tolerance status in both genders. In addition, socioeconomic differences existed in blood pressure, weight, BMI, waist circumference and HDL cholesterol. CONCLUSIONS: Socioeconomic position did not seem to have any impact on the effectiveness of lifestyle intervention in individuals at high risk for T2D, which is encouraging from the point of view of reducing health inequalities.",30,Medicine; Socioeconomic status; Waist; Type 2 diabetes; Body mass index
https://openalex.org/W2102116157,https://doi.org/10.1093/ije/26.3.620,"Social environment, morbidity and use of health care among people with diabetes mellitus in Trinidad",1997,Martin Gulliford; S.M. Ariyanayagam-Baksh; L Bickram; D Picou; D Mahabir,International Journal of Epidemiology,"Background. This study aimed to identify social characteristics associated with higher levels of morbidity from diabetes and their relationship to health care utilization. Methods. During a 6-month period 1149/1447 (79%) subjects admitted to Port of Spain Hospital, Trinidad with diabetes responded to a structured interview. Data collection included social factors, diabetes-related morbidity and health care utilization. Analyses were adjusted for age, sex, ethnic group and self-reported diabetes duration. Results. Of 12 indicators of morbidity, nine were more frequent in subjects with no schooling compared with those with secondary education. At ages 15-59 years, nine morbidity indicators were less frequent among subjects in full-time jobs compared with those not in employment. The association of educational attainment was explained by confounding with age, sex, ethnic group and diabetes duration but five morbidity indicators were associated with employment status after adjusting for confounding. The type of water supply in the home was generally not associated with morbidity. Each of the indicators of lower socioeconomic status was associated with less use of private doctors and with more use of government health centres. Conclusions. Morbidity from diabetes was greater in groups with lower socioeconomic status. While morbidity associated with lower educational attainment was mostly explained by older age; the results suggested the possibility that diabetes may contribute to unemployment of those in the labour force. Private care was less accessible to social groups with higher levels of morbidity and the availability of government funded health services was important for reducing inequalities in health care utilization.",17,Socioeconomic status; Medicine; Diabetes mellitus; Ethnic group; Educational attainment
https://openalex.org/W4382600958,https://doi.org/10.3399/bjgp23x733461,Underserved Deep End populations: a critical analysis addressing the power imbalance in research,2023,Caroline Mitchell; Kate Fryer; Nicola Guess; Habiba Aminu; Ben Jackson,British Journal of General Practice,"THE PROBLEMSocial inequalities are driven by power, income, and wealth, and shape health inequalities.The 'inverse care law' has enduring relevance to UK primary care.Underserved groups, including those living in poverty and those from ethnic minorities, spend more years with chronic conditions, have worse health outcomes, and poorer access to health care. 1 It is self-evident that clinical research should generate results that are generalisable to the whole population. 2 So why is 'inverse representation' in research the norm?The sociodemographic characteristics of participants in recent clinical trials suggest a mismatch with the representation of underserved populations, especially ethnic minorities. 3Inverse representation in research may be driven by discriminatory exclusion criteria that limit participation.This article focuses on researcher power, whereby researchers exercise control and influence inclusion in research, and suggests a theory-driven, empowering participatory approach to widen representation of underserved populations.Commissioners of research, universities, and organisations that support recruitment may have prioritised efficiency (easier recruitment and lower attrition) over rigour (generalisable, representative sampling) and likelihood of implementation in all settings.Incorporation of flawed clinical trial evidence into clinical guidelines could widen health inequalities by shifting resources towards those interventions that work in populations at the lowest risk of poor outcomes.The prevalence of type 2 diabetes mellitus (T2DM) is significantly higher in ethnic minority and socioeconomically deprived populations; however, research that underpins a group education intervention (DESMOND) for people with T2DM recruited mostly White British people (94%) and did not report deprivation data. 4Referral activity to group education sessions for people with T2DM is incentivised by the UK GP Quality and Outcomes Framework, but uptake of these sessions in areas of high socioeconomic deprivation and among ethnic minorities is poor. 5,6articipation in clinical research has benefits for patients; for example, cancer outcomes are better in patients who participate in clinical trials. 7Interestingly,",29,Ethnic group; Medicine; Participatory action research; Rigour; Gerontology
https://openalex.org/W2121393149,https://doi.org/10.1001/jama.2013.13805,"The State of US Health, 1990-2010",2013,Christopher J L Murray,JAMA,"IMPORTANCE: Understanding the major health problems in the United States and how they are changing over time is critical for informing national health policy. OBJECTIVES: To measure the burden of diseases, injuries, and leading risk factors in the United States from 1990 to 2010 and to compare these measurements with those of the 34 countries in the Organisation for Economic Co-operation and Development (OECD) countries. DESIGN: We used the systematic analysis of descriptive epidemiology of 291 diseases and injuries, 1160 sequelae of these diseases and injuries, and 67 risk factors or clusters of risk factors from 1990 to 2010 for 187 countries developed for the Global Burden of Disease 2010 Study to describe the health status of the United States and to compare US health outcomes with those of 34 OECD countries. Years of life lost due to premature mortality (YLLs) were computed by multiplying the number of deaths at each age by a reference life expectancy at that age. Years lived with disability (YLDs) were calculated by multiplying prevalence (based on systematic reviews) by the disability weight (based on population-based surveys) for each sequela; disability in this study refers to any short- or long-term loss of health. Disability-adjusted life-years (DALYs) were estimated as the sum of YLDs and YLLs. Deaths and DALYs related to risk factors were based on systematic reviews and meta-analyses of exposure data and relative risks for risk-outcome pairs. Healthy life expectancy (HALE) was used to summarize overall population health, accounting for both length of life and levels of ill health experienced at different ages. RESULTS: US life expectancy for both sexes combined increased from 75.2 years in 1990 to 78.2 years in 2010; during the same period, HALE increased from 65.8 years to 68.1 years. The diseases and injuries with the largest number of YLLs in 2010 were ischemic heart disease, lung cancer, stroke, chronic obstructive pulmonary disease, and road injury. Age-standardized YLL rates increased for Alzheimer disease, drug use disorders, chronic kidney disease, kidney cancer, and falls. The diseases with the largest number of YLDs in 2010 were low back pain, major depressive disorder, other musculoskeletal disorders, neck pain, and anxiety disorders. As the US population has aged, YLDs have comprised a larger share of DALYs than have YLLs. The leading risk factors related to DALYs were dietary risks, tobacco smoking, high body mass index, high blood pressure, high fasting plasma glucose, physical inactivity, and alcohol use. Among 34 OECD countries between 1990 and 2010, the US rank for the age-standardized death rate changed from 18th to 27th, for the age-standardized YLL rate from 23rd to 28th, for the age-standardized YLD rate from 5th to 6th, for life expectancy at birth from 20th to 27th, and for HALE from 14th to 26th. CONCLUSIONS AND RELEVANCE: From 1990 to 2010, the United States made substantial progress in improving health. Life expectancy at birth and HALE increased, all-cause death rates at all ages decreased, and age-specific rates of years lived with disability remained stable. However, morbidity and chronic disability now account for nearly half of the US health burden, and improvements in population health in the United States have not kept pace with advances in population health in other wealthy nations.",2453,Medicine; Life expectancy; Years of potential life lost; Epidemiology; Population
https://openalex.org/W1965673962,https://doi.org/10.1016/s0140-6736(11)60054-8,"The Brazilian health system: history, advances, and challenges",2011,Jairnilson Silva Paim; Cláudia Travassos; C.M.V.B. Almeida; Lígia Bahia; James Macinko,The Lancet,"Brazil is a country of continental dimensions with widespread regional and social inequalities. In this report, we examine the historical development and components of the Brazilian health system, focusing on the reform process during the past 40 years, including the creation of the Unified Health System. A defining characteristic of the contemporary health sector reform in Brazil is that it was driven by civil society rather than by governments, political parties, or international organisations. The advent of the Unified Health System increased access to health care for a substantial proportion of the Brazilian population, at a time when the system was becoming increasingly privatised. Much is still to be done if universal health care is to be achieved. Over the past 20 years, there have been other advances, including investments in human resources, science and technology, and primary care, and a substantial decentralisation process, widespread social participation, and growing public awareness of a right to health care. If the Brazilian health system is to overcome the challenges with which it is presently faced, strengthened political support is needed so that financing can be restructured and the roles of both the public and private sector can be redefined.",2381,Decentralization; Health care; Economic growth; Public health; Politics
https://openalex.org/W2999919805,https://doi.org/10.1016/s2468-2667(20)30001-3,Emerging trends and future research on the role of socioeconomic status in chronic illness and multimorbidity,2020,Frances S Mair; Bhautesh Jani,The Lancet Public Health,"Many chronic illnesses are more prevalent in people from socioeconomically deprived backgrounds.1Dalstra JA Kunst AE Borrell C et al.Socioeconomic differences in the prevalence of common chronic diseases: an overview of eight European countries.Int J Epidemiol. 2005; 34: 316-326Crossref PubMed Scopus (356) Google Scholar Multimorbidity—the presence of two or more long-term health conditions—poses a growing global health-care challenge, and is more common and can occur a decade earlier in individuals from areas of socioeconomic deprivation.2Barnett K Mercer SW Norbury M Watt G Wyke S Guthrie B Epidemiology of multimorbidity and implications for health care, research and medical education: a cross sectional study.Lancet. 2012; 380: 37-43Summary Full Text Full Text PDF PubMed Scopus (2995) Google Scholar People from socioeconomically deprived areas with chronic illness or multimorbidity have higher morbidity3Scott A Chambers D Goyder E O'Cathain A Socioeconomic inequalities in mortality, morbidity and diabetes management for adults with type 1 diabetes: a systematic review.PLoS One. 2017; 12e0177210Crossref PubMed Scopus (34) Google Scholar and mortality3Scott A Chambers D Goyder E O'Cathain A Socioeconomic inequalities in mortality, morbidity and diabetes management for adults with type 1 diabetes: a systematic review.PLoS One. 2017; 12e0177210Crossref PubMed Scopus (34) Google Scholar, 4Jani BD Hanlon P Nicholl BI et al.Relationship between multimorbidity, demographic factors and mortality: findings from the UK Biobank cohort.BMC Med. 2019; 17: 74Crossref PubMed Scopus (42) Google Scholar than their more affluent counterparts. Although this observation was initially assumed to be due to a higher prevalence of unhealthy lifestyle factors, such as smoking, there is growing evidence that this theory does not completely explain the excess morbidity and mortality.5Foster HME Celis-Morales CA Nicholl BI et al.The effect of socioeconomic deprivation on the association between an extended measurement of unhealthy lifestyle factors and health outcomes: a prospective analysis of the UK Biobank cohort.Lancet Public Health. 2018; 3: e576-e585Summary Full Text Full Text PDF PubMed Scopus (55) Google Scholar Research suggests that individuals from more socioeconomically deprived backgrounds are inherently more vulnerable to the adverse effects of unhealthy lifestyles.5Foster HME Celis-Morales CA Nicholl BI et al.The effect of socioeconomic deprivation on the association between an extended measurement of unhealthy lifestyle factors and health outcomes: a prospective analysis of the UK Biobank cohort.Lancet Public Health. 2018; 3: e576-e585Summary Full Text Full Text PDF PubMed Scopus (55) Google Scholar In their report on multimorbidity,6Academy of Medical SciencesMultimorbidity: a priority for global research.https://acmedsci.ac.uk/file-download/82222577Date: April, 2018Date accessed: January 6, 2020Google Scholar the Academy of Medical Sciences highlighted the need for studies that help us understand the implications of different disease clusters in multimorbidity and to explore the determinants of common clusters of conditions. In The Lancet Public Health, Mika Kivimäki and colleagues7Kivimäki M Batty GD Pentti J et al.Association between socioeconomic status and the development of mental and physical health conditions in adulthood: a multi-cohort study.Lancet Public Health. 2020; (published online Jan 30.)https://doi.org/10.1016/S2468-2667(19)30248-8Summary Full Text Full Text PDF PubMed Scopus (72) Google Scholar explore this research gap by examining the relationship between socioeconomic status and the development of 56 diseases over time using two Finnish cohorts and one UK cohort, involving 119 084 participants. The authors followed up these cohorts over 1 110 831 person-years at risk and their work advances the field of health inequality research in several ways. They studied a range of major diseases and health conditions, capturing 1204 International Classification of Disease codes, whereas previous research on this topic has mainly focused on mental health and cardiometabolic conditions. In this study, the analysis on interconnectedness and bidirectionality between socially patterned mental and physical conditions is novel and highlights the temporal trends and associations in the development of these conditions.7Kivimäki M Batty GD Pentti J et al.Association between socioeconomic status and the development of mental and physical health conditions in adulthood: a multi-cohort study.Lancet Public Health. 2020; (published online Jan 30.)https://doi.org/10.1016/S2468-2667(19)30248-8Summary Full Text Full Text PDF PubMed Scopus (72) Google Scholar The authors found that low socioeconomic status was associated with an increased risk of 18 (32·1%) of 56 conditions compared with more advantaged groups, after adjusting for lifestyle factors. 16 (88·9%) of these 18 conditions were strongly interconnected and almost all socioeconomically patterned conditions were interconnected with mental health problems and substance abuse. Conditions with the highest threshold for interconnectedness showed that mental health problems and substance abuse were strongly connected with diseases of the liver, the cardiovascular and cerebrovascular systems, and dementias. Therefore, this study shows the influence of socioeconomic status on development of diseases related to the CNS.7Kivimäki M Batty GD Pentti J et al.Association between socioeconomic status and the development of mental and physical health conditions in adulthood: a multi-cohort study.Lancet Public Health. 2020; (published online Jan 30.)https://doi.org/10.1016/S2468-2667(19)30248-8Summary Full Text Full Text PDF PubMed Scopus (72) Google Scholar The findings of this study were consistent across three large datasets from two high-income countries with different health-care systems, strengthening the generalisability and comparability of the observed associations. Taken together with the existing literature, Kivimäki and colleagues' findings7Kivimäki M Batty GD Pentti J et al.Association between socioeconomic status and the development of mental and physical health conditions in adulthood: a multi-cohort study.Lancet Public Health. 2020; (published online Jan 30.)https://doi.org/10.1016/S2468-2667(19)30248-8Summary Full Text Full Text PDF PubMed Scopus (72) Google Scholar suggest there is overwhelming evidence of the influence of socioeconomic status on both development and prevalence of chronic illness and multimorbidity. This work has two important implications for public health and policy makers in high-income countries. First, continued attention for individual behaviour change strategies without equal emphasis on upstream determinants of health will be insufficient to address the epidemic of chronic illness, multimorbidity, and health inequality that we face. Second, greater attention to and investment in psychological support services early in the life course is merited. However, important research gaps in this area remain unexplored. The analysis done by Kivimäki and colleagues7Kivimäki M Batty GD Pentti J et al.Association between socioeconomic status and the development of mental and physical health conditions in adulthood: a multi-cohort study.Lancet Public Health. 2020; (published online Jan 30.)https://doi.org/10.1016/S2468-2667(19)30248-8Summary Full Text Full Text PDF PubMed Scopus (72) Google Scholar was adjusted for lifestyle factors such as smoking, alcohol consumption, physical activity, and obesity. These factors are likely to be part of the causal pathway in the relationship between socioeconomic status and various health conditions, as acknowledged by the authors. Therefore, further research is needed to explore the triad of socioeconomic status, lifestyle, and development of health conditions in greater detail. This strategy might require use of mediation analyses and other similar techniques to further explore these issues. Additionally, previous evidence found an association between lower socioeconomic status and high-risk cardiometabolic and inflammatory biomarkers.8Cornman JC Glei DA Goldman N Ryff CD Weinstein M Socioeconomic status and biological markers of health: an examination of adults in the United States and Taiwan.J Aging Health. 2015; 27: 75-102Crossref PubMed Scopus (9) Google Scholar Therefore, future research should explore the potential mediating role played by biomarkers in the social patterning of health conditions. Most importantly, a key limitation of this work relates to the context, which involved cohorts from two high-income countries. We cannot assume that these findings will be generalisable to low-income or middle-income countries (LMICs), where the picture appears more mixed.6Academy of Medical SciencesMultimorbidity: a priority for global research.https://acmedsci.ac.uk/file-download/82222577Date: April, 2018Date accessed: January 6, 2020Google Scholar Indeed emerging evidence suggests that the prevalence of chronic disease risk factors and many of the chronic conditions reported by Kivimäki and colleagues7Kivimäki M Batty GD Pentti J et al.Association between socioeconomic status and the development of mental and physical health conditions in adulthood: a multi-cohort study.Lancet Public Health. 2020; (published online Jan 30.)https://doi.org/10.1016/S2468-2667(19)30248-8Summary Full Text Full Text PDF PubMed Scopus (72) Google Scholar might be more prevalent in more affluent individuals compared with socioeconomically deprived individuals in some LMIC settings.9Hosseinpoor AR Bergen N Mendis S et al.Socioeconomic inequality in the prevalence of noncommunicable diseases in low- and middle-income countries: results from the World Health Survey.BMC Public Health. 2012; 12: 474Crossref PubMed Scopus (100) Google Scholar, 10Biswas T Townsend N Islam MS et al.Association between socioeconomic status and prevalence of non-communicable diseases risk factors and comorbidities in Bangladesh: findings from a nationwide cross-sectional survey.BMJ Open. 2019; 9e025538Crossref PubMed Scopus (10) Google Scholar Therefore, there is a need to invest in research in LMIC contexts to study risk factors for chronic illness and the influence of socioeconomic status alongside other factors—such as gender, age, and ethnicity—on chronic illness and multimorbidity trajectories and clusters to inform public health and policy decisions globally. BDJ received fellowship funding from the Chief Scientist Office, Scotland. FSM declares no competing interests. Association between socioeconomic status and the development of mental and physical health conditions in adulthood: a multi-cohort studyOur findings highlight the importance of mental health and behavioural problems in setting in motion the development of a range of socioeconomically patterned physical illnesses. Policy and health-care practice addressing psychological health issues in social context and early in the life course could be effective strategies for reducing health inequalities. Full-Text PDF Open Access",35,Scopus; Socioeconomic status; Medicine; Epidemiology; Gerontology
https://openalex.org/W4394894573,https://doi.org/10.1016/s0140-6736(24)00757-8,"Global incidence, prevalence, years lived with disability (YLDs), disability-adjusted life-years (DALYs), and healthy life expectancy (HALE) for 371 diseases and injuries in 204 countries and territories and 811 subnational locations, 1990–2021: a systematic analysis for the Global Burden of Disease Study 2021",2024,Alize J Ferrari; Damian Santomauro; Amirali Aali; Yohannes Abate; Cristiana Abbafati,The Lancet,"BACKGROUND: Detailed, comprehensive, and timely reporting on population health by underlying causes of disability and premature death is crucial to understanding and responding to complex patterns of disease and injury burden over time and across age groups, sexes, and locations. The availability of disease burden estimates can promote evidence-based interventions that enable public health researchers, policy makers, and other professionals to implement strategies that can mitigate diseases. It can also facilitate more rigorous monitoring of progress towards national and international health targets, such as the Sustainable Development Goals. For three decades, the Global Burden of Diseases, Injuries, and Risk Factors Study (GBD) has filled that need. A global network of collaborators contributed to the production of GBD 2021 by providing, reviewing, and analysing all available data. GBD estimates are updated routinely with additional data and refined analytical methods. GBD 2021 presents, for the first time, estimates of health loss due to the COVID-19 pandemic. METHODS: The GBD 2021 disease and injury burden analysis estimated years lived with disability (YLDs), years of life lost (YLLs), disability-adjusted life-years (DALYs), and healthy life expectancy (HALE) for 371 diseases and injuries using 100 983 data sources. Data were extracted from vital registration systems, verbal autopsies, censuses, household surveys, disease-specific registries, health service contact data, and other sources. YLDs were calculated by multiplying cause-age-sex-location-year-specific prevalence of sequelae by their respective disability weights, for each disease and injury. YLLs were calculated by multiplying cause-age-sex-location-year-specific deaths by the standard life expectancy at the age that death occurred. DALYs were calculated by summing YLDs and YLLs. HALE estimates were produced using YLDs per capita and age-specific mortality rates by location, age, sex, year, and cause. 95% uncertainty intervals (UIs) were generated for all final estimates as the 2·5th and 97·5th percentiles values of 500 draws. Uncertainty was propagated at each step of the estimation process. Counts and age-standardised rates were calculated globally, for seven super-regions, 21 regions, 204 countries and territories (including 21 countries with subnational locations), and 811 subnational locations, from 1990 to 2021. Here we report data for 2010 to 2021 to highlight trends in disease burden over the past decade and through the first 2 years of the COVID-19 pandemic. FINDINGS: Global DALYs increased from 2·63 billion (95% UI 2·44-2·85) in 2010 to 2·88 billion (2·64-3·15) in 2021 for all causes combined. Much of this increase in the number of DALYs was due to population growth and ageing, as indicated by a decrease in global age-standardised all-cause DALY rates of 14·2% (95% UI 10·7-17·3) between 2010 and 2019. Notably, however, this decrease in rates reversed during the first 2 years of the COVID-19 pandemic, with increases in global age-standardised all-cause DALY rates since 2019 of 4·1% (1·8-6·3) in 2020 and 7·2% (4·7-10·0) in 2021. In 2021, COVID-19 was the leading cause of DALYs globally (212·0 million [198·0-234·5] DALYs), followed by ischaemic heart disease (188·3 million [176·7-198·3]), neonatal disorders (186·3 million [162·3-214·9]), and stroke (160·4 million [148·0-171·7]). However, notable health gains were seen among other leading communicable, maternal, neonatal, and nutritional (CMNN) diseases. Globally between 2010 and 2021, the age-standardised DALY rates for HIV/AIDS decreased by 47·8% (43·3-51·7) and for diarrhoeal diseases decreased by 47·0% (39·9-52·9). Non-communicable diseases contributed 1·73 billion (95% UI 1·54-1·94) DALYs in 2021, with a decrease in age-standardised DALY rates since 2010 of 6·4% (95% UI 3·5-9·5). Between 2010 and 2021, among the 25 leading Level 3 causes, age-standardised DALY rates increased most substantially for anxiety disorders (16·7% [14·0-19·8]), depressive disorders (16·4% [11·9-21·3]), and diabetes (14·0% [10·0-17·4]). Age-standardised DALY rates due to injuries decreased globally by 24·0% (20·7-27·2) between 2010 and 2021, although improvements were not uniform across locations, ages, and sexes. Globally, HALE at birth improved slightly, from 61·3 years (58·6-63·6) in 2010 to 62·2 years (59·4-64·7) in 2021. However, despite this overall increase, HALE decreased by 2·2% (1·6-2·9) between 2019 and 2021. INTERPRETATION: Putting the COVID-19 pandemic in the context of a mutually exclusive and collectively exhaustive list of causes of health loss is crucial to understanding its impact and ensuring that health funding and policy address needs at both local and global levels through cost-effective and evidence-based interventions. A global epidemiological transition remains underway. Our findings suggest that prioritising non-communicable disease prevention and treatment policies, as well as strengthening health systems, continues to be crucially important. The progress on reducing the burden of CMNN diseases must not stall; although global trends are improving, the burden of CMNN diseases remains unacceptably high. Evidence-based interventions will help save the lives of young children and mothers and improve the overall health and economic conditions of societies across the world. Governments and multilateral organisations should prioritise pandemic preparedness planning alongside efforts to reduce the burden of diseases and injuries that will strain resources in the coming decades. FUNDING: Bill & Melinda Gates Foundation.",4201,Life expectancy; Incidence (geometry); Medicine; Demography; Years of potential life lost
https://openalex.org/W4248588451,https://doi.org/10.1596/978-0-8213-9618-6,Government-Sponsored Health Insurance in India,2012,Gerard La Forgia; Somil Nagpal,World Bank eBooks,"No AccessDirections in Development - General1 Feb 2013Government-Sponsored Health Insurance in IndiaAre You Covered?Authors/Editors: Gerard La Forgia and Somil NagpalGerard La Forgia and Somil Nagpalhttps://doi.org/10.1596/978-0-8213-9618-6AboutView ChaptersPDF (4.8 MB)Other FormatsePUB ToolsAdd to favoritesDownload CitationsTrack Citations ShareFacebookTwitterLinked In Abstract:This book presents research findings on India?s major central and state government-sponsored health insurance schemes (GSHISs). The analysis centers on the GSHISs launched since 2007. These schemes targeted poor populations, aiming to provide financial protection against catastrophic health shocks, defined in terms of inpatient care. Focus is on two lines of inquiry. The first involves institutional and ?operational? opportunities and challenges regarding schemes? design features, governance arrangements, financial flows, cost-containment mechanisms, underlying stakeholder incentives, information asymmetries, and potential for impact on financial protection and on access to care and use by targeted beneficiaries. The second entails ?big picture? questions on the future configuration of India?s health financing and delivery systems that have surfaced, due in part to the appearance of a new wave of GSHISs. In addition to gains in population coverage, reaching about 185 million low-income beneficiaries by 2010, the new crop of schemes introduced a demand-side approach to public financing while embracing several innovation features, at least for the Indian context. These include: defined entitlements, separation of purchasing from financing, patient choice of providers, impressive use of information and communication technology and engagement with the private sector in the areas of insurance, administration and provision. Strong political interest in the schemes is also evident, especially at the state level and is a driver of increased public expenditures for health. The schemes face a number of operational challenges that have emerged during implementation and are examined in the book. They will need to strengthen institutional and governance arrangements, purchasing and contracting capacities, monitoring systems, and cost containment mechanisms. They need to use their financial leverage to improve the quality of network providers. Beneficiaries also appear to have insufficient information on enrolment, benefits and providers. The book recommends a series of corrective measures to address these shortcomings. The book outlines a ?pragmatic pathway? toward achieving universal coverage that takes as a starting point the current configuration of health financing and delivery arrangements in India, recent trends in government health financing as well as innovations and lessons from the recent GSHISs analyzed in this book. The book concludes with a review of issues for further research. Previous bookNext book FiguresreferencesRecommendeddetailsCited byWealth Status and Health Insurance Enrollment in India: An Empirical AnalysisHealthcare, Vol.11, No.97 May 2023Assessing the implementation of India's new health reform program, Ayushman Bharat, in two Southern states: Kerala and Tamil NaduWorld Medical & Health Policy, Vol.15, No.112 June 2022Awareness of India's national health insurance scheme (PM-JAY): a cross-sectional study across six statesHealth Policy and Planning, Vol.637 December 2022Improving hospital-based processes for effective implementation of Government funded health insurance schemes: evidence from early implementation of PM-JAY in IndiaBMC Health Services Research, Vol.22, No.115 January 2022Explaining Caste-Based Disparities in Enrollment for National Health Insurance Program in India: a Decomposition AnalysisJournal of Racial and Ethnic Health Disparities, Vol.10222 August 2022Universal Health Coverage (UHC)How does Context Influence Implementation Mechanism of Publicly Funded Health Insurance Schemes in Indian StatesJournal of Health Management, Vol.24, No.16 March 2022Health Reinsurance as a Human Right15 February 2022Universal health coverage – A must to reduce out-of-pocket expenditures and for better quality of life among the cancer patientsJournal of Neurosciences in Rural Practice, Vol.132 December 2022Inpatient Healthcare Financing Strategies: Evidence from IndiaThe European Journal of Development Research, Vol.33, No.62 October 2020Why is women's utilization of a publicly funded health insurance low?: a qualitative study in Tamil Nadu, IndiaBMC Public Health, Vol.21, No.112 February 2021Poverty in India in the face of Covid‐19: Diagnosis and prospects*Review of Development Economics, Vol.25, No.42 October 2021Utilization of health care services in public and private healthcare in India: Causes and determinantsInternational Journal of Healthcare Management, Vol.14, No.211 October 2019Increasing utilization of public health insurance programs: Evidence from an experiment in IndiaWorld Development, Vol.139Availability, price and affordability of essential medicines for managing cardiovascular diseases and diabetes: a statewide survey in Kerala, IndiaTropical Medicine & International Health, Vol.25, No.123 November 2020Performance of India's national publicly funded health insurance scheme, Pradhan Mantri Jan Arogaya Yojana (PMJAY), in improving access and financial protection for hospital care: findings from household surveys in Chhattisgarh stateBMC Public Health, Vol.20, No.116 June 2020Effect of health insurance program for the poor on out-of-pocket inpatient care cost in India: evidence from a nationally representative cross-sectional surveyBMC Health Services Research, Vol.20, No.17 September 2020Chronic Lymphocytic Leukemia: Real-World Data From IndiaJCO Global Oncology, Vol.54, No.6An Ethical Analysis of the 'Ayushman Bharat-Pradhan Mantri Jan Arogya Yojna (PM-JAY)' Scheme using the Stakeholder Approach to Universal Health Care in IndiaAsian Bioethics Review, Vol.12, No.227 May 2020Why Do Informal Sector Workers Not Pay the Premium Regularly? Evidence from the National Health Insurance System in IndonesiaApplied Health Economics and Health Policy, Vol.18, No.118 September 2019When state-funded health insurance schemes fail to provide financial protection: An in-depth exploration of the experiences of patients from urban slums of Chhattisgarh, IndiaGlobal Public Health, Vol.15, No.213 August 2019Breaking the Stigma of Health InsuranceManagement and Labour Studies, Vol.45, No.118 December 2019Utilisation and financial protection for hospital care under publicly funded health insurance in three states in Southern IndiaBMC Health Services Research, Vol.19, No.127 December 2019Challenges constraining availability and affordability of insulin in Bengaluru region (Karnataka, India): evidence from a mixed-methods studyJournal of Pharmaceutical Policy and Practice, Vol.12, No.117 October 2019Bibliography26 November 2019Understanding public health insurance in India: A design perspectiveThe International Journal of Health Planning and Management, Vol.34, No.423 July 2019Program design, implementation and performance: the case of social health insurance in IndiaHealth Economics, Policy and Law, Vol.14, No.427 July 2018Family Caregivers' Experiences with Dying and Bereavement of Individuals with Motor Neuron Disease in IndiaJournal of Social Work in End-of-Life & Palliative Care, Vol.15, No.2-32 August 2019The Ayushman Bharat Pradhan Mantri Jan Arogya Yojana and the path to universal health coverage in India: Overcoming the challenges of stewardship and governancePLOS Medicine, Vol.16, No.37 March 2019Assessing health reform: studying tool appropriateness & critical capacitiesPolicy and Society, Vol.38, No.125 March 2019Impact of Publicly Financed Health Insurance Scheme (Rashtriya Swasthya Bima Yojana) from Equity and Efficiency PerspectivesVikalpa: The Journal for Decision Makers, Vol.43, No.429 October 2018Effectiveness of government strategies for financial protection against costs of hospitalization Care in IndiaBMC Public Health, Vol.18, No.116 April 2018Contracting out: making it workPolicy Design and Practice, Vol.1, No.42 January 2019Strengthening health technology assessment systems in the global south: a comparative analysis of the HTA journeys of China, India and South AfricaGlobal Health Action, Vol.11, No.117 October 2018Hospital utilization and out of pocket expenditure in public and private sectors under the universal government health insurance scheme in Chhattisgarh State, India: Lessons for universal health coveragePLOS ONE, Vol.12, No.1117 November 2017Health Insurance and Children in Low- and Middle-income Countries: A ReviewEconomic Record, Vol.93, No.30226 April 2017Back Matter31 August 2017Role of Perceptions in Health Insurance Buying Behaviour of Workers Employed in Informal Sector of IndiaGlobal Business Review, Vol.18, No.1Applied Health Economics and Health Policy, Vol.15, No.6Current Medicine Research and Practice, Vol.7, No.5Development Programmes in Asia16 December 2016Health Insurance and Children in Low- and Middle-Income Countries: A ReviewSSRN Electronic JournalSubsidized health insurance coverage of people in the informal sector and vulnerable population groups: trends in institutional design in AsiaInternational Journal for Equity in Health, Vol.15, No.14 October 2016Confronting Health Inequalities in the BRICS: Political Institutions, Foreign Policy Aspirations and State-civil Societal RelationshipsGlobal Policy, Vol.7, No.410 June 2016Occupational Differences in the Awareness and Perception of Health Insurance of Workers Employed in Urban Informal Sector of PunjabJournal of Health Management, Vol.18, No.330 September 2016An Implementation Research Approach to Evaluating Health Insurance Programs: Insights from IndiaInternational Journal of Health Policy and Management, Vol.5, No.526 March 2016Uncovering Coverage: Utilisation of the Universal Health Insurance Scheme, Chhattisgarh by Women in Slums of RaipurIndian Journal of Gender Studies, Vol.23, No.1Study of Awareness, Enrollment, and Utilization of Rashtriya Swasthya Bima Yojana (National Health Insurance Scheme) in Maharashtra, IndiaFrontiers in Public Health, Vol.37 January 2016Health insurance in India: what do we know and why is ethnographic research neededAnthropology & Medicine, Vol.23, No.11 February 2016Health-Care Innovation in Emerging MarketsThe economics of health system designOxford Review of Economic Policy, Vol.32, No.115 February 2016Measuring progress towards universal health coverage: with an application to 24 developing countriesOxford Review of Economic Policy, Vol.32, No.115 February 2016Is outpatient brain tumor surgery feasible in India?Neurology India, Vol.64, No.5Parallel Systems and Human Resource Management in India's Public Health Services: A View from the Front LinesPublic Administration and Development, Vol.35, No.52 November 2015The Government-sponsored Health Insurance Schemes for the Gross Domestic HealthinessJournal of Health Management, Vol.17, No.4Measuring Progress towards Universal Health Coverage: With an Application to 24 Developing Countries17 December 2015Mark Time: India's March to Universal Health Care CoverageSocial Policy & Administration, Vol.49, No.621 October 2015An Analysis of Selected Pension and Health Care Initiatives for Informal Sector Workers in IndiaSocial Policy & Administration, Vol.49, No.621 October 2015Reading Perception of the Insured and the Uninsured and Assessment of Factors Influencing Health Insurance Policy Subscription in the Lucknow RegionJournal of Health Management, Vol.17, No.3Health care reforms in India: Getting it wrongPublic Policy and Administration, Vol.30, No.3-426 June 2015Private sector participation in delivering tertiary health care: a dichotomy of access and affordability across two Indian statesHealth Policy and Planning, Vol.30, No.suppl_19 March 2015Health Financing in South Asia—The Role of Public–Private PartnershipsSouth Asian Survey, Vol.22, No.128 August 2017Health and Health Care in BRIC NationsSSRN Electronic JournalEvaluating the performance of health promotion interventionsIndian Journal of Medical Research, Vol.142, No.2The need for better evidence to evaluate the health & economic benefits of India′s Rashtriya Swasthya Bima YojanaIndian Journal of Medical Research, Vol.142, No.4Willingness to Pay for Health Insurance Among HIV-Positive Patients in IndiaApplied Health Economics and Health Policy, Vol.12, No.627 June 2014Health systems research in the time of health system reform in India: a reviewHealth Research Policy and Systems, Vol.12, No.19 August 2014The economic burden of diabetes in India: a review of the literatureGlobalization and Health, Vol.10, No.12 December 2014Profitable Public Health Venture!Journal of Health Management, Vol.16, No.3Changes in addressing inequalities in access to hospital care in Andhra Pradesh and Maharashtra states of India: a difference-in-differences study using repeated cross-sectional surveysBMJ Open, Vol.4, No.64 June 2014Parallel Systems and Human Resource Management in India's Public Health Services: A View from the Front Lines15 August 2014Progress towards universal health coverage in BRICS: translating economic growth into better healthBulletin of the World Health Organization, Vol.92, No.6Outcomes of splenectomy versus cladribine for hairy cell leukemia in resource limited settingsLeukemia & Lymphoma, Vol.55, No.61 November 2013What a Difference a State Makes: Health Reform in Andhra Pradesh5 August 2014Reprioritizing government spending on health: pushing an elephant up the stairs?WHO South-East Asia Journal of Public Health, Vol.3, No.3Promoting universal financial protection: evidence from the Rashtriya Swasthya Bima Yojana (RSBY) in Gujarat, IndiaHealth Research Policy and Systems, Vol.11, No.120 August 2013Households are the first line of support to confront risk and pursue opportunity28 January 2016The Socioeconomic and Institutional Determinants of Participation in India's Health Insurance Scheme for the PoorPLoS ONE, Vol.8, No.621 June 2013The Welfare Implications of Patent Protection, Pricing, and Licensing in the Indian Oral Anti-Diabetic Drug MarketSSRN Electronic Journal View Published: August 2012ISBN: 978-0-8213-9618-6e-ISBN: 978-0-8213-9619-3 Copyright & Permissions Related TopicsHealth Nutrition and PopulationPoverty ReductionSocial Protections and Labor KeywordsSOCIAL INSURANCEFINANCIAL PROTECTIONHEALTH FINANCINGHEALTH PROVISIONUNIVERSAL HEALTH COVERAGEHEALTH COVERAGETARGETING OF THE POORPUBLIC-PRIVATE PARTNERSHIPSHEALTH INSURANCE PDF DownloadLoading ...",110,Government (linguistics); Health insurance; Business; Political science; Economic growth
https://openalex.org/W2891125414,https://doi.org/10.1016/s2214-109x(18)30386-3,High-quality health systems in the Sustainable Development Goals era: time for a revolution,2018,Margaret E. Kruk; Anna Gage; Catherine Arsenault; Keely Jordan; Hannah H. Leslie,The Lancet Global Health,"and respecting all workers to deliver the best care possible. Fourth, governments and civil society should ignite demand for quality in the population to empower people to hold systems accountable and actively seek high-quality care. Additional targeted actions in areas such as health financing, management, district-level learning, and others can complement these efforts. What works in one setting might not work elsewhere, and improvement efforts should be adapted for local context and monitored. Funders should align their support with system-wide strategies rather than contribute to the proliferation of micro-level efforts.",3823,Sustainable development; Quality (philosophy); MEDLINE; Environmental health; Business
https://openalex.org/W4312036648,https://doi.org/10.1371/journal.pone.0279228,Socioeconomic disparities in diabetes prevalence and management among the adult population in Bangladesh,2022,Karar Zunaid Ahsan; Afrin Iqbal; Kanta Jamil; M Moinuddin Haider; Shusmita Khan,PLoS ONE,"BACKGROUND: Diabetes, one of the major metabolic disorders, is rising in Bangladesh. Studies indicate there is inequality in prevalence and care-seeking behavior, which requires further exploration to understand the socioeconomic disparities in the pathophysiology of diabetes. This study examined the latest nationally representative estimates of diabetes prevalence, awareness, and management among adults aged 18 years and above in Bangladesh and its association with socioeconomic status in 2017-18. METHODS: We used the 2017-18 Bangladesh Demographic and Health Survey data. Diabetic status of 12,092 adults aged 18 years and above was measured in the survey using fasting plasma glucose levels. We applied multivariate logistic regressions to examine the role of socioeconomic status on diabetes prevalence, awareness, and management, after controlling for relevant covariates. RESULTS: Overall, 10% of adults had diabetes in Bangladesh in 2017-18, with the highest prevalence of 16% in the age group 55-64 years. Our analyses found statistically significant disparities by socioeconomic status in the prevalence of diabetes as well as the person's awareness of his/her diabetic condition. However, the effect of socioeconomic status on receiving anti-diabetic medication only approached significance (p = 0.07), and we found no significant association between socioeconomic status and control of diabetes. CONCLUSIONS: We expect to see an 'accumulation' of the number of people with diabetes to continue in the coming years. The rising prevalence of diabetes is only the tip of an iceberg; a large number of people with uncontrolled diabetes and a lack of awareness of their condition will lead to increased morbidity and mortality, and that could be the real threat. Immediate measures to increase screening coverage and exploration of poor control of diabetes are required to mitigate the situation.",25,Socioeconomic status; Diabetes mellitus; Medicine; Environmental health; Demography
https://openalex.org/W2164184454,https://doi.org/10.1146/annurev-publhealth-031210-101218,The Social Determinants of Health: Coming of Age,2011,Paula Braveman; Susan Egerter; David R. Williams,Annual Review of Public Health,"In the United States, awareness is increasing that medical care alone cannot adequately improve health overall or reduce health disparities without also addressing where and how people live. A critical mass of relevant knowledge has accumulated, documenting associations, exploring pathways and biological mechanisms, and providing a previously unavailable scientific foundation for appreciating the role of social factors in health. We review current knowledge about health effects of social (including economic) factors, knowledge gaps, and research priorities, focusing on upstream social determinants-including economic resources, education, and racial discrimination-that fundamentally shape the downstream determinants, such as behaviors, targeted by most interventions. Research priorities include measuring social factors better, monitoring social factors and health relative to policies, examining health effects of social factors across lifetimes and generations, incrementally elucidating pathways through knowledge linkage, testing multidimensional interventions, and addressing political will as a key barrier to translating knowledge into action.",2371,Psychological intervention; Social determinants of health; Action (physics); Upstream (networking); Health equity
https://openalex.org/W2033793180,https://doi.org/10.1055/s-2006-924228,Knowledge about Diabetes and Participation in Diabetes Training Courses: The Need for Improving Health Care for Diabetes Patients with Low SES,2006,Andreas Mielck; Peter Reitmeir; Wolfgang Rathmann,Experimental and Clinical Endocrinology & Diabetes,"The association between socioeconomic status (SES) and health is well known, and many determinants of these health inequalities have been studied. Concerning the role of health care, the results are conflicting, though. The study adds to this discussion by focussing on health care differences for people with type 2 diabetes. The analyses are based on a study conducted in Southern Germany (WHO MONICA study, Augsburg myocardial infarction registry). The sample consists of 378 type 2 diabetic patients, divided into two clearly distinct groups: one group (n = 210) from a MI registry with clinically confirmed myocardial infarction (MI), the other (n = 168) from a population based survey, characterised by the absence of a previous MI. Ten topics are differentiated in the assessment of diabetes knowledge (diet, weight control, etc.). The analyses show that knowledge about diabetes increases with increasing educational level. Concerning ""very well informed about diet"", for example, the odds ratio for the high educational group is 3.45 (95 % CI: 1.34 - 8.86) as compared with the low educational group. This association is restricted to those diabetic persons with previous MI. For diet, the odds ratio for this subsample increases to 7.35 (p < 0.05). Similar results are seen for the other topics of diabetes knowledge. Also, diabetic persons with a low educational level participated in diabetes training courses least often, especially in the subsample with previous MI. Thus, taking the example of type 2 diabetes, the study adds to the evidence that the inverse care law is still present today in Germany.",25,Medicine; Diabetes mellitus; Type 2 diabetes; Socioeconomic status; Odds ratio
https://openalex.org/W2156968346,https://doi.org/10.1093/ndt/gfq283,A systematic review of ethnic differences in the rate of renal progression in CKD patients,2010,Sean J. Barbour; Michael Schächter; Lee Er; Ognjenka Djurdjev; Anna S. Levin,Nephrology Dialysis Transplantation,"Chronic kidney disease (CKD) is a public health problem of increasing importance, consuming a growing proportion of health care resources. It is estimated that, in the United States, there are 19.2 million individuals with CKD [1], and this figure is expected to increase in parallel to the rising prevalence of hypertension and diabetes. By 2010, the projected number of end-stage renal disease (ESRD) patients will climb to over 650 000 [2], with a further predicted increase to 2.24 million by 2030 [3]. Therefore, improved understanding of the predictors of GFR decline is essential. Information about predictors would allow nephrologists to accurately predict those CKD patients at risk of progressing to ESRD, which would help to individualize patient care, allowing for optimal planning for renal replacement therapy (RRT), reduce the need for urgent dialysis and ultimately allow for more efficient allocation of scarce health care resources. In addition, the recognition of novel risk factors for progression may lead to the development of new therapies capable of altering the trajectory of the disease. It has been recognized that the incidence of ESRD is higher in ethnic minorities; however, the reasons for this have not been well defined. For example, American blacks are four times more likely to require dialysis than whites [4]. An increased burden of ESRD has also been shown to affect Hispanics and Asians [5]. Conversely, ethnic minorities tend, paradoxically, to have improved outcomes once started on haemodialysis [5,6]. Several mechanisms have been suggested to explain such differences, though these have not been proven. For example, a higher prevalence of co-morbidities, lower socioeconomic status and comparatively worse access to health care among ethnic minorities have been cited as reasons for the higher incidence of ESRD [7–9]. Such reasoning holds that the incidence of ESRD is dependent on the number of CKD patients at risk of progressing, and the higher prevalence of diabetes and hypertension in blacks may result in greater CKD [4]. Similarly, lower socioeconomic status in minorities may create inequalities in access to health care resources and thus reduce delivery of medical management known to slow the progression of renal dysfunction [10,11]. A second explanation is that a higher death rate amongst CKD patients in one ethnic group would leave fewer patients alive to require RRT, thus affecting the observed incidence rate of ESRD. Different thresholds for starting RRTwould also affect the measured incidence of ESRD. Finally, the higher incidence of ESRD amongst ethnic minorities may in fact be due to a faster rate of GFR decline and more rapid progression of renal disease. The purpose of this review is to summarize the available evidence on ethnic differences in the rates of CKD progression towards ESRD. Ideally, available studies would directly observe rates of GFR decline in CKD cohorts of different races. This would avoid such confounders as CKD prevalence, the competing risk of death and varying thresholds for starting RRT. Alternatively, in studies examining the incidence rates of ESRD, inferences can be made regarding progression rates only if attempts are made to account for differences in the baseline prevalence of CKD and in longitudinal mortality rates.",45,Medicine; Kidney disease; Ethnic group; Dialysis; Intensive care medicine
https://openalex.org/W4391226761,https://doi.org/10.1186/s12916-024-03254-w,Impact of socioeconomic status on chronic control and complications of type 1 diabetes mellitus in users of glucose flash systems: a follow-up study,2024,Fernando Sebastián‐Valles; Julia Martínez‐Alfonso; José Alfonso Arranz Martín; Jessica Jiménez‐Díaz; Iñigo Hernando Alday,BMC Medicine,"BACKGROUND: This study investigates the association between socioeconomic status (SES) and glycemic control in individuals with type 1 diabetes (T1D) using flash glucose monitoring (FGM) devices within a public health system where these technologies are freely available and utilized according to recommended guidelines. METHODS: A follow-up study of 1060 adults (mean age 47.4 ± 15.0 years, 49.0% women) with T1D, receiving care at three Spanish university hospitals that regularly employ the FGM system. SES was assessed using the Spanish Deprivation Index and the average annual net income per person. Glycemic data were collected over a 14-day follow-up period, including baseline glycated hemoglobin (HbA1c) levels prior to sensor placement, the last available HbA1c levels, and FGM-derived glucose metrics. Individuals with sensor usage time < 70% were excluded. Chronic micro and macrovascular complications related to diabetes were documented. Regression models, adjusted for clinical variables, were employed to determine the impact of SES on optimal sensor control (defined as time in range (TIR) ≥ 70% with time below range < 4%) and disease complications. RESULTS: The average follow-up was of 2 years. The mean TIR and the percentage of individuals with optimal control were higher in individuals in the highest SES quartile (64.9% ± 17.8% and 27.9%, respectively) compared to those in the lowest SES quartile (57.8 ± 17.4% and 12.1%) (p < 0.001). Regression models showed a higher risk of suboptimal control (OR 2.27, p < 0.001) and ischemic heart disease and/or stroke (OR 3.59, p = 0.005) in the lowest SES quartile. No association was observed between SES and the risk of diabetic nephropathy and retinopathy. FGM system improved HbA1c levels across all SES quartiles. Although individuals in the highest SES quartile still achieved a significantly lower value at the end of the follow-up 55 mmol/mol (7.2%) compared to those in the lowest SES quartile 60 mmol/mol (7.6%) (p < 0.001), the significant disparities in this parameter between the various SES groups were significantly reduced after FGM technology use. CONCLUSIONS: Socioeconomic status plays a significant role in glycemic control and complications in individuals with T1D, extending beyond access to technology and its proper utilization. The free utilization of FGM technology helps alleviate the impact of social inequalities on glycemic control.",42,Medicine; Quartile; Socioeconomic status; Glycated hemoglobin; Glycemic
https://openalex.org/W2038597994,https://doi.org/10.2337/diaclin.33.2.62,Disparities in Social Support Systems for Youths With Type 1 Diabetes,2015,Ashby F. Walker; Desmond Schatz; Cathryn Johnson; Janet Silverstein; Henry Rohrs,Clinical Diabetes,"IN BRIEF Low socioeconomic status (SES) is consistently identified as a major risk factor for poor health outcomes in youths with type 1 diabetes, yet little is known about the social factors that yield such disparities. This study used survey research to examine the role of SES by focusing on differential resourcing in social support systems for youths with type 1 diabetes and their parents/caregivers. We identified significant inequalities in social support systems and found that parents from lower-income households engage in few coping activities and rarely identify a primary care provider as the main point of contact when facing a diabetes-related problem. Our findings underscore the need to better connect low SES families to diabetes-specific professional resourcing and to raise awareness about the importance of extracurricular activities as a form of social support for youths.",24,Socioeconomic status; Medicine; Social support; Coping (psychology); Type 2 diabetes
https://openalex.org/W4293171352,https://doi.org/10.1161/jaha.122.026587,Inequalities by Income in the Prevalence of Cardiovascular Disease and Its Risk Factors in the Adult Population of Catalonia,2022,Pricila H. Mullachery; Emili Vela; Montse Clèries; Josep Comín‐Colet; Khurram Nasir,Journal of the American Heart Association,"Background Understanding the magnitude of cardiovascular disease (CVD) inequalities is the first step toward addressing them. The linkage of socioeconomic and clinical data in universal health care settings provides critical information to characterize CVD inequalities. Methods and Results We employed a prospective cohort design using electronic health records data from all residents of Catalonia aged 18+ between January and December of 2019 (N=6 332 228). We calculated age-adjusted sex-specific prevalence of 5 CVD risk factors (diabetes, hypertension, hyperlipidemia, obesity, and smoking), and 4 CVDs (coronary heart disease, cerebrovascular disease, atrial fibrillation, and heart failure). We categorized income into high, moderate, low, and very low according to individual income (tied to prescription copayments) and receipt of welfare support. We found large inequalities in CVD and CVD risk factors among men and women. CVD risk factors with the largest inequalities were diabetes, smoking, and obesity, with prevalence rates 2- or 3-fold higher for those with very low (versus high) income. CVDs with the largest inequalities were cerebrovascular disease and heart failure, with prevalence rates 2 to 4 times higher for men and women with very low (versus high) income. Inequalities varied by age, peaking at midlife (30-50 years) for most diseases, while decreasing gradually with age for smoking. Conclusions We found wide and heterogeneous inequalities by income in 5 CVD risk factors and 4 CVD. Our findings in a region with a high-quality public health care system and universal coverage stress that strong equity-promoting policies are necessary to reduce disparities in CVD.",21,Medicine; Obesity; Socioeconomic status; Population; Disease
https://openalex.org/W2762976125,https://doi.org/10.2196/jmir.6989,Comparison of Health Information Technology Use Between American Adults With and Without Chronic Health Conditions: Findings From The National Health Interview Survey 2012,2017,Yan Zhang; Romy Lauche; David Sibbritt; Bolanle A. Olaniran; Ronald L. Cook,Journal of Medical Internet Research,"BACKGROUND: Health information technology (HIT) is utilized by people with different chronic conditions such as diabetes and hypertension. However, there has been no comparison of HIT use between persons without a chronic condition, with one chronic condition, and multiple (≥2) chronic conditions (MCCs). OBJECTIVE: The aim of the study was to assess the difference in HIT use between persons without a chronic condition, with one chronic condition, and with MCCs, to describe the characteristics of HIT use among those with chronic conditions and to identify the predictors of HIT use of the persons with one chronic condition and MCCs. METHODS: A secondary data analysis was conducted in spring 2017 using the National Health Interview Survey (NHIS) 2012 Family Core and Sample Adult Core datasets that yielded 34,525 respondents aged 18 years and older. Measures included overall HIT use (ie, any use of the following five HIT on the Internet: seeking health information, ordering prescription, making appointment, emailing health provider, and using health chat groups), as well as sociodemographic and health-related characteristics. Sociodemographic and health characteristics were compared between HIT users and nonusers among those who reported having at least one chronic condition using chi-square tests. Independent predictors of HIT use were identified using multiple logistic regression analyses for those with one chronic condition, with MCCs, and without a chronic condition. Analyses were weighted and performed at significance level of .005. RESULTS: In 2012, adults with one health chronic condition (raw count 4147/8551, weighted percentage 48.54%) was significantly higher than among those with MCCs (3816/9637, 39.55%) and those with none of chronic condition (7254/16,337, 44.40%, P<.001). Seeking health information was the most prevalent HIT use. Chi-square tests revealed that among adults with chronic conditions, those who used HIT were significantly different from their counterpart peers who did not use HIT in terms of sociodemographic and health characteristics (P<.001). Overall, the significant factors related to HIT use were similar among the adults with one chronic condition, with MCCs, or without a chronic condition: younger age, female sex, non-Hispanic white, higher education level, and higher income level were shown to be positively related to the HIT use. CONCLUSIONS: This study provides a snapshot of HIT use among those with chronic conditions and potential factors related to such use. Clinical care and public health communication efforts attempting to leverage more HIT use should acknowledge differential HIT usage as identified in this study to better address communication inequalities and persistent disparities in socioeconomic status.",48,National Health Interview Survey; Health information technology; Health Information National Trends Survey; Medicine; Health information
https://openalex.org/W4226104897,https://doi.org/10.1177/23779608221084962,Social Inequalities and Health among Older Immigrant Women in the Nordic Countries: An Integrative Review,2022,Jonas Debesay; Line Nortvedt; Birgitta Langhammer,SAGE Open Nursing,"Introduction: The Nordic countries have a surprisingly strong relative socioeconomic health inequality. Immigrants seem to be disproportionately affected due to their social economic position in the host countries. Healthcare professionals, including nurses, have a professional obligation to adhere to fairness and social equity in healthcare. The aim of this review was to identify and synthesize research on health status and the impact of social inequalities in older immigrant women in the Nordic countries. Methods: We conducted an integrative review guided by the Whittemore and Knafl integrative review method. We searched multiple research databases using the keywords immigrant, older, women, socioeconomic inequality, health inequality, and Nordic countries. The results were limited to research published between 1990 and 2021. The retrieved articles were screened and assessed by two independent reviewers. Results: Based on the few studies on older immigrant women in the Nordic countries, the review findings indicate that they fare worse in many health indicators compared to immigrant men and the majority population. These differences are related to various health issues, such as anxiety, depression, diabetes, multimorbidity, sedentary lifestyle, and quality of life. Lower participation in cancer screening programs is also a distinctive feature among immigrant women, which could be related to the immigrant women's help-seeking behavior. Transnational family obligations and responsibilities locally leave little room for prioritizing self-care, but differing views of health conditions might also contribute to avoidance of healthcare services. Conclusion: This integrative review shows that there is a paucity of studies on the impact of social inequalities on the health status of older immigrant women in the Nordic countries. There is a need for not only research focused on the experiences of health status and inequality but also larger studies mapping the connection between older immigrant women's economic and health status and access to healthcare services.",22,Immigration; Health care; Health equity; Inequality; Socioeconomic status
https://openalex.org/W3008772142,https://doi.org/10.1177/0145721720906082,Neighborhood Influences on Physical Activity Among Low-Income African American Adults With Type 2 Diabetes Mellitus,2020,Soim Park; Wayne Zachary; Joel Gittelsohn; Charlene C. Quinn; Pamela J. Surkan,The Diabetes Educator,"PURPOSE: The purpose of the study was to explore the influences of the neighborhood environment on physical activity (PA) among people living with type 2 diabetes mellitus (T2DM) in a community with limited resources. METHODS: Participants were adults with T2DM and their family members or friends who help in the management of T2DM and who were living in a low-income African American (AA) community. Health care providers working in the neighborhood were also included. Using an emergent design, qualitative data were collected through 7 focus group discussions (N = 63) and 13 in-depth interviews. Verbatim transcriptions were analyzed via thematic coding to explore contextual factors that limit PA and meaning around neighborhood features that promote or discourage PA. RESULTS: Levels of PA were strongly limited by neighborhood insecurity and a lack of recreational facilities in the neighborhood. People with T2DM and physical/mobility disabilities were more affected by the neighborhood environment than those without disabilities, particularly due to perceived safety concerns and social stigma. Despite socioeconomic inequalities within neighborhoods, participants showed resilience and made efforts to overcome social-environmental barriers to PA, applied various coping strategies, and received social support. CONCLUSIONS: Results suggested that in an underserved neighborhood, individual barriers to physical activity were amplified by neighborhood-level factors such as crime, especially among individuals who have T2DM and disabilities. Socioeconomic inequalities should be addressed further to improve management of T2DM and its complications.",34,Socioeconomic status; Thematic analysis; Gerontology; Type 2 Diabetes Mellitus; Focus group
https://openalex.org/W4385395753,https://doi.org/10.1080/14767058.2023.2240467,Risk factors for adverse outcomes in twin pregnancies: a narrative review,2023,Maya Whittaker; Isabelle Greatholder; Mark D. Kilby; Alexander Heazell,The Journal of Maternal-Fetal & Neonatal Medicine,"PURPOSE: Globally, the incidence of twin pregnancies is rising owing to the use of assisted reproductive technologies (ART), emigration and deferment of pregnancy until advanced maternal age (AMA). While twin pregnancies have higher absolute risks of adverse outcomes, including miscarriage, stillbirth, neonatal death and preterm delivery, the impact of specific exposures and risk factors related to these outcomes may differ between twin pregnancies and singleton pregnancies. Regarding modifiable factors, data are sometimes based on evidence extrapolated from singleton or whole obstetric populations. Therefore, targeted evidence is required to provide care tailored to twin pregnancies to prevent adverse outcomes. We aimed to comprehensively review the association between different risk factors and adverse outcomes in twin pregnancies, including data on chorionicity, and to compare these to singletons. MATERIALS AND METHODS: This review examines the risks associated with chorionicity, AMA, body mass index (BMI), socioeconomic and ethnic inequalities, maternal smoking, use of ART, maternal perception of fetal movement, and maternal comorbidities, including hypertensive disorders of pregnancy (HDP) and gestational diabetes mellitus (GDM). Adverse outcomes reported were preterm birth, admission to the neonatal intensive care unit (NICU), stillbirth and neonatal mortality. As such, fetal mortality and morbidity will be under-represented, as pregnancy loss before 22-24 weeks is omitted. RESULTS: Monochorionicity increases the risk of stillbirth, NICU admission, and preterm delivery in twin pregnancy. AMA predisposes twin pregnancies to higher risks of mortality, admission to the NICU, and preterm birth than singleton pregnancies do. Conversely, the impact of BMI, socioeconomic inequalities, smoking, ART, and HDP on adverse outcomes appears to be lower in twin pregnancies than in singleton pregnancies. This attenuation might be explained by the higher baseline risk of adverse outcomes such as preterm birth in twin pregnancies. Some exposures, such as ART use and GDM, appear to be ""protective"" against perinatal mortality in twin pregnancies, despite being established risk factors for adverse outcomes in singleton pregnancies, potentially related to access to specialist care. There is a paucity of evidence available to counsel mothers of twin pregnancies regarding reduced fetal movement. CONCLUSIONS: Overall, the risk factors for adverse pregnancy outcomes differ between twin and singleton pregnancies. This highlights the need for further studies to examine the association between risk factors and adverse outcomes in twin pregnancies. The resulting data would facilitate tailored guidance for twin pregnancies, contribute to improved antenatal care, and inform wider public health strategies.",30,Medicine; Obstetrics; Pregnancy; Gestational diabetes; Twin Pregnancy
https://openalex.org/W3175513577,https://doi.org/10.1186/s12916-021-02022-4,Parental income gradients in adult health: a national cohort study,2021,Miriam Evensen; Søren Toksvig Klitkou; Mette Christophersen Tollånes; Simon Øverland; Torkild Hovde Lyngstad,BMC Medicine,"BACKGROUND: Disparities in health by adult income are well documented, but we know less about the childhood origins of health inequalities, and it remains unclear how the shape of the gradient varies across health conditions. This study examined the association between parental income in childhood and several measures of morbidity in adulthood. METHODS: We used administrative data on seven complete Norwegian birth cohorts born in 1967-1973 (N = 429,886) to estimate the association between parental income from birth to age 18, obtained from tax records available from 1967, linked with administrative registries on health. Health measures, observed between ages 39 and 43, were taken from registry data on consultations at primary health care services based on diagnostic codes from the International Classification of Primary Care (ICPC-2) and hospitalizations and outpatient specialist consultations registered in the National Patient Registry (ICD-10). RESULTS: Low parental income during childhood was associated with a higher risk of being diagnosed with several chronic and pain-related disorders, as well as hospitalization, but not overall primary health care use. Absolute differences were largest for disorders related to musculoskeletal pain, injuries, and depression (7-9 percentage point difference). There were also differences for chronic disorders such as hypertension (8%, CI 7.9-8.5 versus 4%, CI 4.1-4.7) and diabetes (3.2%, CI 3.0-3.4 versus 1.4%, CI 1.2-1.6). There was no difference in consultations related to respiratory disorders (20.9%, CI 20.4-21.5 versus 19.7%, CI 19.2-20.3). Childhood characteristics (parental education, low birth weight, and parental marital status) and own adult characteristics (education and income) explained a large share of the association. CONCLUSIONS: Children growing up at the bottom of the parental income distribution, compared to children in the top of the income distribution, had a two- to threefold increase in somatic and psychological disorders measured in adulthood. This shows that health inequalities by socioeconomic family background persist in a Scandinavian welfare-state context with universal access to health care.",22,Medicine; Norwegian; Health care; Pediatrics; Depression (economics)
https://openalex.org/W3042283808,https://doi.org/10.1002/ajhb.23478,Don't blame the <scp>BAME</scp>: Ethnic and structural inequalities in susceptibilities to <scp>COVID</scp>‐19,2020,Gillian R. Bentley,American Journal of Human Biology,"One of the striking features emerging from the COVID-19 pandemic has been the early recognition of ethnic disparities in both vulnerability to contracting the disease, as well as its outcome. These disparities were first reported in news outlets (Blow, 2020; Cowan, 2020; Godin, 2020; The Guardian, 2020a) and, more recently, verified in academic journals (e.g., Bhala, Curry, Martineau, Agyeman, & Bhopal, 2020; Khunti, Singh, Pareek, & Hanif, 2020; Laurencin & McClinton, 2020; Webb Hooper, Nápoles, & Pérez-Stable, 2020), as well as through organizations responsible for gathering health statistics (eg, APM Research Lab, 2020; CDC, 2020; ICNARC, 2020; ONS, 2020). In particular, Black, Asian, and minority ethnic (BAME) groups have emerged as more susceptible to higher morbidity and mortality than either UK or USA white groups. The Office for National Statistics (ONS)—the central organization responsible for producing demographic statistics in the UK—recently stated that Blacks were over four times more likely than whites in England and Wales to die from COVID-19, figures that were equivalent across both genders. The ONS statistics included both confirmed and suspected cases of COVID-19, as well as deaths in hospitals and the community. Similarly, in the USA, the Centers for Disease Control (CDC) has reported that almost twice as many Black and Hispanic individuals were hospitalized with COVID-19 than are proportionally represented in the community (CDC, 2020). From a biocultural perspective, it has been heartening to witness an early recognition in both the UK and the USA that inter-population variation in susceptibilities to corona virus lies not in biology or our genes, but mostly in social and structural differences between human groups that have often led to health disparities (Bhala et al., 2020; Webb Hooper et al., 2020) (see Figure 1). The existence of such disparities is commonly referred to in anthropological and related literatures as “structural violence” (Farmer, Nizeye, Stulac, & Keshavjee, 2006; Galtung, 1969). Such considerations of structural inequalities in health have, for the most part, dominated emerging reports rather than questions of genes, ethnicity or(particularly, in North American parlance) the contested word “race” (Fuentes et al., 2019). For example, when socioeconomic factors as well as preexisting health conditions were controlled for in the ONS (2020) study cited above, the mortality risk for Blacks was reduced, but remained almost twice as high as whites, and higher for males (raising questions of course about what explains the residual differences); the figures for South Asians were similar (ONS, 2020). The ONS, at the time, was not able to include the types of jobs held by individuals among the confounders, which they argue could also affect their models. However, more recently, insidious and potentially racist allusions are beginning to emerge appearing to blame African Americans as somehow responsible for the relatively large number of cases and deaths from COVID-19 in the USA, stoking age-old tropes, and attributing morbidity and mortality to the behaviors and predispositions of BAME groups (Guardian, 2020b; Strings, 2020). The Guardian (2020b) has speculated about the political motivations behind these attributions. In reality, structural or social inequalities that affect individual vulnerabilities to SARS-CoV-2 include exposures through types of employment, whether people are working in essential transport networks carrying large numbers of people, or in small grocery shops that place BAME communities at greater risk of contracting COVID-19 (Figure 1). These communities are also frequently at higher risk for metabolic disorders including obesity, cardiovascular diseases, hypertension and type 2 diabetes, some of which are linked to higher risks for contracting COVID-19, and poorer outcomes once contracted (Azkur et al., 2020). Given that mortality appears to result more from the inflammatory response engendered from exposure to COVID-19, as well as its ability to attack many organs in the body, metabolic diseases render many individuals at high risk for adverse outcomes once they become ill (Matricardi, Dal Negro, & Nisini, 2020). Front-line health workers are also at high risk for contracting COVID-19. In England, the National Health Service (NHS) has long imported qualified doctors, nurses, and carers from abroad (now 13% of all staff), and proportionally twice as many BAME individuals work for the NHS as in the rest of the economy (Baker, 2019). A recent report also suggested that BAME health workers have had less access to personal protective equipment than their white European counterparts (Royal College of Nursing, 2020). In the USA, there are additional social problems faced by minority groups, such as the potential lack of health care due to costs of health insurance. This is a problem that BAME groups do not face in the UK with its national health service. In addition, BAME communities often live in neighborhoods classified as food deserts which affect access to healthy foods, or they lack green spaces for exercise and fresh air. Ethnic minorities frequently live in areas or regions that are more polluted than others, situations which can be exacerbated by lack of service provision including garbage collection. These kinds of “structural violence” are common for ethnic minorities in many northern nations, and can mostly explain inter-group susceptibility to COVID-19. Nevertheless, are there potentially any underlying biological realities that could also render some groups more vulnerable to poorer outcomes after contracting the disease? There are clearly differences in susceptibility based on both age and gender that remain little understood, at present, and that are not wholly due to either social or behavioral differences. In addition, there may be variation in the way that some individuals respond to drugs—so-called pharmacogenetic differences—that might explain recovery times or reactions to particular pharmaceutical interventions (Shah, 2005). Just as some individuals appear immune to HIV-AIDS (Carrington et al., 1996), similarly some individuals may also, for unknown reasons, be immune to SARS-CoV-2, or are asymptomatic carriers (Azkur et al., 2020). There have been a few attempts to explore these underlying biological issues in relation to SARS viruses. One example is the study of population differences in genetic polymorphisms in the angiotensin-converting enzyme-2 (ACE2) receptor, found in many human organs such as the lung, brain, kidney, heart and gut, and through which related corona viruses (SARS-CoV-1, and the more recent SARS-CoV-2) binds to the new host, primarily through lung entry. Although East Asians appear to have higher expression of ACE2 levels compared to people of European descent, there does not seem to be any association between genetic variants and COVID-19 outcome (Cao et al., 2020). Similarly, Nguyen et al. (2020) performed an in silico analysis of different classes of human leukocyte antigen (HLA) genotypes for their response to exposure to SARS-CoV-2, and also mapped different HLA variants globally to estimate the potential epidemiological impact at the population level. Again, while one HLA variant appeared to confer greater protection, another might render an individual more susceptible to COVID-19, but neither were suggested to have an impact at a global level. More recently, Genomics England (2020) has announced that they will begin a study of 20 000 hospitalized patients who have experienced the worst symptoms of COVID-19, and will compare them to 15 000 patients who have had only mild symptoms, in an effort to explore potential genomic differences in susceptibility to the disease. The study will undoubtedly take some time to complete, and it is not known how the research will either collect or address other risk factors alongside genetic variability. Similarly, the Biobank longitudinal study in the UK has requested its current participants to enroll in a subsidiary study to examine those factors (genetic or otherwise) that could influence susceptibility to COVID-19 (Biobank, 2020), although the proportion of BAME individuals participating in Biobank is lower than in the national population (Fry et al., 2017).Other physiological reasons for differential ethnic susceptibility to COVID-19 have been suggested, including the potential of Vitamin D deficiency to increase susceptibility which would adversely affect people with darker skin living in countries at higher latitudes; this connection has since been downplayed (Hamiel, Kozer, & Youngster, 2020). We should also remember that developmental and epigenetic influences mediated through the environment (socioeconomic and otherwise) can also impact individuals in later life and, through this route, affect their susceptibility to pathogens (Conching & Thayer, 2019; Nelson, 2009; Wells, 2016). South Asians, for example, are suggested to have a particular thin-fat phenotype in response to long-standing conditions of fetal under-nutrition that render them particularly vulnerable to metabolic disorders in later life (Yajnik et al., 2003. These phenotypic traits also appear to be inter-generationally preserved (van Steijn et al., 2009) and, as mentioned above, are currently linked to risks for COVID-19 morbidity and mortality (Azkur et al., 2020). Life course events such as allostatic load also seem to affect the rate at which individuals age biologically, such that their biological age is higher or lower than their chronological age. These discrepancies have been measured using a variety of techniques such as analyses of telomerelength, or epigenetic age, and many ethnic minorities appear to have higher biological ages relative to their chronological ages (eg, Levine & Crimmins, 2014; Simons et al., 2016). Given that COVID-19 vulnerability is positively correlated with age, those individuals with a higher biological age might also be increasingly susceptible to the effects of COVID-19. More broadly, at a wider geographical level, long-standing differences between countries in terms of Gross Domestic Product, infra-structure and histories of colonial oppression, are thought to make many southern hemisphere, lower and middle-income countries (LMICs) much more vulnerable to the emerging spread of corona virus and its health consequences (Bhutta, Basnya, Saha, & Laxminarayan, 2020; Roberton et al., 2020). There has also been speculation about the potentially catastrophic consequences of poor health, crowded conditions, lack of sufficient health personnel, and inability to socially distance in most of the camps housing refugees in various parts of the world (Kassem, 2020; Nott, 2020). The statistics, in fact, looked encouraging early on, in that the numbers of cases and deaths appeared much lower in LMICs than in Europe, although the African Continent has been temporally behind Europe in exposure to SARS-CoV-2 (Hashim, 2020). In South Asia, the lower mortality rate was variably assigned to the demographic structure of the population, with a majority of younger individuals who may have been less likely to transmit SARS-CoV-2 (Hashim, 2020). In addition, it was speculated that exposure to more diseases during early life, or a more intense pattern of childhood immunizations, might somehow prime individuals to be more resistant to the virus. Early reports, however, that there might be some protection afforded by theBacillus Calmette-Guérin(BCG) vaccination against tuberculosis (which was also routinely given to most children in the UK until 2005) have since been questioned (Kumar & Meena, 2020; Redelman-Sidi, 2020). Another factor that might shield refugee camps from the pandemic is that they remain relatively isolated from tourist and visitor trails, while travel by inmates outside the camps is often restricted (Abdalfatah, 2020). However, more recently, the pandemic has been accelerating in southern countries, with rapidly increasing rates in the African Continent and in South Asia, providing challenges to the health care systems in many countries (Johns Hopkins University, 2020; Vaidyanathan, 2020), and an ominous portent of what might be the ultimate morbidity and mortality rates in LMICs. Finally, and by no means least in relation to structural inequalities, as we develop new potential treatments and vaccines to treat COVID-19, we must also be aware of the need to test and gather data on ethnic minorities, who are generally poorly represented in clinical trials and longitudinal health cohort studies (Jackson & Kuhlman, 2019). The study of health in relation to structural inequalities, racism, and so-called “racial medicine” has often been the focus of anthropology (eg, Conching & Thayer, 2019; Ifekwunigwe et al., 2017; Weigmann, 2006).We should be reassured, barring selective political rhetoric that has the potential to be extremely damaging, by the evident recognition in press outlets, popular science sources, and elsewhere, that ethnic inequalities in health do not reflect underlying human biology or genes, but rather the social environment in which human individuals find themselves embedded. We can only hope that the current pandemic might be an eventual catalyst to addressing and remediating these inequalities after decades of increasingly widening inequality gaps within human societies (Dorling, 2013; Marmot, 2015). Thanks are due to Barry Bogin, Rodney Brittan, and Lynnette Sievert for comments on an earlier draft of the manuscript, as well as the two anonymous reviewers who made valuable suggestions. Gillian Bentley: Conceptualization; writing-original draft; writing-review and editing. The author declares no conflict of interest.",78,Ethnic group; Demography; Coronavirus disease 2019 (COVID-19); Blame; Population
https://openalex.org/W2075447591,https://doi.org/10.1111/j.1467-789x.2007.00344.x,Executive Summary: FORESIGHT ‘Tackling Obesities: Future Choices’ project,2007,Susan A. Jebb; P Kopelman; Barbara K. Butland,Obesity Reviews,"Obesity is not new (1) but it is a growing problem. While the mean body mass index (BMI; a measure of relative weight) of the population has been steadily increasing among adults over many generations, there has been a concomitant increase in the proportion of the population who are seriously obese. The latest World Health Organization estimates are that around 1.2 billion people in the world are overweight and at least 300 million of them are obese. The UK is fortunate to have year-on-year surveys that track the increasing prevalence of obesity. In 2004, 23.6% men and 23.8% women were obese and this is predicted to increase to around 33% and 28% by 2010. Additionally, the problem is penetrating into childhood, rising from 1.8% to 6.0% in boys and 1.3–6.6% in girls aged 5–10 years between 1974 and 2002/03 (2) and estimated to reach around 19% and 22% in boys and girls respectively by 2010. This, together with a greater recognition of the burden of disease and the health costs associated with obesity (especially abdominal obesity) including increased risk of coronary heart disease, type 2 diabetes and cancer (3), has taken the problem outside the traditional health/research sector and into front-line politics as a debate over roles and responsibilities rages (4). This overview draws on 34 ‘State of the Science’ review papers commissioned as part of the UK Foresight project ‘Tackling Obesities: Future Choices’. It explores the many facets of the issue from genetics to social norms and ethics from the perspectives of national experts, with resonances on an international scale. The conclusion is inescapable. Obesity is a complex, multifaceted problem with no easy or obvious solutions. Subsequent steps in the Foresight process will seek to provide clarity to this complexity through the use of an obesity systems map and will explore the environment for action through the development of a range of future scenarios. These two strands of qualitative work will inform estimates of possible future obesity levels using a newly developed quantitative cell-based model. At the heart of the problem of excess weight is a homeostatic biological system, struggling to cope in a fast-changing world, where the pace of technological revolution outstrips human evolution. Since the identification of the ob gene in 1994, research into physiological mechanisms controlling body weight has grown exponentially (5–9) including work on inter-generational effects and impact of early-life experiences that may perpetuate obesity within families (10,11). Much has been learnt about regulatory mechanisms from animal models, with the potential to perform detailed investigations, including the use of transgenic models (7). This work continues to provide critical underpinning for the development of novel drug targets for the treatment (and perhaps in the future, prevention) of obesity and/or the modulation of related metabolic disorders (5,6,8). Intriguingly, most of the significant advances in understanding have occurred in relation to the control of food intake. Indeed, research into the metabolic aspects of energy expenditure has yielded little evidence of abnormalities (12), although this does not rule out future therapeutic interventions. But in contrast, studies of the regulation of food intake have spawned new components to the human appetite regulation system at an impressive rate. This includes work on single gene defects associated with severe obesity that have highlighted critical neural pathways, especially in relation to leptin and the melanocortin system (5). Other research has shown the importance of peripheral signals derived from adipose tissue and the gut (6). New research is considering the interactions between food and biology through studies of the neural response to food-related stimuli (9). This fusion of psychology and biology provides important insights into mechanisms underpinning food habits. However, individual strands of this basic biological research are often conducted in isolation and this limits a fuller understanding of the relative importance of different pathways, their interactions and redundancies within the system. Thus, it is still difficult to reliably predict the key points for intervention. This is further compounded by the inter-individual variability in each of these components and research into gene–environment interactions is in its infancy (5). However, this is a topical area of research, in the public and private sector, not least with respect to developments in nutri-genomics, the science underpinning the concept of personalized nutrition (13). In spite of this mechanistic complexity, obesity is ultimately a consequence of a long-term uncoupling of energy intake and expenditure. Observational studies of human behaviour have sought to elucidate the detailed components of this dysregulation but are hampered by the lack of robust, objective measures of dietary intake and physical activity in large populations (14,15). There has been disproportionate attention given to debates over the relative importance of diet or inactivity in the aetiology of obesity, given that the subtle shifts in energy balance which have occurred at a population level are below the limits of detection of current methodologies. In the case of dietary intake, long-term records are based on household food purchases while historical data on physical activity are totally lacking. However, recent technological developments in the measurement of activity levels have given rise to a raft of new studies to consider the variation within a population with respect to physical activity and subsequent risk of obesity, and this is yielding important insights. For example, showing that sedentary behaviours, especially television viewing, are critical risk factors for obesity and the importance of energy expended during routine daily activities as a contributor to overall energy expenditure, which has clear implications for transport policies and other aspects of the built environment (15,16). In modern societies, overt exercise accounts for a very small proportion of total energy expenditure and is likely to play only a minor role in preventing obesity, although positive benefits on wider disease risk should not be ignored (12). Measuring dietary intake outside the laboratory remains problematical, but by combining data from experimental, observational and controlled intervention studies, a number of specific dietary risk factors have been identified including a high energy density, characterized by a diet high in fat and low in fibre and the consumption of sugar-rich drinks, each compounded by large habitual portion sizes. These provide promising targets for intervention and are consistent with other strategies for the prevention of chronic disease (14). This offers potential opportunities for interventions by the food industry through reformulation of existing products and innovation with healthier options, tailored to meet the nutritional needs of a largely sedentary population (17). Research into the physiological systems controlling body weight is vital but it is increasingly recognized that biology operates within a social and cultural context (18–20). The choice of lifestyle for the population at large, or individuals, is neither a pure product of genetics nor freewill, but a melting pot, heated and stirred by the influence of the wider environment. Understanding these wider determinants of food intake and physical activity is a key area of research, spanning across areas as diverse as family dynamics, school policies, urban design and media influences (16,18,21,22). Most of this work is presently conducted at a population level and more investigation at an individual level is warranted to explain the inter-individual variability in obesity rather than overarching population trends (18). A focus on socioeconomic and ethnic disparities will help to bridge the widening health inequalities (23). However, population-based interventions must be sensitive to the need to promote a healthy body weight, without excessive thinness, especially among individuals predisposed to eating disorders (24). At present, the evidence base for the prevention of obesity is heavily biased towards causes rather than solutions. Data from intervention studies are few in number and limited in scope (15,25). Most are confined to controlled research settings. Few interventions have been overtly successful in reducing the prevalence of obesity and even the most promising have not been widely replicated (25). Areas identified for future development include multidisciplinary approaches (25), overcoming ambivalence to change (19), establishing new social norms, and, critically in the case of children, parental engagement (18). This is likely to require greater involvement of research partners outside traditional academic/health professional arenas. The need for large-scale studies involving diverse teams over long periods of time also challenges existing funding mechanisms and data-gathering processes (4,26). In contrast to interventions for the prevention of obesity, there have been some recent advances in treatment development. Treatment is hampered by the physiological mechanisms which favours weight maintenance. However, long-term studies of intense individual interventions show that sustained changes in diet and physical activity can lead to modest but sustained reductions in body weight, of approximately 5%, over many years, with concomitant improvements in comorbidities, especially the risk of type 2 diabetes and overall reductions in the cost of health care (27). Pharmacological interventions produce significantly greater weight loss while the treatment is continued (28). Advances in bariatric surgery means that this is now a well-recognized and effective intervention for obesity, with weight losses of 10–30% and substantial reductions in new cases of diabetes and cardiovascular mortality. However, although this is a large weight reduction for an individual, the impact on the population mean weight is small, because the number of individuals for whom surgery is appropriate is small. At present, only a small proportion of people who are obese receive optimal care because of a lack of resources (including trained staff) and clinical management practices which prioritize the treatment of comorbidities over weight loss. There is a need to identify individuals most likely to benefit from treatment. The BMI is a useful measure for population surveillance but has limited sensitivity at an individual level. Instead, it needs to be combined with information on body fat, other risk factors including family history, to make improved risk assessments. Future treatment-based research needs to focus on improving the success of behavioural interventions and developing new, more effective drug therapies. While there are established public–private mechanisms for investment in the latter, behavioural interventions have, historically, been poorly supported. This will not be reversed quickly given the paucity of trained researchers in this area. Importantly, treatment should not be divorced from prevention. The maintenance of weight loss and the prevention of weight regain is a critical yet under-researched component of treatment (27). In the short term, significant progress could be made by the implementation of existing knowledge. Epidemiological analyses of the prevalence of obesity have provided a catalyst for research. Some countries have the unenviable reputation of an even greater proportion of obese people than the UK. Indeed, the prevalence of obesity in the UK has been steadily tracking that of the USA with a lag of about 10 years. Obesity levels in the USA now exceed 30%. This gives a glimpse into the future if we fail to act now. Ongoing analysis is essential for surveillance and monitoring and there is scope to refine these procedures to enhance the usefulness to researchers and policymakers through rigorous evaluation (26). Further analysis of these datasets can also inform future projections to underpin the provision of public services, including health and pensions and assess the economic implications (29). It will also assist in the development of an overarching strategy to tackle obesity (4). Our understanding of the risks of chronic disease associated with obesity suggests that even 100% success in preventing new cases of obesity among young children will leave a substantial burden of ill-health and associated costs for years to come (3). These evidence reviews suggest that long-term strategies (spanning several generations) encompassing both prevention and treatment for adults and children and which also take account of the needs of groups at different lifestages and with diverse circumstances would be most likely to be effective at tackling obesity. However, just as obesity develops slowly, within both individuals and populations, so too will it take time to establish new habits and build new structures to support a healthy diet and enhanced physical activity. Interventions will only be effective if they are designed to have in-built sustainability. One of the important lessons from efforts to reduce smoking and alcohol is the lag time between research and action, whether among individuals, in terms of behaviour change or at a population level in terms of public health interventions. Controls on smoking provide an interesting case study with respect to the acceptability of different types of interventions (30,31). Over the last 50 years, policymakers have moved from the basic provision of information and advice, through the facilitation of healthier options (e.g. through use of nicotine replacement), active discouragement of the unhealthy behaviour (e.g. taxation, advertising restrictions) and onto regulatory action (e.g. bans on smoking in public places). Action on diet (including alcohol) and activity is far behind, social marketing techniques will contribute to the raising of awareness, the influencing of public opinion and resetting of social norms (32). Campaigns in relation to alcohol have successfully reset social norms with respect to drinking and driving. However, this has not been accompanied by a decrease in overall alcohol intake (31). Here, as with other diet and alcohol interventions, most observers accept the need for such campaigns to coexist with parallel environmental interventions to support and facilitate behaviour change. However, it is important not to be over-reliant on a single approach (33). These ‘State of Science’ reviews have clearly demonstrated that evidence for specific actions to tackle obesity is neither complete nor perfect and the obesity debate is fuelled by differing interpretations of the scientific literature. Meanwhile, the burgeoning prevalence of obesity, especially in children, has resulted in sustained pressure to act and to act quickly. The resulting tensions illustrate just one of the ethical challenges which arises in any strategy to tackle obesity (34). Neither is it an easy position for scientists who seek the ‘best evidence possible’, nor for policymakers who fear interventions which do not guarantee success. Greater interactions between scientists and policymakers will help to ease these tensions and maximize the potential to develop and execute effective interventions in a virtuous circle of continuous improvement which combines scientific development, policy implementation and joint evaluation.",368,Futures studies; Citation; Library science; Unit (ring theory); Executive summary
https://openalex.org/W4311528928,https://doi.org/10.3390/geriatrics7060137,Socioeconomic Inequalities in the Prevalence of Non-Communicable Diseases among Older Adults in India,2022,Bikash Khura; Parimala Mohanty; Lipilekha Patnaik; Keerti Bhusan Pradhan; Jagdish Khubchandani,Geriatrics,"Understanding socioeconomic inequalities in non-communicable disease prevalence and preventive care usage can help design effective action plans for health equality programs among India's aging population. Hypertension (HTN) and diabetes mellitus (DM) are frequently used as model non-communicable diseases for research and policy purposes as these two are the most prevalent NCDs in India and are the leading causes of mortality. For this investigation, data on 31,464 older persons (aged 60 years and above) who took part in the Longitudinal Ageing Survey of India (LASI: 2017-2018) were analyzed. The concentration index was used to assess socioeconomic inequality whereas relative inequalities indices were used to compare HTN, DM, and preventive care usage between the different groups of individuals based on socioeconomic status. The study reveals that wealthy older adults in India had a higher frequency of HTN and DM than the poor elderly. Significant differences in the usage of preventive care, such as blood pressure/blood glucose monitoring, were found among people with HTN or DM. Furthermore, economic position, education, type of work, and residential status were identified as important factors for monitoring inequalities in access to preventive care for HTN and DM. Disparities in non-communicable diseases can be both a cause and an effect of inequality across social strata in India.",12,Medicine; Socioeconomic status; Non-communicable disease; Inequality; Environmental health
https://openalex.org/W2009797510,https://doi.org/10.1257/jep.13.2.145,Healthy Bodies and Thick Wallets: The Dual Relation Between Health and Economic Status,1999,James P. Smith,The Journal of Economic Perspectives,The first section of this paper documents the size of the association between health and one prominent economic status measure--household wealth. The next section deals with how health influences economic status by sketching out reasons why health may alter household savings (and eventually wealth) and then providing estimates of the empirical magnitude of these effects. The third section shifts attention to the other pathway--the links between economic status and health--and summarizes major controversies and evidence surrounding these issues.,1794,Earnings; Life expectancy; Economics; Inequality; Demographic economics
https://openalex.org/W2107632228,https://doi.org/10.1146/annurev.soc.012809.102529,Socioeconomic Disparities in Health Behaviors,2010,Fred C. Pampel; Patrick M. Krueger; Justin T. Denney,Annual Review of Sociology,"The inverse relationships between socioeconomic status (SES) and unhealthy behaviors such as tobacco use, physical inactivity, and poor nutrition have been well demonstrated empirically but encompass diverse underlying causal mechanisms. These mechanisms have special theoretical importance because disparities in health behaviors, unlike disparities in many other components of health, involve something more than the ability to use income to purchase good health. Based on a review of broad literatures in sociology, economics, and public health, we classify explanations of higher smoking, lower exercise, poorer diet, and excess weight among low-SES persons into nine broad groups that specify related but conceptually distinct mechanisms. The lack of clear support for any one explanation suggests that the literature on SES disparities in health and health behaviors can do more to design studies that better test for the importance of the varied mechanisms.",1846,Socioeconomic status; Health equity; Public health; Psychology; Environmental health
https://openalex.org/W2803306216,https://doi.org/10.1055/s-0038-1649503,Global Burden of Stroke,2018,Mira Katan; Andreas R. Luft,Seminars in Neurology,"Stroke is the second leading cause of death and a major cause of disability worldwide. Its incidence is increasing because the population ages. In addition, more young people are affected by stroke in low- and middle-income countries. Ischemic stroke is more frequent but hemorrhagic stroke is responsible for more deaths and disability-adjusted life-years lost. Incidence and mortality of stroke differ between countries, geographical regions, and ethnic groups. In high-income countries mainly, improvements in prevention, acute treatment, and neurorehabilitation have led to a substantial decrease in the burden of stroke over the past 30 years. This article reviews the epidemiological and clinical data concerning stroke incidence and burden around the globe.",2084,Medicine; Stroke (engine); Incidence (geometry); Neurorehabilitation; Epidemiology
https://openalex.org/W2115609473,https://doi.org/10.1002/mpr.168,The World Mental Health (WMH) Survey Initiative version of the World Health Organization (WHO) Composite International Diagnostic Interview (CIDI),2004,Ronald C. Kessler; T. Bedirhan Üstün,International Journal of Methods in Psychiatric Research,"This paper presents an overview of the World Mental Health (WMH) Survey Initiative version of the World Health Organization (WHO) Composite International Diagnostic Interview (CIDI) and a discussion of the methodological research on which the development of the instrument was based. The WMH-CIDI includes a screening module and 40 sections that focus on diagnoses (22 sections), functioning (four sections), treatment (two sections), risk factors (four sections), socio-demographic correlates (seven sections), and methodological factors (two sections). Innovations compared to earlier versions of the CIDI include expansion of the diagnostic sections, a focus on 12-month as well as lifetime disorders in the same interview, detailed assessment of clinical severity, and inclusion of information on treatment, risk factors, and consequences. A computer-assisted version of the interview is available along with a direct data entry software system that can be used to keypunch responses to the paper-and-pencil version of the interview. Computer programs that generate diagnoses are also available based on both ICD-10 and DSM-IV criteria. Elaborate CD-ROM-based training materials are available to teach interviewers how to administer the interview as well as to teach supervisors how to monitor the quality of data collection.",4802,CIDI; Mental health; Medical diagnosis; Psychology; Focus group
https://openalex.org/W2024937075,https://doi.org/10.1542/peds.111.1.222,Social Inequality in Childhood Diabetes—A Population-Based Follow-up Study in Germany,2003,Andrea Icks; Joachim Rosenbauer; Burkhard Haastert; Guido Giani,PEDIATRICS,"To the Editor .—

In the January 2002 issue of Pediatrics , Keenan et al1 reported a higher prevalence of ketoacidosis and more prolonged hospitalization in diabetic children and adolescents with low socioeconomic status in the United States. They suggest intensive programs for this patient group to improve their health and potentially to decrease total health care costs.

Actually, reduction of social inequality in health is one of the main targets in Europe, too. Because there is a widespread health care system with free entrance for everybody in Germany, it is often argued that social inequality should be less pronounced compared with other countries. However, for children and adolescents with diabetes, only little population-based data about the association between socioeconomic status and health outcomes is available, in Germany as well as in other countries.2–4 Therefore, we performed a study to analyze the influence of several socioeconomic variables on health care outcomes in childhood diabetes in the first course after onset.

The study was based on the population-based incidence study in North Rhine-Westphalia, Germany, part of the EURODIAB ACE network.5 In 1996–1998, a total of 1257 children and adolescents with diabetes onset before the age of 15 were registered. …",11,Medicine; Social inequality; Inequality; Diabetes mellitus; Population
https://openalex.org/W2131735754,https://doi.org/10.1093/ije/dyt228,Data Resource Profile: The Korea National Health and Nutrition Examination Survey (KNHANES),2014,Sun‐Seog Kweon; Yoonjung Kim; Minyoung Jang; Yoonjung Kim; Kyoungwoo Kim,International Journal of Epidemiology,"The Korea National Health and Nutrition Examination Survey (KNHANES) is a national surveillance system that has been assessing the health and nutritional status of Koreans since 1998. Based on the National Health Promotion Act, the surveys have been conducted by the Korea Centers for Disease Control and Prevention (KCDC). This nationally representative cross-sectional survey includes approximately 10 000 individuals each year as a survey sample and collects information on socioeconomic status, health-related behaviours, quality of life, healthcare utilization, anthropometric measures, biochemical and clinical profiles for non-communicable diseases and dietary intakes with three component surveys: health interview, health examination and nutrition survey. The health interview and health examination are conducted by trained staff members, including physicians, medical technicians and health interviewers, at a mobile examination centre, and dieticians' visits to the homes of the study participants are followed up. KNHANES provides statistics for health-related policies in Korea, which also serve as the research infrastructure for studies on risk factors and diseases by supporting over 500 publications. KCDC has also supported researchers in Korea by providing annual workshops for data users. KCDC has published the Korea Health Statistics each year, and microdata are publicly available through the KNHANES website (http://knhanes.cdc.go.kr).",2131,National Health and Nutrition Examination Survey; Medicine; Environmental health; Family medicine; Microdata (statistics)
https://openalex.org/W2030858342,https://doi.org/10.1111/j.1754-4505.2012.00257.x,Sociodemographic factors associated with the dental health of persons with diabetes in France,2012,Sylvie Azogui‐Lévy; Rosemary Dray‐Spira,Special Care in Dentistry,"This paper describes and compares the oral health status among people with and without diabetes in France, and analyzes the related socioeconomic factors. The study is based on data from the cross-sectional national health survey conducted in France from 2002 to 2003, which included 19,231 people over 35 years of age, among whom 1,111 reported having diabetes. Data were collected through interviews that inquired about oral health status and use of dental care services, income, educational level, health insurance, place of residence, and birthplace. The prevalence of oral health problems was higher among subjects who had diabetes, compared with those who were nondiabetic (16.4% vs. 13.4%). Dental care utilization during the survey period was reported to be 8.7% among subjects who were diabetic versus 12.9% among those who were nondiabetic. The subjects with diabetes were more likely to have dental problems (OR = 1.47, CI = 1.03-2.08) and wear removable dentures (partial and complete) when their income was lower (OR = 2.17, CI = 1.52-3.10). There were social inequalities in oral health among people with diabetes in France according to income level.",17,Medicine; Dentures; Socioeconomic status; Residence; Diabetes mellitus
https://openalex.org/W2772482629,https://doi.org/10.1002/14651858.cd001871.pub4,Interventions for preventing obesity in children,2019,Tamara Brown; Theresa HM Moore; Lee Hooper; Yang Gao; Amir Zayegh,Cochrane Database of Systematic Reviews,"EDITORIAL NOTE: See https://doi.org/10.1002/14651858.CD015328.pub2, https://doi.org/10.1002/14651858.CD015330.pub2 and https://doi.org/10.1002/14651858.CD015326.pub2 for more recent reviews that cover this topic. BACKGROUND: Prevention of childhood obesity is an international public health priority given the significant impact of obesity on acute and chronic diseases, general health, development and well-being. The international evidence base for strategies to prevent obesity is very large and is accumulating rapidly. This is an update of a previous review. OBJECTIVES: To determine the effectiveness of a range of interventions that include diet or physical activity components, or both, designed to prevent obesity in children. SEARCH METHODS: We searched CENTRAL, MEDLINE, Embase, PsychINFO and CINAHL in June 2015. We re-ran the search from June 2015 to January 2018 and included a search of trial registers. SELECTION CRITERIA: Randomised controlled trials (RCTs) of diet or physical activity interventions, or combined diet and physical activity interventions, for preventing overweight or obesity in children (0-17 years) that reported outcomes at a minimum of 12 weeks from baseline. DATA COLLECTION AND ANALYSIS: Two authors independently extracted data, assessed risk-of-bias and evaluated overall certainty of the evidence using GRADE. We extracted data on adiposity outcomes, sociodemographic characteristics, adverse events, intervention process and costs. We meta-analysed data as guided by the Cochrane Handbook for Systematic Reviews of Interventions and presented separate meta-analyses by age group for child 0 to 5 years, 6 to 12 years, and 13 to 18 years for zBMI and BMI. MAIN RESULTS: , 95% CI -0.14 to -0.05). However, there is moderate-certainty evidence that they had little or no effect on zBMI (MD -0.02, 95% CI -0.06 to 0.02). There is low-certainty evidence from 20 RCTs (n = 24,043) that diet combined with physical activity interventions, compared with control, reduced zBMI (MD -0.05 kg/m2, 95% CI -0.10 to -0.01). There is high-certainty evidence that diet interventions, compared with control, had little impact on zBMI (MD -0.03, 95% CI -0.06 to 0.01) or BMI (-0.02 kg/m2, 95% CI -0.11 to 0.06).Children aged 13 to 18 years: There is very low-certainty evidence that physical activity interventions, compared with control reduced BMI (MD -1.53 kg/m2, 95% CI -2.67 to -0.39; 4 RCTs; n = 720); and low-certainty evidence for a reduction in zBMI (MD -0.2, 95% CI -0.3 to -0.1; 1 RCT; n = 100). There is low-certainty evidence from eight RCTs (n = 16,583) that diet combined with physical activity interventions, compared with control, had no effect on BMI (MD -0.02 kg/m2, 95% CI -0.10 to 0.05); or zBMI (MD 0.01, 95% CI -0.05 to 0.07; 6 RCTs; n = 16,543). Evidence from two RCTs (low-certainty evidence; n = 294) found no effect of diet interventions on BMI.Direct comparisons of interventions: Two RCTs reported data directly comparing diet with either physical activity or diet combined with physical activity interventions for children aged 6 to 12 years and reported no differences.Heterogeneity was apparent in the results from all three age groups, which could not be entirely explained by setting or duration of the interventions. Where reported, interventions did not appear to result in adverse effects (16 RCTs) or increase health inequalities (gender: 30 RCTs; socioeconomic status: 18 RCTs), although relatively few studies examined these factors.Re-running the searches in January 2018 identified 315 records with potential relevance to this review, which will be synthesised in the next update. AUTHORS' CONCLUSIONS: Interventions that include diet combined with physical activity interventions can reduce the risk of obesity (zBMI and BMI) in young children aged 0 to 5 years. There is weaker evidence from a single study that dietary interventions may be beneficial.However, interventions that focus only on physical activity do not appear to be effective in children of this age. In contrast, interventions that only focus on physical activity can reduce the risk of obesity (BMI) in children aged 6 to 12 years, and adolescents aged 13 to 18 years. In these age groups, there is no evidence that interventions that only focus on diet are effective, and some evidence that diet combined with physical activity interventions may be effective. Importantly, this updated review also suggests that interventions to prevent childhood obesity do not appear to result in adverse effects or health inequalities.The review will not be updated in its current form. To manage the growth in RCTs of child obesity prevention interventions, in future, this review will be split into three separate reviews based on child age.",3020,Psychological intervention; Obesity; Medicine; Psychology; Nursing
https://openalex.org/W2043489981,https://doi.org/10.1136/jech.57.10.778,Life course epidemiology: Figure 1,2003,Diana Kuh; Y Ben-Shlomo; J Lynch; J Hallqvist; C Power,Journal of Epidemiology & Community Health,The aim of this glossary is to encourage a dialogue that will advance the life course perspective.,1978,Medicine; Epidemiology; Course (navigation); Life course approach; Gerontology
https://openalex.org/W3034285292,https://doi.org/10.1136/jech-2020-214401,The COVID-19 pandemic and health inequalities,2020,Clare Bambra; Ryan Riordan; John Ford; Fiona E. Matthews,Journal of Epidemiology & Community Health,"It then explores the potential consequences for health inequalities of the lockdown measures implemented internationally as a response to the COVID-19 pandemic, focusing on the likely unequal impacts of the economic crisis. The essay concludes by reflecting on the longer-term public health policy responses needed to ensure that the COVID-19 pandemic does not increase health inequalities for future generations.",2007,Pandemic; Inequality; Coronavirus disease 2019 (COVID-19); Public health; Health equity
https://openalex.org/W4295979739,https://doi.org/10.3389/fpubh.2022.956883,Inequalities in access to community-based diabetes examination and its impact on healthcare utilization among middle-aged and older adults with diabetes in China,2022,Qingwen Deng; Yan Wei; Yingyao Chen,Frontiers in Public Health,"= 0.0007). PSM analyses showed that community-based diabetes examination increased the utilization of outpatient care (odds ratio, OR = 1.989, 95%CI = 1.156-3.974) and decreased the use of inpatient care (OR = 0.544, 95%CI = 0.325-0.909), and the sensitivity analyses confirmed the robustness of the results. This study is the first to examine the status and inequalities of community-based regular diabetes examination and its effect on the likelihood of healthcare utilization among patients with diabetes. The findings suggest that the overall level of community-based diabetes examination is low, and there are pro-socioeconomically disadvantaged inequalities. The value of community-based diabetes examination should be recognized to help person with diabetes face up to their health needs for better disease control and health promotion.",8,Medicine; Diabetes mellitus; Confidence interval; Odds ratio; Community health
https://openalex.org/W3154933051,https://doi.org/10.2196/25299,Conducting Internet-Based Visits for Onboarding Populations With Limited Digital Literacy to an mHealth Intervention: Development of a Patient-Centered Approach,2021,Rosa Hernandez-Ramos; Adrián Aguilera; Faviola Garcia; Jose Miramontes-Gomez; Laura Elizabeth Pathak,JMIR Formative Research,"BACKGROUND: The COVID-19 pandemic has propelled patient-facing research to shift to digital and telehealth strategies. If these strategies are not adapted for minority patients of lower socioeconomic status, health inequality will further increase. Patient-centered models of care can successfully improve access and experience for minority patients. OBJECTIVE: This study aims to present the development process and preliminary acceptability of altering in-person onboarding procedures into internet-based, remote procedures for a mobile health (mHealth) intervention in a population with limited digital literacy. METHODS: We actively recruited safety-net patients (English- and Spanish-speaking adults with diabetes and depression who were receiving care at a public health care delivery system in San Francisco, United States) into a randomized controlled trial of text messaging support for physical activity. Because of the COVID-19 pandemic, we modified the in-person recruitment and onboarding procedures to internet-based, remote processes with human support. We conducted a preliminary evaluation of how the composition of the recruited cohort might have changed from the pre-COVID-19 period to the COVID-19 enrollment period. First, we analyzed the digital profiles of patients (n=32) who had participated in previous in-person onboarding sessions prior to the COVID-19 pandemic. Next, we documented all changes made to our onboarding processes to account for remote recruitment, especially those needed to support patients who were not very familiar with downloading apps onto their mobile phones on their own. Finally, we used the new study procedures to recruit patients (n=11) during the COVID-19 social distancing period. These patients were also asked about their experience enrolling into a fully digitized mHealth intervention. RESULTS: Recruitment across both pre-COVID-19 and COVID-19 periods (N=43) demonstrated relatively high rates of smartphone ownership but lower self-reported digital literacy, with 32.6% (14/43) of all patients reporting they needed help with using their smartphone and installing apps. Significant changes were made to the onboarding procedures, including facilitating app download via Zoom video call and/or a standard phone call and implementing brief, one-on-one staff-patient interactions to provide technical assistance personalized to each patient's digital literacy skills. Comparing recruitment during pre-COVID-19 and COVID-19 periods, the proportion of patients with digital literacy barriers reduced from 34.4% (11/32) in the pre-COVID-19 cohort to 27.3% (3/11) in the COVID-19 cohort. Differences in digital literacy scores between both cohorts were not significant (P=.49). CONCLUSIONS: Patients of lower socioeconomic status have high interest in using digital platforms to manage their health, but they may require additional upfront human support to gain access. One-on-one staff-patient partnerships allowed us to provide unique technical assistance personalized to each patient's digital literacy skills, with simple strategies to troubleshoot patient barriers upfront. These additional remote onboarding strategies can mitigate but not eliminate digital barriers for patients without extensive technology experience. TRIAL REGISTRATION: Clinicaltrials.gov NCT0349025, https://clinicaltrials.gov/ct2/show/NCT03490253.",53,Onboarding; mHealth; Telehealth; Telemedicine; Medicine
https://openalex.org/W2135504732,https://doi.org/10.1186/1471-2288-6-35,Conducting a critical interpretive synthesis of the literature on access to healthcare by vulnerable groups,2006,Mary Dixon‐Woods; Debbie Cavers; Shona Agarwal; Ellen Annandale; Antony Arthur,BMC Medical Research Methodology,"BACKGROUND: Conventional systematic review techniques have limitations when the aim of a review is to construct a critical analysis of a complex body of literature. This article offers a reflexive account of an attempt to conduct an interpretive review of the literature on access to healthcare by vulnerable groups in the UK METHODS: This project involved the development and use of the method of Critical Interpretive Synthesis (CIS). This approach is sensitised to the processes of conventional systematic review methodology and draws on recent advances in methods for interpretive synthesis. RESULTS: Many analyses of equity of access have rested on measures of utilisation of health services, but these are problematic both methodologically and conceptually. A more useful means of understanding access is offered by the synthetic construct of candidacy. Candidacy describes how people's eligibility for healthcare is determined between themselves and health services. It is a continually negotiated property of individuals, subject to multiple influences arising both from people and their social contexts and from macro-level influences on allocation of resources and configuration of services. Health services are continually constituting and seeking to define the appropriate objects of medical attention and intervention, while at the same time people are engaged in constituting and defining what they understand to be the appropriate objects of medical attention and intervention. Access represents a dynamic interplay between these simultaneous, iterative and mutually reinforcing processes. By attending to how vulnerabilities arise in relation to candidacy, the phenomenon of access can be better understood, and more appropriate recommendations made for policy, practice and future research. DISCUSSION: By innovating with existing methods for interpretive synthesis, it was possible to produce not only new methods for conducting what we have termed critical interpretive synthesis, but also a new theoretical conceptualisation of access to healthcare. This theoretical account of access is distinct from models already extant in the literature, and is the result of combining diverse constructs and evidence into a coherent whole. Both the method and the model should be evaluated in other contexts.",1991,Candidacy; Construct (python library); Health care; Reflexivity; Equity (law)
https://openalex.org/W3192075772,https://doi.org/10.1111/1475-6773.13863,Transforming care for people with multiple chronic conditions: Agency for Healthcare Research and Quality's research agenda,2021,Arlene S. Bierman; Jing Wang; Patrick G. O’Malley; Dina Moss,Health Services Research,"Care more particularly for the individual patient than for the especial features of the disease. William Osler1 One of the most daunting challenges confronting the health care system is how to prevent and manage multiple chronic conditions (MCC) effectively and efficiently. MCC are commonly defined as the co-occurrence of two or more chronic physical or mental health conditions. Some use the term multimorbidity as synonymous with MCC, while others define MCC as including additional factors that contribute to the burden of illness, including disease severity, functional impairments and disabilities, syndromes such as frailty, and sometimes social factors such as homelessness.2 Regardless of definition, MCC are common, costly, and place a high burden on individuals, their caregivers, clinicians, health care teams, and health systems alike. Our fragmented, disease-focused health care system is ill-designed to meet the needs of this growing population. Although prevalence varies with definition,3 MCC is the most common chronic condition seen in clinical practice. One in three American adults, four in five Medicare beneficiaries, and a growing number of children have MCC. People living with MCC account for a disproportionate share of health care utilization and costs, 64% of all clinician visits, 70% of all inpatient stays, 83% of all prescriptions, 71% of all health care spending, and 93% of Medicare spending. Almost half have functional impairments. Nearly all readmissions among Medicare beneficiaries occur among those with MCC.4 The prevalence of MCC will grow with our aging population. The need to improve the care of people living with MCC has been recognized nationally and internationally.5, 6 There is a mismatch between the way care is delivered (disease-specific) and needs (patient-centered) resulting in care that is fragmented and of sub-optimal quality, leading to poor outcomes including avoidable adverse events, hospitalizations, and institutionalization as well as increased costs. People with MCC typically see multiple providers in multiple settings of care and have multiple care transitions. Many experience barriers in access to care or have difficulty navigating the health system to obtain needed services and therefore present with avoidable and costly late-stage diseases. Fragmented care too often leads to problems including drug–drug or drug–disease interactions, therapeutic duplication, polypharmacy, contradictory and confusing recommendations, or a therapeutic regimen that is complicated, burdensome, and challenging to follow. Transforming care for people living with MCC entails organizing health care to take care of people living with illnesses in the context of their lives, respecting their values and preferences, supported by clinical research and guidelines that provide needed evidence and guidance on managing co-existing illnesses and different constellations of diseases. While interventions to improve MCC care have been developed and tested, results have been mixed and when effective modest at best.7 We have learned much about components of effective interventions. However, we do not know which constellation of these components, for which populations, and in which settings of care will result in improved outcomes nor how to widely implement and scale these interventions. The Agency for Healthcare Research and Quality's (AHRQ's) vision for “a sustainable health care system that delivers high-value coordinated, integrated patient-centered care based in primary care, optimizing individual and population health by preventing and effectively managing MCC” remains elusive. The coronavirus disease 2019 (COVID-19) pandemic has underscored the need to increase attention to MCC and the challenges MCC present. People living with MCC are at higher risk for severe disease and mortality from severe acute respiratory syndrome–related coronavirus (SARS-CoV-2) infection.8 In a study from a large integrated health system, 88% of individuals hospitalized with SARS-CoV-2 infection had MCC.9 A growing number of people manifest persistent, debilitating symptoms after infection, postacute sequelae of SARS-CoV-2 infection. These “long haulers” experience consequences across multiple organ systems (e.g., neurologic, cardiac, pulmonary, musculoskeletal), potentially compounded by underlying conditions, with negative impacts on health and quality of life.10 These sequelae may coexist with behavioral and psychosocial consequences of the pandemic (e.g., depression, financial strain, substance abuse, social isolation).11, 12 Thus, the burden of MCC will grow. Racial/ethnic minorities and those who are socioeconomically disadvantaged develop MCC at earlier ages and have more conditions, greater severity of illness, and more functional limitations.13 Women are more likely than men to have MCC across all age groups. At-risk populations are also more likely to encounter access barriers, experience care of lower quality due to well-documented disparities, have multiple social risks, and have less resources to navigate the health system. These factors in the context of MCC increase the risk of poor health outcomes. The prevalence of MCC also varies by geography—one study found MCC prevalence to range from 37.9% in the District of Columbia to 64.4% in West Virginia.8 To be effective, interventions will need to be tailored to local context and resources. Multiple factors, compounded by the COVID-19 pandemic, including rising inequality, social deprivation and isolation, food insecurity, smoking, substance abuse, sedentary lifestyles, and diet, have contributed to the current syndemic of MCC. One single factor alone (e.g., smoking, insufficient physical activity, poverty) can increase the risk of developing multiple conditions such as cardiovascular disease, diabetes, dementia, and depression. While attention has been paid to the sickest individuals with MCC, those with high cost and high needs, limited attention has been paid earlier in the disease continuum. There is opportunity for both primary and secondary prevention among those with multiple risk factors and among those with rising risk who have multiple conditions before they have complex needs, disability, or frailty. Prevention of MCC could be fostered through clinical, public health, and policy interventions. The challenge of MCC is a wicked problem, one that is “complex, unpredictable, open ended, or intractable,”14 as it entails people with complex medical, social, and psychological needs interacting with health systems that are also complex. Wicked problems require innovative solutions that address their complexity. Transforming care for people with MCC is essential for health system sustainability, especially for federal programs including Medicare and Medicaid, that provide care to a disproportionate share of the MCC population. Improving MCC prevention and management is fundamental to supporting the move to value-based payment. A number of concurrent factors provide the foundation for addressing MCC, including a growing body of evidence on the delivery of patient-centered care, advances in implementation science, and increasing recognition of the need for investment in primary care and primary care research.15 Lessons from the disruption and innovation in the way care is delivered generated by the COVID-19 pandemic (e.g., the rapid adoption of telehealth) are providing evidence that can be applied to improve MCC care. These trends along with the growing capability of data and analytics to generate evidence within learning health system make it the opportune time to invest in MCC care. AHRQ developed the Care and Learn Model to bring together two streams of research where there have been considerable advancements over the last decade—patient-centered care delivery and the approaches that support the cycle of evidence synthesis, generation, and implementation within learning health systems.15 Recognizing that the primary function of the health system is to care for people, their families, and caregivers in the context of the communities that they live in and aligned with their goals, values, and preferences, the Care and Learn Model provided a framework for developing this research agenda. We present a research agenda for transforming care for MCC, that builds on AHRQ's portfolio of research in this area, ongoing stakeholder engagement, and informed by an MCC Research Summit held in November 2020.16 Beginning in early 2019, AHRQ launched a series of stakeholder engagement activities along with dialogs with federal partners to develop a research agenda to guide future investments in improving MCC care. This included key informant interviews, open forums, and panel discussions at professional society meetings. Our goal was to elicit comprehensive and diverse perspectives from clinicians, patients, health system leaders, academia, and philanthropies to identify the most pressing challenges in improving MCC care and research needed to address these challenges. Important areas being addressed by others including biomedical research on clinical management or measurement of MCC17 were acknowledged and considered out of scope.17, 18 Three priority areas were identified through this process as follows: patient and family engagement, models of high-value care, and health information technology applications solutions to support people living with MCC and to their improve care. Evidence reviews on each of these issues were commissioned to assess the state of the evidence in the specified domains and to identify knowledge gaps.7, 19, 20 In 2020, we used a systematic process for identifying and prioritizing a research agenda. This process began with an invitation to 40 subject matter experts to review and provide feedback to the evidence review authors, as well as identify key topics, issues, or themes not covered by the evidence reviews. This informed the Virtual Research Summit on Transforming Care for People with Multiple Chronic Conditions, which AHRQ convened in November 2020 and was attended by over 100 researchers, clinicians, patients and caregivers, health IT professionals, health care system and policy experts, and other potential funders of MCC research. Upon registration, participants were asked to provide responses to open-ended questions about care delivery and research gaps and opportunities. Plenary speakers provided high-level overviews of the challenges facing patients and providers and innovative research methods for developing and testing strategies for addressing them. Finally, in a series of sequential and facilitated working sessions, participants identified, consolidated, integrated, and prioritized a group-generated list of key research questions. The research agenda below was developed through this process. Details can be found in the meeting proceedings.16 There is ample opportunity to conduct research to provide the needed evidence to improve the quality and outcomes of care for MCC and the experiences of people living with MCC, their families and caregivers, and the clinicians who provide their care. Evidence reviews revealed a nascent literature in all three priority areas with large gaps that need to be filled to make progress in tackling this wicked problem. Patient-level, practice-level, community-level, and health system–level interventions all have potential, as do multilevel interventions that align these efforts. Progress will require culture change in practice and training for widespread adoption of the paradigms needed to widely implement whole-person care, including the integration of behavioral health and primary care. Current payment models often present a barrier to innovation to redesign care, and evidence is also needed for the effectiveness of different payment models and incentives to support these efforts. Partnerships and policy are needed to address social determinants of health (SDoH) and to assure that these efforts address pervasive health inequities. We not only need to deliver care differently; we need to do research differently to address identified gaps. The research domains below are not mutually exclusive, and effective interventions are likely to be multicomponent and draw from multiple domains. Key questions that emerged from the MCC summit are shown in Table 1. By expanding the “whole-person” approach to embrace medical, behavioral, social, spiritual, and economic dimensions, we need to redesign care for people living with diseases rather than focusing on specific diseases in isolation. This “precision” care needs to be provided in the context of their lives and aligned with their priorities, preferences, and goals.21 This entails not only partnership in patient-centered care planning but also co-design of practices and health systems and co-production of evidence. Strategies are needed to effectively engage people living with MCC and their caregivers and self-management support to help individuals achieve their goals. Clinical practice guidelines and clinical decision support that can inform decision making and minimize harms in managing heterogeneous constellations of conditions are also needed. The recent transformation of primary care toward team-based care in the form of medical homes has been an important structural change, but the potential for this care delivery model has been unrealized and needs renovation. Patients living with MCC would benefit from continuing relationships with a primary care team to help plan and coordinate care. Currently, not all primary care practices have the systems or expertise do this well. Better management of processes of care to address MCC will be required, using collaborative care and disease management models, adapted to the complexities of chronic disease interaction. This will require case identification, goals of care planning, shared decision making, case management, and continuous driving toward achieving optimal patient-centered multidimensional goals. Higher performance of medical homes has been shown to improve preventive services and provider work–life satisfaction,22 and so measurement of medical home performance, will be required to ensure primary care teams have the capacity to deliver the required complex care. While the patient–provider relationship will still require the human need for one-on-one relationship building to engender the trust necessary to potentiate care, the paradigm of care solely within fixed facilities is over. Telehealth and virtual care will remain a significant part of how primary care is delivered, but how to do this optimally and safely without overburdening primary care providers will require rigorous research. IT solutions to support care outside of the office can be designed to specifically address the unique challenges in improving MCC care from patient, caregiver, and clinician perspectives. These technologies will play a crucial role in improving access to care (both primary and specialty), but appropriate boundaries will be required to balance immediacy of care needs with burnout among providers. mHealth applications can allow the collection patient-reported outcomes and provide self-management support. Interoperable shared electronic care plans can not only allow coordination across providers but also enable better communication with the care team and capture preferences, values, goals, and progress toward attaining them along with other patient-generated health data to support care management. We need evidence for the best mix of in-person and virtual care as well as evidence for the effectiveness and safety of IT solutions. A redesigned and better supported medical home is necessary but not sufficient. Improved coordination of primary care and specialty care, seamless transition across settings including acute and postacute care, and access to and coordination with community services are all needed to improve MCC care. There is a need to develop, implement, and evaluate models of care that deliver patient-centered coordinated care to people living with MCC. Health information technology will also be instrumental in allowing the broader health systems to function more seamlessly, allowing for higher quality and safer care transitions, from referral processes to hospital admissions and discharges. Better flow of information would support collaborative and stepped care models to occur in a more integrated manner. Across systems, this will require advances in interoperability and health information exchange capacity. Systemic societal influences that lead to inequitable care will require systemic solutions and the research necessary to optimally program equity into systems of care. Recognition of universal access to primary care as a common good will provide the equal playing ground for the necessary quality improvement processes to raise the health of all, including the most vulnerable and those with the highest illness burden. Without such equal access to care, quality improvement efforts will exacerbate current inequities of care. Additionally, quality improvement activities can narrow, maintain, or widen inequities in quality and outcomes depending on their relative effectiveness and the degree to which they meet the needs of diverse populations. Evidence is needed for interventions tailored specifically to the needs of people living with MCC so that new models of care aimed at improving MCC care do not widen pervasive inequities in this population. Preventing and managing MCC to optimize health outcomes require an increased  on health,  and   is well  that living and working conditions or the  are the primary  of health  among both individuals and populations, and the people for  this is most  the case are those living with MCC. The  both increase the risk of developing MCC, may  access to care, and provide barriers to optimal management.  health   and coordination of health  interventions and  outside of the health system. Evidence is  on how social and community services that address  can best be integrated with clinical care.  primary care,  multiple barriers to   the individual  of clinical care delivery with a population health  This   with communities  and   study and social  with the care of  to improve both individual and population health   health  may help people living with MCC obtain needed services both  and outside the health system. There is  evidence that  and coordination between public health and primary care can improve outcomes and    across  that contribute to health (e.g.,   is also needed. Evidence is needed for models of care that can align and  community and human  public health, and   to  MCC care. The  of care for MCC  an burden on people living with MCC and their caregivers who  navigate the health system, share   multiple  for   and   are asked to  to complex   and make     the  of challenging social    of multiple  guidelines that  to address multimorbidity  to  complex    of  burden have been developed to support  of interventions aimed at  burden.  to care delivery have been developed to help minimize   including    and   Evidence is needed to inform decision making, priority  and goal  and  to support care planning to optimize outcomes and minimize burden. The  clinicians experience in  care to people with MCC are  by fragmented care, insufficient coordination across multiple providers and care  practice   and  ill-designed to support MCC care, and  electronic health  systems increasing the risk of   efforts to  patient, caregiver, and clinician burden are likely to require   and process   the evidence needed to  care for individuals living with  will require new research methods for   and  complex interventions that address complex patient needs in a range of care   people living with MCC, caregivers,  and health care teams to    and    in        to account for the   in  interventions to redesign care    do not allow  of the  to increase effectiveness based on new evidence that   the implementation process nor the  to  the  to local context including population needs and  resources.  there is a growing  of research methods that can be  to  the evidence  to improve MCC care.    can provide evidence for implementation   Multiple      implementation  rapid cycle  and complex    on     while allowing  to the  based on  outcomes.  methods  provide  into  and how the   or  and in which   interventions would result in sustainable  and would address health inequities as an   of  interventions. The  of care for MCC will need to be  by the health care   for managing and addressing complex care, to  expertise in    of the  of   high-level communication  team-based  and patient-centered  This has   and training  for health    This will require innovative  to   research with clinical research in  we have not    with these  will be the necessary  of  that embrace the  of  in care teams, and  for the  of a diverse  that more   the population they  The  of MCC is a  time  that  health system sustainability, the future of Medicare and Medicaid, and the health and  of the American   while   is  needed.  we can  and support research to generate the evidence to make progress and   as we implement  By     and  innovative models of care to effectively prevent and manage MCC in partnership with people living with MCC, their families, and caregivers,  and clinicians, we can  the   We can  the evidence needed for policy to  health and  and  health  The health system  required to improve MCC care will also lead to more effective and  care for  The AHRQ research agenda   a  for future research investment to  the  We      and   for their  to the AHRQ Multiple Chronic  Research Summit 2020 and  to the meeting  We  all the  speakers and participants who  the AHRQ Multiple Chronic  Research Summit 2020 and provided their  and  The  and  in this  are those of the authors, who are  for   and do not   the  of the Agency for Healthcare Research and     in this   be  as an   of AHRQ or the   of Health and",59,Medicine; Health care; Gerontology; Population; Quality of life (healthcare)
https://openalex.org/W1977593169,https://doi.org/10.1111/j.1749-6632.1999.tb08114.x,"Race, Socioeconomic Status, and Health The Added Effects of Racism and Discrimination",1999,David R. Williams,Annals of the New York Academy of Sciences,"Higher disease rates for blacks (or African Americans) compared to whites are pervasive and persistent over time, with the racial gap in mortality widening in recent years for multiple causes of death. Other racial/ethnic minority populations also have elevated disease risk for some health conditions. This paper considers the complex ways in which race and socioeconomic status (SES) combine to affect health. SES accounts for much of the observed racial disparities in health. Nonetheless, racial differences often persist even at ""equivalent"" levels of SES. Racism is an added burden for nondominant populations. Individual and institutional discrimination, along with the stigma of inferiority, can adversely affect health by restricting socioeconomic opportunities and mobility. Racism can also directly affect health in multiple ways. Residence in poor neighborhoods, racial bias in medical care, the stress of experiences of discrimination and the acceptance of the societal stigma of inferiority can have deleterious consequences for health.",1517,Socioeconomic status; Racism; Affect (linguistics); Health equity; Race and health
https://openalex.org/W4403086642,https://doi.org/10.1016/s2468-2667(24)00188-9,Adverse pregnancy outcomes attributable to overweight and obesity across maternal birth regions: a Swedish population-based cohort study,2024,Maryam Shirvanifar; Viktor H. Ahlqvist; Michael Lundberg; Kyriaki Kosidou; Ángel Herráiz-Adillo,The Lancet Public Health,"BACKGROUND: Whether there are differences in the contribution of overweight and obesity to adverse pregnancy outcomes between migrant and non-migrant women in high-income countries, which might increase health inequalities, remains unclear. Therefore, in this study, we aimed to estimate the contribution (including the proportion and number of attributable cases) of overweight and obesity to a wide range of adverse pregnancy outcomes in Swedish-born and migrant women. METHODS: This population-based cohort study used nationwide population registries in Sweden. All outcomes and covariates were collected from the Medical Birth Register (delivery and maternal characteristics), National Patient Register (inpatient and specialised outpatient care), the Cause of Death Register (all deaths in Sweden), the Longitudinal Integrated Database for Health Insurance and Labour Market Studies (socioeconomic data), and the Total Population Register (maternal birth country data). Women with missing records of BMI at the first antenatal visit, country of birth, or covariates, were excluded from the study. BMI was measured during the first antenatal visit. Maternal country of birth was categorised into Sweden and seven super-regions. The proportion (ie, population attributable fractions [PAFs]) and the number of adverse pregnancy outcomes attributable to overweight and obesity were calculated, adjusting for maternal age, gestational age at first antenatal visit, maternal parity, smoking status, maternal somatic conditions, child's sex, socioeconomic and demographic variables. FINDINGS: We identified 2 228 416 singleton pregnancies between Jan 1, 2000, and Dec 31, 2020 of 1 245 273 women. 254 778 (11·4%) pregnancies with missing records of BMI at the first antenatal visit, country of birth, or covariates were excluded, which resulted in a final analytical cohort of 1 973 638 pregnancies carried by 1 164 783 women. The overall mean maternal age of the study population was 30·8 years (SD 5·1). As estimated by PAFs, overweight and obesity contributed to a large proportion of adverse pregnancy outcomes: gestational diabetes (52·1% [95% CI 51·0-53·2]), large-for-gestational age (36·9% [36·2-37·6]), pre-eclampsia (26·5% [25·7-27·3]), low Apgar score (14·7% [13·5-15·9]), infant mortality (12·7% [9·8-15·7]), severe maternal morbidity (henceforth referred to as a near-miss event; 8·5% [6·0-11·0]), and preterm birth (5·0% [4·4-5·7]) in the total study population. PAFs varied between maternal birth regions. INTERPRETATION: Interventions to reduce overweight and obesity have the potential to mitigate the burden of adverse pregnancy outcomes and possibly reduce inequalities in reproductive health. Therefore, public health practice and policy should prioritise efforts to prevent overweight and obesity among women of childbearing age. FUNDING: Swedish Research Council.",27,Overweight; Medicine; Pregnancy; Obesity; Obstetrics
https://openalex.org/W2547666282,https://doi.org/10.3171/2016.8.focus16280,Maternal environmental risk factors for congenital hydrocephalus: a systematic review,2016,Aristotelis Kalyvas; Theodosis Κalamatianos; Mantha Pantazi; Georgios D. Lianos; George Stranjalis,Neurosurgical FOCUS,"OBJECTIVE Congenital hydrocephalus (CH) is one of the most frequent CNS congenital malformations, representing an entity with serious pathological consequences. Although several studies have previously assessed child-related risk factors associated with CH development, there is a gap of knowledge on maternal environmental risk factors related to CH. The authors have systematically assessed extrinsic factors in the maternal environment that potentially confer an increased risk of CH development. METHODS The Cochrane Library, MEDLINE, and EMBASE were systematically searched for works published between 1966 and December 2015 to identify all relevant articles published in English. Only studies that investigated environmental risk factors concerning the mother-either during gestation or pregestationally-were included. RESULTS In total, 13 studies (5 cohorts, 3 case series, 3 case-control studies, 1 meta-analysis, and 1 case report) meeting the inclusion criteria were identified. Maternal medication or alcohol use during gestation; lifestyle modifiable maternal pathologies such as obesity, diabetes, or hypertension; lack of prenatal care; and a low socioeconomic status were identified as significant maternal environmental risk factors for CH development. Maternal infections and trauma to the mother during pregnancy have also been highlighted as potential mother-related risk factors for CH. CONCLUSIONS Congenital hydrocephalus is an important cause of serious infant health disability that can lead to health inequalities among adults. The present study identified several maternal environmental risk factors for CH, thus yielding important scientific information relevant to prevention of some CH cases. However, further research is warranted to confirm the impact of the identified factors and examine their underlying behavioral and/or biological basis, leading to the generation of suitable prevention strategies.",31,Medicine; Cochrane Library; Pregnancy; Pediatrics; Risk factor
https://openalex.org/W3164570271,https://doi.org/10.1038/s41569-021-00559-8,"Global epidemiology, health burden and effective interventions for elevated blood pressure and hypertension",2021,Bin Zhou; Pablo Perel; George A. Mensah; Majid Ezzati,Nature Reviews Cardiology,"High blood pressure is one of the most important risk factors for ischaemic heart disease, stroke, other cardiovascular diseases, chronic kidney disease and dementia. Mean blood pressure and the prevalence of raised blood pressure have declined substantially in high-income regions since at least the 1970s. By contrast, blood pressure has risen in East, South and Southeast Asia, Oceania and sub-Saharan Africa. Given these trends, the prevalence of hypertension is now higher in low-income and middle-income countries than in high-income countries. In 2015, an estimated 8.5 million deaths were attributable to systolic blood pressure >115 mmHg, 88% of which were in low-income and middle-income countries. Measures such as increasing the availability and affordability of fresh fruits and vegetables, lowering the sodium content of packaged and prepared food and staples such as bread, and improving the availability of dietary salt substitutes can help lower blood pressure in the entire population. The use and effectiveness of hypertension treatment vary substantially across countries. Factors influencing this variation include a country's financial resources, the extent of health insurance and health facilities, how frequently people interact with physicians and non-physician health personnel, whether a clear and widely adopted clinical guideline exists and the availability of medicines. Scaling up treatment coverage and improving its community effectiveness can substantially reduce the health burden of hypertension.",1453,Medicine; Epidemiology; Psychological intervention; Blood pressure; Intensive care medicine
https://openalex.org/W3036402194,https://doi.org/10.1093/cid/ciaa815,The Disproportionate Impact of COVID-19 on Racial and Ethnic Minorities in the United States,2020,Don Bambino Geno Tai; Aditya Shah; Chyke A. Doubeni; Irene G. Sia; Mark L. Wieland,Clinical Infectious Diseases,"The coronavirus disease 2019 (COVID-19) pandemic has disproportionately affected racial and ethnic minority groups, with high rates of death in African American, Native American, and LatinX communities. Although the mechanisms of these disparities are being investigated, they can be conceived as arising from biomedical factors as well as social determinants of health. Minority groups are disproportionately affected by chronic medical conditions and lower access to healthcare that may portend worse COVID-19 outcomes. Furthermore, minority communities are more likely to experience living and working conditions that predispose them to worse outcomes. Underpinning these disparities are long-standing structural and societal factors that the COVID-19 pandemic has exposed. Clinicians can partner with patients and communities to reduce the short-term impact of COVID-19 disparities while advocating for structural change.",1468,Coronavirus disease 2019 (COVID-19); Ethnic group; 2019-20 coronavirus outbreak; Severe acute respiratory syndrome coronavirus 2 (SARS-CoV-2); Political science
https://openalex.org/W2017462460,https://doi.org/10.1186/1471-2458-11-770,Pain as a global public health priority,2011,Daniel S. Goldberg; Summer McGee,BMC Public Health,"BACKGROUND: Pain is an enormous problem globally. Estimates suggest that 20% of adults suffer from pain globally and 10% are newly diagnosed with chronic pain each year. Nevertheless, the problem of pain has primarily been regarded as a medical problem, and has been little addressed by the field of public health. DISCUSSION: Despite the ubiquity of pain, whether acute, chronic or intermittent, public health scholars and practitioners have not addressed this issue as a public health problem. The importance of viewing pain through a public health lens allows one to understand pain as a multifaceted, interdisciplinary problem for which many of the causes are the social determinants of health. Addressing pain as a global public health issue will also aid in priority setting and formulating public health policy to address this problem, which, like most other chronic non-communicable diseases, is growing both in absolute numbers and in its inequitable distribution across the globe. SUMMARY: The prevalence, incidence, and vast social and health consequences of global pain requires that the public health community give due attention to this issue. Doing so will mean that health care providers and public health professionals will have a more comprehensive understanding of pain and the appropriate public health and social policy responses to this problem.",1402,Public health; Medicine; Biostatistics; Health policy; Health care
https://openalex.org/W2585915213,https://doi.org/10.1016/s0140-6736(16)32380-7,Socioeconomic status and the 25 × 25 risk factors as determinants of premature mortality: a multicohort study and meta-analysis of 1·7 million men and women,2017,Silvia Stringhini; Cristian Carmeli; Markus Jokela; Mauricio Avendaño; Peter Muennig,The Lancet,"BACKGROUND: In 2011, WHO member states signed up to the 25 × 25 initiative, a plan to cut mortality due to non-communicable diseases by 25% by 2025. However, socioeconomic factors influencing non-communicable diseases have not been included in the plan. In this study, we aimed to compare the contribution of socioeconomic status to mortality and years-of-life-lost with that of the 25 × 25 conventional risk factors. METHODS: We did a multicohort study and meta-analysis with individual-level data from 48 independent prospective cohort studies with information about socioeconomic status, indexed by occupational position, 25 × 25 risk factors (high alcohol intake, physical inactivity, current smoking, hypertension, diabetes, and obesity), and mortality, for a total population of 1 751 479 (54% women) from seven high-income WHO member countries. We estimated the association of socioeconomic status and the 25 × 25 risk factors with all-cause mortality and cause-specific mortality by calculating minimally adjusted and mutually adjusted hazard ratios [HR] and 95% CIs. We also estimated the population attributable fraction and the years of life lost due to suboptimal risk factors. FINDINGS: During 26·6 million person-years at risk (mean follow-up 13·3 years [SD 6·4 years]), 310 277 participants died. HR for the 25 × 25 risk factors and mortality varied between 1·04 (95% CI 0·98-1·11) for obesity in men and 2 ·17 (2·06-2·29) for current smoking in men. Participants with low socioeconomic status had greater mortality compared with those with high socioeconomic status (HR 1·42, 95% CI 1·38-1·45 for men; 1·34, 1·28-1·39 for women); this association remained significant in mutually adjusted models that included the 25 × 25 factors (HR 1·26, 1·21-1·32, men and women combined). The population attributable fraction was highest for smoking, followed by physical inactivity then socioeconomic status. Low socioeconomic status was associated with a 2·1-year reduction in life expectancy between ages 40 and 85 years, the corresponding years-of-life-lost were 0·5 years for high alcohol intake, 0·7 years for obesity, 3·9 years for diabetes, 1·6 years for hypertension, 2·4 years for physical inactivity, and 4·8 years for current smoking. INTERPRETATION: Socioeconomic circumstances, in addition to the 25 × 25 factors, should be targeted by local and global health strategies and health risk surveillance to reduce mortality. FUNDING: European Commission, Swiss State Secretariat for Education, Swiss National Science Foundation, the Medical Research Council, NordForsk, Portuguese Foundation for Science and Technology.",1295,Socioeconomic status; Meta-analysis; Medicine; Environmental health; Demography
https://openalex.org/W2812445013,https://doi.org/10.1016/j.envres.2018.06.030,The health benefits of the great outdoors: A systematic review and meta-analysis of greenspace exposure and health outcomes,2018,Caoimhe Twohig-Bennett; Andy Jones,Environmental Research,"BACKGROUND: The health benefits of greenspaces have demanded the attention of policymakers since the 1800s. Although much evidence suggests greenspace exposure is beneficial for health, there exists no systematic review and meta-analysis to synthesise and quantify the impact of greenspace on a wide range of health outcomes. OBJECTIVE: To quantify evidence of the impact of greenspace on a wide range of health outcomes. METHODS: We searched five online databases and reference lists up to January 2017. Studies satisfying a priori eligibility criteria were evaluated independently by two authors. RESULTS: We included 103 observational and 40 interventional studies investigating ~100 health outcomes. Meta-analysis results showed increased greenspace exposure was associated with decreased salivary cortisol -0.05 (95% CI -0.07, -0.04), heart rate -2.57 (95% CI -4.30, -0.83), diastolic blood pressure -1.97 (95% CI -3.45, -0.19), HDL cholesterol -0.03 (95% CI -0.05, <-0.01), low frequency heart rate variability (HRV) -0.06 (95% CI -0.08, -0.03) and increased high frequency HRV 91.87 (95% CI 50.92, 132.82), as well as decreased risk of preterm birth 0.87 (95% CI 0.80, 0.94), type II diabetes 0.72 (95% CI 0.61, 0.85), all-cause mortality 0.69 (95% CI 0.55, 0.87), small size for gestational age 0.81 (95% CI 0.76, 0.86), cardiovascular mortality 0.84 (95% CI 0.76, 0.93), and an increased incidence of good self-reported health 1.12 (95% CI 1.05, 1.19). Incidence of stroke, hypertension, dyslipidaemia, asthma, and coronary heart disease were reduced. For several non-pooled health outcomes, between 66.7% and 100% of studies showed health-denoting associations with increased greenspace exposure including neurological and cancer-related outcomes, and respiratory mortality. CONCLUSIONS: Greenspace exposure is associated with numerous health benefits in intervention and observational studies. These results are indicative of a beneficial influence of greenspace on a wide range of health outcomes. However several meta-analyses results are limited by poor study quality and high levels of heterogeneity. Green prescriptions involving greenspace use may have substantial benefits. Our findings should encourage practitioners and policymakers to give due regard to how they can create, maintain, and improve existing accessible greenspaces in deprived areas. Furthermore the development of strategies and interventions for the utilisation of such greenspaces by those who stand to benefit the most.",1608,Meta-analysis; Health benefits; Environmental health; Health risk; Health impact assessment
https://openalex.org/W2055838663,https://doi.org/10.1136/bmj.39609.449676.25,Predicting cardiovascular risk in England and Wales: prospective derivation and validation of QRISK2,2008,Julia Hippisley–Cox; Carol Coupland; Yana Vinogradova; John Robson; Rubin Minhas,BMJ,"OBJECTIVE: To develop and validate version two of the QRISK cardiovascular disease risk algorithm (QRISK2) to provide accurate estimates of cardiovascular risk in patients from different ethnic groups in England and Wales and to compare its performance with the modified version of Framingham score recommended by the National Institute for Health and Clinical Excellence (NICE). DESIGN: Prospective open cohort study with routinely collected data from general practice, 1 January 1993 to 31 March 2008. SETTING: 531 practices in England and Wales contributing to the national QRESEARCH database. PARTICIPANTS: 2.3 million patients aged 35-74 (over 16 million person years) with 140,000 cardiovascular events. Overall population (derivation and validation cohorts) comprised 2.22 million people who were white or whose ethnic group was not recorded, 22,013 south Asian, 11,595 black African, 10,402 black Caribbean, and 19,792 from Chinese or other Asian or other ethnic groups. MAIN OUTCOME MEASURES: First (incident) diagnosis of cardiovascular disease (coronary heart disease, stroke, and transient ischaemic attack) recorded in general practice records or linked Office for National Statistics death certificates. Risk factors included self assigned ethnicity, age, sex, smoking status, systolic blood pressure, ratio of total serum cholesterol:high density lipoprotein cholesterol, body mass index, family history of coronary heart disease in first degree relative under 60 years, Townsend deprivation score, treated hypertension, type 2 diabetes, renal disease, atrial fibrillation, and rheumatoid arthritis. RESULTS: The validation statistics indicated that QRISK2 had improved discrimination and calibration compared with the modified Framingham score. The QRISK2 algorithm explained 43% of the variation in women and 38% in men compared with 39% and 35%, respectively, by the modified Framingham score. Of the 112,156 patients classified as high risk (that is, >or=20% risk over 10 years) by the modified Framingham score, 46,094 (41.1%) would be reclassified at low risk with QRISK2. The 10 year observed risk among these reclassified patients was 16.6% (95% confidence interval 16.1% to 17.0%)-that is, below the 20% treatment threshold. Of the 78 024 patients classified at high risk on QRISK2, 11,962 (15.3%) would be reclassified at low risk by the modified Framingham score. The 10 year observed risk among these patients was 23.3% (22.2% to 24.4%)-that is, above the 20% threshold. In the validation cohort, the annual incidence rate of cardiovascular events among those with a QRISK2 score of >or=20% was 30.6 per 1000 person years (29.8 to 31.5) for women and 32.5 per 1000 person years (31.9 to 33.1) for men. The corresponding figures for the modified Framingham equation were 25.7 per 1000 person years (25.0 to 26.3) for women and 26.4 (26.0 to 26.8) for men). At the 20% threshold, the population identified by QRISK2 was at higher risk of a CV event than the population identified by the Framingham score. CONCLUSIONS: Incorporating ethnicity, deprivation, and other clinical conditions into the QRISK2 algorithm for risk of cardiovascular disease improves the accuracy of identification of those at high risk in a nationally representative population. At the 20% threshold, QRISK2 is likely to be a more efficient and equitable tool for treatment decisions for the primary prevention of cardiovascular disease. As the validation was performed in a similar population to the population from which the algorithm was derived, it potentially has a ""home advantage."" Further validation in other populations is therefore advised.",1488,Medicine; Framingham Risk Score; Cohort; Population; Body mass index
https://openalex.org/W2129681452,https://doi.org/10.1093/ije/dyl056,A systematic review of empirical research on self-reported racism and health,2006,Yin Paradies,International Journal of Epidemiology,"This paper reviews 138 empirical quantitative population-based studies of self-reported racism and health. These studies show an association between self-reported racism and ill health for oppressed racial groups after adjustment for a range of confounders. The strongest and most consistent findings are for negative mental health outcomes and health-related behaviours, with weaker associations existing for positive mental health outcomes, self-assessed health status, and physical health outcomes. Most studies in this emerging field have been published in the past 5 years and have been limited by a dearth of cohort studies, a lack of psychometrically validated exposure instruments, poor conceptualization and definition of racism, conflation of racism with stress, and debate about the aetiologically relevant period for self-reported racism. Future research should examine the psychometric validity of racism instruments and include these instruments, along with objectively measured health outcomes, in existing large-scale survey vehicles as well as longitudinal studies and studies involving children. There is also a need to gain a better understanding of the perception, attribution, and reporting of racism, to investigate the pathways via which self-reported racism affects health, the interplay between mental and physical health outcomes, and exposure to intra-racial, internalized, and systemic racism. Ensuring the quality of studies in this field will allow future research to reveal the complex role that racism plays as a determinant of population health.",1671,Racism; Mental health; Psychology; Psychometrics of racism; Population
https://openalex.org/W4231769222,https://doi.org/10.1037/e319432004-001,Healthy People 2010: Understanding and Improving Health,2000,UNSPECIFIED,PsycEXTRA Dataset,"Healthy People 2010 presents a comprehensive, nationwide health promotion and disease prevention agenda. It is designed to serve as a roadmap for improving the health of all people in the United States during the first decade of the 21st century. Like the preceding Healthy People 2000 initiative—which was driven by an ambitious, yet achievable, 10-year strategy for improving the Nation’s health by the end of the 20th century—Healthy People 2010 is committed to a single, overarching purpose: promoting health and preventing illness, disability, and premature death.",2198,Psychology; Data science; Computer science
https://openalex.org/W2130378535,https://doi.org/10.1111/j.1749-6632.2009.05339.x,"Race, socioeconomic status, and health: Complexities, ongoing challenges, and research opportunities",2010,David R. Williams; Selina A. Mohammed; Jacinta Leavell; Chiquita Collins,Annals of the New York Academy of Sciences,"This paper provides an overview of racial variations in health and shows that differences in socioeconomic status (SES) across racial groups are a major contributor to racial disparities in health. However, race reflects multiple dimensions of social inequality and individual and household indicators of SES capture relevant but limited aspects of this phenomenon. Research is needed that will comprehensively characterize the critical pathogenic features of social environments and identify how they combine with each other to affect health over the life course. Migration history and status are also important predictors of health and research is needed that will enhance understanding of the complex ways in which race, SES, and immigrant status combine to affect health. Fully capturing the role of race in health also requires rigorous examination of the conditions under which medical care and genetic factors can contribute to racial and SES differences in health. The paper identifies research priorities in all of these areas.",1462,Socioeconomic status; Race (biology); Race and health; Health equity; Affect (linguistics)
https://openalex.org/W2594519269,https://doi.org/10.1186/s12910-017-0179-8,Implicit bias in healthcare professionals: a systematic review,2017,Chloë FitzGerald; Samia Hurst,BMC Medical Ethics,"BACKGROUND: Implicit biases involve associations outside conscious awareness that lead to a negative evaluation of a person on the basis of irrelevant characteristics such as race or gender. This review examines the evidence that healthcare professionals display implicit biases towards patients. METHODS: PubMed, PsychINFO, PsychARTICLE and CINAHL were searched for peer-reviewed articles published between 1st March 2003 and 31st March 2013. Two reviewers assessed the eligibility of the identified papers based on precise content and quality criteria. The references of eligible papers were examined to identify further eligible studies. RESULTS: Forty two articles were identified as eligible. Seventeen used an implicit measure (Implicit Association Test in fifteen and subliminal priming in two), to test the biases of healthcare professionals. Twenty five articles employed a between-subjects design, using vignettes to examine the influence of patient characteristics on healthcare professionals' attitudes, diagnoses, and treatment decisions. The second method was included although it does not isolate implicit attitudes because it is recognised by psychologists who specialise in implicit cognition as a way of detecting the possible presence of implicit bias. Twenty seven studies examined racial/ethnic biases; ten other biases were investigated, including gender, age and weight. Thirty five articles found evidence of implicit bias in healthcare professionals; all the studies that investigated correlations found a significant positive relationship between level of implicit bias and lower quality of care. DISCUSSION: The evidence indicates that healthcare professionals exhibit the same levels of implicit bias as the wider population. The interactions between multiple patient characteristics and between healthcare professional and patient characteristics reveal the complexity of the phenomenon of implicit bias and its influence on clinician-patient interaction. The most convincing studies from our review are those that combine the IAT and a method measuring the quality of treatment in the actual world. Correlational evidence indicates that biases are likely to influence diagnosis and treatment decisions and levels of care in some circumstances and need to be further investigated. Our review also indicates that there may sometimes be a gap between the norm of impartiality and the extent to which it is embraced by healthcare professionals for some of the tested characteristics. CONCLUSIONS: Our findings highlight the need for the healthcare profession to address the role of implicit biases in disparities in healthcare. More research in actual care settings and a greater homogeneity in methods employed to test implicit biases in healthcare is needed.",2298,CINAHL; Health care; Implicit-association test; Psychology; Implicit attitude
https://openalex.org/W2626485613,https://doi.org/10.1016/s2214-109x(17)30200-0,Reframing non-communicable diseases as socially transmitted conditions,2017,Luke Allen; Andrea B Feigl,The Lancet Global Health,"In a Comment (February, 2017),1Allen L Feigl A What's in a name? A call to reframe non-communicable diseases.Lancet Glob Health. 2017; 2: e129-e130Summary Full Text Full Text PDF Scopus (42) Google Scholar we argued that action on the conditions currently referred to as non-communicable diseases (NCDs) may be hampered by the inadequacy of their label. We received a remarkable amount of feedback on this suggestion, and in this Comment we synthesise the responses garnered from a Lancet Facebook poll, Correspondence letters,2Rigby M Renaming non-communicable diseases.Lancet Glob Health. 2017; 5: e653Summary Full Text Full Text PDF PubMed Scopus (5) Google Scholar, 3Lincoln P Renaming non-communicable diseases.Lancet Glob Health. 2017; 5: e654Summary Full Text Full Text PDF PubMed Scopus (6) Google Scholar, 4Kozelka EE Jenkins JH Renaming non-communicable diseases.Lancet Glob Health. 2017; 5: e655Summary Full Text Full Text PDF PubMed Scopus (5) Google Scholar, 5Zou G Decoster K McPake B Witter S Renaming non-communicable diseases.Lancet Glob Health. 2017; 5: e656Summary Full Text Full Text PDF PubMed Scopus (8) Google Scholar and a related GHD Online discussion. We also propose a new definition based on shared social drivers. The majority of respondents (29 of 47) to the Facebook poll thought that the NCD name should indeed be changed, and almost everyone acknowledged the limitations of the current label. Many NCDs are in fact communicable, and the current anti-definition provides no information about what unites these conditions. This makes it hard for politicians and the general public to grasp the main challenges posed by NCDs: a problem that is exacerbated by the implication that individual (rather than societal) factors are the key determinants. The current misnomer is misleading but not completely useless: it has currency within the global health community and multiple donors, government departments, non-governmental organisations, and academic units use NCD in their own names and programme titles. Then there is the fact that the name itself does not matter at all, as long as the conditions and their drivers are being addressed. Unfortunately our efforts to prevent and control NCDs have been underfunded, misdirected, and underwhelming to date.6Nugent R Feigl A Where have all the donors gone?.in: Scarce donor funding for non-communicable diseases. World Health Organization, Geneva2015Google Scholar Most governments focus on individual lifestyle choices, and only a minority of developing countries have implemented WHO “best buys” such as tobacco taxation, salt reduction, and elimination of trans fats.7World Health Organization, World Economic ForumFrom burden to “best buys”: reducing the economic impact of NCDs in low- and middle-income countries. World Health Organization, Geneva2011Google Scholar There is a lot to gain by framing NCDs in the context of our contemporary understanding of these conditions. Similarly, there is little to lose by abandoning a term that does not resonate with the evidence or the general public. The majority of suggestions for alternative names (table) either emphasised the chronicity of NCDs or the fact that they are driven by a common set of anthropogenic drivers. The striking heterogeneity speaks to the fact that NCDs mean many different things to different groups. It is also clear that the nondescript nature of the current label permits broad interpretation and recruitment of disparate parties, all flying the same banner but with many different agendas.TableSuggested alternatives to the term “non-communicable disease”, and comments thereonCommentIndustriogenic diseasesBiosocial and developmental diseases[Societally] preventable chronic diseasesSocietal diseasesWealth-related diseasesThese terms highlight the central role of the anthropogenic trends and structures that are driving the pandemic. The preventable nature of NCDs and socioeconomic inequalities are also implied. These definitions exclude a number of existing NCDs where association with social factors is weak—eg, glaucoma, infertility, Parkinson's disease.Terms that emphasise chronicityChronic & lifestyle-related conditionsChronic conditionsChronic syndromeEnfermedades crónicasChronic disability syndromeLong-term diseasesLife-long diseases/learn2liveLife-long progressive conditionsThese suggestions hinge on the fact that NCDs are life-long conditions. Chronicity characterises most of the existing NCDs, but also applies to many infectious diseases like HIV and tuberculosis. With these names the focus is on the disease course at the individual level rather than shared antecedents. The terms are non-stigmatising. They also emphasise the need for long-term investment and prevention of disability and premature mortality.OthersThe major diseasesDefined on the basis of global burden—may change over timeCardiometabolic diseasesCaptures the leading cause of mortality but nothing elseInsidious killer diseasesConveys a sense of urgency but stigmatising to live withProximal disordersFocuses on shared risk factors but is quite an opaque termInteractional diseasesBiosocial framing that stresses political-economic factorsComplex chronic diseases (vs infectious chronic diseases)Infers that complex solutions are required. Adoption would require changing the international classification of diseasesABC (avoidable, behavioural, and chronic) diseasesCatchy term that includes three core characteristics but also applies to infectious diseases—eg, syphilisBlue and greenProbably refers to the IHME visualisation of the global burden of disease, not very clear for the uninitiatedNCDs=non-communicable diseases. IHME=Institute for Health Metrics and Evaluation. Open table in a new tab NCDs=non-communicable diseases. IHME=Institute for Health Metrics and Evaluation. There is no single thread that unites all NCDs and neatly separates them from classical infectious diseases. The current list of NCDs describes a ragtag group of leftovers that do not satisfy Koch's postulates8Koch R Die Atiologic der Tuberkulose.Berliner Klinische Wochenschrift. 1882; 15: 221-230Google Scholar nor fit neatly into other categories. NCDs include congenital conditions (eg, Down's syndrome and neural tube defects), degenerative conditions (prostatic hypertrophy, cataracts, and hearing loss), musculoskeletal problems (back pain, arthritis, gout), genitourinary conditions (infertility and kidney stones), mental health problems (depression, schizophrenia), and the “big four”—cardiovascular disease, cancer, chronic respiratory disease, and type 2 diabetes. Although there is no one core characteristic that unites all of the NCDs, a number of themes run through the current group: •Chronicity: many NCDs develop over time in response to chronic risk factor exposure•Global burden: many of these conditions constitute the leading causes of death and disability•The preventable nature of many NCDs•Common proximal physiological risk factors: cholesterol, blood glucose, hypertension, obesity•Common behavioural risk factors: tobacco, alcohol, physical inactivity, diet, indoor air pollution•Common distal risk factors: economic, social, and environmental factors; urbanisation, globalisation, industrialisation, and poverty; all of which are complex issues requiring multisectoral action•Common issues of injustice and socioeconomic inequalities in the international and intranational distribution of risk factors, morbidity, and mortality We feel that the greatest need is for a reorientation towards addressing the commercial and social determinants of NCDs, and the socioeconomic inequalities within and between countries. We would also like to see more funding for NCDs, commensurate with the global health and economic levies they impose, as well as concerted action toward the structural social and commercial determinants of health. Other disease groupings have been defined on the basis of shared pathogenesis (eg, cancers), the systems they affect (eg, respiratory diseases), when they occur in the life course (neonatal and maternal conditions), and common behavioural antecedents (eg, sexually transmitted infections). We feel it is most appropriate to bind NCDs together using their common upstream drivers. We therefore propose the new term “socially transmitted conditions” (STCs). This label stresses the anthropogenic and socially contagious nature of the diseases: STCs are driven by urbanisation, industrialisation, and poverty, the availability of tobacco, alcohol, and processed foods, and physical inactivity. STCs also share a common set of solutions focused on addressing the complex and often unjust structure of society. It is important not to absolve individuals of all responsibility for their own health and lifestyle choices, while highlighting the fact that our changing social environment strongly influences the set of choices available. The term “socially transmitted” shifts the implied locus of action upstream. The term also provides clarity by describing the core uniting characteristic of the disease group. Virtually all diseases are influenced by social factors to some degree, and we stress that STCs are distinguished by the common constellation of social drivers that they share. We also note that congenital and degenerative conditions are imperfectly captured by our new name. This is a pertinent issue for future discussion, since the current NCD response also tends to overlook these diseases (viz the 2011 UN High Level Meeting semantics9United Nations General AssemblyPolitical Declaration of the UN High Level Meeting of the General Assembly on the Prevention and Control of Non-communicable Diseases. 24 January 2012Google Scholar and the WHO best buy interventions7World Health Organization, World Economic ForumFrom burden to “best buys”: reducing the economic impact of NCDs in low- and middle-income countries. World Health Organization, Geneva2011Google Scholar). Despite these limitations, the preface “socially transmitted” is vastly more transparent, accurate, and tractable than “non-communicable”. Importantly, it also challenges the persisting misconception that individual greed and sloth are driving the global epidemiological transition. The recent move from “international health” to “global health” demonstrates that a name change can helpfully galvanise the reconceptualization of an entire field. The responses to our initial article demonstrated that no-one has a very good grasp of what NCDs actually are in the first place. By proposing a coherent and internationally significant narrative we hope to stimulate greater action on the major drivers of the world's most important conditions. We declare no competing interests. The opinions expressed and arguments employed herein are solely those of the authors and do not necessarily reflect the official views of the OECD or of its member countries. Palliative care and the endless cycle of serious health-related sufferingAs Richard Horton pointed out (April 14, p 1465),1 obstacles to accessing palliative care affecting those living with serious health-related suffering are, without any doubt, “the most disfiguring inequity in health care today”. Full-Text PDF Reframing non-communicable diseasesIn reframing non-communicable diseases (NCDs) as socially transmitted conditions bound by common upstream drivers, Luke Allen and Andrea Feigl (July, 2017),1 suggest a strong focus on the causative aspects of social context. We suggest a conceptual extension: if social factors drive the prevalence of these conditions, then social factors drive their lived consequences and course. Full-Text PDF Open AccessReframing non-communicable diseasesThe collective dynamic initiated by Luke Allen and Andrea Feigl1 is remarkable, and explains why they felt the need to formulate a new proposal,2 which involves renaming and reframing non-communicable diseases (NCDs) as socially transmitted conditions (STCs). Full-Text PDF Open Access",80,Cognitive reframing; Scopus; Non-communicable disease; Public health; Medicine
https://openalex.org/W4323063192,https://doi.org/10.21106/ijtmrph.404,"Trends in Physical and Mental Health, Mortality, Life Expectancy, and Social Inequalities Among American Indians and Alaska Natives, 1990-2019",2021,Gopal K. Singh; Shanita Williams; Hyunjung Lee; Elijah K. Martin; Michelle Allender,International Journal of Translational Medical Research and Public Health,"Objective: To address the continuing gap in data and research on health and socioeconomic inequities characterizing Native Americans in the United States, this study examines major health and social inequality trends for the American Indian and Alaska Native (AIAN) populations covering several broad areas, including infant and child health, life expectancy and leading causes of death, physical and mental health, chronic disease prevalence, disability, health-risk behaviors, and health care access and quality. Methods: We used trend data from the 1990-2019 National Vital Statistics System, 2014-2018 National Health Interview Survey, and 2014-2018 American Community Survey to examine health, health care, mortality, and disease patterns for AIANs in relation to other racial/ethnic groups and the general population. Life tables, age-adjusted rates, risk ratios, and logistic regression were used to examine health inequalities. Results: In 2019, life expectancy of AIANs was 76.9 years, 11.3 years shorter than that for Asian/Pacific Islanders. The infant mortality rate for AIANs was 8.7 per 1,000 live births, 79% higher than the rate for non-Hispanic Whites. Risks of infant mortality from birth defects, low birthweight/prematurity, maternal complications, SIDS, and unintentional injury were significantly greater among AIANs compared with non Hispanic Whites. Excess mortality among AIANs, particularly in rural areas, was found for working ages, diabetes, liver cirrhosis, alcohol-related causes, youth suicide, and unintentional injuries. About 18% of AIANs assessed their overall health as fair or poor, at twice the rate of non-Hispanic Whites or the general population. About 10% of AIAN adults experienced serious psychological distress, 2-to-5 times higher than the prevalence for other racial/ethnic groups. AIANs had the highest overall disability, mental and ambulatory disability, health uninsurance, unemployment, and poverty rates in the US, with differences in these indicators varying markedly across the AIAN tribes. Conclusion and Implications for Translation: AIANs remain a disadvantaged segment of the US population in a number of key health indicators and in socioeconomic and living conditions, with poverty rates in some tribal groups approaching or exceeding 40%.",14,Life expectancy; Medicine; Demography; Population; Mental health
https://openalex.org/W2106130024,https://doi.org/10.1093/pubmed/fdq068,The health benefits of urban green spaces: a review of the evidence,2010,Andrew Lee; Ravi Maheswaran,Journal of Public Health,"BACKGROUND: Urban development projects can be costly and have health impacts. An evidence-based approach to urban planning is therefore essential. However, the evidence for physical and non-physical health benefits of urban green space is unclear. METHODS: A literature search of academic and grey literature was conducted for studies and reviews of the health effects of green space. Articles found were appraised for their relevance, critically reviewed and graded accordingly. Their findings were then thematically categorized. RESULTS: There is weak evidence for the links between physical, mental health and well-being, and urban green space. Environmental factors such as the quality and accessibility of green space affects its use for physical activity. User determinants, such as age, gender, ethnicity and the perception of safety, are also important. However, many studies were limited by poor study design, failure to exclude confounding, bias or reverse causality and weak statistical associations. CONCLUSION: Most studies reported findings that generally supported the view that green space have a beneficial health effect. Establishing a causal relationship is difficult, as the relationship is complex. Simplistic urban interventions may therefore fail to address the underlying determinants of urban health that are not remediable by landscape redesign.",1538,Causality (physics); Mental health; Psychological intervention; Environmental health; Confounding
https://openalex.org/W2346883117,https://doi.org/10.21106/ijma.46,"Widening Geographical Disparities in Cardiovascular Disease Mortality in the United States, 1969-2011",2014,Gopal K. Singh,International Journal of Maternal and Child Health and AIDS,"OBJECTIVES: This study examined trends in geographical disparities in cardiovascular-disease (CVD) mortality in the United States between 1969 and 2011. METHODS: National vital statistics data and the National Longitudinal Mortality Study were used to estimate regional, state, and county-level disparities in CVD mortality over time. Log-linear, weighted least squares, and Cox regression were used to analyze mortality trends and differentials. RESULTS: During 1969-2011, CVD mortality rates declined fastest in New England and Mid-Atlantic regions and slowest in the Southeast and Southwestern regions. In 1969, the mortality rate was 9% higher in the Southeast than in New England, but the differential increased to 48% in 2011. In 2011, Southeastern states, Mississippi and Alabama, had the highest CVD mortality rates, nearly twice the rates for Minnesota and Hawaii. Controlling for individual-level covariates reduced state differentials. State- and county-level differentials in CVD mortality rates widened over time as geographical disparity in CVD mortality increased by 50% between 1969 and 2011. Area deprivation, smoking, obesity, physical inactivity, diabetes prevalence, urbanization, lack of health insurance, and lower access to primary medical care were all significant predictors of county-level CVD mortality rates and accounted for 52.7% of the county variance. CONCLUSIONS AND GLOBAL HEALTH IMPLICATIONS: Although CVD mortality has declined for all geographical areas in the United States, geographical disparity has widened over time as certain regions and states, particularly those in the South, have lagged behind in mortality reduction. Geographical disparities in CVD mortality reflect inequalities in socioeconomic conditions and behavioral risk factors. With the global CVD burden on the rise, monitoring geographical disparities, particularly in low- and middle-income countries, could indicate the extent to which reductions in CVD mortality are achievable and may help identify effective policy strategies for CVD prevention and control.",26,Medicine; Demography; Mortality rate; Obesity; Urbanization
https://openalex.org/W2941854324,https://doi.org/10.2196/13407,"Exploring Severe Mental Illness and Diabetes: Protocol for a Longitudinal, Observational, and Qualitative Mixed Methods Study",2019,Sue Bellass; Jo Taylor; Lu Han; Stephanie L. Prady; David Shiers,JMIR Research Protocols,"BACKGROUND: The average life expectancy for people with a severe mental illness (SMI) such as schizophrenia or bipolar disorder is 15 to 20 years less than that for the population as a whole. Diabetes contributes significantly to this inequality, being 2 to 3 times more prevalent in people with SMI. Various risk factors have been implicated, including side effects of antipsychotic medication and unhealthy lifestyles, which often occur in the context of socioeconomic disadvantage and health care inequality. However, little is known about how these factors may interact to influence the risk of developing diabetes and poor diabetic outcomes, or how the organization and provision of health care may contribute. OBJECTIVE: This study aims to identify the determinants of diabetes and to explore variation in diabetes outcomes for people with SMI. METHODS: This study will employ a concurrent mixed methods design combining the interrogation of electronic primary care health records from the Clinical Practice Research Datalink (CPRD GOLD) with qualitative interviews with adults with SMI and diabetes, their relatives and friends, and health care staff. The study has been funded for 2 years, from September 2017 to September 2019, and data collection has recently ended. RESULTS: CPRD and linked health data will be used to explore the association of sociodemographics, illness, and health care-related factors with both the development and outcomes of type 2 diabetes in people with SMI. Experiences of managing the comorbidity and accessing health care will be explored through qualitative interviews using topic guides informed by evidence synthesis and expert consultation. Findings from both datasets will be merged to develop a more comprehensive understanding of diabetes risks, interventions, and outcomes for people with SMI. Findings will be translated into recommendations for interventions and services using co-design workshops. CONCLUSIONS: Improving diabetes outcomes for people with SMI is a high-priority area nationally and globally. Understanding how risk factors combine to generate high prevalence of diabetes and poor diabetic outcomes for this population is a necessary first step in developing health care interventions to improve outcomes for people with diabetes and SMI. TRIAL REGISTRATION: ClinicalTrials.gov NCT03534921; https://clinicaltrials.gov/ct2/show/NCT03534921.",8,Observational study; Protocol (science); Mental illness; Diabetes mellitus; Medicine
https://openalex.org/W4387107859,https://doi.org/10.1089/heq.2023.0025,"Exploring Inequalities in the Use, Quality, and Outcome of the Diabetes Management Program of Indonesian National Health Insurance",2023,Joko Mulyanto; Yudhi Wibowo; Dwi Arini Ernawati; Diyah Woro Dwi Lestari; Dionne Kringos,Health Equity,"Introduction: Access to diabetes management programs is crucial to control the increasing contribution of diabetes to the global burden of disease. However, evidence regarding whether such services are equally accessible for all population groups is still lacking, particularly in the context of low-middle-income countries and under the National Health Insurance (NHI). This study aimed to assess the extent of socioeconomic and geographical inequalities in the use, quality, and outcome of a diabetes management program for beneficiaries of Indonesian NHI. Methods: A total of 628 participants in the NHI diabetes management program in Banyumas District, Indonesia, were included in 2021 in this cross-sectional study. The main variables measured were regular visits to primary care facilities, standard medication, and glycemic control. The rate difference and rate ratio of age-sex standardized prevalence rates, as well as multiple logistic regressions, were used to measure the extent of inequalities. Results: Around 70% of participants regularly visited primary care facilities and received standard medication, but only 35% had good glycemic control. Highly educated participants were more likely to have regular visits compared to low-educated participants (odds ratio [OR] 1.92; 95% confidence interval [95% CI]: 1.04-3.56). Based on employment and type of NHI beneficiaries, a small extent and even reverse inequalities were found although these findings were insignificant statistically. Urban residents were also more likely to have regular visits (OR 6.61; 95% CI: 2.90-15.08), receive standard medication (OR 9.73; 95% CI: 3.66-25.90), and have good glycemic control (OR 3.85; 95% CI: 1.68-8.83) compared to rural residents. Conclusions: Evidence on the extent of socioeconomic inequalities is inconclusive but substantial geographical inequalities in the use, quality, and outcome of diabetes management programs exist among Indonesian NHI beneficiaries. Future implementation policies of the program should consider particularly the geographical characteristics of participants to avoid and reduce inequalities and, hence, the disease burden of diabetes.",8,Medicine; Glycemic; Odds ratio; Context (archaeology); Confidence interval
https://openalex.org/W1686749590,https://doi.org/10.1111/j.1749-6632.2009.05331.x,"Central role of the brain in stress and adaptation: Links to socioeconomic status, health, and disease",2010,Bruce S. McEwen; Peter J. Gianaros,Annals of the New York Academy of Sciences,"The brain is the key organ of stress reactivity, coping, and recovery processes. Within the brain, a distributed neural circuitry determines what is threatening and thus stressful to the individual. Instrumental brain systems of this circuitry include the hippocampus, amygdala, and areas of the prefrontal cortex. Together, these systems regulate physiological and behavioral stress processes, which can be adaptive in the short-term and maladaptive in the long-term. Importantly, such stress processes arise from bidirectional patterns of communication between the brain and the autonomic, cardiovascular, and immune systems via neural and endocrine mechanisms underpinning cognition, experience, and behavior. In one respect, these bidirectional stress mechanisms are protective in that they promote short-term adaptation (allostasis). In another respect, however, these stress mechanisms can lead to a long-term dysregulation of allostasis in that they promote maladaptive wear-and-tear on the body and brain under chronically stressful conditions (allostatic load), compromising stress resiliency and health. This review focuses specifically on the links between stress-related processes embedded within the social environment and embodied within the brain, which is viewed as the central mediator and target of allostasis and allostatic load.",1668,Socioeconomic status; Adaptation (eye); Disease; Stress (linguistics); Environmental health
https://openalex.org/W2116251861,https://doi.org/10.1002/j.2051-5545.2011.tb00014.x,"Physical illness in patients with severe mental disorders. I. Prevalence, impact of medications and disparities in health care",2011,Marc D. Binder; Christoph U. Correll; Julio Bobes; Marcelo Cetkovich; Dan Cohen,World Psychiatry,"The lifespan of people with severe mental illness (SMI) is shorter compared to the general population. This excess mortality is mainly due to physical illness. We report prevalence rates of different physical illnesses as well as important individual lifestyle choices, side effects of psychotropic treatment and disparities in health care access, utilization and provision that contribute to these poor physical health outcomes. We searched MEDLINE (1966 - August 2010) combining the MeSH terms of schizophrenia, bipolar disorder and major depressive disorder with the different MeSH terms of general physical disease categories to select pertinent reviews and additional relevant studies through cross-referencing to identify prevalence figures and factors contributing to the excess morbidity and mortality rates. Nutritional and metabolic diseases, cardiovascular diseases, viral diseases, respiratory tract diseases, musculoskeletal diseases, sexual dysfunction, pregnancy complications, stomatognathic diseases, and possibly obesity-related cancers are, compared to the general population, more prevalent among people with SMI. It seems that lifestyle as well as treatment specific factors account for much of the increased risk for most of these physical diseases. Moreover, there is sufficient evidence that people with SMI are less likely to receive standard levels of care for most of these diseases. Lifestyle factors, relatively easy to measure, are barely considered for screening; baseline testing of numerous important physical parameters is insufficiently performed. Besides modifiable lifestyle factors and side effects of psychotropic medications, access to and quality of health care remains to be improved for individuals with SMI.",2474,Medicine; Population; Mental illness; Psychiatry; Schizophrenia (object-oriented programming)
https://openalex.org/W2195703978,https://doi.org/10.1371/journal.pone.0138511,Racism as a Determinant of Health: A Systematic Review and Meta-Analysis,2015,Yin Paradies; Jehonathan Ben; Nida Denson; Amanuel Elias; Naomi Priest,PLoS ONE,"Despite a growing body of epidemiological evidence in recent years documenting the health impacts of racism, the cumulative evidence base has yet to be synthesized in a comprehensive meta-analysis focused specifically on racism as a determinant of health. This meta-analysis reviewed the literature focusing on the relationship between reported racism and mental and physical health outcomes. Data from 293 studies reported in 333 articles published between 1983 and 2013, and conducted predominately in the U.S., were analysed using random effects models and mean weighted effect sizes. Racism was associated with poorer mental health (negative mental health: r = -.23, 95% CI [-.24,-.21], k = 227; positive mental health: r = -.13, 95% CI [-.16,-.10], k = 113), including depression, anxiety, psychological stress and various other outcomes. Racism was also associated with poorer general health (r = -.13 (95% CI [-.18,-.09], k = 30), and poorer physical health (r = -.09, 95% CI [-.12,-.06], k = 50). Moderation effects were found for some outcomes with regard to study and exposure characteristics. Effect sizes of racism on mental health were stronger in cross-sectional compared with longitudinal data and in non-representative samples compared with representative samples. Age, sex, birthplace and education level did not moderate the effects of racism on health. Ethnicity significantly moderated the effect of racism on negative mental health and physical health: the association between racism and negative mental health was significantly stronger for Asian American and Latino(a) American participants compared with African American participants, and the association between racism and physical health was significantly stronger for Latino(a) American participants compared with African American participants. Protocol PROSPERO registration number: CRD42013005464.",2564,Racism; Mental health; Meta-analysis; Moderation; Anxiety
https://openalex.org/W4200413068,https://doi.org/10.1007/s11113-021-09689-w,Immigrant Legal Status Disparities in Health Among First- and One-point-five-Generation Latinx Immigrants in California,2021,Erin R. Hamilton; Caitlin Patler; Robin Savinar,Population Research and Policy Review,"Abstract Restrictive US immigration laws and law enforcement undermine immigrant health by generating fear and stress, disrupting families and communities, and eroding social and economic wellbeing. The inequality and stress created by immigration law and law enforcement may also generate disparities in health among immigrants with different legal statuses. However, existing research does not find consistent evidence of immigrant legal status disparities in health, possibly because it does not disaggregate immigrants by generation, defined by age at migration. Immigration and life course theory suggest that the health consequences of non-citizen status may be greater among 1.5-generation immigrants, who grew up in the same society that denies them formal membership, than among the 1st generation, who immigrated as adolescents or adults. In this study, we examine whether there are legal status disparities in health within and between the 1st generation and the 1.5 generation of 23,288 Latinx immigrant adults interviewed in the 2005–2017 waves of the California Health Interview Survey. We find evidence of legal status disparities in heart disease within the 1st generation and for high blood pressure and diabetes within the 1.5 generation. Non-citizens have higher rates of poor self-rated health and distress within both generations. Socioeconomic disadvantage and limited access to care largely account for the worse health of legally disadvantaged 1st- and 1.5-generation Latinx adults in California.",16,Immigration; Disadvantaged; Socioeconomic status; Health equity; Enforcement
https://openalex.org/W2123562234,https://doi.org/10.1098/rstb.2010.0149,Food consumption trends and drivers,2010,John Kearney,Philosophical Transactions of the Royal Society B Biological Sciences,"A picture of food consumption (availability) trends and projections to 2050, both globally and for different regions of the world, along with the drivers largely responsible for these observed consumption trends are the subject of this review. Throughout the world, major shifts in dietary patterns are occurring, even in the consumption of basic staples towards more diversified diets. Accompanying these changes in food consumption at a global and regional level have been considerable health consequences. Populations in those countries undergoing rapid transition are experiencing nutritional transition. The diverse nature of this transition may be the result of differences in socio-demographic factors and other consumer characteristics. Among other factors including urbanization and food industry marketing, the policies of trade liberalization over the past two decades have implications for health by virtue of being a factor in facilitating the 'nutrition transition' that is associated with rising rates of obesity and chronic diseases such as cardiovascular disease and cancer. Future food policies must consider both agricultural and health sectors, thereby enabling the development of coherent and sustainable policies that will ultimately benefit agriculture, human health and the environment.",1968,Nutrition transition; Consumption (sociology); Agriculture; Urbanization; Obesity
https://openalex.org/W2988875825,https://doi.org/10.1900/rds.2017.14.295,"Socioeconomic Deprivation, Household Education, and Employment are Associated With Increased Hospital Admissions and Poor Glycemic Control in Children With Type 1 Diabetes Mellitus",2017,Louise Apperley; Sze May Ng,The Review of Diabetic Studies,"BACKGROUND: Socioeconomic deprivation, obesity, and emotional discomfort are important determinants of health inequalities and poor glycemic control in children and young people with type 1 diabetes mellitus (T1D). OBJECTIVES: The aims of this study were to evaluate the incidence of hospital admissions of T1D children in relation to socioeconomic deprivation, and to determine the effects of social deprivation, body mass index (BMI), and patient-reported emotional well-being on glycemic control. METHODS: All hospital admissions of T1D patients aged 1-18 years were identified during 2007 and 2012. Admission cause and glycemic control were related to social deprivation, BMI, and psychological, emotional well-being. Indices of Multiple Deprivation (IMD) 2010 were applied to the United Kingdom data. The associations were calculated using the Spearman's rank correlation coefficient. RESULTS: A significant correlation was found between hospital admission rates and overall deprivation scores (r = -0.18, p = 0.04). Patients living in deprived areas were more likely to selfpresent to the accident and emergency department (r = -0.24, p = 0.02). Poor glycemic control (n = 124) was significantly associated with lower levels of education (r = -0.22, p = 0.02) and unemployment (r = -0.19, p = 0.04). Significance was not reached for level of income (r = -0.16, p = 0.07) and overall deprivation (r = -0.17, p = 0.06). Glycemic control was not found to be associated with BMI, standard deviation scores (SDS), or emotional well-being. CONCLUSION: Early intervention and education from primary care and specialist diabetes teams within the community in deprived areas may be effective in reducing hospital admissions for diabetes-related problems and improving glycemic control.",20,Medicine; Socioeconomic status; Glycemic; Body mass index; Social deprivation
https://openalex.org/W2346618999,https://doi.org/10.3310/hsdr04140,Equity of utilisation of cardiovascular care and mental health services in England: a cohort-based cross-sectional study using small-area estimation,2016,Sheena Asthana; Alex Gibson; Trevor Bailey; Graham Moon; Paul Hewson,Health Services and Delivery Research,"Background A strong policy emphasis on the need to reduce both health inequalities and unmet need in deprived areas has resulted in the substantial redistribution of English NHS funding towards deprived areas. This raises the question of whether or not socioeconomically disadvantaged people continue to be disadvantaged in their access to and utilisation of health care. Objectives To generate estimates of the prevalence of cardiovascular disease (CVD) and common mental health disorders (CMHDs) at a variety of scales, and to make these available for public use via Public Health England (PHE). To compare these estimates with utilisation of NHS services in England to establish whether inequalities of use relative to need at various stages on the health-care pathway are associated with particular sociodemographic or other factors. Design Cross-sectional analysis of practice-, primary care trust- and Clinical Commissioning Group-level variations in diagnosis, prescribing and specialist management of CVD and CMHDs relative to the estimated prevalence of those conditions (calculated using small-area estimation). Results The utilisation of CVD care appears more equitable than the utilisation of care for CMHDs. In contrast to the reviewed literature, we found little evidence of underutilisation of services by older populations. Indeed, younger populations appear to be less likely to access care for some CVD conditions. Nor did deprivation emerge as a consistent predictor of lower use relative to need for either CVD or CMHDs. Ethnicity is a consistent predictor of variations in use relative to need. Rates of primary management are lower than expected in areas with higher percentages of black populations for diabetes, stroke and CMHDs. Areas with higher Asian populations have higher-than-expected rates of diabetes presentation and prescribing and lower-than-expected rates of secondary care for diabetes. For both sets of conditions, there are pronounced geographical variations in use relative to need. For instance, the North East has relatively high levels of use of cardiac care services and rural (shire) areas have low levels of use relative to need. For CMHDs, there appears to be a pronounced ‘London effect’, with the number of people registered by general practitioners as having depression, or being prescribed antidepressants, being much lower in London than expected. A total of 24 CVD and 41 CMHD prevalence estimates have been provided to PHE and will be publicly available at a range of scales, from lower- and middle-layer super output areas through to Clinical Commissioning Groups and local authorities. Conclusions We found little evidence of socioeconomic inequality in use for CVD and CMHDs relative to underlying need, which suggests that the strong targeting of NHS resources to deprived areas may well have addressed longstanding concerns about unmet need. However, ethnicity has emerged as a significant predictor of inequality, and there are large and unexplained geographical variations in use relative to need for both conditions which undermine the principle of equal access to health care for equal needs. The persistence of ethnic variations and the role of systematic factors (such as rurality) in shaping patterns of utilisation deserve further investigation, as does the fact that the models were far better at explaining variation in use of CVD than mental health services. Funding The National Institute for Health Research Health Services and Delivery Research programme.",14,Disadvantaged; Equity (law); Medicine; Estimation; Mental health
https://openalex.org/W1480134138,https://doi.org/10.13016/jela-ckxw,"Mental Health: Culture, Race, and Ethnicity—A Supplement to Mental Health: A Report of the Surgeon General",2001,David Satcher,University Libraries (University of Maryland),"Mental health is fundamental to health, according to Mental Health: A Report of the Surgeon General, the first Surgeon General’s report ever to focus exclusively on mental health. That report of two years ago urged Americans to view mental health as paramount to personal well-being, family relationships, and successful contributions to society. It documented the disabling nature of mental illnesses, showcased the strong science base behind effective treatments, and recommended that people seek help for mental health problems or disorders. The first mental health report also acknowledged that all Americans do not share equally in the hope for recovery from mental illnesses. This is especially true of members of racial and ethnic minority groups. That awareness galvanized me to ask for a supplemental report on the nature and extent of disparities in mental health care for racial and ethnic minorities and on promising directions for the elimination of these disparities. This Supplement documents that the science base on racial and ethnic minority mental health is inadequate; the best available research, however, indicates that these groups have less access to and avail-ability of care, and tend to receive poorer quality mental health services. These disparities leave minority communities with a greater disability burden from unmet mental health needs. A hallmark of this Supplement is its emphasis on the role that cultural factors play in mental health. The cultures from which people hail affect all aspects of mental health and illness, including the types of stresses they confront, whether they seek help, what types of help they seek, what symptoms and concerns they bring to clinical attention, and what types of coping styles and social supports they possess. Likewise, the cultures of clinicians and service systems influence the nature of mental health services.",2012,Mental health; Ethnic group; Surgeon general; Middle Eastern Mental Health Issues & Syndromes; Medicine
https://openalex.org/W2897257410,https://doi.org/10.1016/s0140-6736(18)31694-5,"Forecasting life expectancy, years of life lost, and all-cause and cause-specific mortality for 250 causes of death: reference and alternative scenarios for 2016–40 for 195 countries and territories",2018,Kyle J Foreman; Neal Marquez; Andrew J. Dolgert; Kai Fukutaki; Nancy Fullman,The Lancet,"BACKGROUND: Understanding potential trajectories in health and drivers of health is crucial to guiding long-term investments and policy implementation. Past work on forecasting has provided an incomplete landscape of future health scenarios, highlighting a need for a more robust modelling platform from which policy options and potential health trajectories can be assessed. This study provides a novel approach to modelling life expectancy, all-cause mortality and cause of death forecasts -and alternative future scenarios-for 250 causes of death from 2016 to 2040 in 195 countries and territories. METHODS: We modelled 250 causes and cause groups organised by the Global Burden of Diseases, Injuries, and Risk Factors Study (GBD) hierarchical cause structure, using GBD 2016 estimates from 1990-2016, to generate predictions for 2017-40. Our modelling framework used data from the GBD 2016 study to systematically account for the relationships between risk factors and health outcomes for 79 independent drivers of health. We developed a three-component model of cause-specific mortality: a component due to changes in risk factors and select interventions; the underlying mortality rate for each cause that is a function of income per capita, educational attainment, and total fertility rate under 25 years and time; and an autoregressive integrated moving average model for unexplained changes correlated with time. We assessed the performance by fitting models with data from 1990-2006 and using these to forecast for 2007-16. Our final model used for generating forecasts and alternative scenarios was fitted to data from 1990-2016. We used this model for 195 countries and territories to generate a reference scenario or forecast through 2040 for each measure by location. Additionally, we generated better health and worse health scenarios based on the 85th and 15th percentiles, respectively, of annualised rates of change across location-years for all the GBD risk factors, income per person, educational attainment, select intervention coverage, and total fertility rate under 25 years in the past. We used the model to generate all-cause age-sex specific mortality, life expectancy, and years of life lost (YLLs) for 250 causes. Scenarios for fertility were also generated and used in a cohort component model to generate population scenarios. For each reference forecast, better health, and worse health scenarios, we generated estimates of mortality and YLLs attributable to each risk factor in the future. FINDINGS: Globally, most independent drivers of health were forecast to improve by 2040, but 36 were forecast to worsen. As shown by the better health scenarios, greater progress might be possible, yet for some drivers such as high body-mass index (BMI), their toll will rise in the absence of intervention. We forecasted global life expectancy to increase by 4·4 years (95% UI 2·2 to 6·4) for men and 4·4 years (2·1 to 6·4) for women by 2040, but based on better and worse health scenarios, trajectories could range from a gain of 7·8 years (5·9 to 9·8) to a non-significant loss of 0·4 years (-2·8 to 2·2) for men, and an increase of 7·2 years (5·3 to 9·1) to essentially no change (0·1 years [-2·7 to 2·5]) for women. In 2040, Japan, Singapore, Spain, and Switzerland had a forecasted life expectancy exceeding 85 years for both sexes, and 59 countries including China were projected to surpass a life expectancy of 80 years by 2040. At the same time, Central African Republic, Lesotho, Somalia, and Zimbabwe had projected life expectancies below 65 years in 2040, indicating global disparities in survival are likely to persist if current trends hold. Forecasted YLLs showed a rising toll from several non-communicable diseases (NCDs), partly driven by population growth and ageing. Differences between the reference forecast and alternative scenarios were most striking for HIV/AIDS, for which a potential increase of 120·2% (95% UI 67·2-190·3) in YLLs (nearly 118 million) was projected globally from 2016-40 under the worse health scenario. Compared with 2016, NCDs were forecast to account for a greater proportion of YLLs in all GBD regions by 2040 (67·3% of YLLs [95% UI 61·9-72·3] globally); nonetheless, in many lower-income countries, communicable, maternal, neonatal, and nutritional (CMNN) diseases still accounted for a large share of YLLs in 2040 (eg, 53·5% of YLLs [95% UI 48·3-58·5] in Sub-Saharan Africa). There were large gaps for many health risks between the reference forecast and better health scenario for attributable YLLs. In most countries, metabolic risks amenable to health care (eg, high blood pressure and high plasma fasting glucose) and risks best targeted by population-level or intersectoral interventions (eg, tobacco, high BMI, and ambient particulate matter pollution) had some of the largest differences between reference and better health scenarios. The main exception was sub-Saharan Africa, where many risks associated with poverty and lower levels of development (eg, unsafe water and sanitation, household air pollution, and child malnutrition) were projected to still account for substantive disparities between reference and better health scenarios in 2040. INTERPRETATION: With the present study, we provide a robust, flexible forecasting platform from which reference forecasts and alternative health scenarios can be explored in relation to a wide range of independent drivers of health. Our reference forecast points to overall improvements through 2040 in most countries, yet the range found across better and worse health scenarios renders a precarious vision of the future-a world with accelerating progress from technical innovation but with the potential for worsening health outcomes in the absence of deliberate policy action. For some causes of YLLs, large differences between the reference forecast and alternative scenarios reflect the opportunity to accelerate gains if countries move their trajectories toward better health scenarios-or alarming challenges if countries fall behind their reference forecasts. Generally, decision makers should plan for the likely continued shift toward NCDs and target resources toward the modifiable risks that drive substantial premature mortality. If such modifiable risks are prioritised today, there is opportunity to reduce avoidable mortality in the future. However, CMNN causes and related risks will remain the predominant health priority among lower-income countries. Based on our 2040 worse health scenario, there is a real risk of HIV mortality rebounding if countries lose momentum against the HIV epidemic, jeopardising decades of progress against the disease. Continued technical innovation and increased health spending, including development assistance for health targeted to the world's poorest people, are likely to remain vital components to charting a future where all populations can live full, healthy lives. FUNDING: Bill & Melinda Gates Foundation.",2907,Life expectancy; Cause of death; Demography; Gerontology; Medicine
https://openalex.org/W2842101843,https://doi.org/10.18865/ed.28.3.201,Do Socioeconomic Conditions Explain Ethnic Inequalities in Tooth Loss among US Adults?,2018,Fatma W. Nazer; Wael Sabbah,Ethnicity & Disease,"Objective: To assess whether there are ethnic differences in tooth loss among adult Americans aged <40 years and whether socioeconomic position attenuates these differences if they exist. Methods: Data were from the 2014 Behavioral Risk Factor Surveillance System, a health-related telephone cross-sectional survey of a nationally representative sample of US adults. Tooth loss (one tooth or more) was used as the outcome variable. Ethnicity was the main explanatory variable. Family income, education and health insurance were also used in the analysis. Logistic regression models for tooth loss were constructed adjusting for demographic (age, sex, and ethnicity), socioeconomic indicators (income and education), health insurance, dental visits, smoking and diabetes. Results: A total of 76,273 participants were included in the analysis. The prevalence of tooth loss was highest among Blacks (33.7%). Hispanics and other ethnic groups had a higher prevalence of tooth loss than Whites, 29.1% (95%CI: 27.7-30.6), 22.0% (95%CI: 20.3-23.8), and 20.8% (95%CI: 20.2-21.4), respectively. Blacks had odds ratios (OR) 1.98 (95%CI: 1.81-2.16) for tooth loss compared with Whites. After adjusting for socioeconomic positions (SEP), the relationship attenuated but remained significant with OR 1.71 (95%CI: 1.55-1.90). Conclusions: Despite recent changes in the health care system in the United States, ethnic inequalities in tooth loss still exist. Income and education partially explained ethnic differences in tooth loss among Americans aged <40 years.",16,Socioeconomic status; Ethnic group; Demography; Tooth loss; Medicine
https://openalex.org/W2796615944,https://doi.org/10.1001/jama.2018.0158,"The State of US Health, 1990-2016",2018,The US Burden of Disease Collaborators; Ali H. Mokdad; Katherine Ballestros; Michelle Echko; Scott Glenn,JAMA,"Introduction: Several studies have measured health outcomes in the United States, but none have provided a comprehensive assessment of patterns of health by state. Objective: To use the results of the Global Burden of Disease Study (GBD) to report trends in the burden of diseases, injuries, and risk factors at the state level from 1990 to 2016. Design and Setting: A systematic analysis of published studies and available data sources estimates the burden of disease by age, sex, geography, and year. Main Outcomes and Measures: Prevalence, incidence, mortality, life expectancy, healthy life expectancy (HALE), years of life lost (YLLs) due to premature mortality, years lived with disability (YLDs), and disability-adjusted life-years (DALYs) for 333 causes and 84 risk factors with 95% uncertainty intervals (UIs) were computed. Results: Between 1990 and 2016, overall death rates in the United States declined from 745.2 (95% UI, 740.6 to 749.8) per 100 000 persons to 578.0 (95% UI, 569.4 to 587.1) per 100 000 persons. The probability of death among adults aged 20 to 55 years declined in 31 states and Washington, DC from 1990 to 2016. In 2016, Hawaii had the highest life expectancy at birth (81.3 years) and Mississippi had the lowest (74.7 years), a 6.6-year difference. Minnesota had the highest HALE at birth (70.3 years), and West Virginia had the lowest (63.8 years), a 6.5-year difference. The leading causes of DALYs in the United States for 1990 and 2016 were ischemic heart disease and lung cancer, while the third leading cause in 1990 was low back pain, and the third leading cause in 2016 was chronic obstructive pulmonary disease. Opioid use disorders moved from the 11th leading cause of DALYs in 1990 to the 7th leading cause in 2016, representing a 74.5% (95% UI, 42.8% to 93.9%) change. In 2016, each of the following 6 risks individually accounted for more than 5% of risk-attributable DALYs: tobacco consumption, high body mass index (BMI), poor diet, alcohol and drug use, high fasting plasma glucose, and high blood pressure. Across all US states, the top risk factors in terms of attributable DALYs were due to 1 of the 3 following causes: tobacco consumption (32 states), high BMI (10 states), or alcohol and drug use (8 states). Conclusions and Relevance: There are wide differences in the burden of disease at the state level. Specific diseases and risk factors, such as drug use disorders, high BMI, poor diet, high fasting plasma glucose level, and alcohol use disorders are increasing and warrant increased attention. These data can be used to inform national health priorities for research, clinical care, and policy.",1432,Medicine; Life expectancy; Years of potential life lost; Demography; Incidence (geometry)
https://openalex.org/W3130938027,https://doi.org/10.1016/s2214-109x(20)30488-5,The Lancet Global Health Commission on Global Eye Health: vision beyond 2020,2021,Matthew J. Burton; Jacqueline Ramke; Ana Patrícia Marques; Rupert Bourne; Nathan Congdon,The Lancet Global Health,"There is extensive evidence showing that improving eye health contributes directly and indirectly to achieving many Sustainable Development Goals, including reducing poverty and improving work productivity, general and mental health, and education and equity. Improving eye health is a practical and cost-effective way of unlocking human potential. Eye health needs to be reframed as an enabling, cross-cutting issue within the sustainable development framework.",1488,Global health; Commission; Optometry; Medicine; Political science
https://openalex.org/W3010457767,https://doi.org/10.1177/0022034520908533,"Global, Regional, and National Levels and Trends in Burden of Oral Conditions from 1990 to 2017: A Systematic Analysis for the Global Burden of Disease 2017 Study",2020,GBD 2017 Oral Disorders Collaborators; Eduardo Bernabé; Wagner Marcenes; Cristhiam Rojas Hernandez; Jordan A Bailey,Journal of Dental Research,"Government and nongovernmental organizations need national and global estimates on the descriptive epidemiology of common oral conditions for policy planning and evaluation. The aim of this component of the Global Burden of Disease study was to produce estimates on prevalence, incidence, and years lived with disability for oral conditions from 1990 to 2017 by sex, age, and countries. In addition, this study reports the global socioeconomic pattern in burden of oral conditions by the standard World Bank classification of economies as well as the Global Burden of Disease Socio-demographic Index. The findings show that oral conditions remain a substantial population health challenge. Globally, there were 3.5 billion cases (95% uncertainty interval [95% UI], 3.2 to 3.7 billion) of oral conditions, of which 2.3 billion (95% UI, 2.1 to 2.5 billion) had untreated caries in permanent teeth, 796 million (95% UI, 671 to 930 million) had severe periodontitis, 532 million (95% UI, 443 to 622 million) had untreated caries in deciduous teeth, 267 million (95% UI, 235 to 300 million) had total tooth loss, and 139 million (95% UI, 133 to 146 million) had other oral conditions in 2017. Several patterns emerged when the World Bank's classification of economies and the Socio-demographic Index were used as indicators of economic development. In general, more economically developed countries have the lowest burden of untreated dental caries and severe periodontitis and the highest burden of total tooth loss. The findings offer an opportunity for policy makers to identify successful oral health strategies and strengthen them; introduce and monitor different approaches where oral diseases are increasing; plan integration of oral health in the agenda for prevention of noncommunicable diseases; and estimate the cost of providing universal coverage for dental care.",1461,Medicine; Disease burden; Epidemiology; Tooth loss; Population
https://openalex.org/W2807745201,https://doi.org/10.1016/s2468-2667(18)30091-4,Frailty and pre-frailty in middle-aged and older adults and its association with multimorbidity and mortality: a prospective analysis of 493 737 UK Biobank participants,2018,Peter Hanlon; Barbara I. Nicholl; Bhautesh Jani; Duncan Lee; Ross McQueenie,The Lancet Public Health,"BACKGROUND: Frailty is associated with older age and multimorbidity (two or more long-term conditions); however, little is known about its prevalence or effects on mortality in younger populations. This paper aims to examine the association between frailty, multimorbidity, specific long-term conditions, and mortality in a middle-aged and older aged population. METHODS: Data were sourced from the UK Biobank. Frailty phenotype was based on five criteria (weight loss, exhaustion, grip strength, low physical activity, slow walking pace). Participants were deemed frail if they met at least three criteria, pre-frail if they fulfilled one or two criteria, and not frail if no criteria were met. Sociodemographic characteristics and long-term conditions were examined. The outcome was all-cause mortality, which was measured at a median of 7 years follow-up. Multinomial logistic regression compared sociodemographic characteristics and long-term conditions of frail or pre-frail participants with non-frail participants. Cox proportional hazards models examined associations between frailty or pre-frailty and mortality. Results were stratified by age group (37-45, 45-55, 55-65, 65-73 years) and sex, and were adjusted for multimorbidity count, socioeconomic status, body-mass index, smoking status, and alcohol use. FINDINGS: 493 737 participants aged 37-73 years were included in the study, of whom 16 538 (3%) were considered frail, 185 360 (38%) pre-frail, and 291 839 (59%) not frail. Frailty was significantly associated with multimorbidity (prevalence 18% [4435/25 338] in those with four or more long-term conditions; odds ratio [OR] 27·1, 95% CI 25·3-29·1) socioeconomic deprivation, smoking, obesity, and infrequent alcohol consumption. The top five long-term conditions associated with frailty were multiple sclerosis (OR 15·3; 99·75% CI 12·8-18·2); chronic fatigue syndrome (12·9; 11·1-15·0); chronic obstructive pulmonary disease (5·6; 5·2-6·1); connective tissue disease (5·4; 5·0-5·8); and diabetes (5·0; 4·7-5·2). Pre-frailty and frailty were significantly associated with mortality for all age strata in men and women (except in women aged 37-45 years) after adjustment for confounders. INTERPRETATION: Efforts to identify, manage, and prevent frailty should include middle-aged individuals with multimorbidity, in whom frailty is significantly associated with mortality, even after adjustment for number of long-term conditions, sociodemographics, and lifestyle. Research, clinical guidelines, and health-care services must shift focus from single conditions to the requirements of increasingly complex patient populations. FUNDING: CSO Catalyst Grant and National Health Service Research for Scotland Career Research Fellowship.",1245,Medicine; Gerontology; Demography; Socioeconomic status; Body mass index
https://openalex.org/W3118763601,https://doi.org/10.4269/ajtmh.20-1641,Biosocial Strategies to Address the Socioeconomic Determinants and Consequences of the TB and COVID-19 Pandemics,2021,Debora Pedrazzoli; Tom Wingfield,American Journal of Tropical Medicine and Hygiene,"COVID-19 and tuberculosis (TB) are damaging, dual pandemics, which are more than mere health crises; they are socioeconomic and humanitarian crises that require a biosocial response. he socioeconomic determinants of TB and COVID-19 are pernicious and overlapping. Poverty, overcrowded housing conditions, under-or malnutrition, chronic comorbidities such as lung disease and diabetes, and belonging to marginalized, underserved communities and minority ethnic groups are all key determinants. 3 COVID-19 has distorted health systems at all levels. It has contracted clinical services, decimated staffing levels, reconfigured laboratories including the repurposing of GeneXpert modules for TB diagnosis, rolled back hard won progress toward Universal Health Coverage (UHC) and global health security, 4 and diverted much-needed resources away from other diseases, including TB. he health and socioeconomic consequences of TB and COVID-19 are highly harmful and inequitably distributed. mpoverished individuals, households, and communities continue to be disproportionately affected by both TB and COVID-19. Social distancing and isolation measures, restricted movement and quarantine, illness, and care-seeking impose a severe socioeconomic burden, especially on those who are unemployed, in the informal job sector, or lack adequate social protection. 1 These factors are not only associated with impaired healthcare access and worse health outcomes 9,10 ; they can push those affected into further impoverishment, typifying the ""medical poverty trap."" The corrosive influence of COVID-19 and its related mitigation strategies on mental health and domestic violence is a parallel, concomitant emergency. ar from being great ""levellers,"" these intersecting pandemics have reemphasized intolerable and persistent global inequalities in health, wealth, and well-being-inequalities that are aggravated by poverty of voice, agency, and opportunity. However, the convergent challenges brought about by COVID-19 and TB enable us to identify potential opportunities to mitigate their impact.",13,Socioeconomic status; Poverty; Pandemic; Biosocial theory; Tuberculosis
https://openalex.org/W3203482665,https://doi.org/10.1002/hec.4435,Cycle‐network expansion plan in Oslo: Modeling cost‐effectiveness analysis and health equity impact,2021,Admassu N. Lamu; Ole Frithjof Norheim; Fredrik Alexander Gregersen; Mathias Barra,Health Economics,"Physical inactivity is the leading cause of non-communicable diseases, and further research on the cost-effectiveness of interventions that target inactivity is warranted. Socioeconomic status is vital in this process. We aim to evaluate the cost-effectiveness of a cycle-network expansion plan in Oslo compared to the status quo by income quintiles. We applied a Markov model using a public payer perspective. Health outcomes were measured by quality-adjusted life years (QALYs) gained from the prevention of coronary heart disease, stroke, type 2 diabetes, and cancer. We measured equity impact by the concentration index and social welfare using the achievement index. We conducted sensitivity analyses. The intervention was generally more costly and more effective than the status quo. Incremental cost per QALY falls with income quintile, ranging from $10,098 in the richest quintile to $23,053 per QALY gained in the poorest quintile. The base-case intervention increased health inequality. However, a scenario targeting low-income quintiles reduced inequality and increased social welfare. In conclusion, the cycle-network expansion is likely to be cost-effective, but with equity concerns. If decision makers care about health inequalities, the disadvantaged groups could be targeted to produce more equitable and socially desirable outcomes instead of a uniform intervention across income quintiles.",14,Medicine; Quality-adjusted life year; Life expectancy; Health equity; Equity (law)
https://openalex.org/W2159555260,https://doi.org/10.1136/jech.2008.079038,Morbidity is related to a green living environment,2009,Jaap Maas; Robert Verheij; S. de Vries; Peter Spreeuwenberg; François Schellevis,Journal of Epidemiology & Community Health,"BACKGROUND: As a result of increasing urbanisation, people face the prospect of living in environments with few green spaces. There is increasing evidence for a positive relation between green space in people's living environment and self-reported indicators of physical and mental health. This study investigates whether physician-assessed morbidity is also related to green space in people's living environment. METHODS: Morbidity data were derived from electronic medical records of 195 general practitioners in 96 Dutch practices, serving a population of 345,143 people. Morbidity was classified by the general practitioners according to the International Classification of Primary Care. The percentage of green space within a 1 km and 3 km radius around the postal code coordinates was derived from an existing database and was calculated for each household. Multilevel logistic regression analyses were performed, controlling for demographic and socioeconomic characteristics. RESULTS: The annual prevalence rate of 15 of the 24 disease clusters was lower in living environments with more green space in a 1 km radius. The relation was strongest for anxiety disorder and depression. The relation was stronger for children and people with a lower socioeconomic status. Furthermore, the relation was strongest in slightly urban areas and not apparent in very strongly urban areas. CONCLUSION: This study indicates that the previously established relation between green space and a number of self-reported general indicators of physical and mental health can also be found for clusters of specific physician-assessed morbidity. The study stresses the importance of green space close to home for children and lower socioeconomic groups.",1137,Socioeconomic status; Medicine; Mental health; Demography; Population
https://openalex.org/W2175751433,https://doi.org/10.1016/s0140-6736(15)60901-1,Safeguarding human health in the Anthropocene epoch: report of The Rockefeller Foundation–Lancet Commission on planetary health,2015,Sarah Whitmee; Andy Haines; Chris Beyrer; Frederick Boltz; Anthony Capon,The Lancet,"protection of health in the near and long term. Several essential steps need to be taken to transform the economy to support planetary health. These steps include a reduction of waste through the creation of products that are more durable and require less energy and materials to manufacture than those often produced at present; the incentivisation of recycling, reuse, and repair; and the substitution of hazardous materials with safer alternatives.",2806,Natural resource economics; Global health; Planetary boundaries; Development economics; Environmental resource management
https://openalex.org/W2168189299,https://doi.org/10.1186/1471-2288-14-42,Reaching the hard-to-reach: a systematic review of strategies for improving health and medical research with socially disadvantaged groups,2014,Billie Bonevski; Madeleine Randell; Christine Paul; Kathy Chapman; Laura Twyman,BMC Medical Research Methodology,"BACKGROUND: This study aims to review the literature regarding the barriers to sampling, recruitment, participation, and retention of members of socioeconomically disadvantaged groups in health research and strategies for increasing the amount of health research conducted with socially disadvantaged groups. METHODS: A systematic review with narrative synthesis was conducted. Searches of electronic databases Medline, PsychInfo, EMBASE, Social Science Index via Web of Knowledge and CINHAL were conducted for English language articles published up to May 2013. Qualitative and quantitative studies as well as literature reviews were included. Articles were included if they reported attempts to increase disadvantaged group participation in research, or the barriers to research with disadvantaged groups. Groups of interest were those described as socially, culturally or financially disadvantaged compared to the majority of society. Eligible articles were categorised according to five phases of research: 1) sampling, 2) recruitment and gaining consent, 3) data collection and measurement, 4) intervention delivery and uptake, and 5) retention and attrition. RESULTS: In total, 116 papers from 115 studies met inclusion criteria and 31 previous literature reviews were included. A comprehensive summation of the major barriers to working with various disadvantaged groups is provided, along with proposed strategies for addressing each of the identified types of barriers. Most studies of strategies to address the barriers were of a descriptive nature and only nine studies reported the results of randomised trials. CONCLUSIONS: To tackle the challenges of research with socially disadvantaged groups, and increase their representation in health and medical research, researchers and research institutions need to acknowledge extended timeframes, plan for higher resourcing costs and operate via community partnerships.",1484,Disadvantaged; PsycINFO; MEDLINE; Medical education; Attrition
https://openalex.org/W2765304416,https://doi.org/10.2196/jmir.8775,"Beyond Adoption: A New Framework for Theorizing and Evaluating Nonadoption, Abandonment, and Challenges to the Scale-Up, Spread, and Sustainability of Health and Care Technologies",2017,Trisha Greenhalgh; Joseph Wherton; Chrysanthi Papoutsi; Jennifer Lynch; Gemma Hughes,Journal of Medical Internet Research,"BACKGROUND: Many promising technological innovations in health and social care are characterized by nonadoption or abandonment by individuals or by failed attempts to scale up locally, spread distantly, or sustain the innovation long term at the organization or system level. OBJECTIVE: Our objective was to produce an evidence-based, theory-informed, and pragmatic framework to help predict and evaluate the success of a technology-supported health or social care program. METHODS: The study had 2 parallel components: (1) secondary research (hermeneutic systematic review) to identify key domains, and (2) empirical case studies of technology implementation to explore, test, and refine these domains. We studied 6 technology-supported programs-video outpatient consultations, global positioning system tracking for cognitive impairment, pendant alarm services, remote biomarker monitoring for heart failure, care organizing software, and integrated case management via data sharing-using longitudinal ethnography and action research for up to 3 years across more than 20 organizations. Data were collected at micro level (individual technology users), meso level (organizational processes and systems), and macro level (national policy and wider context). Analysis and synthesis was aided by sociotechnically informed theories of individual, organizational, and system change. The draft framework was shared with colleagues who were introducing or evaluating other technology-supported health or care programs and refined in response to feedback. RESULTS: The literature review identified 28 previous technology implementation frameworks, of which 14 had taken a dynamic systems approach (including 2 integrative reviews of previous work). Our empirical dataset consisted of over 400 hours of ethnographic observation, 165 semistructured interviews, and 200 documents. The final nonadoption, abandonment, scale-up, spread, and sustainability (NASSS) framework included questions in 7 domains: the condition or illness, the technology, the value proposition, the adopter system (comprising professional staff, patient, and lay caregivers), the organization(s), the wider (institutional and societal) context, and the interaction and mutual adaptation between all these domains over time. Our empirical case studies raised a variety of challenges across all 7 domains, each classified as simple (straightforward, predictable, few components), complicated (multiple interacting components or issues), or complex (dynamic, unpredictable, not easily disaggregated into constituent components). Programs characterized by complicatedness proved difficult but not impossible to implement. Those characterized by complexity in multiple NASSS domains rarely, if ever, became mainstreamed. The framework showed promise when applied (both prospectively and retrospectively) to other programs. CONCLUSIONS: Subject to further empirical testing, NASSS could be applied across a range of technological innovations in health and social care. It has several potential uses: (1) to inform the design of a new technology; (2) to identify technological solutions that (perhaps despite policy or industry enthusiasm) have a limited chance of achieving large-scale, sustained adoption; (3) to plan the implementation, scale-up, or rollout of a technology program; and (4) to explain and learn from program failures.",2593,Context (archaeology); Health care; Knowledge management; Health technology; Psychology
https://openalex.org/W2105285476,https://doi.org/10.1257/jep.25.3.153,Killing Me Softly: The Fetal Origins Hypothesis,2011,Douglas Almond; Janet Currie,The Journal of Economic Perspectives,"nutrition in particular. Economists have expanded on this hypothesis, investigating a broader range of fetal shocks and circumstances and have found a wealth of later-life impacts on outcomes including test scores, educational attainment, and income, along with health. In the process, they have provided some of the most credible observational evidence in support of the hypothesis. The magnitude of the impacts is generally large. Thus, the fetal origins hypothesis has not only survived contact with economics, but has flourished.",1625,Observational study; Epidemiology; Fetus; Economics; Pregnancy
https://openalex.org/W1866842189,https://doi.org/10.1093/nutrit/nuv027,Contribution of food prices and diet cost to socioeconomic disparities in diet quality and health: a systematic review and analysis,2015,Nicole Darmon; Adam Drewnowski,Nutrition Reviews,"CONTEXT: It is well established in the literature that healthier diets cost more than unhealthy diets. OBJECTIVE: The aim of this review was to examine the contribution of food prices and diet cost to socioeconomic inequalities in diet quality. DATA SOURCES: A systematic literature search of the PubMed, Google Scholar, and Web of Science databases was performed. STUDY SELECTION: Publications linking food prices, dietary quality, and socioeconomic status were selected. DATA EXTRACTION: Where possible, review conclusions were illustrated using a French national database of commonly consumed foods and their mean retail prices. DATA SYNTHESIS: Foods of lower nutritional value and lower-quality diets generally cost less per calorie and tended to be selected by groups of lower socioeconomic status. A number of nutrient-dense foods were available at low cost but were not always palatable or culturally acceptable to the low-income consumer. Acceptable healthier diets were uniformly associated with higher costs. Food budgets in poverty were insufficient to ensure optimum diets. CONCLUSIONS: Socioeconomic disparities in diet quality may be explained by the higher cost of healthy diets. Identifying food patterns that are nutrient rich, affordable, and appealing should be a priority to fight social inequalities in nutrition and health.",1187,Socioeconomic status; Environmental health; Food prices; Poverty; Food group
https://openalex.org/W2414712277,,[The quality indigators program in Clalit Health Services: the first decade].,2010,Arnon D. Cohen; Jacob Dreiher; Sigal Regev-Rosenberg; Orit Yakovson; Nicky Lieberman,PubMed,"The quality indicators program in the community has existed in Clalit Health Services for over a decade. As a part of this program, approximately 70 evidence-based quality indicators have been defined, in 11 different domains. The indicators relate to preventive medicine (immunizations, early detection of diseases, e.g. colorectal cancer, breast cancer, hypertension, chronic renal failure), chronic disease management (diabetes, hyperlipidemia, ischemic heart disease, asthma, congestive heart failure), care of the elderly (prevention of repeated hospitalizations) and child care (obesity detection, anemia detection and treatment). The indicators program is founded on one of the worldwide leading information systems, based on a common data warehouse with data regarding sociodemographic factors, purchase of medications, health services utilization, laboratory and imaging data, as well as a unique, validated registry of chronic diseases. The program has led to progress in several domains, including control of diabetes and hyperlipidemia, pneumococcal vaccination and early detection of colorectal cancer. The program narrowed the gaps and reduced inequalities between the Arab and Jewish populations, and between socioeconomic levels. The improvement in quality indicators is based on teamwork of physicians, nurses, other health professionals and administrative staff. The day-to-day work and the major effort invested in Clalit's enrollees are reflected in the continuing improvement in clinical quality.",44,Medicine; Health care; Family medicine; Socioeconomic status; Disease
https://openalex.org/W1553795439,,The Global Economic Burden of Noncommunicable Diseases,2012,David E. Bloom; Elizabeth Cafiero; Eva Jané‐Llopis; Shafika Abrahams‐Gessel; Lakshmi Reddy Bloom,WU Research,"As policy-makers search for ways to reduce poverty and income inequality, and to achieve sustainable income growth, they are being encouraged to focus on an emerging challenge to health, well-being and development: non-communicable diseases (NCDs). After all, 63% of all deaths worldwide currently stem from NCDs – chiefly cardiovascular diseases, cancers, chronic respiratory diseases and diabetes. These deaths are distributed widely among the world’s population – from highincome to low-income countries and from young to old (about one-quarter of all NCD deaths occur below the age of 60, amounting to approximately 9 million deaths per year). NCDs have a large impact, undercutting productivity and boosting healthcare outlays. Moreover, the number of people affected by NCDs is expected to rise substantially in the coming decades, reflecting an ageing and increasing global population. With this in mind, the United Nations is holding its first High-Level Meeting on NCDs on 19-20 September 2011 – this is only the second time that a high-level UN meeting is being dedicated to a health topic (the first time being on HIV/ AIDS in 2001). Over the years, much work has been done estimating the human toll of NCDs, but work on estimating the economic toll is far less advanced. In this report, the World Economic Forum and the Harvard School of Public Health try to inform and stimulate further debate by developing new estimates of the global economic burden of NCDs in 2010, and projecting the size of the burden through 2030. Three distinct approaches are used to compute the economic burden: (1) the standard cost of illness method; (2) macroeconomic simulation and (3) the value of a statistical life. This report includes not only the four major NCDs (the focus of the UN meeting), but also mental illness, which is a major contributor to the burden of disease worldwide. This evaluation takes place in the context of enormous global health spending, serious concerns about already strained public finances and worries about lacklustre economic growth. The report also tries to capture the thinking of the business community about the impact of NCDs on their enterprises. Five key messages emerge: • First, NCDs already pose a substantial economic burden and this burden will evolve into a staggering one over the next two decades. For example, with respect to cardiovascular disease, chronic respiratory disease, cancer, diabetes and mental health, the macroeconomic simulations suggest a cumulative output loss of US$ 47 trillion over the next two decades. This loss represents 75% of global GDP in 2010 (US$ 63 trillion). It also represents enough money to eradicate two dollar-a-day poverty among the 2.5 billion people in that state for more than half a century. • Second, although high-income countries currently bear the biggest economic burden of NCDs, the developing world, especially middle-income countries, is expected to assume an ever larger share as their economies and populations grow. • Third, cardiovascular disease and mental health conditions are the dominant contributors to the global economic burden of NCDs. • Fourth, NCDs are front and centre on business leaders’ radar. The World Economic Forum’s annual Executive Opinion Survey (EOS), which feeds into its Global Competitiveness Report, shows that about half of all business leaders surveyed worry that at least one NCD will hurt their company’s bottom line in the next five years, with similarly high levels of concern in low-, middle- and high-income countries – especially in countries where the quality of healthcare or access to healthcare is perceived to be poor. These NCD-driven concerns are markedly higher than those reported for the communicable diseases of HIV/AIDS, malaria and tuberculosis. • Fifth, the good news is that there appear to be numerous options available to prevent and control NCDs. For example, the WHO has identified a set of interventions they call “Best Buys”. There is also considerable scope for the design and implementation of programmes aimed at behaviour change among youth and adolescents, and more costeffective models of care – models that reduce the care-taking burden that falls on untrained family members. Further research on the benefits of such interventions in relation to their costs is much needed. It is our hope that this report informs the resource allocation decisions of the world’s economic leaders – top government officials, including finance ministers and their economic advisors – who control large amounts of spending at the national level and have the power to react to the formidable economic threat posed by NCDs.",1968,Toll; Poverty; Economic growth; Global health; Population
https://openalex.org/W2601758968,,"Decomposing Inequality in Diabetes Patients’ Morbidity Patterns, Survival and Health Care Usage in Denmark",2016,Camilla Sortsø; Jørgen T. Lauridsen; Martha Emneus; Anders Green; Peter Bjødstrup Jensen,University of Southern Denmark Research Portal (University of Southern Denmark),"Measurement of socioeconomic inequalities in health and health care, and understanding the determinants of such inequalities, are critical for achieving higher equity in health care through targeted health intervention strategies. The aim of the paper is to quantify inequality in diabetes morbidity patterns, survival and health care service usage and understand determinants of these inequalities in relation to socio-demographic and clinical morbidity factors. Further, to compare income level and educational level as proxies for Socio Economic Status (SES). Data on the entire Danish diabetes population in 2011 were applied. Patients’ unique personal identification number enabled individual patient data from several national registers to be linked. Cox survival method and a concentration index decomposition approach are applied. Results indicate that lower socioeconomic status is associated with higher morbidity, mortality and lower survival. Differences in diabetes patients’ morbidity patterns, time of diagnosis and health state at diagnosis as well as health care utilization patterns suggest that despite the Danish universal health care system use of services differ among patients of lower and higher SES. Especially outpatient services, rehabilitation and specialists in primary care show different usage patterns according to SES. Comparison of educational level and income level as proxy for patients’ SES indicate important differences in inequality estimates. This is a result of reversed causality between diabetes morbidity and income as well as income related inequality to a higher extent being explained by morbidity.",4,Socioeconomic status; Medicine; Health care; Health equity; Inequality
