ID,DOI,Title,Year,Authors,Venue,Abstract,Citations,Concepts,Relevance_Score,AL_Decision,LLM_Decision,LLM_Justification
https://openalex.org/W2588234720,https://doi.org/10.1108/jgr-11-2016-0029,Does ESG performance have an impact on financial performance? Evidence from Germany,2017,Patrick Velte,Journal of Global Responsibility,"Purpose The purpose of this paper is to concentrate on environmental, social and governance performance (ESGP) in total and divided in each component and evaluate their impact on financial performance (FINP). Design/methodology/approach The study covers a sample selection of companies listed on the German Prime Standard (DAX30, TecDAX, MDAX) for the business years 2010-2014 (412 firm-year observations). A correlation and regression analysis was carried out to evaluate possible links between ESGP as determined by the Asset4 database of Thomson Reuters and accounting and market-based measures of FINP (Return on Assets [ROA] and Tobin’s Q). Findings ESGP has a positive impact on ROA but no impact on Tobin’s Q. Furthermore, by analyzing the three different components of ESGP, governance performance has the strongest impact on FINP in comparison to environmental and social performance. Originality/value The analysis makes a key contribution to the empirical corporate social responsibility (CSR) research as the author breaks down ESGP into their three components and include both accounting-based and market-based FINP measures for the German setting for the first time. Not only companies but also regulators and researchers are affected by the notion that CSR and FINP are close together and should be lead to a successful stakeholder management.",907,Return on assets; Accounting; Corporate social responsibility; Corporate governance; Tobin's q,0.667,Include,Include,Abstract matches 8 inclusion criteria terms — appears to meet eligibility requirements.
https://openalex.org/W2807472376,https://doi.org/10.1108/meq-12-2017-0149,Is sustainability reporting (ESG) associated with performance? Evidence from the European banking sector,2018,Amina Buallay,Management of Environmental Quality An International Journal,"Purpose Sustainability reporting has been widely adopted by firms worldwide given the need of stakeholders for more transparency on environmental, social and governance (ESG) issues. The purpose of this paper is to investigate the relationship between ESG and bank’s operational (Return on Assets), financial (Return on Equity) and market performance (Tobin’s Q). Design/methodology/approach This study examined 235 banks for ten years (2007-2016) to ends up with 2,350 observations. The independent variable is the ESG disclosure; the dependent variables are performance indicators (return on assets, return on equity and Tobin’s Q). Two type of control variables are utilized in this study: bank specific and macroeconomic. Findings The findings deduced from the empirical results demonstrate that there is significant positive impact of ESG on the performance. However, the relationship between ESG disclosures is vary if measured individually; the environmental disclosure found positively affect the ROA and TQ. Whereas, the corporate social responsibility disclosure is negatively affect the three models. However, the corporate governance disclosure found negatively affects the ROA, ROE and positively affects the Tobin’s Q. Originality/value The results of this study can be used to present a successful model for worldwide banks to concentrate on the role of ESG disclosure in performance.",873,Return on assets; Return on equity; Accounting; Corporate governance; Business,0.583,Include,Include,Abstract matches 7 inclusion criteria terms — appears to meet eligibility requirements.
https://openalex.org/W3085366284,https://doi.org/10.3390/su12187545,Effects of Corporate Social Responsibility on Firm Performance: Does Customer Satisfaction Matter?,2020,An‐Pin Wei; Chi‐Lu Peng; Hao‐Chen Huang; Shang‐Pao Yeh,Sustainability,"Academic research has shed light on the empirical relationships among a firm’s corporate social responsibility (CSR), corporate social irresponsibility (CSiR) and firm performance and on the firm’s customer satisfaction–firm performance relationship in different markets. However, little notice has been taken of whether the coexistence of corporate social responsibility, corporate social irresponsibility and customer satisfaction has an interactive effect on firm performance. This study aims to examine the effects of their interaction on firm performance from an investment perspective. Using unbalanced panel regression to test a sample of publicly traded firms from the United States, this study finds that, in general, firms with higher customer satisfaction earn positive changes in abnormal stock returns. For firms that engage in CSR, CSR positively affects corporate performance, whereas firms’ social irresponsibility activities reduce firms’ financial performance. All else equal, a positive interactive effect of CSiR and customer satisfaction on stock return was observed. The results reveal that high customer satisfaction can alleviate the negative effect of corporate social irresponsibility on firms’ financial performance. Our findings will help management executives and investors to understand that the negative effect of a firm’s unforeseen events on firm performance can be weakened by increasing customer satisfaction.",46,Corporate social responsibility; Business; Customer satisfaction; Notice; Marketing,0.583,Include,Include,Abstract matches 7 inclusion criteria terms — appears to meet eligibility requirements.
https://openalex.org/W4410235409,https://doi.org/10.9734/jsrr/2025/v31i53051,Effect of Corporate Social Responsibility on Financial Performance in Asian Firms - A Historical Empirical Analysis,2025,Dam Thanh Huyen; Pham Minh Huong,Journal of Scientific Research and Reports,"Aims: This study aims to examine whether corporate social responsibility (CSR) has a positive influence on a firm’s financial performance in Asian emerging markets. Specifically, it investigates the relationship between CSR and two financial performance indicators: market valuation (Tobin’s Q) and operating performance (ROA). Study Design: This is a quantitative cross-sectional study using regression-based statistical modeling to evaluate CSR’s impact on financial outcomes. Place and Duration of Study: The study analyzes secondary data from 50 companies across 11 Asian countries, using fiscal year 2009 reports evaluated by Credit Lyonnais Securities Asia (CLSA). Methodology: CSR scores (1–5) were assigned by CLSA based on five dimensions: environmental impact, social impact, governance, transparency, and disclosure quality. Financial data, including Tobin’s Q and ROA, were collected from COMPUSTAT. Regression models were used to test the direct effect of CSR on financial performance and the moderating effect of country-level corporate governance on the effect of CSR on Tobin’s Q and ROA. Control variables included corporate governance score, firm size (log sales), debt-to-equity ratio, and sales growth. Results: CSR scores were found to be significantly and positively associated with both Tobin’s Q (β = 0.21, P = .05) and ROA (β = 0.02, P = .05). This means that the integration of CSR into enterprises’ activities can bring substantial benefits for their market valuation and operating performance. The interaction between CSR and country-level corporate governance was not statistically significant, indicating no moderating effect and implying that CSR effectiveness are not affected by institutional distance between countries.",1,Corporate social responsibility; Business; Accounting; Public relations; Political science,0.583,Include,Include,Abstract matches 7 inclusion criteria terms — appears to meet eligibility requirements.
https://openalex.org/W3093158526,https://doi.org/10.1108/jic-02-2020-0038,Intellectual capital: the missing link in the corporate social responsibility–financial performance relationship,2020,Niccolò Nirino; Alberto Ferraris; Nicola Miglietta; Anna Chiara Invernizzi,Journal of Intellectual Capital,"Purpose The purpose of this paper is to propose and empirically test intellectual capital (IC) as a mediator in the corporate social responsibility (CSR) and financial performance (FP) relationship. Design/methodology/approach The empirical research was conducted on 345 European firms listed in the STOXX Europe 600 index. To evaluate the mediating effect of IC, we applied the four-step Baron and Kenny model, tested through an ordinary least squares regression analysis. Findings The findings highlighted a partial mediation of IC on the CSR–FP relationship, suggesting that the implementation of CSR strategies has a positive effect on the development of firms' IC, which in turn enhances firms' competitive advantage and superior long-term FPs. Originality/value We found a new mediator in the CSR–FP relationship and we contribute to a new line of research that aims to study environmental and sustainability aspects strictly interrelated with IC and performances (sustainable intellectual capital).",156,Intellectual capital; Corporate social responsibility; Mediation; Accounting; Originality,0.583,Include,Include,Abstract matches 7 inclusion criteria terms — appears to meet eligibility requirements.
https://openalex.org/W2898300106,https://doi.org/10.1108/srj-11-2017-0254,Towards a more ethical market: the impact of ESG rating on corporate financial performance,2018,Giovanni Landi; Mauro Sciarelli,Social Responsibility Journal,"Purpose This paper fits in a research field dealing with the impact of Corporate Ethics Assessment on Financial Performance. The authors argue how environmental, social and governance (ESG) paradigm, meant to measure corporate social performance by rating issuance, can impact on abnormal returns of Italian firms listed on Financial Times Stock Exchange Milano Indice di Borsa (FTSE MIB) Index, developing a panel data analysis which runs from 2007 to 2015. Design/methodology/approach This study aims at exploring whether socially responsible investors outperform an excess market return on Italian Stock Exchange because of their investment behavior, testing statistically the relationship between the yearly ESG assessment issued by Standard Ethics Agency on FTSE MIB’s companies and their abnormal returns. To verify the impact of an ESG Rating on a company’s abnormal return, the authors developed a panel data analysis through a Fixed Effects Model. They measured abnormal returns via Fama–French approach, running a yearly Jensen’s Performance Index for each company under investigation. Findings The empirical results denote in Italy both a growing interest to corporate social responsibility (CSR) and sustainability by managers over the past decade, as well as an improving quality in ESG assessments because of a reliable corporate disclosure. Thus, despite investors have been applying ESG criteria in their stock – picking operations, the authors found a not positive and statistically significant impact in terms of market premium, when they have been undertaking a socially responsible investment (SRI). Practical implications The findings described above show that ethics is not yet a reliable fundraising tool for Italian-listed companies, despite SRIs having a positive growth rate over past decade. Investors seem to be not pricing CSR on Stock Exchange Market; therefore, listed companies cannot be rewarded with a premium price because of their highly stakeholder oriented behavior. Originality/value This paper explores, for the first time in Italy, when market extra-returns (if any) are related to corporate social performance and how managers leverage ethics to build capital added value.",353,Corporate social responsibility; Stock exchange; Accounting; Corporate governance; Business,0.583,Include,Include,Abstract matches 7 inclusion criteria terms — appears to meet eligibility requirements.
https://openalex.org/W2622872761,,Corporate Social Responsibility and Financial Performance: an Empirical Analysis of Malaysian Listed Firms,2017,Ming Wei Siw,Aaltodoc (Aalto University),"Objectives The main purpose of this paper is to examine the relationship between Corporate Social Responsibility (CSR) and Corporate Financial Performance (CFP) in the context of Malaysian listed firms between year 2014 and 2016. Summary This paper analysed the ROE and Tobin’s Q between CSR and Non-CSR firm in the Kuala Lumpur Composite Index (KLCI) between 2014 and 2016 to test for the presence of a bidirectional relationship between CSR and CFP as per literature. The KLCI firms were segregated into CSR and Non-CSR by consulting the FTSE4Good Bursa Malaysia Index (FBMI). Among the methods used to test this relationship were Student’s t-test, multivariate and logistic regression. Bootstrap confidence intervals of the regression coefficients were further used to determine the strength of the relationship. Conclusions This study found that there is a positive and significant relationship between CSR and CFP in that CSR one year lagged is followed by improved CFP in the financial year. CFP one year prior, however, does not seem to lead to decisions to engage in CSR. Therefore, this study proposes that Malaysian listed firms should engage in CSR as it forms a viable part of the strategy of a firm.",1,Business; Accounting; Corporate social responsibility; Empirical research; Finance,0.583,Include,Include,Abstract matches 7 inclusion criteria terms — appears to meet eligibility requirements.
https://openalex.org/W1591965321,,THE INFLUENCE OF CORPORATE SOCIAL RESPONSIBILITY (CSR) ON COMPANY FINANCIAL PERFORMANCE AND FIRM VALUE (An Empirical Study on the Manufacturing Companies Listed at Indonesia Stock Exchange (IDX) in 2011),2012,Gabriela Vidiananda; Erwin Saraswati,Jurnal Ilmiah Mahasiswa FEB,"The objective of this research is to observe the influence of Corporate  Social Responsibility (CSR) to financial performance and firm value. The  company financial performance is measured by using Return on Asset (ROA) and firm value is measured by Tobin’s Q. This research applies two control variables, those are: SIZE and leverage. As the samples of this research are 69 manufacturing companies listed at Indonesia Stock Exchange (IDX) in 2011 that are obtained  by using purposive judgment sampling method. The testing result with multiple linear regression test shows that Company Social Responsibility (CSR) has influence to company financial performance and firm value. The analysis result also show that SIZE as a control variable does not give influence to financial performance but it influence firm value. On the other hand, leverage as a variable control gives influence to both financial performance and firm value.    Keywords: Corporate Social Responsibility, financial performance, firm value,  SIZE, leverage.",1,Corporate social responsibility; Stock exchange; Leverage (statistics); Enterprise value; Business,0.583,Include,Include,Abstract matches 7 inclusion criteria terms — appears to meet eligibility requirements.
https://openalex.org/W2009153907,https://doi.org/10.5762/kais.2013.14.11.5586,Corporate Social Responsibility and Financial Performance: The impact of the MSCI ESG Ratings on Korean Firms,2013,Jin‐Wook Kim; Sung-Gon Chung; Cheongkyu Park,Journal of the Korea Academia-Industrial cooperation Society,"본 논문은 기업의 사회적 책임이 재무성과에 영향을 미치는지를 고찰하였다. 선행연구들은 지금까지 일관적이지 않은 결과를 보여주었으며, 본 연구는 기업의 사회책임이 기업의 재무성과에 긍정적인 영향을 미친다는 것을 발견하였다. 모건스탠리에서 발간되는 한국기업의 사회적 책임 성과평가 자료를 분석한 결과, 기업의 사회적 책임과 자본시장에서의 재무성과 간에 양의 상관관계가 있음을 발견하였다. 구체적으로 회귀분석의 결과 기업의 사회책임 평가가 한 단계 높으면 주가수익률이 평균 3.4% 정도 높은 것으로 나타났다. 본 연구의 결과는 다른 나라의 자료를 토대로 하는 선행연구의 결과를 지지하며, 한국기업의 사회적 책임에 대한 체계적이고 분석적인 평가 결과를 제공하였다는 데에 의의가 있다. This study investigates how the Corporate Social Responsibility (CSR) performance of a firm is associated with its financial performance in the stock market. Prior studies provide mixed evidence on the relation between CSR and financial performance. This study sheds some lights on the positive effect of CSR on firms' financial performance. Using a unique set of data on CSR performance of Korean firms provided by Morgan Stanley Capital International (MCSI), we find that firms' CSR performance is positively associated with their contemporaneous stock returns and Tobin's Q in the Korean market. This finding suggests that stock market participants value firms' CSR activities. This is the first study that provides empirical evidence on the existence of the positive association between the CSR performance of Korean firms and their financial performance using MCSI data which is considered more reliable than the data used in the prior CSR studies in Korea.",40,Corporate social responsibility; Business; Accounting; Stock market; Stock (firearms),0.583,Include,Include,Abstract matches 7 inclusion criteria terms — appears to meet eligibility requirements.
https://openalex.org/W3186423260,https://doi.org/10.3390/su13158197,Factors Influencing Corporate Social Responsibility Disclosure and Its Impact on Financial Performance: The Case of Vietnam,2021,Nguyen Thanh Hung; Quang Trong Vu; Duc Minh Nguyen; Hoang Long Le,Sustainability,"The study examines the impact of company size, industry sensitivity, government ownership, liquidity and company age on Corporate Social Responsibility Disclosure (CSRD) in 2019 annual reports of listed companies on the Vietnam stock market. We also consider the relationship between CSRD and the financial performance measured by return on assets (ROA) and return on equity (ROE). This study uses descriptive statistics and regression methods to test research hypotheses. The empirical findings show that company characteristics, including firm size, liquidity, government ownership and environmental industry sensitivity, are positively associated with firms’ CSRD level. Firm age does not influence the CSRD of listed companies. The CSRD significantly affects both ROA and ROE. Our study provides several suggestions to promote the CSR information disclosure of listed companies and enhance their social responsibility for sustainable development.",51,Corporate social responsibility; Return on assets; Business; Return on equity; Accounting,0.583,Include,Include,Abstract matches 7 inclusion criteria terms — appears to meet eligibility requirements.
https://openalex.org/W3121560857,https://doi.org/10.3390/su13031069,Online Sustainability Reporting and Firm Performance: Lessons Learned from Text Mining,2021,Xue Ning; Dobin Yim; Jiban Khuntia,Sustainability,"As a corporate social responsibility (CSR) initiative, firms are increasingly disclosing sustainability indicators on online platforms to attract stakeholders’ interests. It is vital to understand what indicators reflect more on a firm’s performance and valuations. This study focuses on deriving value-oriented business intelligence from the voluntary disclosure of sustainability reports. The analysis in this study involves a three-stage approach: (1) Latent Dirichlet allocation (LDA) based topic modeling algorithm to identify and summarize typical contents expressed in various documents, (2) firm’s sustainability maturity modeled as a function of its strategic intent using a latent Markov model (LMM) to estimate the statistical significance and the extent of their relationships, and (3) empirical analysis using random effect linear and non-linear probit models to explore the impact of antecedents and firm performance consequences of three strategic intents. This study highlights using an advanced business analytics approach, specifically with latent Dirichlet allocation (LDA) topic modeling, to codify intangible knowledge embedded in annual sustainability reports to infer a firm’s strategic intent behind voluntary disclosure. In addition, this study aims to analyze the influence of the firm’s sustainability strategic intent on its financial performance. A secondary panel dataset consisting of information on 680 firms in 3 years was constructed by matching the text mined data with information from other sources. Results indicate that, on the one hand, while external stakeholder engagement is the primary motivation behind voluntary disclosure of sustainability reporting, firms are starting to engage internal stakeholders through workforce practices. On the other hand, internal employee-oriented intent has more influence on firm performance than external customer-oriented intent. This study demonstrates a toolset to index firms’ sustainability indicators and evaluates firms’ sustainability practice as an intangible asset and its impact on firms’ financial performance.",40,Latent Dirichlet allocation; Sustainability; Business; Corporate social responsibility; Sustainability reporting,0.583,Include,Include,Abstract matches 7 inclusion criteria terms — appears to meet eligibility requirements.
https://openalex.org/W2792685157,,The Impact of Corporate Social Responsibility Disclosure on Financial Performance of Firms in Africa,2017,Amidu P. Mansaray; Liu Yuanyuan; Brima Sesay,RePEc: Research Papers in Economics,"In recent years, firms have been pressured by community stake holders to engage in Corporate Social Responsibility (CSR). Many firms have responded to these pressures by implementing CSR activities in their operations, while others have opposed. Firms that opposed to CSR have appealed for a compromise between CSR and profitability. Consequently, this study evaluates the impact of CSR disclosure on the financial performance of firms in Africa for both short and long terms. 158 listed companies were selected from six African countries (South Africa, Kenya, Nigeria, Morocco, Egypt &amp; Mauritius) and grouped into six industry. We measured CSR in terms of keywords count (content analysis) referred to this as CSRdisc. We employed accounting based to measure financial performance of firms (ROA for short-term, and ROE for long-term). Multiple linear regression analysis was done with a sample of panel data for a period of 11 years (2005-2015). Our empirical results showed that unlike for the sales &amp; manufacturing, health &amp; pharmacy and others industries, CSR disclosure affects the financial performance of firms in the short-run (ROA) negatively for the mining, investment and transport industries. We propose that this negative impact is an extra cost burden to the firms. Thus, CSR does not generate economic benefits for the firms in the short-run in those industries. With respect to long-term (ROE) financial performance, majority of our results suggest positive but no significant economic benefits for the firms. Although there is positive relationship between CSRdisc and financial performance of some firms in the long-run, the financial performance of firms in Africa does not depend significantly on their corporate social responsibility practices but rather on other factors, such as their previous performance, leverage, volume of capital, and size. Nevertheless, given the numerous benefits of corporate social responsibility, it is recommended that firms continue to give priority to this practice. <strong>Keywords:</strong> CSR disclosure, financial performance, firms, ROA, ROE, Africa <strong>JEL Classifications: </strong>G3, M1",24,Corporate social responsibility; Business; Accounting; Social responsibility; Finance,0.583,Include,Include,Abstract matches 7 inclusion criteria terms — appears to meet eligibility requirements.
https://openalex.org/W2894552139,https://doi.org/10.1108/jgr-01-2018-0004,Corporate social responsibility and financial performance nexus,2018,Joseph Dery Nyeadi; Muazu Ibrahim; Yakubu Awudu Sare,Journal of Global Responsibility,"Purpose The paper aims to investigate empirically the impact of corporate social responsibility (CSR) on financial performance in South African listed firms. Design/methodology/approach The paper uses panel corrected standard errors to estimate the effect of CSR on firm financial performance and thus addresses contemporaneous cross-correlations across the panel cross sections. The study uses a broad base measure of CSR created by the Public Investment Corporation data set and the combination of accounting and economic means of measuring firm financial performance. Findings CSR is found to have a strong positive impact on firm financial performance in South Africa. When CSR is decomposed further into its major components, governance performance positively impacts a firm’s financial performance with no evidence of any relationship between social components and firm performance and between environmental components and firm performance. The positive impact of CSR on firm performance is greater in big firms. At the industry level, CSR is noticed to impact positively on financial performance in the extractive industry via good governance and responsible environmental behaviors. It however has no impact on firm performance in the financial sector. Research limitations/implications The results should be interpreted with caution and some limitations. Due to the limiting nature of the Public Investment Corporation data set (the survey was carried out on selected firms on the Johannesburg Stock Exchange for three years spanning from 2011 to 2013). This resulted in a sample of 56 firms. It is therefore very problematic to generalize the findings to a larger population over a long period of time. This is more limiting especially on individual sector studies where the sample has further shrunk to a smaller sample. As a result of the smaller sample size, the authors were unable to explore some other sectors which could have given more revealing findings. The authors recommend that future research should explore other data sets or use primary data approach that can allow for more sample size and elongated time period for a more holistic view and for easy generalization of the findings. The authors also identify an important lacuna necessitating further research effort. It would be interesting to empirically examine the threshold point of firms’ size beyond which CSR damages firms’ performance. Knowledge of this will guide managers of firms in their strategic CSR decision. Practical implications This study does not only serve as a reference work for subsequent investigations into the impact of CSR on firm performance in sub-Saharan Africa but also serves as a guide to policymakers on the financial impact of CSR adoption. Originality/value This study is one of the pioneering works that comprehensively examines the effect of CSR on financial performance amongst South African firms via size and sector and also controls for contemporaneous cross-correlation effects from the firms in the panel set.",95,Corporate social responsibility; Nexus (standard); Corporate governance; Business; Stock exchange,0.5,Include,Include,Abstract matches 6 inclusion criteria terms — appears to meet eligibility requirements.
https://openalex.org/W2763956599,https://doi.org/10.1108/ajb-05-2016-0015,Corporate social responsibility and firm financial performance,2017,Mingming Feng; Xiaodan Wang; Jerry G. Kreuze,American Journal of Business,"Purpose Despite the intensive research on corporate social responsibility (CSR) and firm financial performance, little is known about how the linkage between CSR and firm financial performance is heterogeneous across industries and how the performance implications are differentiated among specific categories of CSR activities. The purpose of this paper is to explore how the association between a firm’s engagement in CSR and firm financial performance is heterogeneous across industries and CSR categories. Design/methodology/approach Using a sample of 17,083 firm-year observations representing 1,877 firms from the largest 3,000 US companies during years 1991 and 2011, the authors compare the association between CSR and firm financial performance across ten industry sectors defined by Global Industry Classification Standard and across the four CSR categories classified by Mandl and Dorr (2007). Findings The authors find that the association between the overall CSR activities and firm performance is heterogeneous across industries. CSR has significant positive implications for firms from most, but not all, industries. Comparing the performance implication of CSR practices targeting different stakeholder groups, the empirical results indicate that different types of CSR have different influences on financial performance of firms from different industry sectors. Research limitations/implications This study provides new angles for managers in maximizing firm performance through CSR activities and suggests an important and interesting direction for researchers who engage in CSR research. Due to its heterogeneous nature, the CSR-performance relationship needs to be examined more specifically – across industries and different CSR categories. Findings from studies incorporating both company industrial sector and CSR categories would provide more meaningful and practical implications for managers. Practical implications This study provides important managerial implications. First, to maximize firm performance through CSR activities, managers must interpret the linkage between CSR and firm financial performance from the perspective of a specific industrial sector and acknowledge the importance of CSR practices across different CSR categories. Second, the findings suggest that CSR practices aiming at different stakeholder groups generate different financial returns in different industries. Firms engage in CSR to satisfy different stakeholder groups. When budgets are tight, managers may give higher priority to the CSR practices that have stronger effects on firm financial performance. Originality/value This study advances our understanding of the CSR-financial performance relationship by exploring its heterogeneous nature across industry sectors and across specific categories. To obtain the biggest gain from CSR spending, managers must have a good understanding how a specific CSR category can contribute to the financial performance of their particular company in their particular industry.",138,Corporate social responsibility; Business; Linkage (software); Stakeholder; Accounting,0.5,Include,Include,Abstract matches 6 inclusion criteria terms — appears to meet eligibility requirements.
https://openalex.org/W4213071166,https://doi.org/10.4172/2151-6219,Business and Economics Journal,2019,Mitabalulo E Semuguruka; Rashid Chikoyo; Simon Yue Pan; Frank Sheng; Xie,Business and Economics Journal,"The study assessed the effects of corporate social responsibility and customer loyalty in NMB Kilimanjaro. The study aimed to examine whether Corporate Social Responsibility (CSR) efforts do impact customer loyalty; whether CSR initiatives have significant value in helping to attract indirect marketing value for the bank; and to determine whether CSR help to enhance customer loyalty towards a National Microfinance Bank. A case study approach was used to empirically test research model derived from the literature. Sample size of 100 respondents was used to address the research objectives by the use of Purposive sampling. Data was analyzed using descriptive statistics, Pearson correlation and regression model. The findings revealed that the higher the practice of CSR the stronger is the consumer loyalty towards a particular firm. The study revealed that by investing in CSR, a firm could achieve a positive outcome in terms of its financial performance. CSR can provide the additional competitive edge to a particular firm. The study concluded that out that all the CSR programmes are aligned with the Strategic Intent of NMB branches. It also established that programmes do contribute to attainment of the Strategic Intent at NMB through several contributions to the expectations of the various stakeholders of the organization. The key recommendation is that the current CSR programmes should be expanded to engage more employees and serve more needy cases in wider geographical areas. Secondly, NMB need to partner with more co-sponsors in order to benefit from the economies of scale.",152,Economics; Business economics; Monetary economics; Microeconomics,0.5,Include,Include,Abstract matches 6 inclusion criteria terms — appears to meet eligibility requirements.
https://openalex.org/W2077811591,https://doi.org/10.4102/ac.v14i1.180,Corporate social responsibility and financial performance: Fact or fiction? A look at Ghanaian banks,2014,Daniel Ofori; Richard B. Nyuur; Mildred D. S-Darko,Acta Commercii,"Orientation: With banks faced with fulfilling the increasing demands of diverse stakeholders, this study sought to explore the views and motives for corporate social responsibility practices in the Ghanaian banking sector and also to investigate any possible relationship between these practices and financial performance.Research purpose: This article examined the impact of corporate social responsibility on financial performance using empirical evidence from the Ghanaian banking sector.Motivation for the study: Although corporate social responsibility is a hot topic in Ghana and banks do practise it, no detailed study has been conducted to ascertain whether banks derive any benefits therefrom.Research design, approach and method: A sample size of 22 banks was involved. A structured questionnaire was used to obtain primary data whilst archival records were used to gather the secondary data.Main findings: The findings revealed that banks in Ghana view corporate social responsibility practices to be a strategic tool; banks are motivated to practise corporate social responsibility by legitimate reasons as much as they are motivated by profitability and sustainability reasons. Also, although there is a positive relationship between corporate social responsibility practices and financial performance, the financial performance of banks in Ghana does not depend significantly on their corporate social responsibility practices but rather on other control variables, such as growth, origin, debt ratio, and size.Practical implications: Properly adopted and implemented, corporate social responsibility can pay its way by contributing toward firm performance.Contribution: There is a positive but currently insignificant relationship between corporate social responsibility and financial performance amongst Ghanaian banks. However, given the numerous benefits of corporate social responsibility, it is recommended that firms continue to give priority to this practice.",84,Corporate social responsibility; Accounting; Profitability index; Business; Social responsibility,0.5,Include,Include,Abstract matches 6 inclusion criteria terms — appears to meet eligibility requirements.
https://openalex.org/W2146288419,https://doi.org/10.5539/ijef.v6n3p126,Does Corporate Social Responsibility Lead to Improve in Firm Financial Performance? Evidence from Malaysia,2014,Wan Suhazeli Wan Ahamed; Mahmoud Khalid Almsafir; Arkan Walid Al-Smadi,International Journal of Economics and Finance,"Corporate Social Responsibility (CSR) as a common business practices has only recently established a foothold in developing countries. This paper examines the relationship between CSR and Corporate Financial Performance (CFP) for a Malaysia firms. Malaysia was chosen due to it’s one of worlds developing countries and has undergone radical economic and social change. The objective of this research to determine whether CSR based on environment, community, marketplace and workplace dimension has positive, negative or neutral relationship with CFP. The empirical study used to collect secondary data from corporate annual report for three firms listed in Bursa Malaysia for the period from 2007 to 2011. The data taken and gather by using content analysis. CSR dimension of workplace, community, environment and marketplace is used as independent variable while Return on Asset (ROA) and Return on Equity (ROA) is used as dependent variable. Regression analysis used to test the relationship by using SPSS. Prior studies had produce mixed result but most research found there is positive relationship between CSR and CFP. The result of this study concludes that there is positive relationship between CFP and CSR practices together with Firm Size and Firm Revenue as control variable. As well as, this paper will contribute to finance and accounting literature in identified investment in CSR will lead to firm financial performance or otherwise.",104,Corporate social responsibility; Return on assets; Business; Revenue; Accounting,0.5,Include,Include,Abstract matches 6 inclusion criteria terms — appears to meet eligibility requirements.
https://openalex.org/W3044758886,https://doi.org/10.1108/srj-12-2019-0401,"Corporate social responsibility, innovation capability and firm performance: evidence from SME",2020,Dawit Teclemariam Bahta; Jiang Yun; Md. Rashidul Islam; Muhammad Ashfaq,Social Responsibility Journal,"Purpose The purpose of this paper is to examine corporate social responsibility (CSR) and its effect on small and medium enterprises’ (SMEs) innovation capability and financial performance from the perspective of a developing country. It also aims to explore the role of innovation capability as a mediating factor in the linkage between CSR and SMEs’ financial performance. Design/methodology/approach A questionnaire was distributed among managers/owners of the sampled companies. Using a data set of 402 Eritrean firms and partial least squares structural equation modeling, direct and mediating effects were tested. Findings The result reveals that CSR has a positive and significant effect on the financial performance and innovation capability of SEMs. Besides, innovation capability has a positive and significant effect on the business performance of SMEs. The result also supports a partial mediation effect of innovation capability on the association between CSR and firm performance. Practical implications The findings from this research could enhance the awareness of the entrepreneurs, researchers and policymakers on CSR-SMEs’ relationship and help understand the importance of CSR as a crucial driver mechanism for companies to become more innovative and competitive. Originality/value By empirically examining the relationship between CSR, innovation capability and performance in SMEs, this study contributes to the ongoing scholarly discussion on the linkage between CSR and financial performance. Also, to the best of the authors’ knowledge, no other study investigated the mediating role of innovation capability on the link between CSR activities and firms’ financial performance in SMEs from a developing country perspective, making substantial contributions to research in terms of theory, practice and policy.",142,Corporate social responsibility; Business; Mediation; Linkage (software); Originality,0.5,Include,Include,Abstract matches 6 inclusion criteria terms — appears to meet eligibility requirements.
https://openalex.org/W2925322046,https://doi.org/10.3390/su11061738,"Impact of Environmental, Social, and Governance Information on Economic Performance: Evidence of a Corporate ‘Sustainability Advantage’ from Europe",2019,Marco Taliento; Christian Favino; Antonio Netti,Sustainability,"Both UN Agenda 2030 and the Directive n. 2014/95/EU have recently promoted a marked improvement in sustainability disclosure, especially for larger companies or groups. Starting from this premise, we carried out an original study on the financial materiality of the E-S-G (environmental, social and governance) information of primary companies listed on major European indices in Belgium, France, Germany, Italy and Spain (BEL, CAC, DAX, FTSE-MIB, IBEX). Within the Stakeholder Theory and the Corporate Social Responsibility (CSR)–Corporate Social Perfomance (CSP) framework, our empirical analysis examined the impact of non-financial results (assessed through sustainability indicators) on economic (financial and market) performance in the timespan 2014–2017. We propose a different approach from previous studies, based on a PLS (Partial least squares)/SEM (Structural equation modeling) methodology together with the unprecedented consideration of “ESG” measures (Environmental, Social and Governance), either absolute (scores) or relative (extra-performance over industry sector). We find that, despite the absolute level of the individual ESG scores not being impactful, the “distance” from the industry average–normal figures (excess or abnormal ESG performance) is positively relevant, collaterally revisiting the notion of competitive advantage in sustainability terms. Corporate size is shown to be a significant background factor (as slack resources proxy). Social, environmental and governance responsibility (to all stakeholders) appear to be important as a competitive factor of the modern firm.",324,Sustainability reporting; Corporate social responsibility; Corporate governance; Sustainability; Accounting,0.5,Include,Include,Abstract matches 6 inclusion criteria terms — appears to meet eligibility requirements.
https://openalex.org/W2089163914,https://doi.org/10.1108/17471111211247910,"Market orientation, innovation and corporate social responsibility practices in Ghana's telecommunication sector",2012,Mohammed Abdulai Mahmoud; Robert Ebo Hinson,Social Responsibility Journal,"Purpose The aim of this study is to examine how market orientation, innovation, and corporate social responsibility (CSR) jointly impact business performance. Design/methodology/approach This study adopts a quantitative research design. Research evidence was collected via a questionnaire‐based survey of marketing managers and executives of telecommunication companies in Ghana. The hypotheses developed following a review of scholarship on marketing, strategy and corporate citizenship were tested through regression analysis. Findings The results indicate that firms' degree of market orientation and CSR have significant impact on innovation, which then influences business performance. Furthermore, market orientation has direct significant effect on CSR, which tends to mediate the influence of market orientation on business performance. Research limitations/implications The use of longitudinal research that combines managers' evaluation with a survey of consumers, employees, and other relevant stakeholders is suggested to confirm the results of this study. Practical implications This study suggests that innovation and CSR are two key ingredients for transforming market orientation into a successful business strategy. Managers are to note that even “doing good” (a CSR initiative) requires a sense of innovation for it to trigger any significant financial performance for the business. Originality/value This study introduces a model in which the relationship between CSR, market orientation, and performance is mediated by innovation. The empirical evidence enhances the existing literature on marketing, corporate citizenship, and strategy.",92,Corporate social responsibility; Market orientation; Marketing; Business; Originality,0.5,Include,Include,Abstract matches 6 inclusion criteria terms — appears to meet eligibility requirements.
https://openalex.org/W4281651792,https://doi.org/10.1108/md-07-2021-0993,Corporate social responsibility and firm value: evidence from Chinese targeted poverty alleviation,2022,Heshu Huang; Ruotong Shang; Liukai Wang; Yu Gong,Management Decision,"Purpose Whilst the relationship between corporate social responsibility (CSR) and corporate financial performance has been well documented, CSR has rarely been studied from the perspective of corporate poverty alleviation. This study aims to test whether participation in targeted poverty alleviation (TPA) affects firms' market value and to explore how the magnitudes of market value vary in different CSR environments. Design/methodology/approach Based on recent Chinese TPA initiatives and on 108 TPA announcements of Chinese-listed firms from 2016 to 2020, this study adopts an event study method to investigate the impact of firm's TPA announcements on the firm's market value. Then, the authors construct a cross-sectional regression to analyse different CSR factors that may affect market reactions. Findings The results demonstrate that TPA announcements can increase a firm's overall market value. Additionally, the results show that TPA way and firm ownership significantly moderate the market reaction, namely the positive reaction is more significant when the TPA announcements involve charity poverty alleviation rather than industrial poverty alleviation and for privately owned firms rather than state-owned firms. Practical implications The empirical results help TPA practitioners obtain a nuanced understanding of whether and when to participate in poverty alleviation is worthwhile. This study also provides a reference for poverty alleviation work in countries with similar backgrounds. Originality/value This study not only provides empirical evidence for the consequences of poverty alleviation behaviour of firms in developing countries, but also complements the field of CSR research in developed countries.",51,Corporate social responsibility; Poverty; Value (mathematics); Originality; Enterprise value,0.5,Include,Include,Abstract matches 6 inclusion criteria terms — appears to meet eligibility requirements.
https://openalex.org/W2088626523,https://doi.org/10.1108/17542431211281954,Further evidence on the association between corporate social responsibility and financial performance,2012,Li Sun,International Journal of Law and Management,"Purpose The purpose of this paper is to examine the association between corporate social responsibility (CSR) and financial performance. Design/methodology/approach This paper performs an empirical test on the association between CSR and financial performance of a firm. Findings The regression analysis reveals a significant and positive association between CSR and financial performance. In addition, it finds that the age of long‐term assets is highly correlated with CSR. Originality/value This paper extends Cochran and Wood by using a larger and more recent sample to examine the association between CSR and financial performance of a firm. It contributes to the CSR literature.",65,Corporate social responsibility; Association (psychology); Business; Sample (material); Value (mathematics),0.5,Include,Include,Abstract matches 6 inclusion criteria terms — appears to meet eligibility requirements.
https://openalex.org/W1564345206,,Corporate Social Responsibility and Financial Performance in Developing Economies: The Nigerian Experience,2012,Olayinka Marte Uadiale; Temitope Olamide Fagbemi,Brunel University Research Archive (BURA) (Brunel University London),"Corporate social responsibility (CSR) has the potential to make positive contributions to the development of society and businesses. Organisations are beginning to see the benefits from setting up strategic CSR agendas. The increasing attention to CSR is based on its capability to influence firms’ performance. The CSR movement is spreading over the world and in recent years a large number of methods and frameworks have been developed, the majority being developed in the West. This study focuses on developing economies and on Nigeria specifically. Using a sample of forty audited financial statements of quoted companies in Nigeria, this study examines the impact of CSR activities on financial performance measured with Return on Equity (ROE) and Return on Assets (ROA). The results show that CSR has a positive and significant relationship with the financial performance measures. These results reinforce the accumulating body of empirical support for the positive impact of CSR on financial performance.",144,Corporate social responsibility; Return on equity; Developing country; Audit; Sample (material),0.5,Include,Include,Abstract matches 6 inclusion criteria terms — appears to meet eligibility requirements.
https://openalex.org/W4281675770,https://doi.org/10.1108/cafr-03-2022-0027,CEO power and CSR: the moderating role of CEO characteristics,2022,Hsuan‐Lien Chu; Nai‐Yng Liu; She‐Chih Chiu,China Accounting and Finance Review,"Purpose The purpose of this study is to examine the moderating role of the characteristics of the chief executive officer (CEO) on the association between CEO power and corporate social responsibility (CSR) performance. Design/methodology/approach This paper conducts multiple regression analyses to empirically test the proposed hypotheses based on a sample of US-based publicly held companies. The sample period extends from 2000 to 2018. Firm-level CSR ratings are obtained from the Kinder, Lydenberg and Domini (KLD) database (currently known as MSCI ESG STATS). Financial data and CEO data are retrieved from Compustat and ExecuComp databases, respectively. Additional test and robustness analysis are performed. Findings This paper shows that firms with more powerful CEOs are less likely to engage in CSR activities. The negative association between CEO power and CSR is found to be exacerbated by CEOs who are younger, more competent and overconfident; however, this negative association is mitigated by CEOs who are female. This paper also finds that gender plays a more important role among CEO characteristics. Collectively, the findings highlight the potential opportunities to better understand the role of various CEO characteristics that jointly affect CSR. Originality/value First, this is the first study providing a comprehensive empirical analysis of how various CEO characteristics jointly affect CSR. Prior studies that focus on standalone CEO characteristics offer an incomplete picture of the relation between a single CEO characteristic and a firm's CSR performance. The current study thus extends the research field by examining the association between seemingly unrelated CEO characteristics and CSR performance. The results also highlight that gender is the critical factor moderating the relationship between CEO power and CSR performance when it is compared with CEO age, ability and overconfidence. Second, the authors add to the literature on employee selection by showing that female CEOs mitigate the negative effect of managerial power on CSR performance. Although the currently available empirical research in management control systems focuses on ex-post analyses of moral hazard mitigation for incumbent employees, both the economics and management literature acknowledge ex ante evidence suggesting that employee selection is even more important. Our findings may provide insight into the selection of CEOs.",52,Corporate social responsibility; Chief executive officer; Originality; Robustness (evolution); Sample (material),0.5,Include,Include,Abstract matches 6 inclusion criteria terms — appears to meet eligibility requirements.
https://openalex.org/W1545355311,https://doi.org/10.1108/raf-03-2014-0025,The impact of corporate social responsibility on employee performance and cost,2015,Li Sun; Tong Yu,Review of Accounting and Finance,"Purpose – The purpose of our paper is to empirically examine the conjectures, which prior literature suggests, that employees work more productively in socially responsible companies and employees are willing to work for less when they work for these companies. Design/methodology/approach – This study uses ordinary least squares regression to examine the relationship between corporate social responsibility (CSR) and employee performance and between CSR and employee cost. Further, 2SLS is used to address the endogeneity issue. Findings – The results indicate a positive relation between CSR and employee performance, suggesting that employees in socially responsible companies generate better operating performance than their peers in less socially responsible companies. Findings also reveal that socially responsible companies incur higher labor cost. Research limitations/implications – First, the CSR ratings constructed by KLD Inc. are an approximate measure of CSR performance. Better CSR measures may yield stronger results. Additionally, the sample firms in our study are relatively large firms. Caution needs be exercised when readers generalize these conclusions. Finally, this sample only consists of public firms. Whether these conclusions hold in private firms remains unknown. The above issues can be investigated in future studies. Practical implications – The findings of our study should interest managers who contemplate engaging in socially responsible activities, investors and financial analysts who assess firm performance and policymakers who design and implement guidelines on CSR programs. Originality/value – This is the first paper that directly tests the association between CSR and employee performance and cost. Thus, this study contributes to the CSR literature by offering evidence to show a positive effect of CSR on employee performance. It also contributes to the management accounting literature.",104,Corporate social responsibility; Endogeneity; Sample (material); Originality; Business,0.5,Include,Include,Abstract matches 6 inclusion criteria terms — appears to meet eligibility requirements.
https://openalex.org/W2553615955,https://doi.org/10.1108/ijlma-06-2015-0029,Impact of corporate social performance on financial performance of manufacturing companies (IMC) listed on the Tehran Stock Exchange,2016,Ghazal Sadeghi; Mehdi Arabsalehi; Mahnoosh Hamavandi,International Journal of Law and Management,"Purpose This study aims to investigate the impact of corporate social performance (CSP) on financial performance of manufacturing companies listed on the Tehran Stock Exchange and thus contributes to understanding the significance of socially responsible investments for companies. Design/methodology/approach The CSP was measured by a questionnaire composed of 53 items related to customers’ social performance of the firm, workers and environmental and community dimensions. Besides, corporate financial performance was measured by two measures, return on equity (ROE) and return on assets (ROA). In this study, 74 observations were investigated from 2006 to 2012. The data were analyzed using the multiple regression method. Findings The results of the study revealed that customers’ social performance of the firm has a negative impact on ROA of the firm. Besides, social performance of the workers dimension of the firm has a positive impact on ROA. The results, also, showed that none of the CSP dimensions affected the ROE of the firms. Originality/value The present study is useful for managers to develop future social performance policies that may lead to better financial performance in the long-term. The paper, also, contributes to the corporate social responsibility literature, as it presents empirical evidence of the effects of CSP on the financial performance in the manufacturing sector of developing countries.",31,Return on assets; Stock exchange; Business; Return on equity; Corporate social responsibility,0.5,Include,Include,Abstract matches 6 inclusion criteria terms — appears to meet eligibility requirements.
https://openalex.org/W2989957321,https://doi.org/10.1108/bfj-07-2019-0503,"The impact of corporate social responsibility on firms’ financial performance, evidence from the food and beverage industry",2019,Niccolò Nirino; Nicola Miglietta; Antonio Salvi,British Food Journal,"Purpose The purpose of this paper is to investigate the impact of corporate social responsibility (CSR) on firms’ financial performance (FP) in the food and beverage (F&amp;B) sector. Design/methodology/approach The authors developed a conceptual model that hypothesizes a positive effect of CSR governance on CSR outcomes (environmental and social) and these on firm’s FP. Gathering data from 190 F&amp;B companies, the authors empirically tested the validity of the model through an ordinary least squares regression analysis. Findings The findings highlight the positive impact of CSR governance on environmental and social outcomes, showing real societal concerns among companies’ stakeholders in the F&amp;B industry. Studies on the effect of CSR outcomes on FP have shown mixed results. On one side, the social outcomes positively impact a firm’s performance; on the other side, environmental outcomes show insignificant or non-positive effects depending on different measurements of FP. Originality/value Despite the mixed set of results between CSR and a firm’s performance in the literature, this research provides a new framework in which the impact of CSR on FP is analysed through the effectiveness of CSR governance on CSR outcomes (social and environmental). Moreover, this study contributes to the CSR literature understanding the impact of both environment and social concerns by companies on firm’s FP in F&amp;B context.",96,Corporate social responsibility; Business; Originality; Context (archaeology); Corporate governance,0.5,Include,Include,Abstract matches 6 inclusion criteria terms — appears to meet eligibility requirements.
https://openalex.org/W2998717615,https://doi.org/10.1002/csr.1883,Market differentiation threshold and the relationship between corporate social responsibility and corporate financial performance,2019,Woon Leong Lin; Siong Hook Law; W. N. W. Azman‐Saini,Corporate Social Responsibility and Environmental Management,"Abstract This study assesses the impact of corporate social responsibility (CSR) on corporate financial performance (CFP) by using an innovative threshold estimation technique. We examine whether the CSR effect on CFP is varied with the distinct levels of market differentiation. The empirical analysis is based on a world automotive panel dataset for the period of 2011–2017. We unveil an inverted V‐shaped relationship between CSR and CFP and confirm that the increasing nonparametric regression line up to a certain threshold level indicates a positive effect on CFP, whereas a decreasing line indicates a negative effect. Hence, these findings support the idea that engagement in CSR can boost firm performance by incorporating with market differentiation, since higher firm performance is associated with strong differentiation (i.e., less substitutability), but CSR may not provide large benefits in firms with too high market differentiation.",29,Corporate social responsibility; Business; Product differentiation; Panel data; Automotive industry,0.5,Include,Include,Abstract matches 6 inclusion criteria terms — appears to meet eligibility requirements.
https://openalex.org/W4200187978,https://doi.org/10.1108/mip-05-2021-0145,Corporate social responsibility and SME performance: a meta-analysis,2021,Stephen Oduro; Kot David Adhal Nguar; Alessandro De Nisco; Alharthi Rami Hashem E; Guglielmo Maccario,Marketing Intelligence & Planning,"Purpose This study aims to draw on instrumental and ethical theories to offer a quantitative review of the extant literature on the corporate social responsibility (CSR)–small-medium enterprises (SMEs) performance relationship through a meta-analysis. Design/methodology/approach Empirical studies from 57 independent peer-reviewed articles, including 66,741 firms, were sampled and analysed. Both subgroup and meta-regression analyses (MARA) were used to test the hypotheses of the study. Findings The authors' results demonstrated that social-oriented, economic-oriented and environment-oriented CSR activities have a positive, significant influence on overall, financial and non-financial performance of SMEs; however, the effect of social-oriented CSR activities is the strongest. Moreover, the impact CSR dimensions have on non-financial performance is stronger than on financial performance. Additionally, findings showed that the association between CSR and SME performance is positively and significantly influenced by contextual factors (i.e. sector and region of study) and methodological factors (i.e. performance measurement, study type, theory usage, sampling size and operationalisation of constructs). Originality/value The study is the pioneering meta-analytic review on the CSR–SME performance relationship, thereby clarifying the anecdotal results, synthesising the fragmented empirical studies and exploring the contextual and methodological factors that may account for between-study variance. Following the study's findings, the authors delineate insightful suggestions for future scholarship and fine-grained managerial implications for practitioners.",46,Corporate social responsibility; Originality; Empirical research; Meta-analysis; Extant taxon,0.5,Include,Include,Abstract matches 6 inclusion criteria terms — appears to meet eligibility requirements.
https://openalex.org/W3092378277,https://doi.org/10.1108/ijmf-04-2020-0176,Gender diversity: the corporate social responsibility and financial performance nexus,2020,Humyra Jabeen Bristy; Janice C. Y. How; Peter Verhoeven,International Journal of Managerial Finance,"Purpose The authors investigate the role of gender in the way firms evaluate and resolve the ethical dilemma founded on the corporate social responsibility–corporate financial performance (CSR–CFP) nexus. This study is premised on Gilligan's “two voices” theory and the social role theory that there is a gender-based difference in moral thinking. Design/methodology/approach The authors adopt the two-stage least squares (2SLS) and generalized method of moments (GMM) approach to control for simultaneity between female representation on boards, CSR and financial performance. The sample consists of 9,569 firm-year observations from 1,527 US firms for the period 1996–2014. Findings The authors find that CSR initiatives and activities undertaken by US firms are profit maximizing. However, the return on investment in CSR decreases with the proportion of female directors on the board. This study underscores the importance of considering gender in furthering the understanding of how firms address the CSR–CFP nexus. Research limitations/implications This research is not without limitations, which includes the way the authors operationalize CSR. The CSR scores from the MSCI ESG database have been criticized for being relatively weak predictors of actual CSR outcomes. Since the CSR–CFP nexus is likely to be far more complex than that portrayed by the KLD scores, the authors encourage future research to explore metrics of other social rating agencies which perhaps better capture the quality of a firm's CSR. Practical implications In the face of the long and unresolved debate on the effect of gender diversity on the board's monitoring efficacy and decision- making process (Adams and Ferrera, 2009), the authors’ finding that female directors' moral orientation and investment in CSR affect firms' bottom-line figures has important implications for shareholders and regulators, helping them to see how gender may play an important role in addressing this relationship. Originality/value Although prior studies provide useful insights into the nexus between CSR and CFP, little is known whether gender affects this relation. This research provides empirical support for Gilligan's “two voices” theory that there is a gender-based difference in moral thinking.",45,Corporate social responsibility; Nexus (standard); Operationalization; Gender diversity; Dilemma,0.5,Include,Include,Abstract matches 6 inclusion criteria terms — appears to meet eligibility requirements.
https://openalex.org/W4283727891,https://doi.org/10.3390/su14137908,Corporate Social Responsibility and Firm Performance in GCC Countries: A Panel Smooth Transition Regression Model,2022,Wafa Ghardallou; Noha Alessa,Sustainability,"There is evidence for mixed effects of corporate social responsibility (CSR) on corporate financial performance. In particular, evidence is reported to be positive, negative, and insignificant. These controversies are generally explained by two opposing schools of thought, which are the social impact hypothesis and the shift of focus hypothesis. This paper attempts to contribute to the ongoing debate by investigating whether the relationship between CSR and firm financial results is nonlinear. Therefore, this research relies on a panel smooth transition regression (PSTR) model in order to calculate the value transition threshold of CSR in 70 Gulf Cooperation Council (GCC) firms from 2015 to 2020, using the CSR composite index and various CSR dimensions, which include environmental, social, and governance transition dimensions. Empirical findings indicate that investment in CSR does not help to boost corporate value until it exceeds the value transition threshold. However, when the marginal benefit exceeds the cost, CSR investment becomes a positive contributor to corporate performance. Furthermore, results indicate that the nonlinear relationship persists when using the individual CSR dimensions, i.e., governmental, social, and environmental CSR measurements. Finally, an interesting finding shows that the social CSR dimension is associated with the highest threshold level. Hence, firms should invest more in the social aspects of CSR in order to see their profitability increase.",54,Corporate social responsibility; Profitability index; Corporate governance; Panel data; Order (exchange),0.5,Include,Include,Abstract matches 6 inclusion criteria terms — appears to meet eligibility requirements.
https://openalex.org/W1561548037,https://doi.org/10.1108/20425941311313065,Corporate social responsibility and its link to financial performance,2013,Jessica Turcsanyi; Seleshi Sisaye,World Journal of Science Technology and Sustainable Development,"Abstract Purpose – This paper applies the social contract and legalistic ethical frameworks, to study whether or not corporate social responsibility (CSR) and sustainability support corporate financial performance. The purpose of this paper is to provide empirical data from Johnson & Johnson, a pharmaceutical firm, to document whether or not CSR has contributed to creating financial wealth and value for the corporation. Design/methodology/approach – The paper approaches CSR as embedded in social contract and legalistic ethical frameworks, which suggest that business organizations are self‐motivated to report on CSR. The underlying premise of the research is that socially desirable sustainable activities are expected to improve financial performance. Findings – A case study of a multinational corporation (MNC) and CSR member company, Johnson & Johnson, substantiates that CSR and sustainability have contributed to improve the organization's economic performance. The empirical evidence from Johnson & Johnson suggest that profitability can be sustained for a long period of time if economic performance is effectively integrated with social and environmental goals, as part of the business strategic planning process, to benefit shareholders, consumers, society and the community at large. When CSR is incorporated in business strategies of sustainability, including social and environmental performance, it complements economic profitability objectives. Originality/value – The contribution of this paper is in the extension and application of the importance of sustainability and CSR in the pharmaceutical industry. It is one of the few studies that examined the impact CSR and sustainability have on the financial and economic performance of the health care industry. The study has documented that sustainability promotes transparency, adherence, and disclosure that incorporates and promotes social equity, environmental restoration/renewal and financial performance. It is argued that in the long run, organizations that have integrated sustainability and CSR in their strategic planning processes are able to manage risks and take advantage of opportunities of programs that are safer, greener, and economical.",56,Corporate social responsibility; Business; Corporation; Accounting; Sustainability,0.5,Include,Include,Abstract matches 6 inclusion criteria terms — appears to meet eligibility requirements.
https://openalex.org/W2991324751,https://doi.org/10.1108/jgr-12-2018-0088,Does CSR influence firm performance? A longitudinal study of SME sectors of Pakistan,2019,Muhammad Ikram; Robert Sroufe; Muhammad Mohsin; Yasir Ahmed Solangi; Syed Zulfiqar Ali Shah,Journal of Global Responsibility,"Purpose This study aims to examine whether corporate social responsibility (CSR) activities influence firm performance based on a longitudinal survey for small and medium-sized enterprises (SMEs) in Pakistan. Empirical studies suggest that the SME sector plays an essential role in the economic development of Pakistan and can be considered the backbone of the economy. Design/methodology/approach The data for this study were collected from SMEs located in the cities of Karachi, Lahore and Faisalabad in Pakistan. A well-designed questionnaire was administrated over 240 entrepreneurs to analyze and measure the impact of CSR on financial performance for a 12-month period. The authors used econometric analysis of the data using structural equation modeling. Findings Results reveal significant relationships between CSR and two determinants of firm performance, namely, employee commitment and corporate reputation. Research limitations/implications Findings of the study are important for policymakers, entrepreneurs and other professionals in SMEs sectors both in under-developed and, with further application and exploration, in developing countries. Originality/value There is no single longitudinal study prior to this has been carried out on the relationships of CSR and firm performance in the SME sector in the context of the Pakistani economy. Hence, this study significantly fills an important gap in the research.",220,Corporate social responsibility; Business; Context (archaeology); Originality; Reputation,0.5,Include,Include,Abstract matches 6 inclusion criteria terms — appears to meet eligibility requirements.
https://openalex.org/W3201427768,https://doi.org/10.3390/en14196068,Corporate Social Responsibility and Financial Performance among Energy Sector Companies,2021,Magdalena Kludacz-Alessandri; Małgorzata Cygańska,Energies,"Corporate social responsibility (CSR) is one of the main drivers of corporate reputation. Many studies show that CSR can positively affect financial performance (FP) and vice versa. However, the relationship between FP and CSR depends on the type of industry in which the company operates, and there is little research regarding the energy sector in this area. The basis of empirical research in this study is slack resource theory which argues that financial performance is the cause of corporate social performance. This paper aims to analyze if financial performance affects corporate social responsibility adoption in energy sector companies. In order to achieve this goal, the study specifically examines the relationship between selected financial performance indicators and CSR adoption. Analyzing an international sample of 219 companies from thirty-two countries for 2020, we observed the statistically significant relations between financial performance and the implementing of the CSR strategy of the energy industry companies. The Return on Assets measure (ROA) and the Earnings Before Interest and Taxes measure (EBIT) were significantly higher among companies implementing the CSR strategy. The Enterprise Value to earnings before interest, taxes, depreciation, and amortization ratio (EV EBITDA) was lower among companies that adopted CSR. We did not confirm that the Return on Equity measure (ROE), Beta coefficient, and EBITDA per Share correlated with CSR adoption. Our research had implications for firms’ investment policies in social initiatives and highlighted the relation between the financial performance and CSR initiatives of the energy sector companies.",55,"Corporate social responsibility; Earnings before interest, taxes, depreciation, and amortization; Business; Return on equity; Earnings per share",0.5,Include,Include,Abstract matches 6 inclusion criteria terms — appears to meet eligibility requirements.
https://openalex.org/W2912954825,https://doi.org/10.1111/beer.12223,The interplay of corporate social responsibility and corporate political activity in emerging markets: The role of strategic flexibility in non‐market strategies,2019,Rıfat Kamaşak; Simon James; Meltem Yavuz,Business Ethics A European Review,"Abstract Corporate social responsibility (CSR) and corporate political activities are complementary, and the coordinated management of corporate social responsibility and corporate political activities may lead to better firm performance. However, corporate social responsibility and corporate political activities should be aligned carefully to utilize this complementarity. Strategic flexibility, which is the ability of a firm to adapt to changes in the external environment and make necessary organizational modifications quickly, can help firms to align their corporate social responsibility and corporate political activities. This paper empirically investigates the political dimension and the interactive dimension which describes interactions between corporate social responsibility and corporate political activities together with strategic flexibility and their effects on firm performance through a study of 142 firms in Turkey using moderated multiple regression methods. The results show that, while the political dimension had an inverted U‐shaped effect on firm performance, indicating that only a moderate level of corporate political activities may improve financial performance, the interactive dimension had positive but limited implications for performance. Finally, it was found strategic flexibility plays a positive moderating role on the relationships between the interactive dimension and firm performance. It is concluded that complementarity between corporate social responsibility and corporate political activities which may result in better performance is contingent on strategic flexibility.",55,Corporate social responsibility; Complementarity (molecular biology); Politics; Flexibility (engineering); Dimension (graph theory),0.5,Include,Include,Abstract matches 6 inclusion criteria terms — appears to meet eligibility requirements.
https://openalex.org/W2908067876,https://doi.org/10.1108/srj-06-2018-0155,"Corporate social responsibility, financial performance and risk in Indonesian natural resources industry",2018,Devie Devie; Lovina Pristya Liman; Josua Tarigan; Ferry Jie,Social Responsibility Journal,"Purpose With an attempt to give a deeper explanation regarding the manifestation of socially and environmentally responsible cultures among Indonesian natural resources industry, this paper aims to highlight the empirical confirmation on the correlation of corporate social responsibility (CSR), corporate financial performance (CFP) and risk. Likewise, corporate risk’s role as a mediating variable in the indirect effect of CSR on CFP is also examined. Design/methodology/approach Kinder, Lydenberg and Domini’s (KLD) measurement approach is used as a basis to assess social responsibility activities as it gives more social rating transparency. CFP captures both accounting- and market-based measurements, whereas volatility of stock return is adopted as a proxy of firm risk. Partial least squares analysis is conducted on 40 Indonesian listed firms in natural resources sector, with observation years from 2008 to 2016. Findings It is revealed that CSR positively affects CFP, although the correlation is stronger in the long run. Significant negative influence to risk is also discovered. However, risk has a significant adverse correlation with CFP when two years’ lagged value is used. Hence, CSR affects CFP through risk in the long-term, both directly and indirectly. Practical implications The empirical result suggests that CSR serves as a tool in managing the risk of enterprises and performance, especially in the long-term. Accordingly, firms should incorporate CSR as a strategic investment and manage a strong relationship with stakeholders. Originality/value This report expands further prior works and contributes to CSR and financial management literature by discovering the true nature of CSR effects as an investment in the future. This is the first study which tests and proves that CSR in Indonesian natural resources industry plays a significant role as a strategic risk management instrument that leads to a sustainable and long-lasting financial performance.",128,Corporate social responsibility; Business; Accounting; Originality; Indonesian,0.5,Include,Include,Abstract matches 6 inclusion criteria terms — appears to meet eligibility requirements.
https://openalex.org/W1500942271,https://doi.org/10.1108/00251740810901417,Social responsibility in Spain,2008,José‐Manuel Prado‐Lorenzo; Isabel Gallego Álvarez; Isabel Sánchez; Luis Rodríguez Domínguez,Management Decision,"Purpose The purpose of this study is to analyse CSR practices implemented by Spanish companies and the relationship between such practices and corporate financial performance. Design/methodology/approach The empirical analysis carried out was performed in two phases or stages: analysis of the data obtained through content analysis; and analysis of the motivations behind CSR practices using a dependency model, multiple linear regression, enabling their effect on corporate performance to be explained. Several control variables were introduced to represent the size of the companies, expressed in terms of total assets, and the industry in which the firm operates. Findings The paper underpins the fact that in Spain there has been a significant increase in practices favouring the reduction of environmental impact, as well as the creation of comfortable workplaces, especially promoting workers' rights. Several of these corporate practices associated with social responsibility in Spanish firms show a positive and significant impact on the rate of sales growth but there is a lack of impact on productivity or market value. Moreover, other responsible practices are not related to short‐run improvements in companies' performance. Practical implications The findings allow the authors to conclude that CSR practices in Spanish firms are geared towards social welfare, and that they are mainly associated with differentiation with regard to competitors and improving the company image, which lead to performance‐linked economic advantages (such as sales increases). Originality/value The paper has analysed corporate practices in a specific country separately (Spain) and has determined the relationship between CSR and firm performance.",124,Corporate social responsibility; Competitor analysis; Productivity; Originality; Business,0.5,Include,Include,Abstract matches 6 inclusion criteria terms — appears to meet eligibility requirements.
https://openalex.org/W2181422621,https://doi.org/10.3844/ajassp.2015.967.981,Do Firm Size and Financial Performance Affect Corporate Social Responsibility Disclosure: Employees&amp;rsquo; and Environmental Dimensions?,2015,Mohammad Ebrahim Nawaiseh,American Journal of Applied Sciences,"The paper empirically tests the impact of company size and financial performance on Corporate Social Responsibility Disclosure (CSRD), from the Employees' and Environmental Dimensions perspective with reference to the disclosure frequency and quality of these dimensions among Jordanian industrial public share holding companies; whether there is an impact of firm size measured by total assets, ROA, ROE and Leverage on Corporate Social Responsibility Disclosures levels toward employees' dimension (CSRD1) and the environmental activities Dimension (CSRD2) in the Jordanian public industrial firms. The paper analysis is based on contents disclosed in their annual reports for 2013. The study applies suggested CSRD checklist for measuring the extent of CSRD in annual reports of these companies. Regression analysis is used to examine this issue. This study describes from theoretical point-of-view, social responsibility activities, as well as some financial performance, and firm size. Then, an empirical review is gained of reports published by a representative sample from the industrial sector. An attempt has been made to verify if there is a correlation between CSRD1, CSRD2 contents disclosed, financial performance; profitability, Leverage and size. The paper found solid evidence to accept positive significant influence of company size on both types of CSRD dimensions; employees and the environment. It found a negative significant impact of leverage on CSRDboth employees and environment-dimensions. However, the study showed a positive significant impact of operating performance measured by Return on Assets (ROA) for the sample on CSRD towards employees dimension only, the impact of ROA on CSRD towards the environmental dimension is positive and insignificant. The impact of ROE has negative insignificant on CSRD towards employees. Consequently, it showed Positive insignificant impact of ROE on CSRD towards environmental dimension. This paper opens a new research path in CSRD, financial performance and size, for a possible link between both variables; a matter that has not been previously explored in Jordanian Industrial Public Shareholding Companies.",41,Leverage (statistics); Return on assets; Corporate social responsibility; Accounting; Profitability index,0.433,Include,Include,Abstract matches 7 inclusion criteria terms — appears to meet eligibility requirements.
https://openalex.org/W3016376790,https://doi.org/10.1108/emjb-05-2019-0066,Corporate social responsibility disclosure and firms' performance in Mediterranean countries: a stakeholders' perspective,2020,Amina Buallay; Gagan Kukreja; Esra AlDhaen; Muneer Al Mubarak; Allam Hamdan,EuroMed Journal of Business,"Purpose The purpose of this study is to investigate the relationship between corporate social responsibility (CSR) disclosure and firms' operational, financial and market performance (measured in the form of return on assets (ROA), return on equity (ROE) and Tobin's Q (TQ), respectively) in the Mediterranean countries from a stakeholder perspective. Design/methodology/approach Research is quantitative in nature, based on a cross-sectional and time-series analysis of 203 firms listed in six Mediterranean countries for 10 years from 2008 to 2017, with 1,689 observations. The theoretical model is built on a stakeholder theory. The practical model is built on the independent variable (CSR) and the dependent variables ROA, ROE and TQ. Findings The findings deduced from the empirical results indicated that CSR disclosure negatively affects operational and market performance but does not affect financial performance. Practical implications Studying the relationship between CSR disclosure and firms' operational, financial and market performance, with the consideration of variations, can bring many benefits internally by being more conscious of important activities that should be undertaken and externally by detecting what regulators and other stakeholders want for better sustainable development. Originality/value This research adds value to the existing limited literature of CSR disclosure on firm's performance in the Mediterranean countries, and it gives tips of advice for firms to manage CSR disclosure wisely.",134,Corporate social responsibility; Business; Return on equity; Return on assets; Accounting,0.433,Include,Include,Abstract matches 7 inclusion criteria terms — appears to meet eligibility requirements.
https://openalex.org/W1562180358,https://doi.org/10.1108/17410401011023573,Managing corporate performance,2010,Güler Aras; Aslı Aybars; Özlem Kutlu Furtuna,International Journal of Productivity and Performance Management,"Purpose Corporate social responsibility is important and fundamental to the sustainable operations of corporations. Similarly financial performance is undoubtedly fundamental to the continuing operating of any corporation. This paper aims to investigate the relationship between corporate social responsibility and firm financial performance. Design/methodology/approach The main part of this paper is based upon an exploration of the relationship between corporate social responsibility and financial performance in developing countries. The authors do this by investigating the Istanbul Stock Exchange (ISE) 100 index companies and their social responsibility policy and financial indicators. The relationship between CSR and financial performance is empirically examined between 2005 and 2007 with different approaches and measurement methods. The authors show that some causality is related to lagging between periods for financial performance and CSR. Based upon previous empirical studies, this study conducts the analysis based on the assumption that there may be a relationship between firm size, profitability, risk level and CSR. Findings In doing this analysis the authors found a relationship between firm size and corporate social responsibility. However the authors were not able to find any significant relationship between corporate social responsibility and financial performance/profitability. Research limitations/implications The paper has implications in enhancing the understanding of performance management through understanding the relationship between corporate social responsibility and financial performance particularly in a developing country, although it is necessarily limited by the size of the sample. Originality/value This paper increases the understanding of the relationship between corporate social responsibility and financial performance. This research is also the first research that has examined Turkish companies.",389,Corporate social responsibility; Profitability index; Accounting; Business; Stock exchange,0.417,Include,Include,Abstract matches 5 inclusion criteria terms — appears to meet eligibility requirements.
https://openalex.org/W4245101926,https://doi.org/10.1002/(sici)1097-0266(200005)21:5<603::aid-smj101>3.3.co;2-v,Corporate social responsibility and financial performance: correlation or misspecification?,2000,Abagail McWilliams; Donald S. Siegel,Strategic Management Journal,"Researchers have reported a positive, negative, and neutral impact of corporate social responsibility (CSR) on financial performance. This inconsistency may be due to flawed empirical analysis. In this paper, we demonstrate a particular flaw in existing econometric studies of the relationship between social and financial performance. These studies estimate the effect of CSR by regressing firm performance on corporate social performance, and several control variables. This model is misspecified because it does not control for investment in R&D, which has been shown to be an important determinant of firm performance. This misspecification results in upwardly biased estimates of the financial impact of CSR. When the model is properly specified, we find that CSR has a neutral impact on financial performance. Copyright © 2000 John Wiley & Sons, Ltd.",445,Corporate social responsibility; Control (management); Economics; Econometric model; Econometrics,0.417,Include,Include,Abstract matches 5 inclusion criteria terms — appears to meet eligibility requirements.
https://openalex.org/W1999064493,https://doi.org/10.1002/(sici)1097-0266(200005)21:5<603::aid-smj101>3.0.co;2-3,Corporate social responsibility and financial performance: correlation or misspecification?,2000,Abagail McWilliams; Donald S. Siegel,Strategic Management Journal,"Researchers have reported a positive, negative, and neutral impact of corporate social responsibility (CSR) on financial performance. This inconsistency may be due to flawed empirical analysis. In this paper, we demonstrate a particular flaw in existing econometric studies of the relationship between social and financial performance. These studies estimate the effect of CSR by regressing firm performance on corporate social performance, and several control variables. This model is misspecified because it does not control for investment in R&D, which has been shown to be an important determinant of firm performance. This misspecification results in upwardly biased estimates of the financial impact of CSR. When the model is properly specified, we find that CSR has a neutral impact on financial performance. Copyright © 2000 John Wiley & Sons, Ltd.",3572,Corporate social responsibility; Control (management); Economics; Econometric model; Investment (military),0.417,Include,Include,Abstract matches 5 inclusion criteria terms — appears to meet eligibility requirements.
https://openalex.org/W1866587558,https://doi.org/10.1108/cg-08-2014-0101,The relationship between corporate social responsibility and corporate reputation in a turbulent environment: Spanish evidence of the Ibex35 firms,2015,José Luis Fernández Sánchez; Ladislao Luna Sotorrío; Elisa Baraibar‐Diez,Corporate Governance,"Purpose – The purpose of this study is to provide more knowledge about the model to generate reputation and its relationship in the long term with companies’ strategy of social responsibility. Particularly, research is done to test whether there is a positive effect of firms’ social behaviour (corporate social responsibility [CSR]), analysing differences of intensity and consistency, on their corporate reputation (CR) and whether the current financial crisis is a factor that has changed the relationship between both variables (moderator factor). Design/methodology/approach – This study uses a sample of 26 Spanish large firms of the Ibex35 index and covers an eight-year period from 2004 to 2011. To test the hypotheses of this research, a fixed-effects model was estimated using moderating regression analysis. Findings – The results obtained show that, for the Spanish Ibex35 companies, CSR practices according to their consistency have a significant positive effect on CR and in turbulent environments, as in the current financial crisis, it has had a significant positive influence on the CSR-CR relationship. Originality/value – Although a substantial number of empirical studies have examined the relationship between firms’ strategy and their performance, only a few of them have analysed the impact of the external environment on this relationship, whereby there is a need for longitudinal studies with different economic scenarios to achieve better knowledge of the CSR–CR relationship.",49,Corporate social responsibility; Moderation; Reputation; Consistency (knowledge bases); Business,0.417,Include,Include,Abstract matches 5 inclusion criteria terms — appears to meet eligibility requirements.
https://openalex.org/W2337348190,https://doi.org/10.1108/md-07-2015-0322,International diversification and corporate social responsibility,2016,Hanyang Ma; Saixing Zeng; Qiping Shen; Han Lin; Hongquan Chen,Management Decision,"Purpose – The purpose of this paper is to explore the relationship between international diversification strategy and corporate social responsibility (CSR) for firms from emerging economies. Design/methodology/approach – This paper is based on an empirical study of a sample of Chinese firms listed in Engineering News Record top contractors from 2010 to 2014. A moderated analysis is employed in order to test the hypotheses and examine how the scale and scope of international diversification affect CSR. Findings – The empirical results show that degree of internationalization (DOI), as the scale, is positively related to firms’ CSR scores. Furthermore, two scopes, geographic diversification (GD) and project diversification (PD), have different effects on CSR scores. GD negatively moderates the relationship between DOI and CSR scores, while PD has a positive direct impact on CSR scores. Research limitations/implications – This paper focusses on firms from emerging economies; therefore, the findings may not hold for firms from developed markets. Practical implications – The results of this paper provide strategical advice regarding international business, for firms from emerging economies to meet the managerial challenges regarding CSR in global markets. Originality/value – As the relationship between international diversification and financial performance has been thoroughly discussed in previous studies, this paper extends the literature on international diversification’s effects on CSR.",51,Corporate social responsibility; Diversification (marketing strategy); Emerging markets; Internationalization; Business,0.417,Include,Include,Abstract matches 5 inclusion criteria terms — appears to meet eligibility requirements.
https://openalex.org/W2618907880,https://doi.org/10.1108/sampj-06-2015-0044,The impact of corporate social responsibility and internal controls on stakeholders’ view of the firm and financial performance,2017,Orhan Akışık; Graham Gal,Sustainability Accounting Management and Policy Journal,"Purpose The purpose of this study is to empirically examine whether two major stakeholder groups – customers and employees – consider third party-reviewed corporate social responsibility (CSR) reports and assurance on the quality of internal controls as value determinant in their decisions, and how their decisions influence financial performance through the halo effect of these reports. Design/methodology/approach Using Compustat North America and Global Reporting Initiative data, the authors used first-order autoregressive models over the period from 2006 to 2012. Findings The results indicate that the impacts of customers and employees on financial performance are influenced by third party-reviewed CSR reports and effective internal control. Moreover, it is found that the third party-reviewed CSR reports and effective internal control enable the persistence of financial performance. Social implications The findings have implications for stakeholders in terms of third party-reviewed CSR reports and effective internal control. The findings are important due to the influence that these stakeholders (customers and employees) have on the financial performance of firms and the impact that CSR actions can have on society as a whole. Originality/value To the authors' knowledge, this is the first study that contributes to the literature by demonstrating that information about third party-reviewed CSR reports and internal control reviews may influence the perceptions of firms by two primary stakeholders – customers and employees.",101,Corporate social responsibility; Business; Control (management); Halo effect; Stakeholder,0.417,Include,Include,Abstract matches 5 inclusion criteria terms — appears to meet eligibility requirements.
https://openalex.org/W3197688213,https://doi.org/10.1108/mrr-02-2021-0126,"Earnings management, financial performance and the moderating effect of corporate social responsibility: evidence from France",2021,Salma Chakroun; Anis Ben Amar; Anis Ben Amar,Management Research Review,"Purpose The purpose of this paper is to examine the impact of earnings management on financial performance. In addition, the authors investigate whether corporate social responsibility has a moderating effect on the impact of earnings management on financial performance. Design/methodology/approach The empirical study is based on a sample of French companies listed on the CAC-All-Tradable index over the period 2008–2018. Feasible generalized least square regression method is used to estimate the econometric models. Findings Based on panel data of 3,003 French firm-year observations, the authors demonstrate that earnings management has a negative and significant impact on financial performance. Indeed, corporate social responsibility moderates positively the negative impact of earnings management on financial performance in the French context. Practical implications The findings have several implications for regulatory, investors and academic researchers. For regulators, it is appropriate to promote more several standards related to corporate social responsibility and earnings management. For investors, considering societal issues is very important in making decisions. For academic researchers, the results show that it is important to discover how corporate social responsibility can influence the relation between earnings management and financial performance. Originality/value The existing literature has generally focused on the impact of earnings management on financial performance and the empirical tests did not yield similar results. The study shows that corporate social responsibility has a moderating role in determining the impact of earnings management on financial performance.",62,Earnings management; Accounting; Corporate social responsibility; Business; Context (archaeology),0.417,Include,Include,Abstract matches 5 inclusion criteria terms — appears to meet eligibility requirements.
https://openalex.org/W2002823192,https://doi.org/10.1108/17471111311307822,Corporate social responsibility and executive compensation: exploring the link,2013,Patti Collett Miles; Grant Miles,Social Responsibility Journal,"Purpose The purpose of this paper is to explore whether socially responsible firms recognize the potential conflicts that come with higher levels of executive compensation, and thus limit executive pay relative to what is being paid in other firms. In the process, the relationships between executive compensation and financial performance, and corporate social performance and financial performance are examined to determine whether potential compensation and social performance links are coming at the expense of company financial performance. Design/methodology/approach The empirical data for this research were obtained from a stratified sample of Fortune 1000 companies pulled from across more than 15 industries. Multiple regression analysis is utilized to test three hypotheses. Findings In line with the hypotheses, results indicate that companies identified as good corporate social performers do in fact have lower levels of executive compensation and there is some support found for a positive relationship between social and financial performance. Practical implications The results provide support for the view that firms concerned about social responsibility can put restrictions on executive compensation and still achieve good financial performance, and make a case that executive compensation should in fact be a concern of all socially responsible firms. Originality/value There are few studies that examine the direct link between executive compensation and corporate social responsibility. This study addresses this gap in the literature and adds to the discussion as to whether socially responsible firms might seek to better balance compensation across the firm and emphasize that profit, both individual and corporate, must be earned within a system that is fair and balanced for all.",46,Executive compensation; Corporate social responsibility; Compensation (psychology); Accounting; Originality,0.417,Include,Include,Abstract matches 5 inclusion criteria terms — appears to meet eligibility requirements.
https://openalex.org/W180737893,,Association between corporate social responsibility and firm financial performance: empirical evidence from bombay stock exchange,2012,Amalendu Bhunia,Economics bulletin,"This paper examines the association between corporate social responsibility and firm financial performance for the period from 2008 to 2011. Corporate social responsibility is of crucial importance for the evaluation of firms financial because corporate social responsibility is the action strategy of a firm and might affect the firm financial performance. This study is based on secondary data obtained from the annual (sustainable) report of firms listed in sensex of Bombay stock exchange and various databases including yahoo finance database. In the course of analysis, descriptive statistics and regression statistics of Hausman test model has been designed. The results show that the CSR activities conducted by firms are still relatively low. Furthermore, the panel data estimation suggests that CSR has the positive effect on the firm financial performance. The results also indicate that the financial crisis in 2008 reduced the positive effect of the CSR on the firm financial performance.",5,Hausman test; Corporate social responsibility; Stock exchange; Panel data; Descriptive statistics,0.417,Include,Include,Abstract matches 5 inclusion criteria terms — appears to meet eligibility requirements.
https://openalex.org/W2187059609,,THE IMPACT OF CORPORATE SOCIAL RESPONSIBILITY ON CONSUMER LOYALTY,2012,Murali Raman; Lim Wayne; Nair Sumitra,Siti Hasmah Digital Library-MMU Institutiona Repository (Multimedia University),"More firms today are beginning to realise the importance of corporate social responsibility (CSR), and its impact on societal well being, apart from the overall governance of the supply chain processes of every organisation. Ratings are being developed to measure performances of most firms with regard to their CSR efforts besides their financial performance. This rating would then be used to measure each firm's progress in the business world. Many studies have been conducted linking CSR to consumer loyalty. It is found that the higher the CSR rating the stronger the bond would be between these two. Given this scenario, the main objective of this study is to find relevant evidence to link consumer loyalty and CSR initiatives within a company. A case study approach was used to empirically test our research model derived from the literature. Quantitative analysis based on a total of 100 responses from a leading electronics manufacturer in Malaysia was used to address the research objectives. The findings of this study suggest that the higher the practice of CSR the stronger is the consumer loyalty towards a particular firm. The study also shows that by investing in CSR, a firm could achieve a positive outcome in terms of its financial performance. CSR can provide the additional competitive edge to a particular firm. However, the linearity of this relationship warrants more testing and empirical research.",44,Corporate social responsibility; Loyalty; Business; Marketing; Corporate governance,0.417,Include,Include,Abstract matches 5 inclusion criteria terms — appears to meet eligibility requirements.
https://openalex.org/W1931216755,,The Economic Virtues of SRI and CSR,2007,Jeroen Derwall,Data Archiving and Networked Services (DANS),"Financial markets and company managers are increasingly acknowledging the concepts of socially responsible investing (SRI) and corporate social responsibility (CSR), but not without reservations. These hesitations are largely attributable to ongoing debates about a potential conflict between social responsibility goals and the traditional financial objectives of investors and companies. This thesis bundles six empirical studies that deepen our understanding of the economic value of SRI and CSR. Several empirical questions underlie these studies, such as: do CSR practices improve a firm’s profitability? Do financial markets value corporate social responsibility? Do SRI criteria constrain investment portfolio optimization, or do they help investors in their hunt for underpriced securities? This thesis shows that SRI and CSR can be studied in new ways to answer these questions. We examine unique SRI stock portfolios with superior return/risk profiles, and provide a fresh look at strategies for investors in SRI mutual funds. By analyzing a wide range of pathways that lead CSR to interrelated measures of corporate financial performance, we further explain whether CSR carries value-relevant information. Taken together, the six studies discuss the channels of transmission from CSR to operating performance, the cost of capital, firm value, analysts’ earnings expectations, and stock return. The conclusions from this dissertation are that (i) integrating SRI criteria into portfolio construction does not negatively affect investment performance; (ii) investors can use information on firms’ eco-efficiency to make investment decisions that improve the return/risk profile of their portfolios; (iii) common CSR attributes, such as corporate environmental responsibility, and human capital management, have a significant association with traditional measures of corporate performance. We recommend making CSR salient to investors in the form of extra-financial information, with an emphasis on environmental, social, and corporate governance themes.",80,Corporate social responsibility; Socially responsible investing; Portfolio; Business; Profitability index,0.417,Include,Include,Abstract matches 5 inclusion criteria terms — appears to meet eligibility requirements.
https://openalex.org/W2885371335,https://doi.org/10.1080/02642069.2018.1508459,"Internal capabilities, external cooperation and proactive CSR on financial performance",2018,Janthorn Sinthupundaja; Navee Chiadamrong; Youji Kohda,Service Industries Journal,"The impact of proactive corporate social responsibility on a firm’s financial performance has received considerable attention. Grounded in the knowledge-based view (KBV), we aimed to examine the importance of the causal combinations of knowledge-acquisition conditions, i.e. internal capabilities and forms of external cooperation (partner and customer), on supporting the engagement of proactive CSR and as complex antecedents of a firm’s financial performance. We empirically analyzed these relationships based on 54 service-sector firms listed in the Stock Exchange of Thailand using fuzzy set qualitative comparative analysis. The data were collected from each firm’s annual and other reports in 2015. Our findings suggest the importance of internal capabilities and forms of external cooperation that simultaneously support the engagement of proactive CSR as an important strategic mechanism for enhancing a firm’s financial performance based on the KBV. Further results indicate that neglecting any of these conditions could lead to low financial performance.",43,Qualitative comparative analysis; Business; Corporate social responsibility; Stock exchange; Set (abstract data type),0.417,Include,Include,Abstract matches 5 inclusion criteria terms — appears to meet eligibility requirements.
https://openalex.org/W2953685899,https://doi.org/10.3390/su11133643,Corporate Social Responsibility and Financial Performance: The Moderating Role of Ownership Concentration in Turkey,2019,Elif Akben-Selcuk,Sustainability,"The objective of this study is to investigate the impact of corporate social responsibility (CSR) engagement on firm financial performance in a developing country, Turkey, and to analyze the moderating role of ownership concentration in the CSR–financial performance relationship. The sample consists of non-financial public firms listed on the Borsa Istanbul (BIST)-100 index and covers the period between 2014 and 2018. Empirical results using an instrumental variable approach show that corporate social responsibility has a positive relationship with financial performance. Furthermore, findings indicate that this relationship is negatively moderated by ownership concentration even when endogeneity is controlled for.",176,Endogeneity; Corporate social responsibility; Moderation; Business; Sample (material),0.417,Include,Include,Abstract matches 5 inclusion criteria terms — appears to meet eligibility requirements.
https://openalex.org/W3121508953,https://doi.org/10.1002/smj.2752,Do investors actually value sustainability? New evidence from investor reactions to the Dow Jones Sustainability Index (DJSI),2017,Olga Hawn; Aaron Chatterji; Will Mitchell,Strategic Management Journal,"Research Summary: Research exploring investor reactions to sustainability has substantial empirical limitations, which we address with a large‐scale longitudinal financial event study of the first global sustainability index, DJSI World. We examine investor reactions to firms from 27 countries over 17 years that are added, deleted, or continue on the index. We find that once relevant controls and comparisons to observationally equivalent firms beyond the index are included, DJSI events have only limited significance and/or materiality. Nonetheless, investors' valuation of sustainability around the world has evolved over time, involving diminishing reactions to U.S. firms and increasing benefits, particularly of continuation on the index, over time. The study highlights the importance of careful analysis and longitudinal global samples in making inferences about the financial effects of social performance. Managerial Summary: The debate about how investors perceive corporate social responsibility (CSR) predates Milton Friedman's famous statement that the only social responsibility of business is to increase profits. Although extensive research has studied whether sustainability contributes to financial performance, we have yet to understand whether investors believe it pays off. This financial event study of reactions to the addition, continuation, and deletion from DJSI World, the first global sustainability index, shows that investors care little about DJSI announcements. Nonetheless, there is some evidence that global assessments of sustainability are converging and that investors may increasingly be valuing continuation on the DJSI, suggesting that firms may gain at least limited benefits from reliable sustainability activities.",311,Sustainability; Valuation (finance); Index (typography); Environmental Sustainability Index; Corporate social responsibility,0.417,Include,Include,Abstract matches 5 inclusion criteria terms — appears to meet eligibility requirements.
https://openalex.org/W2010455311,https://doi.org/10.1177/0312896210384681,Corporate social responsibility and corporate financial performance: Evidence from Korea,2010,Jong‐Seo Choi; Young‐Min Kwak; Chongwoo Choe,Australian Journal of Management,"This paper studies the empirical relation between corporate social responsibility (CSR) and corporate financial performance in Korea using a sample of 1222 firm-years during 2002—2008. We measure corporate social responsibility by both an equal-weighted CSR index and a stakeholder-weighted CSR index suggested by Akpinar et al. (2008). Corporate financial performance is measured by return on equity, return on assets, and Tobin’s Q. We find a positive and significant relationship between corporate financial performance and the stakeholder-weighted CSR index, but not the equal-weighted CSR index. This finding is robust to alternative model specifications and several additional tests, providing evidence in support of instrumental stakeholder theory.",382,Corporate social responsibility; Stakeholder; Index (typography); Equity (law); Accounting,0.417,Include,Include,Abstract matches 5 inclusion criteria terms — appears to meet eligibility requirements.
https://openalex.org/W2938333954,https://doi.org/10.1108/mf-12-2016-0366,Corporate social responsibility and financial performance in Saudi Arabia,2018,Husam‐Aldin N. Al‐Malkawi; Saima Javaid,Managerial Finance,"Purpose The purpose of this paper is to investigate the impact of corporate social responsibility (CSR) on corporate financial performance (CFP) using Zakat as a measure for CSR. Design/methodology/approach The study examines a sample of 107 non-financial firms listed on the Saudi Arabia stock market over a ten-year period from 2004 to 2013. The authors use the generalized method of moments framework developed by Arellano and Bover (1995) and Blundell and Bond (1998). In addition, for comparison purpose and as a robustness check, the present study uses other panel data techniques including fixed effects model, random effects model (and pooled ordinary least squares. Findings The results reveal that there is a strong positive relationship between CSR (Zakat) and CFP. This suggests that Zakat contribute positively to both firm’s profitability and value and can be considered as a win-win strategy to maximize returns and improve performance while considering the society as a whole. The results are robust to alternative econometric estimation methods. Practical implications The companies in Islamic economies can effectively and efficiently implement the basic Shari’a Law of paying Zakat, as a successful measure to implement CSR program, thus benefiting the society by narrowing the gap between the haves and have-nots, that, in turn, leads the company to achieve successfully its short-term as well as long-term goals and enhances the value of the firm in the market. Moreover, corporations are generally encouraged to adopt CSR because of its perceived benefits to both macro- and micro-performances. Originality/value To the best of the author’s knowledge, this is the first empirical study attempting to examine CSR-CFP relationship within Saudi context employing Zakat as a proxy for CSR. Additionally, the paper provides support for the stakeholder theory from an Islamic perspective.",96,Corporate social responsibility; Profitability index; Ordinary least squares; Robustness (evolution); Generalized method of moments,0.417,Include,Include,Abstract matches 5 inclusion criteria terms — appears to meet eligibility requirements.
https://openalex.org/W4385548015,https://doi.org/10.55927/ijis.v2i7.4830,"The Effect of Corporate Social Responsibility, Intellectual Capital, and Firm Size on Company Financial Performance (Empirical Study of Manufacturing Companies Listed on the Indonesia Stock Exchange in 2019–2021)",2023,Lovinza; Wiralestari Wiralestari; Rahayu Rahayu,International Journal of Integrative Sciences,"The purpose of this research is to examine the impact of corporate social responsibility, intellectual capital, and firm size on corporate financial performance. Which is measured by return on Assets (ROA). This research is a form of quantitative research. Secondary data gathered from www.idx.co.id and the company's website is used. This study's population consists of manufacturing businesses registered on the Indonesia Stock Exchange in 2019-2021. While the sample of this study was determined using purposive sampling, so that a total of 183 data points could be processed. The analysis method used is multiple linear regression analysis using SPSS version 25. According to the findings of this study, corporate social responsibility has no influence on the financial performance of a business. This indicates that the high and low disclosure of corporate social responsibility has no influence on the corporate financial performance. While intellectual capital and firm size have an impact on the corporate financial performance",1,Stock exchange; Corporate social responsibility; Nonprobability sampling; Business; Accounting,0.417,Include,Include,Abstract matches 5 inclusion criteria terms — appears to meet eligibility requirements.
https://openalex.org/W4391952896,https://doi.org/10.1080/14783363.2024.2315442,Do green practices drive business excellence in SMEs? Investigating how green entrepreneurial orientation improves firm’s performance,2024,Junaid Aftab; Monica Veneziani; Huma Sarwar; Nabila Abid,Total Quality Management & Business Excellence,"Due to growing environmental concerns and sustainability issues, firms have to rely on green practices to overcome these challenges, and they should not be reluctant that it will adversely affect their financial performance. Some studies hold that a green entrepreneurial orientation is vital for achieving performance. However, scant research has empirically tested the underlying mechanisms and boundary conditions under which green entrepreneurial orientation affects firm performance. Therefore, this study aimed to explore the influence of green entrepreneurial orientation on firm performance via green ('product and process') innovation. Additionally, multiple moderation effects: a). Corporate social responsibility moderates green entrepreneurial orientation and green ('product and process') innovation nexuses, and b). Differentiation strategy moderates green ('product and process') innovation influence on firm performance was also investigated. The hypotheses were empirically tested with primary data collected from 576 Italian small and medium-sized enterprises using the survey method and analyzed through structural equation modeling. On the foundation of the resource-based view, the results demonstrate that green entrepreneurial orientation directly and indirectly, through green ('product and process') innovation, influences firm performance. Evidence also confirms that corporate social responsibility and differentiation strategies positively moderate the proposed relationships. These results provide a new perspective on green entrepreneurial orientation, underlying mechanisms, and boundary conditions under which firms can improve their performance.",54,Moderation; Business; Excellence; Entrepreneurial orientation; Sustainability,0.417,Include,Include,Abstract matches 5 inclusion criteria terms — appears to meet eligibility requirements.
https://openalex.org/W2963682061,https://doi.org/10.1080/1331677x.2019.1637764,"Corporate social responsibility, business groups and financial performance: a study of listed Indian firms",2019,Woosung Kim; Sekyung Oh,Economic Research-Ekonomska Istraživanja,"This study explores the relationship between corporate social responsibility (C.S.R.) and financial performance of Indian firms. We also examine the relationship between C.S.R. and financial performance in context of Indian business group firms, which are known to have unique characteristics which differ from those of Indian stand-alone firms. Using a sample of Indian listed firms between 2010 and 2015, we find that C.S.R., as measured by E.S.G. disclosure score, has a U-shaped relationship with Tobin’s Q, supporting the slack resource theory at lower level of CSR and supporting the stakeholder theory at higher level of C.S.R. The empirical results imply that an improvement in CSR actions does not always result in higher firm value but should exceed a certain level of C.S.R. to have a positive effect on firm value. In addition, we find that at lower level, a negative relationship between C.S.R. and Tobin’s Q weakens in group affiliate firms. However, this complement effect of business group disappears at higher level, weakening the positive relationship between C.S.R. and Tobin’s Q. This study offers new insights for the different influence of business groups on C.S.R. performance.",68,Corporate social responsibility; Tobin's q; Business; Context (archaeology); Stakeholder theory,0.417,Include,Include,Abstract matches 5 inclusion criteria terms — appears to meet eligibility requirements.
https://openalex.org/W3154395198,https://doi.org/10.1002/csr.2143,Corporate social responsibility and financial performance: International evidence of the mediating role of reputation,2021,Yosra Makni Fourati; Mariam Dammak,Corporate Social Responsibility and Environmental Management,"Abstract The aim of this article is to explore both the direct and indirect effect of corporate social responsibility (CSR) on corporate financial performance (CFP). Specifically, the mediating role of corporate reputation (CR) on the relationship between CSR and CFP is examined. We empirically investigate a sample of 3274 listed firms over the period 2009–2016 drawn from 25 countries located at Europe, Asia, Africa, and South and North America. Using four OLS regressions, we evince on the one side that CSR has a positive and direct impact on CFP. On the other side, we show that CR mediates the relationship between CSR and CFP: CSR has a significant and positive impact on CR and that CR has a significant and positive influence on CFP. The results of this study add to CSR‐related literature by providing international evidence and provide direction for a comparison across countries.",76,Corporate social responsibility; Reputation; Business; Sample (material); Accounting,0.417,Include,Include,Abstract matches 5 inclusion criteria terms — appears to meet eligibility requirements.
https://openalex.org/W4206560305,https://doi.org/10.15282/jgi.4.1.2021.5435,FURTHER EVIDENCE ON THE LINK BETWEEN FIRM’S CONTROL MECHANISMS AND FIRM FINANCIAL PERFORMANCE: SULTANATE OF OMAN,2020,Essia Ries Ahmed; Tariq Tawfeeq Yousif Alabdullah; Muhammad Shabir Shaharudin; Eskasari Putri,Journal of Governance and Integrity,"Based on the agency theory perspective and its corporate governance problem, the current study investigated how control mechanisms affect firm financial performance with special concentrate on the role of audit committee on the enhancement of firm financial performance. The empirical findings of this study based on the listed companies in the Sultanate of Oman revealed that the control mechanisms, including committee size and board independence, positively enhance financial performance represented by ROE and therefore this leads to encourage firms to focus on such mechanisms. By contrast, audit size, board size and board independence are totally not motivated to engage with financial performance due to the insignificant link with ROA. On the other hand, a negative correlation has been found between board meeting and financial performance represented by ROE. The practical evidence of the implications by the current study found that for improvement of firm financial performance; that even though if most of the GCC governments recently have focused on corporate social responsibility because largely voluntary nature of corporate social responsibility, they should focus of the control mechanisms that suggested by the current study to play a significant role for enhancing firm financial performance.",49,Corporate governance; Accounting; Audit committee; Business; Audit,0.417,Include,Include,Abstract matches 5 inclusion criteria terms — appears to meet eligibility requirements.
https://openalex.org/W3018029045,https://doi.org/10.1111/irel.12254,Corporate Social Responsibility and Governance: The Role of Executive Compensation,2020,Sandra Cavaco; Patricia Crifo; Aymeric Guidoux,Industrial Relations A Journal of Economy and Society,"This article examines the relationship between corporate governance and corporate sustainability by focusing on an essential component of companies' governance structure: executive compensation programs. We propose an original empirical strategy based on a large set of the biggest capitalizations in Organization for Economic Cooperation and Development (OECD) countries over the period 2004–2018, with explicit measures of how companies integrate into executive managers' remuneration precise criteria of corporate social responsibility, an incentive scheme called corporate social responsibility (CSR) contracting. Our results show that proposing executive compensation programs including CSR criteria has a negative impact on financial performance, and a large positive impact on extra‐financial performance based on the following dimensions: relationship with customers and suppliers, and community involvement. Second, we explore the moderating role of the corporate governance model by distinguishing the impact between firms with a shareholder or stakeholder corporate governance model and reveal significant differences in the impact of CSR contracting. For firms with a stakeholder corporate governance model, CSR contracting is no longer associated with a fall of financial performance and has a large positive impact on human resources, environmental, and human rights performance. On the other hand, CSR contracting has a negative impact on financial performance but no impact on extra‐financial performance for firms with a shareholder corporate governance model.",50,Corporate governance; Corporate social responsibility; Remuneration; Business; Stakeholder,0.417,Include,Include,Abstract matches 5 inclusion criteria terms — appears to meet eligibility requirements.
https://openalex.org/W3091846189,https://doi.org/10.1080/15228916.2020.1826884,Corporate Social Responsibility and Its Overall Effects on Financial Performance: Empirical Evidence from Indian Companies,2020,Sudin Bag; Amina Omrane,Journal of African Business,"Until recently, there was a proliferation of researches conducted all over the world in order to establish an empirical association between CSR activities and financial performance of companies. For instance, in India, section 135 of the Companies Act (2013) prescribes mandatory provisions Indian Companies as follows: two percent of their average net profits made during the three immediately preceding financial years are spent in pursuance of their corporate social responsibility (CSR) policy. Driven by the need for some rigorous and robust empirical evidence, the current study aims at testing the statistical relationship between CSR and corporate financial performance (CFP) of the top 100 companies listed by the National Stock Exchange (NSE) of India. After collecting the required financial data from the respective annual reports of these companies, a factor analysis, as well as a multivariate regression analysis, were carried out and reveal conclusive findings regarding the CSR-CFP relationship. Indeed, even if CSR activities have a significant impact on financial performance, there is a moderate positive association between the concerned variables in that context. Based on the results attained, it would be recommended that Indian corporate firms secure better financial performance by committing themselves in CSR activities.",74,Corporate social responsibility; Accounting; Stock exchange; Business; Context (archaeology),0.417,Include,Include,Abstract matches 5 inclusion criteria terms — appears to meet eligibility requirements.
https://openalex.org/W2048517512,https://doi.org/10.1108/par-10-2012-0053,"Corporate social responsibility reporting quality, board characteristics and corporate social reputation",2015,Yingjun Lu; Indra Abeysekera; Corinne Cortese,Pacific Accounting Review,"Purpose – This paper aims to examine the influence of corporate social responsibility (CSR) reporting quality and board characteristics on corporate social reputation of Chinese listed firms. Design/methodology/approach – Firms chosen for this study are drawn from a social responsibility ranking list of Chinese listed firms. The social responsibility rating scores identified by this ranking list are used to measure the social reputation of firms studied. The model-testing method is used to examine hypothesised relationships between CSR reporting quality, board characteristics and corporate social reputation. Findings – The results indicate that CSR reporting quality positively influences corporate social reputation but chief executive officer/chairman duality as a measure of board characteristics has a negative impact on corporate social reputation. Firm’s financial performance and firm size also positively influence corporate social reputation. Research limitations/implications – The relatively small sample of firms for a cross-sectional study, and the proxies constructed for various concepts to empirically test hypotheses can limit generalising findings to firms outside the social responsibility ranking list. Future studies can undertake longitudinal analysis and compare socially responsible firms with others to expand empirical findings about corporate social reputation. Originality/value – This paper investigates the influences of CSR reporting quality and board characteristics on corporate social reputation in the context of a developing country, China.",112,Corporate social responsibility; Reputation; Accounting; Business; Quality (philosophy),0.417,Include,Include,Abstract matches 5 inclusion criteria terms — appears to meet eligibility requirements.
https://openalex.org/W2611071679,https://doi.org/10.1108/srj-06-2016-0103,Corporate social performance and cost of debt: the relationship,2017,Barbara Sveva Magnanelli; Maria Federica Izzo,Social Responsibility Journal,"Purpose This paper aims to investigate the link between corporate social performance (CSP) and cost of debt financing. Despite academic debate has focused on the link between corporate social responsibility (CSR) and CSP (expressed through accounting and market measures of profitability), few empirical researches have analysed the relations between CSR, cost of debt and its relation with the risk profile of a firm. The literature on the cost of debt determinants generally documents a negative association between measures of the risk of the firm and its cost of debt. The literature on CSR defines risk reduction as one of the potential benefits related to CSR activities. Thus, the expectation is that high CSP scores are inversely related to cost of debt. Design/methodology/approach Using a unique data set of 332 firms over a time period of five years antecedent to the global financial crisis, a linear regression model is applied. Findings The results show a positive relation between CSP and cost of debt, demonstrating that CSR is not a value driver with an impact on the firm’s risk profile. Practical implications The research has also practical implications as it makes managers aware of the potentiality of CSP to reduce the firm’s cost of debt. Originality/value These findings enlarge the empirical research on the value of CSP, expanding it towards a quite new area of investigation: the cost of external financing.",171,Corporate social responsibility; Profitability index; Debt; Originality; Cost of capital,0.417,Include,Include,Abstract matches 5 inclusion criteria terms — appears to meet eligibility requirements.
https://openalex.org/W2914242475,https://doi.org/10.1108/emjb-11-2017-0044,Corporate social responsibility and future financial performance,2018,Mahdi Salehi; Mahmoud Lari Dashtbayaz; Sohila Khorashadizadeh,EuroMed Journal of Business,"Purpose The purpose of this paper is to investigate the relationship between corporate social responsibility (CSR) expenditures and firm financial performance in an emerging market. Design/methodology/approach The authors examine the hypotheses by performing panel data analysis on a sample of 159 companies listed on the Tehran Stock Exchange during 2010–2015. Findings The findings suggest that the investment in CSR initiatives is significantly and positively associated with firm financial performance as proxied by changes in return on assets. Moreover, the findings confirm a positive and significant association between CSR expenditures and firm financial performance as proxied by both the future changes in return on assets and the future changes in operating cash flows scaled by total assets. Originality/value The present study has examined the relationship between CSR and firm financial performance in a country where, to the authors’ knowledge as in most other developing markets, such a relationship has not been a subject of empirical research. Besides, the use of a three-dimensional measure of financial performance, primarily considering research undertaken in an emerging market, as a valuable contribution may be observed.",112,Corporate social responsibility; Business; Return on assets; Stock exchange; Emerging markets,0.417,Include,Include,Abstract matches 5 inclusion criteria terms — appears to meet eligibility requirements.
https://openalex.org/W2982345660,https://doi.org/10.1108/sampj-05-2018-0136,The impact of board composition on the level of ESG disclosures in GCC countries,2019,Mahmoud Arayssi; Mohammad Jizi; Hala Hussein Tabaja,Sustainability Accounting Management and Policy Journal,"Purpose This paper aims to investigate the impact of board composition on environmental, social and governance (ESG) reporting in the Gulf countries. Despite the vast literature on the significance of ESG disclosure on firms’ performance, trust and reputation, there are relatively few studies on the influence of board structure on ESG disclosure in the Gulf Cooperation Council (GCC) countries. Gulf countries are witnessing a fast growing capital markets and having serious efforts to attract foreign investments to divert their economies from the oil and gas reliance. This could be facilitated by illustrating firms’ good citizenship and communicating the fulfillment of their social obligation. Design/methodology/approach The study examines publically listed companies between 2008 and 2017. Thomson Reuter’s database is used to collect the ESG disclosure scores and governance information. The authors apply multiple panel data regressions and sensitivity testing to ensure the robustness of the results. Findings Examining publically listed companies for a 10-year period shows that higher board independence and female board participation facilitate the transmission of a firm’s positive image by improving social responsibility. Independent boards of directors and participation among women serve as catalysts to strike an effective balance between firms’ financial targets and social responsibilities. In contrast, boards chaired by chief executive officers are less supportive in executing a social agenda and consequently reporting their ESG activities. Practical implications The results suggest that firms that appoint a sustainability and/or governance committee tend to engage in more impactful social and environmental activities and communicate their societal engagements more effectively. Social implications The paper recommends that policymakers, executives and shareholders in the GCC countries support board participation among women, independent directors and formation of sustainability committees to facilitate engaging in effectual social activities. Originality/value Empirical evidence regarding the relationship between board composition and ESG disclosure in the Gulf countries is limited. Prior literature mainly provides results on developed countries in which the governance system is mature and well structured. This study provides useful evidence regarding the Gulf countries that lack privatization and where corporate boards tend to be dominated by families and governments.",452,Accounting; Corporate governance; Business; Reputation; Audit committee,0.417,Include,Include,Abstract matches 5 inclusion criteria terms — appears to meet eligibility requirements.
https://openalex.org/W3081305462,https://doi.org/10.3390/su12176799,The Impact of CSR and Financial Distress on Financial Performance—Evidence from Chinese Listed Companies of the Manufacturing Industry,2020,Wu Liu; Zhen Shao; Changhui Yang; Tao Ding; Wan Zhang,Sustainability,"This paper explores the impact of corporate social responsibility (CSR) and financial distress on corporate financial performance (CFP) in Chinese listed companies of the manufacturing industry. Covering a total of 1445 manufacturing observations from 2013 to 2018 by matching the China Stock Market &amp; Accounting Research Database (CSMAR) and Ranking CSR Ratings (RKS) database and regression models, we find that CSR has a significant positive impact on CFP, and the relationship is more pronounced for firms that are more stable. Further, the win-win relationship of CSR and CFP is also stronger in state-owned enterprises (SOEs). These empirical results suggest that enterprises should actively embrace CSR in response to the call of the country. At the same time, corporate stability should be increased to enhance the role of CSR in promoting CFP. We provide a quantitative analysis of the CSR, CFP, and financial distress of listed firms, and help to alleviate managers’ concern of CSR fulfillment and risk control.",119,Corporate social responsibility; Business; Financial distress; China; Control (management),0.417,Include,Include,Abstract matches 5 inclusion criteria terms — appears to meet eligibility requirements.
https://openalex.org/W1998286525,https://doi.org/10.1108/17471111111175173,The interaction between corporate social responsibility and value added intellectual capital: empirical evidence from Turkey,2011,Güler Aras; Aslı Aybars; Özlem Kutlu Furtuna,Social Responsibility Journal,"Purpose Corporate social responsibility (CSR) has become one of the mainstream issues for sustainable corporate performance in recent decades. Engagement in CSR activities has proven to have certain benefits for companies, ranging from better financial performance to shareholder wealth maximisation. Companies' value creation process has been dominated by companies' hidden assets and concurrently the concept of value added intellectual capital (VAIC). The purpose of this study is to provide evidence from an emerging market about the interaction between CSR and VAIC, and thus contribute to the understanding and awareness of the significance of socially responsible investments for companies. Design/methodology/approach The empirical analyses, which take into account VAIC and its dimensions, are conducted on a sample of manufacturing companies listed on the Istanbul Stock Exchange (ISE) during the period 2007‐2008. It is shown that some causality is related to the existence of a lag during the periods for the variables CSR and VAIC. Based on previous empirical studies, this study conducts the analyses based on the assumption that there may be a relationship between firm age, financial leverage, return on sales and market‐to‐book ratio and CSR. Findings The results fail to provide any significant relationship between CSR and VAIC during the period analysed. These findings should not overshadow the benefits of CSR, but should be attributed to the time it takes for these investments to have an impact on firms' intellectual capital. Practical implications A larger sample of firms covering a longer time span could be utilised. Generation of a CSR index in Turkey that eliminates the subjectivity of CSR measurement will undoubtedly improve the accuracy of the analyses. Originality/value This paper increases the understanding of the relationship between corporate social responsibility and value‐added intellectual capital. This research is also the first research to have examined Turkish companies for CSR and VAIC issues.",48,Intellectual capital; Corporate social responsibility; Accounting; Business; Stock exchange,0.417,Include,Include,Abstract matches 5 inclusion criteria terms — appears to meet eligibility requirements.
https://openalex.org/W3112437929,https://doi.org/10.1108/srj-04-2020-0156,Corporate social responsibility and earnings management in the EU: a panel data analysis approach,2020,Panagiotis Dimitropoulos,Social Responsibility Journal,"Purpose Over the past decades, corporate social responsibility (CSR) has been considered as a significant corporate strategy and also has been documented as a main information dissemination mechanism of corporations to shareholders, creditors and other external stakeholders. This fact makes the CSR activities and CSR performance interconnected with the quality of firms’ financial reporting. The purpose of this paper is to study the impact of CSR performance on the earnings management (EM) behaviour using a sample from 24 European Union (EU) countries summing up to 121,154 firm-year observations over the period 2003–2018. Design/methodology/approach The study uses a multi-country data set with various dimensions of CSR performance including indexes regarding workforce, community relations, product responsibility and human rights protection. The empirical analysis is conducted with panel data regressions. Findings Evidence supports the negative association between CSR and EM indicating that high CSR performing firms are associated with less income smoothing and discretionary accruals, thus with higher financial reporting quality. Practical implications Regulatory agencies in the EU could use the findings of the study for the improvement of the accounting framework via enhancing the use and publications of social and environmental responsibility information and reports. Social implications Also, the current paper could be of interest not only to academic researchers but also to potential and existing investors in European corporations. The negative association between CSR performance and EM could be used by investors in assessing the risk of firms and the quality and reliability of their financial information. Originality/value This is the first study within the EU, which considers the multi-facet characteristics of CSR on the quality of accounting earnings and offers useful policy implications for regulators and investors.",51,Corporate social responsibility; Accounting; Business; Panel data; Earnings management,0.417,Include,Include,Abstract matches 5 inclusion criteria terms — appears to meet eligibility requirements.
https://openalex.org/W2892316265,https://doi.org/10.3390/su10093141,Empirical Study towards Corporate Social Responsibility Practices and Company Financial Performance. Evidence for Companies Listed on the Bucharest Stock Exchange,2018,Liliana Nicoleta Simionescu; Dalina Dumitrescu,Sustainability,"The present paper empirically examines the relation between corporate social responsibility (CSR) practices and company financial performance (CFP) for firms listed on the Bucharest Stock Exchange. Likewise, the paper analyzes the CSR policies adopted by the companies as CSR practices towards six types of stakeholders that influence the CFP. Using principal component analysis, we developed a CSR index and several specific indices for CSR practices. By estimating cross-sectional regression models, our study provides support for a positive link between CSR and CFP, when companies implement CSR policies regarding employees, environmental protection, and ethics as social practices. Further, empirical findings show that companies responsive to the CSR concept and those considering international standards and regulations for quality products and services in their business strategy enhance CFP.",46,Corporate social responsibility; Business; Stock exchange; Accounting; Index (typography),0.417,Include,Include,Abstract matches 5 inclusion criteria terms — appears to meet eligibility requirements.
https://openalex.org/W2770025469,https://doi.org/10.1108/pr-09-2016-0252,"Strategic flexibility, innovative HR practices, and firm performance",2017,Lin Xiu; Xin Liang; Chen Zhao; Wei Xu,Personnel Review,"Purpose The purpose of this paper is to examine the role of innovative HR practices as an important mechanism through which strategic flexibility affects firm performance as well as the role of female leadership in this relationship. Design/methodology/approach Data were gathered from a sample of 113 firms in China. The authors collected information on organizational strategy, HR practices, CEO information, corporate social responsibility and other firm characteristics in terms of firm age, location, and financial performance. Conditional procedural analysis was conducted to test the model. Findings The authors found strong evidence in support of the mediation relationship in which organizations with a strong focus on strategic flexibility are more likely to adopt Innovative HR Practices. Furthermore, the authors found that the extent to which firms have adopted innovative HR practices has a strong effect on employee productivity. In addition, the authors found that female leadership enhances strategic flexibility-performance relationship. Research limitations/implications Information on strategic flexibility, HR practices and firm performance was collected at the same time. Future studies based on panel data would be helpful to establish the causal relationships in the model. Practical implications The authors’ findings suggest that practitioners should put more emphasis on developing innovative HR practices, as they are required by strategic flexibility. Social implications Firms pursuing strategic flexibility should feel more confident when appointing a female CEO, because the results show that female leadership may enhance the positive impact of strategic flexibility on firm performance. Originality/value This research study is the first empirical examination of the mediating influence of innovative HR practices on the relationship between strategic flexibility and firm performance. The study also shows that female leadership benefits an organization in implementing strategic flexibility. The results are of value to researchers, human resource management managers, employees, and executives who are seeking to develop practices that are flexible and innovative in order to stay competitive in dynamic environments.",91,Flexibility (engineering); Originality; Business; Mediation; Empirical research,0.417,Include,Include,Abstract matches 5 inclusion criteria terms — appears to meet eligibility requirements.
https://openalex.org/W4236301267,https://doi.org/10.1596/978-0-8213-7092-6,Informality,2007,Guillermo Perry; Omar Arias; Pablo Fajnzylber; William F. Maloney; Andrew Mason,The World Bank eBooks,"No AccessWorld Bank Latin American and Caribbean Studies1 Feb 2013InformalityExit and ExclusionAuthors/Editors: Guillermo E. Perry, Omar Arias, Pablo Fajnzylber, William F. Maloney, Andrew Mason, Jaime Saavedra-ChanduviGuillermo E. Perry, Omar Arias, Pablo Fajnzylber, William F. Maloney, Andrew Mason, Jaime Saavedra-Chanduvihttps://doi.org/10.1596/978-0-8213-7092-6SectionsAboutPDF (2.1 MB) ToolsAdd to favoritesDownload CitationsTrack Citations ShareFacebookTwitterLinked In Abstract:Informality: Exit and Exclusion analyzes informality in Latin America, exploring root causes and reasons for and implications of its growth. The authors use two distinct but complementary lenses: informality driven by ""exclusion"" from state benefits or the circuits of the modern economy, and driven by voluntary ""exit"" decisions resulting from private cost-benefit calculations that lead workers and firms to opt out of formal institutions. They find both lenses have considerable explanatory power to understand the causes and consequences of informality in the region. Informality: Exit and Exclusion concludes that reducing informality levels and overcoming the ""culture of informality"" will require actions to increase aggregate productivity in the economy, reform poorly designed regulations and social policies, and increase the legitimacy of the state by improving the quality and fairness of state institutions and policies. Although the study focuses on Latin America, its analysis, approach, and conclusions are relevant for all developing countries. Informality: Exit and Exclusion will be of value to professionals and academics studying labor market, social protection, tax, microenterprise development, and urban public policies, and to those working in government, international organizations, research institutions, and universities. Previous bookNext book FiguresReferencesRecommendedDetailsCited ByHow local community context shapes labour market re-entry and resource mobilisation among return migrants: an examination of rural and urban communities in MexicoJournal of Ethnic and Migration Studies, Vol.48, No.1329 April 2020How well-targeted are payroll tax cuts as a response to COVID-19? evidence from ChinaInternational Tax and Public Finance, Vol.29, No.55 August 2022Assessing the potential of the craft sector's contribution to employment and gross domestic product in South AfricaCreative Industries Journal, Vol.1016 August 2022Does competition from informal firms hurt job creation by formal manufacturing SMEs in developing and emerging countries? Evidence using firm-level survey dataSmall Business Economics, Vol.3415 August 2022Informality and Tax Refund in Peru's Intercity Passenger Ground Transport Market: An Empirical AppraisalTransportation, Vol.5219 July 2022The role of institutions in the early entrepreneurial processIndustrial and Corporate Change, Vol.31, No.421 April 2022THE SHADOW ECONOMY'S PHENOMENON AND ITS IMPACT ON THE DEVELOPMENT OF CORPORATE BUSINESS AND HOUSEHOLDS IN UKRAINEFinancial and credit activity problems of theory and practice, Vol.3, No.4410 July 2022Job Quality and Labour Market Transitions: Evidence from Mexican Informal and Formal WorkersThe Journal of Development Studies, Vol.58, No.726 May 2022What Sustains Informality? A Study of the Interactions between Formal and Informal Sector FirmsThe Journal of Development Studies, Vol.58, No.726 May 2022Choices and Constraints: The Nature of Informal Employment in Urban MexicoThe Journal of Development Studies, Vol.58, No.726 May 2022Introduction: What Sustains Informality?The Journal of Development Studies, Vol.58, No.726 May 2022Quality of Employment in Bogotá (Colombia): Concept, Method and EvidenceForum for Social Economics, Vol.51, No.39 November 2020Endogenous peer effects and level of informality: some evidence from micro and small firms in CameroonReview of Social Economy, Vol.80, No.326 June 2020Financial Frictions and Firm Informality: A General Equilibrium PerspectiveThe Economic Journal, Vol.132, No.64531 January 2022Competing against 'invisibles': the effect of competition from informal firms on formal firms' R&DEurasian Business Review, Vol.12013 June 2022COAGGLOMERATION AND NEW ECONOMIC ACTIVITY: EVIDENCE FROM FORMAL AND INFORMAL MANUFACTURING FIRMSJournal of Developmental Entrepreneurship, Vol.27, No.0210 July 2022The Political Exploitation and Human (In) Security of Illegal Street Vendors in the Post-colonial Urban Informal Sector of Harare in ZimbabweFrontiers in Sustainable Cities, Vol.423 May 2022The driving effect of informal economies on urbanization in ChinaJournal of Geographical Sciences, Vol.32, No.522 April 2022Housing temporalities: state narratives and precarity in the Global SouthGlobal Discourse, Vol.12, No.2Informalities: An Index Approach to Informal Work and Its ConsequencesLatin American Politics and Society, Vol.64, No.225 April 2022Labor Informality and the Vote in Latin America: A Meta-analysisLatin American Politics and Society, Vol.64, No.225 April 2022A New Contract? The Joint Mobilization of Unionized and Contract Workers in Latin AmericaLatin American Politics and Society, Vol.64, No.225 April 2022Varieties of Economic Vulnerability: Evidence on Social Policy Preferences and Labor Informality from MexicoLatin American Politics and Society, Vol.64, No.225 April 2022Equidad: la Lucha contra la Pobreza no BastaPapel Político, Vol.2619 July 2022Examining the Legal Legitimacy of Informal Economic ActivitiesSocial & Legal Studies, Vol.31, No.29 June 2021Courting Informal Workers: Exclusion, Forbearance, and the LeftAmerican Journal of Political Science, Vol.66, No.224 December 2020Egypt's reformed social insurance system: How might design change incentivize enrolment?International Social Security Review, Vol.75, No.217 June 2022Information technology adoption and integration into global value chains: Evidence from small‐ and medium‐sized enterprises in VietnamJournal of International Development, Vol.34, No.224 November 2021Lagging Behind: Informality and Development22 April 2022Overview22 April 2022Understanding the Informal Economy: Concepts and Trends22 April 2022Informality in Emerging Market and Developing Economies: Regional Dimensions22 April 2022Tackling Informality: Policy Options22 April 2022Inclusión financiera, medios de pago electrónicos y evasión tributaria: análisis económico y aplicación en ArgentinaApuntes del Cenes, Vol.41, No.7322 February 2022Shadow Economy and Poverty: What Causes What?The Journal of Economic Inequality, Vol.1612 February 2022Financial disincentives to formal employment and tax-benefit systems in Latin AmericaInternational Tax and Public Finance, Vol.632 February 2022Unfolding Trade Effect in Two Margins of Informality. The Peruvian CaseThe World Bank Economic Review, Vol.36, No.120 October 2021LABOR MARKET SEARCH, INFORMALITY, AND SCHOOLING INVESTMENTSInternational Economic Review, Vol.63, No.126 July 2021Uncovering the wage differential between formal and informal jobs: Analysis from the Colombian Caribbean regionLatin American Economic Review18 January 2022Property ownership and resettlement options in Vietnam: the case of District 8, Ho Chi Minh CityInternational Journal of Urban Sciences, Vol.26, No.122 January 2021Mixed Perceptions of State Responsibility Among Informal Sector Participants in MENA1 January 2022Employment Structure and the Rise of the Modern Tax SystemAmerican Economic Review, Vol.112, No.1Theorizing the Informal Economy1 May 2022Business Informality: An Application of the Forgotten Effects Model27 January 2022Structural Impediments to Party System Reconstruction in Peru7 June 2022Impact of COVID-19 on Indian Migrant Workers and the Informal SectorInformality in the time of COVID-19 in Latin America: Implications and policy optionsPLOS ONE, Vol.16, No.1216 December 2021Theories and definitions of the informal economy: A surveyJournal of Economic Surveys, Vol.667 December 2021Deriving forces and socioeconomic status of women in the urban informal sector in Bichena Town, West-Central EthiopiaJournal of Social and Economic Development, Vol.23, No.230 June 2021Measuring welfare states beyond the three worlds: Refining state‐of‐the‐art toolsSocial Policy & Administration, Vol.55, No.731 January 2021Insiders, Outsiders, Skills, and Preferences for Social Protection: Evidence From a Survey Experiment in ArgentinaComparative Political Studies, Vol.54, No.1422 June 2021THE CONVERSION FROM INFORMALITY TO A FORMAL ENTITY: LINKS TO THE NATURE OF THE OWNER-MANAGERJournal of Developmental Entrepreneurship, Vol.26, No.041 December 2021Does Competition from Informal Firms Impact R&D by Formal Smes? Evidence using Firm-Level Survey Data13 December 2021Workforce Composition, Productivity, and Labour Regulations in a Compensating Differentials Theory of InformalityThe Review of Economic Studies, Vol.88, No.67 April 2021The functionality of informal trade in the creation of political powerInternational Journal of Research in Business and Social Science (2147- 4478), Vol.10, No.77 November 2021To Formalize or Not to Formalize: Women Entrepreneurs' Sensemaking of Business Registration in the Context of NepalJournal of Business Ethics, Vol.173, No.422 May 2020Why do Firms Operate Informally? Insights from a Systematic Literature ReviewInnovar, Vol.32, No.831 November 2021Leveraging digital technologies to boost productivity in the informal sector in Sub‐Saharan AfricaReview of Policy Research, Vol.38, No.69 August 2021Race among equals? An inquiry into the segmentation of Indian labor marketReview of Development Economics, Vol.25, No.46 July 2021The Double Burden of Female Protracted Displacement: Survey Evidence on Gendered Livelihoods in El Fasher, Darfur17 November 2021Importance of ""the Social"": The Divergent Informal Careers of Chinese Internal MigrantsCritical Sociology, Vol.8427 October 2021Productivity and Jobs in Services: Mind the Gaps3 January 2022Explaining consumer motives to purchase in the informal economyPLOS ONE, Vol.16, No.1015 October 2021Pour une approche interdisciplinaire de la qualité de l'emploi en Amérique latineCanadian Journal of Development Studies / Revue canadienne d'études du développement, Vol.42, No.412 August 2020Tolerance of tax evasionInternational Economics and Economic Policy, Vol.18, No.46 July 2021Informality, regulation and productivity: do small firms escape EPL through shadow employment?Small Business Economics, Vol.57, No.35 June 2020Explaining different types of undeclared work: lessons from a 2019 Eurobarometer surveyEmployee Relations: The International Journal, Vol.43, No.625 May 2021Toward an Integrated Policy Response3 January 2022Cash Transfers and Formal Labor Markets: Evidence from Brazil25 October 2021Migration, work, and retirement: the case of Mexican-origin populationsJournal of Pension Economics and Finance, Vol.749 September 2021Implicancias de la inclusión financiera y el empleo informal en la pobreza monetaria de los departamentos del PerúRevista Finanzas y Política Económica, Vol.13, No.224 August 2021Tackling self-employment in the informal sector in Europe: evaluating trust-building strategiesFulbright Review of Economics and Policy, Vol.1, No.113 August 2021Institutional change and political conflict in a structuralist modelCambridge Journal of Economics, Vol.1117 August 2021How does informal entrepreneurship influence the performance of small formal firms? A cross-country institutional perspectiveEntrepreneurship & Regional Development, Vol.33, No.7-824 February 2021The Environmental Impacts of Informal Economies in China: Inverted U-shaped Relationship and Regional VariancesChinese Geographical Science, Vol.31, No.44 May 2021Informal Labor and the Efficiency Cost of Social Programs: Evidence from Unemployment Insurance in BrazilAmerican Economic Journal: Economic Policy, Vol.13, No.3Taxing the informal sector through presumptive taxes in Zimbabwe: An avenue for a broadened tax base, stifling of the informal sector activities or bothJournal of Accounting and Taxation, Vol.13, No.331 July 2021Formalizing small and women-led businesses in West Africa: major approaches and their limitationsJournal of Small Business & Entrepreneurship, Vol.33, No.419 February 2020Defining and Measuring Informality in IndiaJournal of Human Development and Capabilities, Vol.22, No.330 December 2020A panel data analysis of FDI and informal labour marketsBulletin of Economic Research, Vol.73, No.314 July 2020Health and Economic Consequences of Lead Exposure Associated with Products and Services Provided by the Informal EconomyEnvironmental Science & Technology, Vol.55, No.1221 May 2021JOB FORMALITY AND EARNINGS DIFFERENCES AMONG MIGRANTS AND NON-MIGRANTS: EVIDENCE FROM FOUR INDONESIAN CITIESThe Singapore Economic Review, Vol.66, No.035 August 2020POLICY APPROACHES TOWARD INFORMAL SECTOR ENTREPRENEURSHIP: AN OVERVIEWJournal of Developmental Entrepreneurship, Vol.26, No.025 July 2021Explaining the supply of home repair and renovation services in the undeclared economy: lessons from EuropeConstruction Management and Economics, Vol.39, No.44 February 2021Development, division and discontent in informal markets: insights from KampalaReview of African Political Economy, Vol.48, No.16812 January 2021Kayıt Dışı İstihdama Neden Olan Faktörlerin DEMATEL Tabanlı Analitik Ağ Süreci Yöntemi ile DeğerlendirilmesiSosyoekonomi6 March 2021Creative industries micro-enterprises and informality: a case study of the Shweshwe sewing industry in South AfricaJournal of Cultural Economy, Vol.14, No.218 August 2020Inequality, persistence of the informal economy, and club convergenceWorld Development, Vol.139EVALUATING ENTREPRENEURS' MOTIVES FOR PARTICIPATING IN THE INFORMAL SECTOR IN EUROPEJournal of Developmental Entrepreneurship, Vol.26, No.0116 March 2021BEYOND THE MARGINALIZATION THESIS: AN EVALUATION OF THE PREVALENCE, CHARACTER AND MOTIVES OF INFORMAL SECTOR ENTREPRENEURS IN KOSOVOJournal of Developmental Entrepreneurship, Vol.26, No.0112 March 2021Les gagnants et les perdants de l'emploi informel en IndonésieRevue internationale du Travail, Vol.160, No.121 April 2021Good jobs and bad jobs for Indonesia's informal workersInternational Labour Review, Vol.160, No.121 April 2021Buenos y malos empleos informales en IndonesiaRevista Internacional del Trabajo, Vol.140, No.121 April 2021Twenty Years of Wage Inequality in Latin AmericaWorld Bank Economic Review, Vol.35, No.116 February 2021Education as a key to reduce spatial inequalities and informality in Argentinean regional labour marketsRegional Science Policy & Practice, Vol.13, No.122 November 2020Learning to speak? Of transformation, race and the colonialities of architecture22 January 2021Does Competition from Informal Firms Hurt Job Creation by Formal Firms? Evidence using Firm-Level Survey Data4 March 2021Is informality a barrier to sustainable development?Sustainable Development, Vol.29, No.114 September 2020The Effects of Social Protection on Informal Employment: Evidence from Tunisia19 December 2020Unbranded: The Challenges of Branding for Africa's Informal Economy12 September 2021Women's Participation in the Labor Market29 January 2021Decreasing Youth Unemployment as a Way to Achieve Sustainable Development8 November 2020Norms, Networks, Power and Control: Understanding Informal Payments and Brokerage in Cross-Border Trade in Sierra LeoneJournal of Borderlands Studies, Vol.36, No.125 August 2018The More the Gloomier: development of informal employment and its effect on wages in TurkeySSRN Electronic Journal, Vol.56Second Generation ReformsInformal Sector Taxation and Enforcement in African Countries: How plausible and achievable are the motives behind? A Critical Literature ReviewOpen Economics, Vol.4, No.123 July 2021Informal work in sub-Saharan Africa: Dead end or stepping-stone?IZA Journal of Development and Migration, Vol.12, No.120 November 2021Returns to Educational Attainment in Urban Ghana: The Role of Job-to-Job TransitionProgress in Development Studies, Vol.21, No.120 May 2021Regional Labour Informality in Colombia and a Proposal for a Differential Minimum WageThe Journal of Development Studies, Vol.2621 December 2020International migration experience and entrepreneurship: Evidence from MexicoWorld Development, Vol.136TACKLING INFORMAL ENTREPRENEURSHIP IN EAST-CENTRAL EUROPE: FROM A DETERRENCE TO PREVENTATIVE APPROACHJournal of Developmental Entrepreneurship, Vol.25, No.041 January 2021Cross-validation of four different survey methods used to estimate illicit cigarette consumption in BrazilTobacco Control, Vol.3313 November 2020Urban informal economies in peacebuilding: competing perspectives and implications for theory and praxisThird World Quarterly, Vol.41, No.117 August 2020Casting a shadow: Productivity of formal firms and informalityReview of Development Economics, Vol.24, No.417 July 2020Informal Work in India: A Tale of Two DefinitionsThe European Journal of Development Research, Vol.32, No.419 February 2020Informal sector competition and firm productivityApplied Economics Letters, Vol.27, No.1511 October 2019Determinants of Labor Force Participation and Wages in Thailand: What is the Role of the Informal Sector?*Asian Economic Journal, Vol.34, No.327 November 2020EVALUATING THE EFFECTS OF THE INFORMAL SECTOR ON THE GROWTH OF FORMAL SECTOR ENTERPRISES: LESSONS FROM ITALYJournal of Developmental Entrepreneurship, Vol.25, No.036 November 2020The Psychology of Poverty Alleviation, Vol.2IntroductionDo the cultural industries offer labour market opportunities for women and youth? A global south case studyCultural Trends, Vol.29, No.426 August 2020Motherhood Wage Penalties in Latin America: The Significance of Labor InformalitySocial Forces, Vol.99, No.14 December 2019Informality: Causes and Consequences for DevelopmentAnnual Review of Economics, Vol.12, No.1Living Arrangements and Supplemental Income Programs for Older Adults in MexicoDemography, Vol.57, No.419 May 2020Return Migration Around the World: An Integrated Agenda for Future ResearchAnnual Review of Sociology, Vol.46, No.1Increasing Informal Sector Productivity10 August 2020Global Outlook: Pandemic, Recession: The Global Economy in Crisis27 July 2020Subdeclaración de ventas en la Argentina: ¿qué tamaño y determinantes tiene el fenómeno desde la percepción de los profesionales en ciencias económicas?Revista Desarrollo y Sociedad, No.85Jak normativní je právní komparatistika?Časopis pro právní vědu a praxi, Vol.28, No.229 June 2020Débil competitividad e institucionalidad: El crecimiento no sostenible del modelo informalLatin American Research Review, Vol.55, No.22 January 2022Is there an informal employment wage penalty in Egypt? Evidence from quantile regression on panel dataEmpirical Economics, Vol.58, No.627 February 2019EVALUATING THE IMPLICATIONS OF STARTING-UP UNREGISTERED ON FUTURE FIRM PERFORMANCE: EVIDENCE A 2019 SURVEY IN ALBANIAJournal of Developmental Entrepreneurship, Vol.25, No.021 June 2020EVALUATING THE IMPACT OF INFORMAL SECTOR COMPETITORS ON THE PERFORMANCE OF FORMAL ENTERPRISES: EVIDENCE FROM BOSNIA AND HERZEGOVINAJournal of Developmental Entrepreneurship, Vol.25, No.021 June 2020Learners13 March 2020Opting for Exit: Informalization, Social Policy Discontent, and Lack of Good GovernanceLatin American Politics and Society, Vol.62, No.223 March 2020Informal employment: risks and consequences for the Ukrainian labor marketUkrainian Society, Vol.2020, No.116 April 2020Technical Education in the Middle Income Trap: Building  for   Journal of Development Studies,  No.422 April   and Informality in South AfricaJournal of International Development, Vol.32,   and Informal     Evidence from Latin American  Research Journal,   August   and Informality:  local labor    an  Science Policy & Practice, Vol.12, No.120 January  Youth Unemployment as a Way to Achieve Sustainable  October  informality    firm  evidence from a     Vol.33,  May   y  en la  y  en el sector informal en  de  Vol.39,  January 2020Inequality,  of the Informal Economy, and   Electronic Journal,  Informality  the  to  and  Economics Quarterly, Vol.66,  in developing  A   of Economic   of institutional quality and  of tax  Political Economy,   August  State and the  of Informal Economic  Insights from    No.421 June  SECTOR   Vol.23,  June   labor   developing  value chains: Consequences for  and informal  in a   of International Business Studies,   August  ENTREPRENEURSHIP: A  ON     of Developmental Entrepreneurship, Vol.24, No.041 December 2019EVALUATING  OF INFORMAL SECTOR ENTREPRENEURSHIP:  LESSONS FROM   of Developmental Entrepreneurship, Vol.24, No.041 December  Informality Good for  The Impacts of   on Formal  November  and informality as  of     and   Economy and  Vol.51,  June    and  of  in the World of  October  October   OF INFORMALITY ON    AND PERFORMANCE:  EVIDENCE FROM  of Developmental Entrepreneurship,  September    of  on  and  enterprises in   Journal of   Studies,   September  Years of Wage Inequality in Latin  October  cross-country  in the  of informal sector  lessons from the World Bank    and Management Journal,   June  peacebuilding:   and a  to the  of   of International  and Development, Vol.22,  November  Employment and   in the   October   to  labour  Evidence from  Economics, Vol.51,  March  a  Productivity of Formal Firms and  September  informality as a   of Social Economy,  July   en    de   análisis de    Desarrollo y Sociedad,    la    de    Vol.27,  July  employment in  a  in  Economic Review,   October    OF INFORMAL SECTOR ENTREPRENEURSHIP:  LESSONS FROM ALBANIAJournal of Developmental Entrepreneurship, Vol.24,  September    in    A  of   in  and    of  of  Policy  Research and Practice, Vol.21,  May    and  in    Vol.25,  April      Latin American  More  on  and  Income  American Policy, Vol.10,  May  of  Work in  Sector in  of South   International Review of Economics and  Vol.22, No.113 June    and  The Public  on Labor  in Latin  of Politics in Latin America,   June  employment and informal  in Latin America:  theory and  for a     &     en Amérique       &    Informality and   in the     of     December     and   in the Global  Journal of Development Studies, Vol.55, No.326 March   IN THE  OF INFORMAL SECTOR     AND THE   of Developmental Entrepreneurship, Vol.24,  May  Wage  and Informal Employment in  A     Economic Journal,  No.14 March   in   Hurt Developing  Evidence from the  and  March   and informal  evidence from IndiaJournal of Small Business and  Development, Vol.26,  activities and labour market  Tax and Public Finance, Vol.26, No.122 June    en el  de   y  Vol.1,  January    of  Years of  and  of the Informal Economy12 February  Theory to  of Formal and Informal  Small  August   The Informal  August  October   October    October   October  and  October  Participation in the Labor  June  American Politics and Society,   creation in a  labour market  for developing  Economic    June    FIRM GROWTH IN    Vol.57, No.121 September  Journal of Economic    to a    in spatial    January  Effect of  on Labor Informality: Evidence from  Electronic               Impact of the Minimum Wage on the Labor Market and the  of Poverty in  Electronic  and Exit:    February   February   Social Development Associated with   A  Analysis of   Research and Policy Review,   August  THE IMPACT OF INFORMAL SECTOR  ON FIRM PERFORMANCE:  LESSONS FROM  EUROPEJournal of Developmental Entrepreneurship, Vol.23,  February    the Social Insurance Participation  of    January   of the Corporate Sector on the  of Tax   November     from    Street Vendors and the   World  American Politics and Society,  No.44 September   et  de      de     design and  of   presumptive   Industries Journal, Vol.38,  May  employment in    from   Labour Force Survey data of    Industries Journal, Vol.38,  May  and informal  is there  wage   Industries Journal, Vol.38,  June  the  of informal  in  of  in Emerging  Vol.10,  Informal Economy as a  of     and Change,   June   Informal employment and   for  in   in   Studies, Vol.55,  September  competing  of informal sector  International Journal of  and   No.314 June 2018The  of   trade in the Latin American  Journal of  and Social Policy, Vol.38,  employment in  an  spatial  Economic  Vol.13,  March  in the Informal Economy: The Informal  Sector in  Journal of  Vol.4,  October  and the  of Informality to Social  The  of    of Income and  Vol.64,  January  INFORMAL SECTOR ENTREPRENEURSHIP IN  AN   of Developmental Entrepreneurship, Vol.23,   in   A      A and  April 2018The  for    in Latin  and the  April   from the  on the Impacts of   April  the  and  Effects of   Evidence from  Journal of",794,Computer science,0.417,Include,Include,Abstract matches 5 inclusion criteria terms — appears to meet eligibility requirements.
https://openalex.org/W3094630931,https://doi.org/10.15282/jgi.4.1.2020.5607,FURTHER EVIDENCE ON THE LINK BETWEEN FIRM'S CONTROL MECHANISMS AND FIRM FINANCIAL PERFORMANCE: SULTANATE OF OMAN,2020,Essia Ries Ahmed; Tariq Tawfeeq Yousif Alabdullah; Muhammad Shabir Shaharudin; Eskasari Putri,Journal of Governance and Integrity,"Based on the agency theory perspective and its corporate governance problem, the current study investigated how control mechanisms affect firm financial performance with a special concentrate on the role of the audit committee on the enhancement of firm financial performance. The empirical findings of this study based on the listed firms in the Sultanate of Oman revealed that the control mechanisms, including committee size and board independence, positively enhance financial performance represented by ROE and therefore this leads to encouraging firms to focus on such mechanisms. By contrast, audit size, board size and board independence are totally not motivated to engage with financial performance due to the insignificant link with ROA. On the other hand, a negative correlation has been found between a board meeting and financial performance represented by ROE. The practical evidence of the implications by the current study found that for improvement of firm financial performance; that even though if most of the GCC governments recently have focused on corporate social responsibility because largely voluntary nature of corporate social responsibility, they should focus of the control mechanisms that suggested by the current study to play a significant role for enhancing firm financial performance",51,Corporate governance; Accounting; Audit committee; Business; Audit,0.417,Include,Include,Abstract matches 5 inclusion criteria terms — appears to meet eligibility requirements.
https://openalex.org/W1925010090,https://doi.org/10.1002/bse.1824,Sustainable Development and Corporate Financial Performance: A Study Based on the FTSE4Good IBEX Index,2013,María José Charlo Molina; Ismael Moya Clemente; Ana M. Muñoz,Business Strategy and the Environment,"ABSTRACT The social and environmental aspects of business investment and financing are becoming increasingly important. Most studies on corporate social responsibility (CSR) focus on analysing the relationship between company performance in the financial and social fields. However, the results obtained have not been conclusive, mainly due to the variables used to measure CSR. In order to simplify its measurement, in this work we used an empirical analytical method to determine possible differences between the financial variables of firms considered to be socially responsible and those not considered to be such. The results obtained show that socially responsible corporations obtain higher profits for the same level of systematic risk and show greater sensitivity to market changes, leverage levels and company size. This pioneering study is the first to make use of the first, and at the present time only, Spanish sustainability index, the FTSE4Good IBEX. Copyright © 2013 John Wiley &amp; Sons, Ltd and ERP Environment.",137,Corporate social responsibility; Index (typography); Leverage (statistics); Sustainability; Sustainable development,0.417,Include,Include,Abstract matches 5 inclusion criteria terms — appears to meet eligibility requirements.
https://openalex.org/W2988067228,https://doi.org/10.1088/1755-1315/343/1/012136,"The influence of environmental performance, environmental costs, and firm size on financial performance with corporate social responsibility as intervening variables (empirical study on manufacturing companies listed on the Indonesia stock exchange 2014-2018)",2019,Rudi Abdullah; Dewi Mahmuda; Ernawati Malik; Endang Tri Pratiwi; M Rais,IOP Conference Series Earth and Environmental Science,"Abstract This study aims to determine (1) the effect of environmental performance on financial performance, (2) the effect of environmental costs on financial performance, (3) the effect of firm size on financial performance, (4) the effect of Corporate Social Responsibility (CSR) on financial performance, (5) CSR as a mediator in the influence of environmental performance on financial performance, (6) CSR as a mediator in the influence of environmental costs on financial performance, and (7) CSR as a mediator in the influence of company size on financial performance. This research is included in comparative causal research. The population of this research is manufacturing companies listed on the Indonesia Stock Exchange in 2014-2018. By using a purposive sampling method, 52 companies meet the criteria with a total of 104 data sets. The data analysis technique used is a simple linear regression analysis and path analysis. The results of this study indicate that (1) environmental performance does not affect financial performance, (2) environmental costs negatively affect financial performance, (3) company size has a positive effect on financial performance, (4) CSR has a positive effect on financial performance, (5) CSR is able to mediate the influence of environmental performance on financial performance, (6) CSR is not able to mediate the relationship of environmental costs to financial performance, and (7) CSR is able to mediate the influence of firm size on financial performance.",11,Corporate social responsibility; Stock exchange; Business; Path analysis (statistics); Nonprobability sampling,0.417,Include,Include,Abstract matches 5 inclusion criteria terms — appears to meet eligibility requirements.
https://openalex.org/W2003788200,https://doi.org/10.1108/14635771211258061,Revisiting corporate reputation and firm performance link,2012,Jooh Lee; James Jungbae Roh,Benchmarking An International Journal,"Purpose Corporate reputation is regarded as an intangible asset which differentiates a firm from others and attracts customers to repurchase and willingly pay a premium price for products. However, despite the perceptive association between reputation and financial performance, empirical studies report inconclusive results. The purpose of this study is to investigate this link more comprehensively using four different reputation attributes and firm characteristics in the context of high‐ vs low‐tech companies. Design/methodology/approach This study operationalizes the corporate reputation as the four measures of Fortune's “America's Most Admired Companies” of 2008 and matched the companies with financial performance and firm characteristics measures from COMPUSTAT Research Insight for the period between 2001 and 2005. A total of 230 firms (108 in high‐tech vs 122 in low‐tech) over the same period were selected and stepwise multiple regression analysis probed the relationship between the corporate reputation and performance. Findings The key finding of this study is that such variables as corporate reputation are significantly and positively related with most indices of corporate performance measures while debt leverage affects profitability negatively. It was surprising to find that innovativeness turned out to have no impact on financial performance in both high‐ and low‐tech firms. The positive association between social responsibility and firm performance appeared to be partially supported because it showed significant impact on market‐based performance, but not on accounting‐based performance. Originality/value This study confirms the resource‐based view that a valuable, inimitable, and non‐substitutable asset such as corporate reputation leads firms to enhance financial and market performance. However, the effect is contingent on firm characteristics such as firm size, R&amp;D intensity, debt leverage ratio, and capital intensity. Corporate reputation appears to emerge as a critical dimension of benchmarking of a firm performance.",165,Reputation; Business; Leverage (statistics); Profitability index; Intangible asset,0.417,Include,Include,Abstract matches 5 inclusion criteria terms — appears to meet eligibility requirements.
https://openalex.org/W2319651400,https://doi.org/10.3390/su8040327,Sustainable Leadership Practices Driving Financial Performance: Empirical Evidence from Thai SMEs,2016,Suparak Suriyankietkaew; Gayle C. Avery,Sustainability,"Many managers and researchers alike are asking: What does an enterprise need to do to generate a proper balance between economic, social, and ecological objectives while gaining superior corporate financial performance, resilience, and sustainability? Several leadership concepts for enhancing organizational sustainability have emerged in recent years, but none provides an integrative approach, with the exception of Sustainable Leadership (SL). However, empirical research examining the effects of various SL practices on financial performance and other business outcomes is lacking. This article addresses this gap by empirically investigating the relationships between 23 SL practices and financial performance. Using a cross-sectional survey, data stem from 439 managers in small and medium-sized enterprises (SMEs) in Thailand. Of the 23 SL practices in SL, 16 were significantly associated with corporate financial performance. Four SL practices, in particular—amicable labor relations, valuing employees, social responsibility, plus strong and shared vision—were significant drivers, and positive predictors, of enhanced long-term firm performance. Lastly, implications, limitations, and future directions are discussed.",136,Business; Sustainability; Corporate social responsibility; Psychological resilience; Empirical evidence,0.417,Include,Include,Abstract matches 5 inclusion criteria terms — appears to meet eligibility requirements.
https://openalex.org/W4313516222,https://doi.org/10.3389/fpsyg.2022.977996,"Corporate social responsibility, internal control, and firm financial performance",2023,Li Zhang; Wunhong Su,Frontiers in Psychology,"As the global challenges facing sustainability issues continue to expand, the issues of corporate social responsibility (CSR) and ethical governance have become the focus of continued academic attention. CSR is important for firms to enhance their reputation and promote sustainable development. Using A-share listed firms from 2012 to 2019, this study empirically investigates the effect of CSR fulfillment on internal control and firm financial performance by constructing a regression model. The results show that there is a positive relationship between CSR and firm financial performance. Therefore, CSR fulfillment effectively improves the firm financial performance. Furthermore, this study finds that there is a partial mediating effect of internal control between CSR fulfillment and firm financial performance. Therefore, good internal control leads the firm to implement CSR, strengthen management, and improve financial performance. Further results show that the nature of ownership plays a moderating role in the mediating effect of internal control. This study enriches the mechanism of CSR on firm financial performance. Furthermore, it provides a theoretical basis for Chinese listed firms to fulfill CSR, improve ownership, and strengthen internal control.",22,Corporate social responsibility; Business; Reputation; Control (management); Corporate governance,0.35,Include,Include,Abstract matches 6 inclusion criteria terms — appears to meet eligibility requirements.
https://openalex.org/W2283138304,https://doi.org/10.1108/par-10-2016-0091,Does corporate governance shape the relationship between corporate social responsibility and financial performance?,2017,Rezaul Kabir; Hanh Minh Thai,Pacific Accounting Review,"Purpose The theoretical and empirical relationships between corporate social responsibility (CSR) and corporate financial performance are not without controversy. Yet, CSR activities are increasingly undertaken by a large number of firms, not only in developed countries but also in emerging countries. This paper aims to investigate the moderating effect of different aspects of corporate governance, which are foreign and state ownership, board size and board independence, on the relationship between CSR and financial performance. Design/methodology/approach A sample of Vietnamese listed firms is analyzed. Robust regression analysis is performed using ordinary least squares as well as fixed-effects and two-stage least squares model. Findings Ordinary least squares regression results show that CSR activities affect the financial performance of firms positively. Furthermore, corporate governance features like foreign ownership, board size and board independence strengthen the positive relationship between CSR and financial performance, but there is no such impact of state ownership. Originality/value Previous studies mostly investigate the direct effect of CSR on financial performance. A few studies examine the moderating effect of corporate governance, which is ownership concentration and board gender diversity. As an emerging country, Vietnam has some specific characteristics on corporate governance. This paper contributes by investigating the moderating effect of few major aspects of corporate governance, which are foreign and state ownership, board size and board independence.",206,Corporate governance; Corporate social responsibility; Accounting; Business; Ordinary least squares,0.35,Include,Include,Abstract matches 6 inclusion criteria terms — appears to meet eligibility requirements.
https://openalex.org/W4280608911,https://doi.org/10.3390/risks10050103,The Impact of Corporate Social Responsibility and Innovative Strategies on Financial Performance,2022,Joana Costa; José Pedro Fonseca,Risks,"The article aims to appraise the role of Corporate Social Responsibility (CSR) and innovation strategies as leverages of a company’s financial performance. The theoretical and empirical statement of this link aims to reinforce the importance of these strategical options in both the managerial and the public policy domain. Shedding light on the economic return of these practices will help managers make better strategic decisions. Policy makers will also grasp the required evidence to encompass CSR in policy packages. To address the research question, data were collected from the Thomson Reuters Eikon Datastream covering the 1000 largest companies listed on the stock exchange worldwide. Thereafter, hierarchical linear regressions were performed to produce the econometric results. Two time frames (2015–2019) were compared to address time–space trends. Enrolling in CSR activities entails additional costs which can undermine the company’s financial performance if not properly supported by public policies. Combining CSR and innovation appears to be the best strategy for companies seeking improvements in their financial performance while being socially responsible. The contribution of this study is threefold: first, the analysis covers the largest thousand firms in operation worldwide; secondly, the econometric results demonstrate that combining CSR with innovation positively impacts financial performance; and lastly, the time comparison evidences a positive but slow evolution in CSR adoption. The article provides an applied perspective, of use both for managers and policy makers, as to how they should approach and disseminate involvement in these types of activities.",39,Corporate social responsibility; Business; Stock exchange; Accounting; Public policy,0.35,Include,Include,Abstract matches 6 inclusion criteria terms — appears to meet eligibility requirements.
https://openalex.org/W3123040664,https://doi.org/10.21272/bel.4(4).123-131.2020,Corporate Social/Environmental Responsibility and Value Creation: Reflections on a Modern Business Management Paradigm,2020,Marco Taliento; Antonio Netti,Business Ethics and Leadership,"The present article deals with a new, modern business management paradigm founded on both the social and the environmental responsibility of firms intended as powerful instruments to match the issue of sustainability with corporate performance and value creation (thus evolving from the classical shareholder value to a new, more comprehensive, shared value view). The Directive 2013/34/EU required the disclosure of large enterprises and groups’ non-financial and diversity information. At the same time, a growing number of proactive companies that behave with real initiatives more compliant to the so-called Stakeholder Theory have become quite familiar to produce CSR and sustainability reports periodically to share with the community their relevant responsibility actions and achievements (3 P results or triple-bottom-line performance, as a for-profit, people, planet). Such a complex, behavioral, and informative approach follows the corporate governance setting and management strategy within the ethical domain (business ethics). In this perspective, we conduct a systematic research study on the economic literature that showed a focus on the possible relation between the responsible behavior/information and the economic/financial performance of firms, analyzing both the empirical findings and theoretical works significantly investigating the effect of sustainability indicators on financial and market results. According to the general studies, socially responsible policies can produce a positive impact on company performance by many advantages such as the reduction of operating costs and financial risks, an increase of efficiency and competitiveness, the improvement of the company’s reputation, and a related increase in consumer confidence; despite preceding studies pointed out that CSR investments and responsibility policies (representing the result of an agency conflict between managers and shareholders) would generate just an increase in costs and a consequent decline in the performance of companies. The consideration of the ESG (environmental, social, and governance) – which completes the CSR issue – and its new goals in the long run, even as a component of the holistic enterprise risk management system, finally enables us to reinterpret the fundamental competitive advantage of firms in a sustainability key. In particular, the environmental, social, and governance extra-performance over the industry may show to be more ‘value-relevant’ than the absolute ESG ratings itself. In conclusion, the social, environmental, and governance responsibilities (to all stakeholders) are building a set of dynamic capabilities and actions which reveal a new competitive (X) Factor of the modern corporation. Keywords: CSR, Environmental-Social-Governance, Economic Performance, Value Creation; Stakeholder Theory, Sustainability Disclosure.",32,Corporate social responsibility; Corporate governance; Business; Social responsibility; Shareholder value,0.35,Include,Include,Abstract matches 6 inclusion criteria terms — appears to meet eligibility requirements.
https://openalex.org/W3025365869,https://doi.org/10.1108/jibr-06-2018-0171,Determinants of CSR disclosure: an evidence from India,2020,P. Fahad; Nidheesh K.B.,Journal of Indian Business Research,"Purpose This paper aims to undertake an empirical investigation on firm characteristics determining corporate social responsibility (CSR) disclosure and its subcategories such as environmental, social and governance disclosures. Design/methodology/approach The sample consisted of listed companies in BSE 500 index for a period of 10 years from 2007 to 2016. Panel data regression method is used for the analysis. Seven variables are analyzed, namely, firm age, financial leverage, firm size, foreign ownership, promoter ownership, export performance, innovation and firm popularity. Findings The result shows that firm age and financial leverage are positively influencing CSR, environmental and social disclosure score but both are negatively influencing governance score. Firm size is positively associated with all four disclosure scores. Among ownership variables, foreign ownership shows a positive influence and promoters ownership shows a negative influence towards CSR, environment and social disclosures. No association is found between both ownership variables and governance disclosure score. Further analysis also finds that there is a difference in this relationship during crisis period. Research limitations/implications The study focuses only on listed companies in Indian capital market. In terms of implication, theoretical bases discussed in the literature review and hypotheses development are mostly validated. Practical implications The findings are important for the firm, stakeholders and policymakers. A firm may think about appointing experts in CSR to spend the amount wisely and improve CSR disclosure to compete in the international market; stakeholders have to pressure the firm to provide more CSR disclosure and for policymakers this study study provides useful inputs to design legal framework on CSR. Originality/value The measurement of CSR disclosure using environmental, social and governance (ESG) score is novel in Indian context, even though the methodology is often used in literature.",116,Foreign ownership; Leverage (statistics); Corporate social responsibility; Corporate governance; Business,0.35,Include,Include,Abstract matches 6 inclusion criteria terms — appears to meet eligibility requirements.
https://openalex.org/W2794908977,https://doi.org/10.1108/jaar-01-2017-0024,Board gender diversity and ESG disclosure: evidence from the USA,2018,Riadh Manita; Maria Giuseppina Bruna; Rey Đặng; L’Hocine Houanti,Journal of Applied Accounting Research,"Purpose The purpose of this paper is to investigate the relationship between corporate debt-like compensation and the value of excess cash holdings. Design/methodology/approach The environmental, social and governance (ESG) disclosure score provided by Bloomberg is used as a proxy for the extent of corporate social responsibility (CSR). The empirical analysis is based on a sample of 379 firms that made up the Standard &amp; Poor’s 500 Index over the period 2010-2015. In order to take into account the endogeneity problem between board gender diversity and ESG disclosure, a fixed effect model with lagged board variables is used. Findings Two main results arise from this study. First, no significant relationship is found between board gender diversity and ESG disclosure. Second, the evidence also partially confirms critical mass theory, as below three female directors the relationship between board gender diversity and ESG disclosure is not statistically significant. However, beyond that, no significant relationship was found. Research limitations/implications Reasonable theoretical arguments drawn from stakeholder theory suggest that board gender diversity may have a positive effect on ESG disclosure. The empirical evidence presented neither supports, nor denies stakeholder theory. However, the results may be improved by enlarging the frontiers of this research in time and space, increasing the perimeter of qualitative data integrated in this investigation. Practical implications This paper offers theoretical and empirical arguments for the feminization of corporate boards, not only in the name of equality between women and men and organizational justice, but also in the light of organizational performance (examined through the prism of governance). Transparency, analyzed using the proxy of ESG disclosure, is strongly and positively correlated with a feminization of boards, if the proportion of women is significant and sufficient to be able to prevent and surpass the “invisibilization” phenomenon, which is based on the marginalization of passive ultra-minorities, reduction to silence, marginalization (disqualification of women voice or exit strategy), assimilation or the endorsement of stigma. Originality/value First, this makes a theoretical contribution to the diversity and governance literature by examining the effect of WOCB on ESG disclosure through the stakeholder theory (Freeman, 2010). Second, the authors contribute to the CSR literature (cf. Byron and Post, 2016) by documenting specifically the effect of board gender diversity on CSR disclosures through ESG. Indeed, ESG research mainly concentrates on firm financial performance (Galbreath, 2013). No study has examined the relationship between WOCB and ESG disclosure. Finally, from an empirical standpoint, an FE model with lagged board variables (Liu et al. , 2014) is used to fully address the endogeneity problems in the relationship between WOCB and ESG disclosure that may occur because of differences in unobservable characteristics across firms or reverse causality (Boulouta, 2013).",562,Gender diversity; Accounting; Corporate governance; Corporate social responsibility; Endogeneity,0.35,Include,Include,Abstract matches 6 inclusion criteria terms — appears to meet eligibility requirements.
https://openalex.org/W2946401145,https://doi.org/10.1111/joms.12514,Strategic CSR: A Concept Building Meta‐Analysis,2019,Pushpika Vishwanathan; Hans van Oosterhout; Pursey Heugens; Patricio Durán; Marc van Essen,Journal of Management Studies,"Abstract This study develops the concept of Strategic Corporate Social Responsibility (Strategic CSR) by meta‐analyzing the available empirical evidence on the relationship between CSR and corporate financial performance (CFP). Using meta‐analytic structural equation modeling on effect size data from 344 primary studies, our study documents four empirical mechanisms explaining how CSR positively affects CFP: by 1) enhancing firm reputation, 2) increasing stakeholder reciprocation, 3) mitigating firm risk, and 4) strengthening innovation capacity. We propose these four mechanisms to identify four causally relevant attributes that allow us to conceptually distinguish Strategic CSR from CSR more generally. Our findings indicate that the four mechanisms combined explain 20 per cent of the CSR‐CFP relationship, suggesting that considerable room remains for future empirical research. The development of an empirically informed, causal conceptualization of Strategic CSR responds to a long‐heard call for better‐specified concepts in empirical CSR research.",463,Corporate social responsibility; Conceptualization; Empirical research; Business; Stakeholder,0.333,Include,Include,Abstract matches 4 inclusion criteria terms — appears to meet eligibility requirements.
https://openalex.org/W2019566527,https://doi.org/10.1177/0149206309337896,"Does the Market Respond to an Endorsement of Social Responsibility? The Role of Institutions, Information, and Legitimacy",2009,Jonathan P. Doh; Shawn D. Howton; Shelly Howton; Donald S. Siegel,Journal of Management,"A consensus has emerged in the burgeoning literature on corporate social responsibility (CSR) that “virtuous” firms are often rewarded by the marketplace. Unfortunately, the mechanisms through which those rewards materialize are not well understood. Furthermore, it is difficult for managers and investors to know whether a company is actually engaged in responsible behavior. Thus, many stakeholders rely on institutional assessments of a firm’s social practices to inform their own judgments about that company’s CSR reputation. In this article, we draw on institutional theory and research on reputation and legitimacy to investigate the relationship between institutional endorsements (and repudiation) of CSR and firm financial performance. Our empirical results indicate that institutional intermediaries influence market assessments of a firm’s social responsibility and highlight the importance of the legitimacy-conferring function of expert bodies in understanding the relationship between social and financial performance. Our findings also illustrate the delicate interplay among different social performance assessments, reputation, and measures of financial and operating performance such that operating performance may serve as an advanced indicator of social performance and one type of social performance assessment may temper market reactions to another.",478,Reputation; Legitimacy; Corporate social responsibility; Business; Institutional theory,0.333,Include,Include,Abstract matches 4 inclusion criteria terms — appears to meet eligibility requirements.
https://openalex.org/W2052891027,https://doi.org/10.1080/00036846.2014.927572,"CSR and financial performance: complementarity between environmental, social and business behaviours",2014,Sandra Cavaco; Patricia Crifo,Applied Economics,"This article analyses the interactions between various dimensions of corporate social responsibility (CSR) that mediate the relationship between CSR and financial performance. We hypothesize that the absence of consensus in the empirical literature on the CSR-financial performance relationship may be explained by the existence of synergies (complementarity) and trade-offs (substitutability) between the different CSR components. We investigate such relationship using a final unbalanced panel sample of 1094 observations (around 300 firms per year) from 15 countries over the 2002-2007 period. Our results show that responsible behaviours towards employees (human resources dimension) and towards customers and suppliers (business behaviour dimension) appear as complementary inputs of financial performance, indicating mutual benefits and less conflict between those stakeholders. Conversely, responsible behaviours towards customers and suppliers and towards the environment appear as substitutable inputs of financial performance, suggesting more conflict between or over-investment towards those stakeholders.",258,Corporate social responsibility; Complementarity (molecular biology); Dimension (graph theory); Economics; Alliance,0.333,Include,Include,Abstract matches 4 inclusion criteria terms — appears to meet eligibility requirements.
https://openalex.org/W36168169,,Does Corporate Social Responsibility Improve Financial Performance of Nigerian Firms? Empirical Evidence from Triangulation Analysis,2013,Fasanya Olaleke Ismail; Onakoya Adegbemi,DOAJ (DOAJ: Directory of Open Access Journals),This paper examines the impact of Corporate Social Responsibility (CSR) on Financial Performance of Firms in Nigeria. This study utilizes primary data that were obtained through the use of structured questionnaires. The questions were structured in such a way as to gather pertinent and specific information on how effective Corporate Social Responsibility (CSR) has improved the financial viability of firms in Nigeria. This paper employs both descriptive and quantitative techniques in which chi-square technique was used to test the significance relationship among the frequencies. The study reveals that proper and effective CSR goes a long way in improving the trend of firms’ financial performance in Nigeria using Cadbury Nigeria Plc. as the study area. It was observed that CSR could be a key instrument to the financial development of any organizations through the process of giving back to the community.,12,Corporate social responsibility; Business; Descriptive statistics; Accounting; Process (computing),0.333,Include,Include,Abstract matches 4 inclusion criteria terms — appears to meet eligibility requirements.
https://openalex.org/W2391195885,,The Relationship Between Corporate Social Responsibility Disclosure and Corporate Financial Performance under Media Exposure and its Implications:An Empirical Study Based on the CSR Report of Chinese Listed Firms,2013,Tao Wenjie; Zhanming Jin,Zhongguo guanli kexue,"Nowadays,corporate social responsibility(CSR)and relative infromation disclosure have been hot spots of the public.Using the data on the ranking of Chinese listed firm’s CSR reports,which is obtained from an independent institution,the relationship between corporate social responsibility disclosure(CSRD) and corporate financial performance(CFP),and the role played by media exposure,which acts as informa-tion distribution medium and the director of  public agenda setting  in the relationship between CSRD and CFP are examined.The results show that the more CSR information is disclosed,the better the CFP will be.However,such relationship is totally mediated by media exposure.This new finding not only enriches and expands the theory framework of CSR and CSRD,but also significantly enlightens business managers who make plan based on principles of strategic CSR during the process of relative strategy development.",1,Corporate social responsibility; Business; Accounting; Financial institution; Ranking (information retrieval),0.333,Include,Include,Abstract matches 4 inclusion criteria terms — appears to meet eligibility requirements.
https://openalex.org/W1929626552,,Corporate Social Responsibility and Financial Performance,2004,Margarita Tsoutsoura,eScholarship (California Digital Library),"The field of corporate social responsibility (CSR) has grown exponentially in the last decade.Nevertheless, there remains a protracted debate about the legitimacy and value of corporate responses to CSR concerns.There are different views of the role of the firm in society and disagreement as to whether wealth maximization should be the sole goal of a corporation.Using extensive data over a period of five years, this study explores and tests the sign of the relationship between corporate social responsibility and financial performance.The dataset includes most of the S&P 500 firms and covers the years 1996-2000.The relationship is tested by using empirical methods.The results indicate that the sign of the relationship is positive and statistically significant, supporting the view that socially responsible corporate performance can be associated with a series of bottom-line benefits.",401,Business; Corporate social responsibility; Social responsibility; Finance; Accounting,0.333,Include,Include,Abstract matches 4 inclusion criteria terms — appears to meet eligibility requirements.
https://openalex.org/W4230137336,https://doi.org/10.5172/jmo.2010.16.5.641,"Corporate governance, corporate social responsibility and corporate performance",2010,Chi‐Jui Huang,Journal of Management & Organization,"Abstract Previous research has analyzed and debated corporate governance (CG) and corporate social responsibility (CSR) independently. This paper aims to empirically explore the interrelationship between CG, CSR, financial performance (FP) and Corporate Social Performance (CSP) using a sample of 297 electronics companies operating in Taiwan, a newly industrialized Asian economy. The results show that a CG model which includes independent outside directors and which has specific ownership characteristics has a significantly positive impact on both FP and CSP, whereas FP itself does not influence CSP. The presence of independent outside directors in the firm has the greatest impact on the social performance of the firm's worker, customer, supplier, community and society dimensions. Government shareholders enhance a firm's social performance extraordinarily because government shareholders will be more likely to request that companies fulfill their social responsibilities. Only government shareholders positively and significantly relate to a firm's environmental performance. Furthermore, foreign institutional stockholders help to increase worker and supplier performance by paying more attention to employee policies and supply chain relationships. Finally, independent outside directors, foreign institutional stockholders and domestic financial institutional stockholders are shown to improve financial performance.",117,Shareholder; Corporate social responsibility; Corporate governance; Business; Accounting,0.333,Include,Include,Abstract matches 4 inclusion criteria terms — appears to meet eligibility requirements.
https://openalex.org/W2104148426,https://doi.org/10.1093/reep/ren003,The (Not So) New Corporate Social Responsibility: An Empirical Perspective,2008,Paul R. Portney,Review of Environmental Economics and Policy,"There now exists a large and growing literature on what has come to be known as “corporate social responsibility” (CSR). The largest strand of this literature is devoted to studies that attempt to determine whether CSR is associated with superior financial performance for those firms that engage in it. This article first provides a definition of CSR that makes it possible to talk about it in a concrete way; it then identifies the ways in which CSR might lead to superior financial performance; next it reviews the empirical evidence bearing on this hypothesis; finally, the paper concludes by asking whether this much-hyped phenomenon is really that new after all and suggests that normative judgments about CSR are more complicated than one might think.",193,Corporate social responsibility; Normative; Perspective (graphical); Phenomenon; Positive economics,0.333,Include,Include,Abstract matches 4 inclusion criteria terms — appears to meet eligibility requirements.
https://openalex.org/W2128093734,https://doi.org/10.5539/jms.v2n1p160,Corporate Social Responsibility Disclosures in Nigeria: A Study of Listed Financial and Non-Financial Firms,2012,Uwalomwa Uwuigbe; Ben-Caleb Egbide,Journal of Management and Sustainability,"This study is an empirical investigation of the relationship between firms’ corporate financial performance and the level of corporate social responsibility disclosures among selected firms in Nigeria. It also looked at the relationship between firms’ financial leverage and the level of corporate social responsibility disclosures among selected firms. While the annual reports for the period 2008 was utilized as the main source of data collection for the sampled 41 listed firms, the multiple regression analysis was employed as a statistical technique for analysing the data collected. The paper revealed that firms’ corporate financial performance and the size of audit firm have a significant positive relationship with the level of corporate social responsibility disclosures among selected firms. Also, the paper as part of its findings- observed that a significant negative relationship existed between firms’ financial leverage and the level of corporate social responsibility disclosures. The paper therefore recommends that government, as part of their responsibility, should put in place policies that will create a good business environment for firms operating in the country.",93,Leverage (statistics); Corporate social responsibility; Business; Accounting; Audit,0.333,Include,Include,Abstract matches 4 inclusion criteria terms — appears to meet eligibility requirements.
https://openalex.org/W3138058249,https://doi.org/10.1080/1331677x.2020.1828130,How does CSR enhance the financial performance of SMEs? The mediating role of firm reputation,2020,Dawit Teclemariam Bahta; Jiang Yun; Md. Rashidul Islam; Kuyon Joseph Bikanyi,Economic Research-Ekonomska Istraživanja,"This study investigates the link between corporate social responsibility (CSR) and the performance of small and medium enterprises (SMEs) and the mediating role of firm reputation from a developing country perspective. Empirical research was carried out, and data were gathered using a questionnaire from 402 owners/managers of SMEs in Eritrea, a country in East Africa. Smart-Partial Least Squares structural equation modelling was employed. The results showed that CSR significantly influences the performance of SMEs, and this relationship is partially mediated by firm reputation. This research contributes to the knowledge of how CSR activities lead to SMEs’ financial performance. This strengthens prior evidence on the impact of CSR on business performance while also contributing significantly to the literature on the mediating role of reputation between social and financial performance. The application of the relationship to SMEs in developing nations reinforces the originality of this study. It makes substantial contributions to the literature in terms of theory, practice, and policy.",135,Reputation; Business; Corporate social responsibility; Originality; Structural equation modeling,0.333,Include,Include,Abstract matches 4 inclusion criteria terms — appears to meet eligibility requirements.
https://openalex.org/W1614534933,https://doi.org/10.1002/csr.1349,The Relationship between Women Directors and Corporate Social Responsibility,2013,Dolors Setó‐Pamies,Corporate Social Responsibility and Environmental Management,"Abstract Corporate social responsibility (CSR) is increasingly becoming a strategic issue that has to be dealt with by top management. The aim of the present study is to analyse the role that women directors can play as driving forces behind the development of CSR in organisations, and contribute to sustainable development. Despite the fact that gender diversity is acquiring considerable importance, most research has focused on analysing how it affects financial performance. In this study, we analyse the implications that gender diversity has on CSR. To do so, we have carried out an empirical study of a sample of firms from a variety of countries and sectors to determine whether those firms with a higher percentage of women on the board of directors are more socially responsible. The results support the hypothesis that gender diversity has a positive influence on CSR. Female talent can play a strategic role in enabling firms to manage their social responsibility and sustainable practices appropriately. Copyright © 2013 John Wiley &amp; Sons, Ltd and ERP Environment",366,Corporate social responsibility; Gender diversity; Variety (cybernetics); Business; Diversity (politics),0.333,Include,Include,Abstract matches 4 inclusion criteria terms — appears to meet eligibility requirements.
https://openalex.org/W2239713937,https://doi.org/10.1177/0007650315584317,A Meta-Analytic Review of Corporate Social Responsibility and Corporate Financial Performance,2015,Qian Wang; Junsheng Dou; Shenghua Jia,Business & Society,"The relationship between corporate social responsibility (CSR) and corporate financial performance (CFP) has long been a central and contentious debate in the literature. However, prior empirical studies provide indefinite conclusions. The purpose of this study is to review systematically and quantify the CSR–CFP link in a meta-analytic framework. Based on 119 effect sizes from 42 studies, this study estimates that the overall effect size of the CSR–CFP relationship is positive and significant, thus endorsing the argument that CSR does enhance financial performance. Furthermore, this work sheds light on the causal relationship between CSR and CFP. Subsequent financial performance is associated with prior social responsibility, while the reverse direction is not supported. This finding supports the instrumental stakeholder theory. As predicted, the meta-analysis results indicate that the measurement strategies of the two key constructs of CSR and CFP explain some variations of the CSR–CFP relationship. Last, this study examines the moderating effect of the environmental context on the CSR–CFP link. This work proposes that CSR in the developed world, with a relatively mature institutional system and efficient market mechanism, will be more visible than CSR in the developing world. The results show that the CSR–CFP relationship is stronger for firms from advanced economies than for firms from developing economies.",664,Corporate social responsibility; Context (archaeology); Argument (complex analysis); Accounting; Stakeholder,0.333,Include,Include,Abstract matches 4 inclusion criteria terms — appears to meet eligibility requirements.
https://openalex.org/W2883281857,https://doi.org/10.1002/csr.1641,How do corporate social responsibility activities affect performance? The role of excess control right,2018,Pi‐Hui Ting; Hsien‐yu Yin,Corporate Social Responsibility and Environmental Management,"Abstract Using a sample of Corporate Social Responsibility (CSR)‐awarded firms in Taiwan during 2007–2016, this paper examines the impacts of various dimensions of CSR activities on firm financial performance, and investigates how the controlling shareholders' excess control right affects the relationship between CSR and firm financial performance. The empirical results show that the various dimensions of CSR activities affect firm financial performance differently. Moreover, the excess control right negatively affects the relationship between CSR activities and firm financial performance. CSR activities which are related to customers and employees have a significant positive impact on accounting‐based and market‐based performance for high and low excess control right firms. CSR activities which are related with environmental policy harm the accounting‐based financial performance of firms with a high degree of excess control right. Finally, the positive impact of community‐related CSR activities on the accounting‐based financial performance of firms is limited to firms with a low degree of excess control right.",45,Corporate social responsibility; Business; Affect (linguistics); Shareholder; Control (management),0.333,Include,Include,Abstract matches 4 inclusion criteria terms — appears to meet eligibility requirements.
https://openalex.org/W573200883,,Assessing the Rate of Return of the Adoption of Corporate Social Responsibility Initiatives,2005,Martin Curran Marina,ERA,"The thesis investigates the relationship between corporate social responsibility (CSR) and financial performance. The thesis is organised into three parts. The first part, the literature review, is in three sections, the first section provides an introduction to the field of corporate social responsibility, its grounding in economic theory and its historical background. The second part of the literature review covers the social and environmental issues relevant specifically to the food and agriculture sector. The third section is a systematic review of the studies that examine the relationship between corporate social performance and financial performance. This review was carried out using a modified Cochrane systematic review method, more commonly found in the medical literature than in the economics literature. The results showed that 70% of the studies reviewed showed a positive and statistically significant relationship between CSR and financial performance. The second part of the thesis includes three empirical studies. The first study, an event study, assessed the impact of the FTSE4Good Index on firm price. The study examined the return to companies of being included in a modified share index that signals good performance in terms of CSR. The results of this event study showed that companies are not rewarded for being included in the index and are not penalised for being deleted from it. The second empirical study, a probit analysis, aimed to identify the probability of a company passing a social and environmental screen given information about the company’s size, financial performance and sector. Results showed that companies with small market capitalisation, low income gearing and high net profit margins were more likely to pass the screen than other companies. Companies in the energy sector were less likely to pass than other companies, and financial sector companies more likely to pass. The third empirical chapter assessed the effect on the financial performance of companies of passing a socially responsible investment screen. The results showed that there was a relationship between passing the screen and higher earnings per share, but the relationship between passing the screen and other financial indicators was not proven. These studies demonstrated the difficulties that exist to provide statistically strong evidence for the relationship between corporate social responsibility and financial performance. Thus the third part of the thesis moved into a different area, from the supply to the demand side. This is the valuation of non-financial indicators and their relationship with CSR, this included a discursive chapter on intangibles and their relationship with CSR and a final empirical study: a choice experiment. This study demonstrated that MBA students take nonfinancial and ethical issues into account when making investment decisions. In conclusion, providing strong evidence for the relationship between corporate social responsibility and financial performance is difficult. There are many ways of measuring CSR and many ways of measuring financial performance. Depending on the measures used, different results are obtained. Looking beyond conventional financial performance measurements, to intangibles, provides a more holistic picture of what is going on in the relationship and shows that there is more to company valuation and investment decision making than financial performance indicators. CSR is an important component of company reputation and has an intrinsic value that is difficult to measure but is no doubt very high.",21,Corporate social responsibility; Business; Accounting; Political science; Public relations,0.333,Include,Include,Abstract matches 4 inclusion criteria terms — appears to meet eligibility requirements.
https://openalex.org/W1716211434,,An Empirical Study of the Relationship between Corporate Social Responsibility Disclosure and Organizational Performance: Evidence from Libya,2012,Nagib Salem Bayoud; Marie Kavanagh; Geoff Slaughter,SSRN Electronic Journal,"This paper examines the relationship between corporate social responsibility disclosure (CSRD) and organizational performance in terms of financial performance, employee commitment and corporate reputation in Libyan companies through stakeholderâ€™s pressures. The researchers have chosen the Libyan context as one of the worldâ€™s developing countries and it has undergone many changes over a short period of time in terms of economic, environmental and social changes. The empirical study was used to collect data relating to CSRD and organizational performance in Libyan companies, it was employed to analyse 110 annual reports of 40 firms that were gathered by using content analysis. This paper reveals that level of CSRD in the annual reports has a positive relationship with organizational performance in terms of financial performance and corporate reputation, while there is not significant relationship between level of CSRD and employee commitment. This paper contributes to the accounting literature by providing evidence from Libya that perceived the level of CSRD in annual reports can have an influence on level of both financial performance and corporate performance by stakeholderâ€™s pressure.",36,Accounting; Corporate social responsibility; Stakeholder; Business; Reputation,0.333,Include,Include,Abstract matches 4 inclusion criteria terms — appears to meet eligibility requirements.
https://openalex.org/W2323395104,https://doi.org/10.1177/0007650314565356,Strategic Philanthropy,2015,Kellie Liket; Karen Maas,Business & Society,"Because it promises to benefit business and society simultaneously, strategic philanthropy might be characterized as a “happy marriage” of corporate social responsibility behavior and corporate financial performance. However, as evidence so far has been mostly anecdotal, it is important to understand to what extent empirics support the actual practice as well as value of a strategic approach, which creates both business and social impacts through corporate philanthropic activities. Utilizing data from the years 2006 to 2009 for a sample of the Dow Jones Sustainability Index (DJSI World), which monitors the world’s most sustainable companies, the authors test a model of strategic philanthropy in which the dependent variable is evidence that a firm does or does not measure business and social impacts simultaneously. From the DJSI data, the authors find a proposed measure of overall corporate social performance (CSP) to be the most important explanatory factor for engagement in strategic philanthropy. Moreover, this measure of CSP has a mediating effect on the relations between certain independent variables and strategic philanthropy. Other important findings provide support for the influence of the institutional factors industry and region on the likelihood that companies are practicing strategic philanthropy, but little effect of the business characteristics company size and profitability on that likelihood.",49,Corporate social responsibility; Profitability index; Strategic management; Business; Marketing,0.333,Include,Include,Abstract matches 4 inclusion criteria terms — appears to meet eligibility requirements.
https://openalex.org/W2970464690,,The impact of corporate governance and intellectual capital on firm's performance and corporate social responsibility disclosure,2018,Shoaib Aslam; Muhammad Farooq Ahmad; Shahid Amin; Muhammad Usman; Shafaq Arif,Econstor (Econstor),"Whether the corporate governance (CG) and intellectual capital (IC) affects the firms' financial performance and corporate social responsibility (CSR) disclosure of Australian stock exchange (ASX) listed firms or not? To answer this crucial question we use the data of all firms listed at ASX for the year 2014. Using the Partial Least Square based Structural Equation Modeling (PLS-SEM) we find reliable evidence that the main driving force behind the CSR disclosure in ASX listed firms is CG rather than IC. These results suggest that, the firms with sound corporate governance practices are more environment-friendly. In addition, we also find that both CG and IC are associated with improved firm financial performance. Our study is helpful for both Australian government and regulatory bodies that are keenly interested in improving the policies on the issues of global warming (i.e. climate change, carbon emission trading schemes, and preservation of natural capital) by providing the empirical evidence that the strong CG practices are not only beneficial for the shareholders but also for the society.",30,Corporate governance; Corporate social responsibility; Accounting; Business; Intellectual capital,0.333,Include,Include,Abstract matches 4 inclusion criteria terms — appears to meet eligibility requirements.
https://openalex.org/W2021983526,https://doi.org/10.1080/10286608.2015.1006129,A dynamic sustainability Balanced Scorecard methodology as a navigator for exploring the dynamics and complexity of corporate sustainability strategy,2015,Thomas Α. Tsalis; E.I. Nikolaou; Evangelos Grigoroudis; Konstantinos P. Tsagarakis,Civil Engineering and Environmental Systems,"The majority of recent empirical research regarding corporate environmental literature seeks to identify the potential relationships between environmental management practices and the financial performance of the firms. In addition, another major part of the research concerns the effect of corporate social responsibility practices on corporate financial performance. The majority of these studies focus on the effect of either social or environmental aspects on firms' economic performance through various statistical techniques in an ex post and static base (at the end of year – annually). To contribute to this literature, this article aims at developing a dynamic sustainability Balance Scorecard methodology to investigate the evolutionary trends of the relationships among environmental, social, and economic performance of firms. The main contribution is the development of an integrated mental model in order to improve managers' and scholars' comprehension of corporate sustainability performance. The proposed methodology is mainly based on the corporate environmental and social management literature, system thinking, system dynamics, and Stella software. Some computational examples are also presented based on three scenarios.",23,Balanced scorecard; Sustainability; Corporate social responsibility; Corporate sustainability; Business,0.333,Include,Include,Abstract matches 4 inclusion criteria terms — appears to meet eligibility requirements.
https://openalex.org/W2068150078,https://doi.org/10.1061/(asce)co.1943-7862.0000676,Turning Green to Gold in the Construction Industry: Fable or Fact?,2013,Yujie Lu; Qingbin Cui; Yun Le,Journal of Construction Engineering and Management,"Green principles have been increasingly incorporated into planning, design, construction, and maintenance processes in the engineering and construction industry. Along with the growth of the green initiative, going green not only demonstrates corporate social responsibility, but may yield significant economic benefits. This study compares financial performance between green and conventional firms in the engineering and construction industry. A total of 22 sample companies used in this empirical analysis are categorized into two groups—green versus conventional firms—in accordance with Engineering News Record and Newsweek green company lists. Two groups are compared in terms of short-term financial performance, long-term economic value, and market value. The analysis shows that green firms outperform conventional firms on return on equity (17.4 versus 8.2%) and economic value added margin (0.35 versus −1.43%). However, the green strategy has not yet been factored into corporate market value. The findings yield important managerial implications for engineering and construction organizations to integrate sustainability into their business operation.",34,Operating margin; Yield (engineering); Sustainability; Business; Equity (law),0.333,Include,Include,Abstract matches 4 inclusion criteria terms — appears to meet eligibility requirements.
https://openalex.org/W2033499514,https://doi.org/10.1017/s1833367200001784,"Corporate governance, corporate social responsibility and corporate performance",2010,Chi‐Jui Huang,Journal of Management & Organization,"Abstract Previous research has analyzed and debated corporate governance (CG) and corporate social responsibility (CSR) independently. This paper aims to empirically explore the interrelationship between CG, CSR, financial performance (FP) and Corporate Social Performance (CSP) using a sample of 297 electronics companies operating in Taiwan, a newly industrialized Asian economy. The results show that a CG model which includes independent outside directors and which has specific ownership characteristics has a significantly positive impact on both FP and CSP, whereas FP itself does not influence CSP. The presence of independent outside directors in the firm has the greatest impact on the social performance of the firm's worker, customer, supplier, community and society dimensions. Government shareholders enhance a firm's social performance extraordinarily because government shareholders will be more likely to request that companies fulfill their social responsibilities. Only government shareholders positively and significantly relate to a firm's environmental performance. Furthermore, foreign institutional stockholders help to increase worker and supplier performance by paying more attention to employee policies and supply chain relationships. Finally, independent outside directors, foreign institutional stockholders and domestic financial institutional stockholders are shown to improve financial performance.",116,Shareholder; Corporate social responsibility; Corporate governance; Business; Accounting,0.333,Include,Include,Abstract matches 4 inclusion criteria terms — appears to meet eligibility requirements.
https://openalex.org/W2041059603,https://doi.org/10.1108/10610421011068577,Corporate social performance and financial‐based brand equity,2010,Hui‐Ming Deanna Wang,Journal of Product & Brand Management,"Purpose The purpose of this research is to empirically test the interrelationship between corporate social performance and financial‐based brand equity. This paper proposes that social performance leads to enhanced brand equity and, conversely, brand equity positively influences social performance. Firm size is hypothesized to play a moderating role in the interrelationship. Design/methodology/approach This paper uses cross‐sectional, secondary data of global brands. A system of equations is proposed and estimated using seemingly unrelated regression. Findings Prior social performance has a positive effect on brand equity, but brand equity only impacts future social performance among very large firms. The positive effect of prior social performance on brand equity is amplified in smaller firms. Practical implications Managers can increase brand equity by using corporate social responsibility as a strategic tool for positioning differentiation. To maintain competitive parity in social positioning and preserve brand equity, very large firms will likely need to ensure that they achieve comparable social performance as their global peer competitors. Originality/value This research offers a new perspective that looks at corporate social responsibility as a source and outcome of brand equity. The paper is the first empirical study that tests the interrelationship between social performance and financial‐based brand equity. The work offers global managers an improved understanding on how social responsibility relates to brand equity.",68,Brand equity; Business; Equity capital markets; Brand management; Competitor analysis,0.333,Include,Include,Abstract matches 4 inclusion criteria terms — appears to meet eligibility requirements.
https://openalex.org/W4378714030,https://doi.org/10.1002/csr.2538,Determinants and consequences of corporate social responsibility decoupling—Status quo and limitations of recent empirical quantitative research,2023,Patrick Velte,Corporate Social Responsibility and Environmental Management,"Abstract This study reviews recent empirical quantitative research on firm‐ and country‐related determinants of corporate social responsibility (CSR) decoupling and the consequences on firm value. Based on legitimacy theory and agency theory, top managers use CSR decoupling for self‐impression management and stakeholder attraction. Our review indicates that low (high) corporate governance quality increases (decreases) CSR decoupling and it has negative financial consequences for firms. We identify major research gaps and stress research recommendations for future CSR decoupling studies. Solid measures of CSR decoupling should compare quantitative performance measures and qualitative descriptions on CSR reports on strategies and processes. There is a great need to include automated text analyses of sustainability reports for future research designs. Due to extended regulations on CSR reporting from an international perspective, CSR decoupling remains a hot topic for researchers, business practice, and standard setters.",80,Corporate social responsibility; Business; Status quo; Sustainability; Stakeholder,0.333,Include,Include,Abstract matches 4 inclusion criteria terms — appears to meet eligibility requirements.
https://openalex.org/W2012706794,https://doi.org/10.1108/17471110910995357,Linking corporate social responsibility with admiration through organizational outcomes,2009,Juan‐Gabriel Cegarra‐Navarro; Aurora Martínez‐Martínez,Social Responsibility Journal,"Purpose From the decision‐maker's viewpoint, the success of a social responsibility program rests heavily on a corporation's ability to create links in the public consciousness between the CSR activities of an organization and its performance to different stakeholders. However, thinking broadly about CSR outcomes often results in a list that is much too long to be of any practical use. The purpose of this paper is to provide an empirical study to provide understanding as to why business organizations are increasingly engaging in corporate social responsibility issues. Design/methodology/approach The paper investigates whether CSR initiatives have any impact on six organizational outcomes through an empirical investigation of 100 large firms in the Spanish MERCO (Monitor Español de Reputación Corporativa) using repeated ANOVA measures. Findings The results indicate that the benefits of CSR issues fall within five major categories; namely: quality of products and services, global business, innovativeness, corporate culture, and ethical obligations. However, it is surprising to find that CSR had no significant effect on financial soundness. Research limitations/implications The use of admiration can enable stakeholders to develop consensus and creative processes relating to the design of new requirements where CSR activities are incorporated into business activities. Practical implications The implication for management practice is that CSR activities represent a long‐term programme to change, and a proactive way to improve admiration. Originality/value The paper shows that social responsibility is not always detrimental to company goals and performance",65,Corporate social responsibility; Admiration; Originality; Social responsibility; Business,0.333,Include,Include,Abstract matches 4 inclusion criteria terms — appears to meet eligibility requirements.
https://openalex.org/W4385290853,https://doi.org/10.1108/ijesm-01-2023-0012,Relationship between ESG and corporate financial performance in the energy sector: empirical evidence from European companies,2023,Γεωργία Μακρίδου; Michael Doumpos; Christos Lemonakis,International Journal of Energy Sector Management,"Purpose Considering environmental, social and governance (ESG) factors is vital in climate change mitigation. Energy companies must incorporate ESG into their business plans, although it unquestionably affects their corporate financial performance (CFP). This paper aims to investigate the effect of ESG on energy companies’ profitability through return on assets by analysing the combined score and individual dimensions of ESG. Design/methodology/approach The study examined a panel data sample of 911 firm-year observations for 85 European energy-sector companies during 1995–2020. Two distinct modelling specifications were applied to explore the impact of ESG components on the CFP of EU energy companies. The financial data and ESG scores were obtained from the Thomson Reuters Eikon database in July 2021. Findings The empirical findings revealed that energy companies’ profitability is marginally and negatively affected by their ESG performance. Whereas independent evaluation of the ESG subcomponents indicated that environmental responsibility has a significant negative effect. In contrast, corporate social and governance responsibilities are positively but not significantly associated with the company’s CFP. Originality/value This study fills a research gap in the ESG–CFP literature in the European energy sector, a pioneer in sustainable development. To the best of the authors’ knowledge, this study’s originality lies in its analysis of ESG factors’ role in profitability by considering different EU countries and energy sectors.",64,Profitability index; Originality; Corporate social responsibility; Business; Corporate governance,0.333,Include,Include,Abstract matches 4 inclusion criteria terms — appears to meet eligibility requirements.
https://openalex.org/W3183164384,https://doi.org/10.1111/auar.12347,Does Corporate Social Responsibility Enhance Financial Performance? Evidence from Australia,2021,Van Ha Nguyen; Frank W. Agbola; Bobae Choi,Australian Accounting Review,"Abstract Despite the heightened interest in corporate social responsibility (CSR) in recent years, the question of whether CSR affects a firm's financial performance remains unresolved. Using a sample of Australian publicly listed firms over the period 2009–2015, we find that CSR enhances financial performance. The positive relationship is more pronounced in mining firms than it is in non‐mining firms. However, the financial benefit of CSR is negatively moderated by the level of industry competition. These empirical findings remain robust after controlling for sample selection bias and endogeneity and employing alternative variable measures and estimation methods. Overall, our findings highlight the importance of industry characteristics in explaining the effects of CSR on financial performance.",38,Endogeneity; Corporate social responsibility; Competition (biology); Business; Sample (material),0.333,Include,Include,Abstract matches 4 inclusion criteria terms — appears to meet eligibility requirements.
https://openalex.org/W4367054016,https://doi.org/10.1111/joes.12556,Determinants and consequences of corporate social responsibility disclosure: A survey of extant literature,2023,Waris Ali; Stelios Bekiros; N. Hussain; Sana Akbar Khan; Duc Khuong Nguyen,Journal of Economic Surveys,"Abstract This paper systematically analyzes and synthesizes the literature on the determinants and consequences of corporate social responsibility (CSR) disclosure. The study is unique in that it synthesizes based on the geographical setting of the original research. We analyzed 135 empirical studies published in Chartered Association of Business Schools (ABS) ranked journals from 1982 to 2020. The results reveal that various global, country‐specific, market‐specific, and firm‐specific factors are important in determining a firm's CSR disclosure policies. These factors are consistently relevant in both developed and developing economies. Furthermore, the synthesis shows that companies achieve various CSR disclosure‐related benefits in the form of a better reputation, enhanced financial performance, better access to external finances, better stakeholder management, and enhanced corporate accountability. In terms of theories, we observe a high heterogeneity among various studies examining the same empirical phenomenon. Based on the analysis and review results, we identify avenues for future research.",44,Corporate social responsibility; Extant taxon; Accounting; Accountability; Reputation,0.333,Include,Include,Abstract matches 4 inclusion criteria terms — appears to meet eligibility requirements.
https://openalex.org/W2155123514,https://doi.org/10.1177/0007650312439187,Value Creation Through Social Strategy,2012,Bryan W. Husted; David Allen; Ned Kock,Business & Society,"Literature on corporate social responsibility (CSR) has tended to treat economic benefits to the firm as unintentional spillovers that result from laudable CSR behavior. Empirical studies of the relationship between CSR and corporate financial performance (CFP) have reported mixed findings. This article shifts the conceptual and empirical focus to investigate the conditions under which intentional profit-seeking through corporate social action projects can create economic value for the firm. The article uses resource-dependency theory and the resource-based view to define the firm’s external and internal environments respectively. From that perspective, the article looks at how corporate social action creates economic value through strategic social planning and strategic social positioning. A survey instrument was developed and applied to 110 large Spanish firms. In that sample, munificence and continuous innovation positively affect social positioning, while nongovernmental organization salience and social responsibility orientation positively affect social planning. Both social positioning and social planning in turn contribute to corporate ability to create value. The article concludes with a discussion of the research and managerial implications of these findings.",121,Corporate social responsibility; Salience (neuroscience); Business; Affect (linguistics); Empirical research,0.333,Include,Include,Abstract matches 4 inclusion criteria terms — appears to meet eligibility requirements.
https://openalex.org/W1599780593,https://doi.org/10.1111/j.1468-036x.2009.00518.x,Does It Pay to Be Socially Responsible? Evidence from Spain's Retail Banking Sector,2009,Francisco José Callado Muñoz; Natalia Utrero-González,European Financial Management,"This paper extends the research on the relation between financial performance and corporate social responsibility in two respects. First, it develops a model of strategic competition that includes consumer perceptions with respect to firm social performance. It is shown that in the presence of a positive valuation of social responsibility practices by consumers, a firm that endorses this responsible behaviour may obtain a better strategic position in the market, along with higher margin, demand, and profit. Second, the model's predictions are tested with a sample of Spanish banking firms. The empirical analysis confirms that consumers significantly value other features apart from price in making deposit and mortgage decisions, particularly a financial institution's social responsibility. A more disaggregated analysis shows first, that not every CSR dimension has relevance for consumers and second, that customers equally value activities that can have a direct impact on their well-being (e.g., culture and leisure), as well as other activities that can be viewed more generally as public goods (e.g., heritage and the environment). These conclusions are of interest in the debate about a firm's social or ethical activities. It is shown that, provided that consumers value corporate social responsibility activities, firms can improve both their competitive position in the market and their profits by behaving in a socially responsible manner. Therefore, the design and implementation of corporate social responsibility practices could confer upon firms an initial competitive advantage over their competitors.",53,Corporate social responsibility; Competitor analysis; Social responsibility; Business; Marketing,0.333,Include,Include,Abstract matches 4 inclusion criteria terms — appears to meet eligibility requirements.
https://openalex.org/W1972610349,https://doi.org/10.1108/mf-08-2013-0209,Risk management practices adopted by financial firms in Malta,2014,Frank Bezzina; Simon Grima; Josephine Mamo,Managerial Finance,"Purpose – The purpose of this paper is to bring to light the risk management practices adopted by financial firms in the small island state of Malta. It seeks to: first, identify the risk management strategies and mechanisms that these firms adopt to manage risks, maximise opportunities, and maintain financial stability; second, determine whether these practices are perceived as contributing to principled performance; third, examine the extent to which risk management capabilities offer competitive advantage to firms, and fourth, investigate whether corporate social responsibility (CSR) is a key driver of risk management corporate strategies. Design/methodology/approach – A self-administered questionnaire purposely designed for the present study was distributed among the 156 credit institutions, investment firms and financial institutions registered with the Malta Financial Services Authority. Overall, 141 firms participated in the study (a response rate of 90.4 per cent) and the responses were subjected to statistical analysis in an attempt to answer four research questions. Findings – Maltese financial firms have sound risk management practices that link positively with added value and principled performance. Although competitive advantage has been given less weight by these firms, the implemented risk management mechanisms allow for a strong risk culture, defined risk management goals, accountability and continual improvement. CSR forms part of the firms’ risk management corporate strategies and is valued as part of these firms’ corporate culture, while financial/economic factors are viewed as key in driving effective risk management principles. Originality/value – The study provides empirical evidence that securing “best practice” in firms’ risk management corporate culture is seen as better predicated on maximising financial advantage (“the instrumental driver”) rather than simply reflecting externally imposed standards (“the compliance driver”).",88,Risk management; Business; Competitive advantage; Financial risk management; Originality,0.333,Include,Include,Abstract matches 4 inclusion criteria terms — appears to meet eligibility requirements.
https://openalex.org/W3015852223,https://doi.org/10.1002/csr.1937,"Corporate social responsibility, water management, and financial performance in the food and beverage industry",2020,Olaf Weber; Grace Saunders‐Hogberg,Corporate Social Responsibility and Environmental Management,"Abstract Water management is an important issue for the food and beverage sector. Global media reports about conflicts between industries and stakeholders about water resources that hurt the food and beverage industry. This study addresses the gap in the knowledge about the connection between water management performance and the financial performance of companies in the food and beverage industry that exists because of a lack of empirical studies in the field of corporate water management and financial performance. Using structural equation modeling to analyze secondary corporate social performance data from KLD‐MSCI, secondary financial data from Compustat, and primary water management data, the results suggest that corporate social performance has a positive impact on water management performance and that water management performance influences the financial performance of the firms in the sample positively. We conclude that an inside‐out approach of corporate social responsibility addressing material issues, such as water in the food and beverage industry, helps to increase the financial performance in this industry. Academically, we contribute to the knowledge about the connection between water management and financial performance in the food and beverage industry. Furthermore, our results can be used by policymakers to implement standardized water indicators for the food and beverage industry. Finally, businesses can use the results of the study to improve their water‐related environmental performance.",43,Business; Corporate social responsibility; Beverage industry; Food industry; Accounting,0.333,Include,Include,Abstract matches 4 inclusion criteria terms — appears to meet eligibility requirements.
https://openalex.org/W2026658332,https://doi.org/10.1080/14697688.2013.815796,The effect of corporate social responsibility on stock performance: new evidence for the USA and Europe,2013,Urs von Arx; Andreas Ziegler,Quantitative Finance,"This paper provides new empirical evidence for the effect of corporate social responsibility on corporate financial performance. In contrast to former studies, we examine two different regions, namely the USA and Europe, and disentangle firm and sector specific impacts. Our econometric analysis shows that environmental and social activities of a firm compared with other firms within the industry are valued by financial markets in both regions. However, the respective positive effects on average monthly stock returns between 2003 and 2006 are more robust in the USA and, in addition, non-linear. Our analysis furthermore points to biased parameter estimates if incorrectly specified econometric models are applied: the seemingly significantly negative effect of environmental and social performance of the industry to which a firm belongs strongly declines and mostly becomes insignificant if the explanation of stock performance is based on the Fama–French three-factor or the Carhart four-factor models instead of the simple Capital Asset Pricing Model.",62,Capital asset pricing model; Stock (firearms); Economics; Corporate social responsibility; Financial economics,0.333,Include,Include,Abstract matches 4 inclusion criteria terms — appears to meet eligibility requirements.
https://openalex.org/W4315978840,https://doi.org/10.1002/csr.2447,"Corporate social responsibility performance and the cost of capital in <scp>BRICS</scp> countries. The problem of selectivity using environmental, social and governance scores",2023,Paola Fandella; Bruno S. Sergi; Emiliano Sironi,Corporate Social Responsibility and Environmental Management,"Abstract The paper aims to test whether corporate social responsibility (CSR) performance affects the costs of debt, equity, and a weighted average of those two components in BRICS countries. Theoretically, a decline in the cost of capital is linked to a decrease in the firm risk. We measure CSR performance using the environmental, social, and governance (ESG) combined score from the Thomson Reuters EIKON database for non‐financial enterprises between 2014 and 2019. A panel regression analysis has been run in order to test whether (1) the inclusion in the ESG combined ranking or (2) the level of the scores for ESG combines is linked to a decline in the cost of capital. Empirical evidence suggests that the level of the ESG combined score does not affect the firm's financial risk. Inclusion in the ESG combined index decreases the cost of equity and the average cost of capital instead. Firms that received an ESG combined score pay lower returns to investors.",76,Corporate social responsibility; Cost of capital; Business; Corporate governance; Cost of equity,0.267,Include,Include,Abstract matches 5 inclusion criteria terms — appears to meet eligibility requirements.
https://openalex.org/W2782385075,https://doi.org/10.1504/ijssm.2017.089125,Do women on board of directors have an impact on corporate governance quality and firm performance? A literature review,2017,Patrick Velte,International Journal of Sustainable Strategic Management,"Women on board of directors (WOBD) should contribute to a sustainable strategic management with regard to the increased stakeholder demand on social and environmental issues. This literature review evaluates 200 empirical research studies on the impact of WOBD on corporate governance quality and firm performance. We briefly introduce the theoretical and empirical WOBD framework. This is followed by a discussion of WOBD effectiveness which aims to enhance corporate governance quality, and is divided into the following areas: 1) financial reporting; 2) corporate social responsibility (CSR) reporting; 3) audit; 4) corporate philanthropy. We will then evaluate the impact of WOBD on; 5) financial performance; 6) CSR performance. Furthermore, we will summarise the key findings in each area, and provide a description of the analysed proxies for corporate governance quality and firm performance. Finally, we will discuss the limitations of the studies and give useful recommendations for future empirical research activities in this topic.",58,Corporate governance; Corporate social responsibility; Accounting; Business; Stakeholder,0.267,Include,Include,Abstract matches 5 inclusion criteria terms — appears to meet eligibility requirements.
https://openalex.org/W2016469747,https://doi.org/10.1108/14720701111159217,Corporate social responsibility and corporate financial performance in China: an empirical research from Chinese firms,2011,Honghui Chen; Xiayang Wang,Corporate Governance,"Purpose Although the relationship between corporate social responsibility (CSR) and financial performance has become a hot topic of the Western management community after several decades of arguments, there is still little empirical literature about the relationship between Chinese companies' CSR and financial performance. According to the investigation of Chinese companies, this paper aims to use stakeholder theory to answer this question. Design/methodology/approach A theoretical framework is proposed based on the stakeholder theory by defining nine kinds of stakeholders and viewing the companies taking CSR as giving responses to the interest requirement of these stakeholders. Some agent variables are also set to depict CFP. Subsequently, this paper uses the data collected in 2007 and 2008 from Chinese firms to explore the relationship between CSR and corporate financial performance (CFP) empirically. Findings The results show that companies' social responsibility activity can improve their financial performances of the current year, have significant effects on their financial performances of the next year, and vice versa. The variation of CSR and financial performance can also significantly influence each other. Originality/value This research integrates the factors of time delay and cause‐effect with the relationship of CSR and CFP, and then provides theory support for companies taking CSR.",241,Corporate social responsibility; Originality; Stakeholder; Stakeholder theory; Business,0.267,Include,Include,Abstract matches 5 inclusion criteria terms — appears to meet eligibility requirements.
https://openalex.org/W2093335100,https://doi.org/10.1596/0-8213-2990-1,Corporate governance in transitional economies,1995,Masahiko Aoki; Hyung-Ki Kim,The World Bank eBooks,"No AccessStand Alone Books1 Feb 2013Corporate governance in transitional economiesInsider control and the role of banksAuthors/Editors: Masahiko Aoki, Hyung-Ki KimMasahiko Aoki, Hyung-Ki Kimhttps://doi.org/10.1596/0-8213-2990-1SectionsAboutPDF (1.1 MB) ToolsAdd to favoritesDownload CitationsTrack Citations ShareFacebookTwitterLinked In Abstract:When socialist planned economies were first being transformed into market economies, a naive optimism ruled. The transition could be achieved, it was thought, by simply privatizing state-owned enterprises and by introducing the equity market as a means of corporate control. This textbook notion of the capitalist system disregarded issues of political economy, as well as the historical development of national institutions. Recommendations based on such beliefs have proved either unrealistic or simplistic: no single model is appropriate for every country. This volume presents the results of research on corporate governance in transitional economies from the new perspective of comparative institutional analysis. Under this approach, banks and other outside institutions can play an important role in providing corporate governance. In the traditional model, efficient governance is meant to enable stockholders to exercise corporate control. The volume discusses: 1) theoretical foundations of corporate governance structures; 2) comparative country experiences; and 3) the relevance of lessons from Germany and Japan. By comparing and evaluating various systems of governance, the authors seek to uncover the factors that support or impede effective corporate control, including historical and socioeconomic conditions and institutional environments. In designing corporate governance structures, economists should identify the specific conditions under which each model of corporate control (or combination of models) can work, the availability of these conditions in the transitional economies, and the most efficient way of achieving these conditions. FiguresreferencesRecommendeddetailsCited byState‐owned capital and corporate social responsibility of private‐holding companies: evidence from ChinaAccounting & Finance, Vol.3922 February 2022Regional cultural diversity and corporate philanthropy: evidence from Chinese dialectsAsia-Pacific Journal of Accounting & Economics, Vol.920 December 2021The downside of absence of controlling shareholders: evidence from management trading abnormal returnChina Journal of Accounting Studies, Vol.9, No.228 September 2021Corporate Governance29 June 2020The family business in new EU countries: the spread and agency conflicts they faceBuhalterinės apskaitos teorija ir praktika, No.2017 December 2019Privatization and the Rise of the Oligarchy2 April 2019Political Connections, Ownership Structure and Performance in China's Mining SectorBibliography17 September 2016Governance and performance in China's real estate sectorManagerial Finance, Vol.42, No.6Optimal Corporate Bankruptcy System Design: From the Perspective of the Contingent Governance19 September 2013Do Internal Governance Mechanisms Impact on Firm Performance? Empirical Evidence from the Financial Sector in ChinaJournal of Asia-Pacific Business, Vol.13, No.2Some Recent Progresses on Financial Structure and DevelopmentPrivate benefits of control in the banking industry: A cross-country analysisCorporate Ownership and Control, Vol.10, No.11 January 2012Corporate governance mechanisms and financial performance in China: panel data evidence on listed non financial companiesAsia Pacific Business Review, Vol.17, No.3Corporate governance and capital flowsCorporate Governance: The international journal of business in society, Vol.11, No.3L'adoption du vote par internet aux assemblées générales des actionnaires de sociétés cotées en France : une perspective institutionnalisteSystèmes d'information & management, Vol.Volume 16, No.2Corporate Governance at the Chinese Stock Market: How It Evolved20 July 2011Research on effect factors and mechanism of Chinese family business governanceGovernance and performance in compliance versus non-compliance Chinese listed companiesCorporate Board role duties and composition, Vol.6, No.31 January 2010The Performance of Group-affiliated Firms during Institutional Transition: A Longitudinal Study of Indian FirmsCorporate Governance: An International Review, Vol.17, No.4The impact of state shares on corporate innovation strategy and performance in ChinaAsia Pacific Journal of Management, Vol.25, No.31 April 2008Related-party disclosures in the two-tier board system in China: Influences of ownership structure and board compositionCorporate Board role duties and composition, Vol.4, No.11 January 2008ENTERPRISE REFORM AND CORPORATE GOVERNANCE IN RUSSIA: A QUANTITATIVE SURVEYJournal of Economic Surveys, Vol.21, No.5Corporate governance of state-owned enterprises in ChinaCorporate Ownership and Control, Vol.5, No.11 January 2007Corporate governance and strategic transparency: East Asia in the international business systemsCorporate Governance: The international journal of business in society, Vol.6, No.3Enlarged EU: enlarged corporate governance? Why directives might be more appropriate for transition economiesCorporate Governance: The international journal of business in society, Vol.6, No.3Equity pattern, corporate governance and performance: A study of India's corporate sectorJournal of Economic Behavior & Organization, Vol.59, No.1Sources of Capital and Structures of InfluenceInternational Sociology, Vol.20, No.429 June 2016Biased Lending and Non-performing Loans in China's Banking SectorJournal of Development Studies, Vol.41, No.6Corporate Governance and Institutional Transparency in Emerging MarketsJournal of Business Ethics, Vol.59, No.1-2The Supervisory Board in Chinese Listed Companies: Problems, Causes, Consequences and RemediesOn the Convergence of National Corporate Governance SystemsSSRN Electronic JournalThe Usefulness of the Supervisory Board Report in ChinaCorporate Governance, Vol.11, No.4State-owned enterprise and bank reform in China: conditions for liberalisation of the capital accountSelling China, Vol.55 June 2012A litmus test for China's accession to the WTOBetween Bureaucracy and Market: Chinese Industrial Groups in Search of New Forms of Corporate GovernancePost-Communist Economies, Vol.14, No.2Banks and Economic Growth: Implications from Japanese HistoryThe Journal of Law and Economics, Vol.45, No.1Privatization as a Means to Societal Transformation: An Empirical Study of Privatization in Central and Eastern Europe and the Former Soviet UnionSSRN Electronic Journal7. Le « modèle » russe : paiements déficients et intermédiation absenteNew risks ahead: The eastward enlargement of the EurozoneIntereconomics, Vol.36, No.6The Business(es) of the Chinese StateSSRN Electronic JournalLegal and Institutional Reform in the European Transitional EconomiesThe Soft Budget Constraint: A Theoretical ClarificationRecherches économiques de Louvain, Vol.67, No.217 August 2016The New Relationship: Human Capital in the American CorporationThe New Relationship: Human Capital in the American Corporation, edited by BlairMargaret M. and KochanThomas A.. Washington, DC: Brookings Institution Press, 2000.Academy of Management Review, Vol.25, No.4The Future of Business Groups in Emerging Markets: Long-Run Evidence From ChileAcademy of Management Journal, Vol.43, No.3Privatization and Enterprise Performance: Evidence from EstoniaPatterns of Legal Change: Shareholder and Creditor Rights in Transition EconomiesSSRN Electronic JournalChina's Membership in the WTO and Enterprise Reform: The Challenges for Accession and BeyondSSRN Electronic JournalThe Value of Prominent Directors: Lessons in Corporate Governance from Transitional JapanSSRN Electronic JournalInsider control and the soft budget constraint: a simple theoryEconomics Letters, Vol.61, No.3The Role of Banks in Financing Russian Economic GrowthPost-Soviet Geography and Economics, Vol.39, No.215 May 2013Societies, polities and capitalists in developing countries: A literature surveyJournal of Development Studies, Vol.33, No.3Privatization and Economic Growth: Reflections and ObservationsEnterprise reform in China: agency problems and political controlThe Economics of Transition, Vol.4, No.2TOWARDS A COMPARATIVE INSTITUTIONAL ANALYSIS: MOTIVATIONS AND SOME TENTATIVE THEORIZINGThe Japanese Economic Review, Vol.47, No.1Theory and Literature View Published: February 1995ISBN: 978-0-8213-2990-0 Copyright & Permissions Related RegionsEurope and Central AsiaRelated CountriesCzech RepublicRussian FederationRelated TopicsFinance and Financial Sector DevelopmentLaw and DevelopmentPrivate Sector Development KeywordsBANKSCENTRALLY PLANNED ECONOMIESDENATIONALIZATIONPUBLIC ENTERPRISESCAPITAL MARKETSCORPORATE PLANNINGCOMPARATIVE ANALYSISCORPORATE CONTROLCORPORATE GOVERNANCEBANKING REFORMBANKING SECTORBANKRUPTCYCOMMERCIAL BANKSDECENTRALIZATIONFISCAL REFORMPRIVATIZATIONSAVINGSTRANSITION ECONOMIES PDF DownloadLoading ...",147,Corporate governance; Business; Economic system; Market economy; Economy,0.267,Include,Include,Abstract matches 5 inclusion criteria terms — appears to meet eligibility requirements.
https://openalex.org/W3011361396,https://doi.org/10.1108/imds-09-2019-0493,Corporate social responsibility and innovation: a comparative study,2020,Haidi Zhou; Qiang Wang; Xiande Zhao,Industrial Management & Data Systems,"Purpose The purpose of this study was to examine how firms' corporate social responsibility (CSR) strategies affect their innovation performance via two mediating variables, employee involvement and supplier collaboration, and compare how this mechanism works in the service and manufacturing industries. Design/methodology/approach The conceptual model was built on stakeholder theory, the resource-based view (RBV) and service-dominant logic (SDL). Based on survey data from 686 service firms and 1,646 manufacturing firms, the hypothesized relationships were tested using structural equation modeling (SEM). Findings The empirical results showed that CSR positively affected service innovation and product innovation in service firms and manufacturing firms, respectively, and that these effects were positively mediated by employee involvement and supplier collaboration. However, compared with manufacturing firms, the effect of CSR on innovation performance was greater for service firms. Supplier collaboration and employee involvement also played a stronger role in service firms when mediating the relationship between CSR and innovation performance. Originality/value By analyzing and validating the direct and indirect effects of CSR on innovation performance in both the service and manufacturing industries, this study addressed the strategic benefit of CSR and extended research focused on the financial benefits of CSR. Therefore, its findings contribute to our understanding of sustainability and innovation issues. From a theoretical perspective, this study extended the RBV, SDL and stakeholder theory to the context of the CSR-innovation relationship, and showed that firms could align CSR and innovation initiatives to achieve strategic synergy. It also revealed the similarities and differences between service and manufacturing firms regarding the mechanism through which CSR affects innovation.",114,Corporate social responsibility; Business; Service innovation; Originality; Context (archaeology),0.267,Include,Include,Abstract matches 5 inclusion criteria terms — appears to meet eligibility requirements.
https://openalex.org/W4383197001,https://doi.org/10.1016/j.irfa.2023.102734,"CSR, financial and non-financial performance in the tourism sector: A systematic literature review and future research agenda",2023,Ibrahim Ayed Alatawi; Collins G. Ntim; Anis Alnafati Zras; Mohamed Elmagrhi,International Review of Financial Analysis,"This paper provides a comprehensive, international, multi-discipline and multi-methods systematic literature review (SLR) of the existing corporate social responsibility (CSR) and corporate financial performance and non-financial performance measures research in tourism firms. The objective is to synthesise, appraise and extend current understanding of the existing conceptual/theoretical/empirical literature on the relationship between CSR and corporate financial and non-financial performance measures. We adopt a three-step SLR approach to analyse/review one of the largest SLR datasets employed to-date, consisting of 140 multi-methods and theoretical CSR studies conducted globally across multiple disciplines over the 2004–2019 period, published in top-ranked journals. Our findings are as follows. First, a large number of the existing studies are descriptive and/or draw on single rather than multi-theoretical perspectives. Second, existing studies have focused mainly on how CSR is related to financial performance measures to the neglect of non-financial performance measures. Third, observable methodological limitations include the dearth of qualitative, mixed-methods and cross-cultural/developing/country studies. Finally, we outline opportunities for future research.",136,Corporate social responsibility; Accounting; Tourism; Business; Empirical research,0.267,Include,Include,Abstract matches 5 inclusion criteria terms — appears to meet eligibility requirements.
https://openalex.org/W4391401410,https://doi.org/10.1080/23311975.2023.2293302,The role of Indonesian regulators on the effectiveness of ESG implementation in improving firms’ non-financial performance,2024,Ni Putu Gita Rahmaniati; Erni Ekawati,Cogent Business & Management,"Recent studies have addressed the impact of Environment, Social, and Governance responsibility on corporate financial performance and value, but often ignore its impact on non-financial performance.Whereas the ultimate goal of ESG responsibilities is non-financial matters, that is, to incorporate socially acceptable norms into business activities to reach sustainable goals for society.Employing an unbalance panel data model for listed companies in Indonesian Stock Exchange from 2016 to 2022, this study provides empirical evidence on the indirect impact of ESG implementation on firms' non-financial performance.Consistent with the stakeholder theory, this study found a positive impact of ESG implementation on firm values.The predictability of ESG performance in future financial performance is in line with the resource-based views.ESG-related financial performance has a positive impact on non-financial performance.Firms are willing to increase their commitment to ESG activities if these activities can primarily improve their financial performance.The regulatory policy with dual materiality characteristic is effective in mitigating the mere financial motives of ESG implementation to the more substantive outcomes on ESG-related issues.The effective law enforcement is able to encourage the companies not only to symbolically implement the ESG but to go beyond the legitimate substantive strategic implementation.",37,Indonesian; Business; Accounting; Philosophy; Linguistics,0.25,Include,Include,Abstract matches 3 inclusion criteria terms — appears to meet eligibility requirements.
https://openalex.org/W2252611253,https://doi.org/10.1111/basr.12075,Doing Well by Reporting Good: Reporting Corporate Responsibility and Corporate Performance,2015,Jegoo Lee; Sylvia Maxfield,Business and Society Review,"Abstract This article aimed to examine the impacts of reporting‐type corporate responsibility activities ( CRA ‐ R ) on corporate social and financial performance. Academic research has explored how varying attributes of markets, industry sectors and firms might shape corporate social and financial performance, but includes little effort to examine the impacts of different kinds of CRA on corporate performance. We build on debate about the value of firms' reporting activities related to corporate responsibility. Recent literature suggests that CRA ‐ R is superficial marketing or “greenwashing.” Despite this viewpoint, corporate reporting activities related to responsibility are rising. In order to solve this puzzle, this article explores the impact of CRA ‐ R on corporate performance. First, drawing from the institutional perspective, we propose that CRA ‐ R will positively impact corporate social performance ( CSP ) oriented toward secondary stakeholders. Second, combining the stakeholder–agency perspective and corporate responsibility literature, we motivate the hypotheses that CRA ‐ R positively influences corporate financial performance ( CFP ). Empirical testing with a unique dataset of large US corporations selected in the F ortune 500 support the proposed hypotheses. In particular, both corporate social responsibility and Global Reporting Initiative (GRI) activities positively influence corporate environmental performance, and financial performance. In particular, GRI reporting is a strong indicator to impact both social and financial performance. Our findings indicate that CRA ‐ R should not simply reflect shallow motivations, but deliver value to noninvestor stakeholders as well as investors.",37,Corporate social responsibility; Greenwashing; Accounting; Stakeholder; Business,0.25,Include,Include,Abstract matches 3 inclusion criteria terms — appears to meet eligibility requirements.
https://openalex.org/W4206343126,https://doi.org/10.1002/csr.2230,Impact of corporate social responsibility on financial expert <scp>CEOs</scp>' turnover in heavily polluting companies in Bangladesh,2022,Bablu Kumar Dhar; Iman Harymawan; Sabrina Maria Sarkar,Corporate Social Responsibility and Environmental Management,"Abstract Based on the empirical data of heavily polluting companies in Bangladesh from 2010 to 2019, this paper conducts an empirical analysis of changes in the financial background of top management on the performance of social responsibilities of heavily polluting companies. Results from the analysis among 212 listed companies on the Dhaka Stock Exchange indicate a significant negative correlation between changes in the financial backgrounds of top management and their performance on social responsibilities. In heavily polluting firms, corporate social responsibility (CSR) performance will deteriorate after the takeover of a new financial expert CEO. Furthermore, the present study found that internal control has a significant negative and moderating effect on the above relationship. As a result, the higher the quality of internal control, the smaller the negative impact of the change in the turnover of financial expert CEO on CSR performance.",63,Business; Corporate social responsibility; Control (management); Stock exchange; Social responsibility,0.25,Include,Include,Abstract matches 3 inclusion criteria terms — appears to meet eligibility requirements.
https://openalex.org/W2998886504,https://doi.org/10.1177/0007650319898839,Do Markets Punish or Reward Corporate Social Responsibility Decoupling?,2020,Isabel Sánchez; N. Hussain; Sana Akbar Khan; Jennifer Martínez‐Ferrero,Business & Society,"This article analyzes the relationship between corporate social responsibility (CSR) decoupling and financial market outcomes. CSR decoupling refers to the gap between CSR disclosure and CSR performance. More specifically, we analyze the effect of CSR decoupling on analysts’ forecast errors, cost of capital, and access to finance. We also examine the moderating effect of forecast errors on relationships between CSR decoupling and cost of capital and access to finance. For a sample of U.S. firms consisting of 7,681 firm-year observations for the period 2006–2015, our empirical evidence supports the idea that a wider gap results in higher analysts’ forecast errors, a greater cost of capital, and reduced access to finance. In addition, our results show that forecast errors enhance the effect of the CSR decoupling on cost of capital and access to financial resources. We also note that external monitoring, in the form of greater analysts’ coverage, reduces CSR decoupling.",216,Corporate social responsibility; Decoupling (probability); Cost of capital; Business; Capital market,0.25,Include,Include,Abstract matches 3 inclusion criteria terms — appears to meet eligibility requirements.
https://openalex.org/W2766977200,https://doi.org/10.2308/jiar-51952,Board Independence and the Efficacy of Social Reporting,2017,Mustafa A. Dah; Mohammad Jizi,Journal of International Accounting Research,"ABSTRACT The recent decade of scandals, financial crisis, and loss in moral values questioned the soundness of firms' governance structure and held them more accountable to their societies. This put corporate boards under increased pressure to acknowledge their monitoring needs and respond to societal obligations. This paper offers a deepened understanding of the CSR-firm welfare relationship by suggesting its reliance on the participation of independent directors on corporate boards. Our findings show that higher board independence increases social disclosures. We also show that the effect of social disclosure on the firm's risk and performance is favorably affected by the participation of independent directors on corporate boards. Accordingly, we demonstrate that board independence not only facilitates firms' CSR reporting, but also positively influences the CSR-firm performance association. Board independence enhances the efficacy of CSR reporting by elevating the reliability of the disclosed information and amplifying its signaling power regarding the firm's future prospects. Our empirical evidence supports the U.K. corporate governance code main principles encouraging higher board independence for effective discharge of responsibilities.",54,Corporate governance; Accounting; Independence (probability theory); Corporate social responsibility; Business,0.25,Include,Include,Abstract matches 3 inclusion criteria terms — appears to meet eligibility requirements.
https://openalex.org/W2327201208,https://doi.org/10.9790/487x-1682112117,Effects of corporate social responsibility performance (CSR) on stock prices: Empirical study of listed manufacturing companies in Nigeria,2014,Solomon Adeoluwa Zaccheaus; Oyerogba Ezekiel Oluwagbemiga; Olaleye Michael Olugbenga,IOSR Journal of Business and Management,"Nigerian listed manufacturing companies .The objective of this study is to carry out an empirical study of the relationship between Corporate Social Responsibility Performance and stock prices of listed manufacturing companies in Nigeria. We attempt to measure the perception and reaction of financial markets to the companies' socially responsible behaviors, and try to find out if an improvement in firm corporate social responsibility(CSR) actions has effects on stock prices. In our empirical analysis, we carried out tests that revealed the relationship between firms' corporate social responsibility performance(expenditure) and its influence on stock prices . Our empirical analysis revealed evidence of no relationship between corporate social responsibility performance and stock prices and evidence of no significant effect on stock prices of listed manufacturing companies in Nigeria",13,Corporate social responsibility; Business; Stock (firearms); Stock exchange; Social responsibility,0.25,Include,Include,Abstract matches 3 inclusion criteria terms — appears to meet eligibility requirements.
https://openalex.org/W2546746447,https://doi.org/10.1111/emre.12098,"Corruption, Corporate Social Responsibility and Financial Constraints: International Firm‐level Evidence",2016,Kerstin Lopatta; Reemda Jaeschke; Magdalena Tchikov; Sumit Lodhia,European Management Review,"This study examines the relationship between firm‐level factors including corporate social responsibility (CSR) performance and financial constraints, and the firm‐level risk of corruption. Facing a measurement challenge referring to firm‐level risk of corruption, we define a corruption score based on corporate disclosures of corrupt activities. We show that, first, CSR performance is negatively related to the risk of corporate corruption. Second, a firm's vulnerability to financial constraints is positively related to the risk of corporate corruption. Third, the effects are particularly strong for firms with low board independence. Finally, we contribute to prior literature by developing the first firm‐level corruption score that is not only robust to prevalent corruption indices but is also applicable to any dataset and can be used for future research on firm‐level corruption. Moreover, the study provides new empirical evidence on firm‐level determinants that relate to corporate corruption risk.",104,Language change; Corporate social responsibility; Business; Vulnerability (computing); Accounting,0.25,Include,Include,Abstract matches 3 inclusion criteria terms — appears to meet eligibility requirements.
https://openalex.org/W583478340,https://doi.org/10.5860/choice.33-3409,Corporate responsibility and financial performance: the paradox of social cost,1996,,Choice Reviews Online,Acknowledgments Introduction: The Idea of Corporate Social Responsibility The Association between Corporate Social Responsibility and Financial Performance The Paradox of Social Cost The Association between Corporate Social Responsibility and Financial Performance: Methodology and Results The Language of Corporate Social Responsibility Annual Reports as a Medium for Voluntarily Signalling and Justifying Corporate Social Responsibility Activities The Language of Corporate Social Responsibility: Methodology and Results The Legitimacy of Corporate Social Responsibility Criteria for Evaluating the Legitimacy of Corporate Social Responsibility Projects Evaluating Specific Social Responsibility Projects Corporate Responsibilities Beyond an Information Disclosure Policy Conclusions: Ten Propositions about Corporate Social Responsibility Bibliography Appendix A: Summary of 21 Empirical Studies Appendix B: Socially Screened versus Control Firms Appendix C: Socially Screened versus Control Firms,80,Business; Corporate social responsibility; Finance; Economics; Public relations,0.25,Include,Include,Abstract matches 3 inclusion criteria terms — appears to meet eligibility requirements.
https://openalex.org/W3202193367,https://doi.org/10.1111/ajfs.12351,ESG and Stock Price Crash Risk: Role of Financial Constraints*,2021,Jincheol Bae; Xiaotong Yang; Myung‐In Kim,Asia-Pacific Journal of Financial Studies,"Abstract This paper investigates whether corporate performance measured from three aspects—environmental, social responsibility and governance (“ESG”)—are associated with stock price crash risk, and also examines how the relation between ESG ratings and stock price crash risk is affected by the degree of financial constraint. Our empirical results show that ESG ratings reduce the stock price crash risk, and this relation is significantly alleviated for financially constrained firms. The results imply that greater financial constraint suppresses the positive role of corporate social responsibility in mitigating the risk of a stock price crash.",116,Stock price; Corporate governance; Crash; Constraint (computer-aided design); Business,0.25,Include,Include,Abstract matches 3 inclusion criteria terms — appears to meet eligibility requirements.
https://openalex.org/W2941189438,https://doi.org/10.1007/s11747-019-00651-z,"Does doing good lead to doing better in emerging markets? Stock market responses to the SRI index announcements in Brazil, China, and South Africa",2019,Peng Zou; Qi Wang; Jinhong Xie; Chenxi Zhou,Journal of the Academy of Marketing Science,"This paper investigates whether and how emerging markets reward firms’ corporate social responsibility (CSR) performance. We focus on the socially responsible investment (SRI) index, which lists the top CSR performers and serves as a tool to help investors make investment decisions based on financial and social criteria. We empirically test the financial market responses to the announcements of pioneering SRI indices recently launched in Brazil, China, and South Africa. We find that inclusion on an SRI index in these markets is associated with positive abnormal returns. However, inclusion on an SRI index does not benefit all firms equally: the positive financial response is strengthened by R&D expenditures but weakened by advertising expenditures; it is stronger for firms that have expanded globally to developing countries than those to developed countries.",49,Index (typography); Emerging markets; China; Corporate social responsibility; Stock market,0.25,Include,Include,Abstract matches 3 inclusion criteria terms — appears to meet eligibility requirements.
https://openalex.org/W2921743370,https://doi.org/10.3390/su11061561,What Dimension of CSR Matters to Organizational Resilience? Evidence from China,2019,Wendong Lv; Yuan Wei; Xiaoyun Li; Lin Lin,Sustainability,"Prior work on corporate social responsibility (CSR) has focused mainly on its effects on the short-term performance of firms from developed countries. In this article, we shed light on its effects on organizational resilience, which is defined as the firm’s ability to positively cope with environmental turbulence, and operationalized by long-term, improved sales growth and financial volatility. In line with this operationalization, we adopt CSR’s performance-enhancing and performance-insuring mechanisms to disentangle the relationship between CSR and organizational resilience. Furthermore, we divide CSR into five dimensions, namely shareholder, employee, business, society and environment-related CSR, and respectively examine their impacts on organizational resilience. The empirical study on a large sample of public firms in China from 2010 to 2017 shows that CSR as a whole significantly increases the firms’ long-term growth and reduces their financial volatility. As for the five specific dimensions, they all have a significant negative effect on financial volatility, and the employee, business, environment-related CSR are positively associated with long-term growth. Yet, the empirical results did not indicate significant associations between shareholder and society-related CSR and firms’ long-term growth. This study first explores the impacts of CSR’s different dimensions on organizational resilience. Also, we contribute to enriching the literature on CSR by examining the long-term performance-insuring effect of CSR with a quantitative analysis of emerging markets. Finally, we discuss some important managerial implications, as well as promising directions for future research.",82,Corporate social responsibility; Operationalization; Business; Shareholder; Volatility (finance),0.25,Include,Include,Abstract matches 3 inclusion criteria terms — appears to meet eligibility requirements.
https://openalex.org/W1570209723,https://doi.org/10.1108/ijaim-07-2014-0050,Sustainability and firm valuation: an international investigation,2015,Minna Yu; Ronald Zhao,International Journal of Accounting and Information Management,"Purpose – This paper aims to examine whether capital market rewards firms with good corporate sustainability practices in an international setting by using the Dow Jones Sustainability Index (DJSI hereafter) as an integrated measure of firm sustainability performance. Design/methodology/approach – There are two alternative theories regarding the impact of sustainability on firm value. The value-creating theory predicts that integration of environmental and social responsibility into corporate strategies and practices reduces firm risk and promotes long-term value creation. The value-destroying theory on sustainability suggests that managers may engage in socially responsible activities at the expense of shareholders. To perform empirical tests, we use a large international sample for a period of 13 years between 1999 (the first year when DJSI became available) and 2011. To control for self-selection bias and simultaneity, the authors use lagged values of sustainability performance in a robustness check. Findings – The authors find a positive relation between sustainability performance and firm value, after controlling for variables that have been found to affect firm value in the existing literature. The test results are consistent with the value enhancing theory (as opposed to the shareholder expense theory) regarding the role of sustainability engagement in firm valuation. Furthermore, the positive impact of sustainability engagement on firm value is primarily driven by countries with strong investor protection and with high disclosure levels. Research limitations/implications – A positive impact of sustainability performance on firm value supports the value-creating theory and rejects the value-destroying theory. Test results also suggest a more pronounced market response to corporate sustainability in countries with stronger shareholders protection and higher requirement for financial transparency. Practical implications – Given the growing international capital market and intensifying global competition, the valuation implications of sustainability in an international context is of practical interest to management, investors and regulators worldwide. Originality/value – First, it is an initial attempt to test an integrated measure of the “triple-bottom-line” definition of sustainability in an international setting. Second, our paper studies the international variation in market valuation of firm sustainability performance in terms of the value enhancing versus shareholder expense theories on sustainability. The authors explore the relevance of sustainability performance in relation to the investor protection and the reporting environment across countries.",183,Sustainability; Enterprise value; Corporate sustainability; Valuation (finance); Corporate social responsibility,0.25,Include,Include,Abstract matches 3 inclusion criteria terms — appears to meet eligibility requirements.
https://openalex.org/W4205652200,https://doi.org/10.3390/su14031168,Relationship between Sustainable Management Activities and Financial Performance: Mediating Effects of Non-Financial Performance and Moderating Effects of Institutional Environment,2022,Yuhan Liu; Choo Yeon Kim; Eun Hwa Lee; Jae Wook Yoo,Sustainability,"The importance of corporate responsibility for society and environments is emphasized by increasing influence of firms on various stakeholders. Firms strengthen environmental, social, and governance (ESG) activities, which are critical elements for sustainable management. However, there are inconsistent findings on the relationship between ESG activities and firms’ financial performance in prior studies because of the lack of full consideration of internal mechanisms and external conditions. To overcome this limitation, this study investigates the mediating effect of non-financial performance and the moderating effect of the institutional environment on the relationship between firms’ ESG activities and their financial performance in a unified moderated mediation model. Samples for empirical analyses were collected by a survey from 304 small and medium-sized Chinese manufacturers. The results of a mediation analysis reveal that each ESG activity has a positive effect on firms’ financial performance, and the impact of ESG activities on financial performance is completely mediated by non-financial performance. The results of a moderated mediation analysis further indicate that the mediating effect varies depending on the level of institutional pressure from the government, consumers, and competitors. The study suggests the need for interdisciplinary research in sustainable management and institutional theory and emphasizes the importance of sustainable management for performance improvement in a changing environment.",74,Business; Mediation; Competitor analysis; Corporate governance; Empirical research,0.25,Include,Include,Abstract matches 3 inclusion criteria terms — appears to meet eligibility requirements.
https://openalex.org/W2147363709,https://doi.org/10.1111/j.1467-8683.2008.00678.x,Are Socially Responsible Managers Really Ethical? Exploring the Relationship Between Earnings Management and Corporate Social Responsibility,2008,Diego Prior; Jordi Surroca; Josep A. Tribó,Corporate Governance An International Review,"ABSTRACT Manuscript Type: Empirical Research Question/Issue: This paper investigates the connection between earnings management and corporate social responsibility (CSR). We argue that earnings management practices damage the collective interests of stakeholders; hence, managers who manipulate earnings can deal with stakeholder activism and vigilance by resorting to CSR practices. Research Findings/Insights: Using archival data from a multi‐national panel sample of 593 firms from 26 countries between 2002 and 2004, we find a positive impact of earnings management practices on CSR; this relationship holds for different robustness checks. Also, we demonstrate that the combination of earnings management and CSR has a negative impact on financial performance. Theoretical/Academic Implications: This study draws on a generalized agency theory where managers are seen as the agents of all stakeholders and the earnings management literature to highlight that CSR can be used to garner support from stakeholders and, therefore, provides an opportunity for entrenchment to those managers that manipulate earnings. As such, it suggests new avenues of research for both the corporate governance literature, as well as for the stakeholder perspective. Practitioner/Policy Implications: This study offers insights for policy makers and managers interested in enhancing CSR. For managers, our findings suggest that projecting a socially‐friendly image in order to disguise earnings management cannot be sustained over time due to the detrimental effect on financial performance. In addition, this study provides a warning signal to policy makers that certain practices geared toward raising a firm's CSR may simply be a mechanism for hindering other devious practices.",978,Corporate social responsibility; Corporate governance; Earnings management; Business; Stakeholder,0.183,Include,Include,Abstract matches 4 inclusion criteria terms — appears to meet eligibility requirements.
https://openalex.org/W2610978522,https://doi.org/10.1111/capa.12218,Social license to operate: Legitimacy by another name?,2017,Joel Gehman; Lianne Lefsrud; Stewart Fast,Canadian Public Administration,"Drunks are accorded great social license in Oaxacan villages. They may shout insults, intrude uninvited into social gatherings, and behave in other normally unacceptable ways… [A]pparent inebriation serves to define a crucial role in village life: the licensed drunk pierces the elaborate information control devices of the community and provides the barefaced facts and opinions which normally go unspoken (Dennis 1975: 856, 862). As reflected in this epigraph, social license is not a new concept per se. In fact, social license has long been understood to play a vital function in society whereby social norms can precede and supersede legal rules.1 In this case, the community tolerates the drunk in exchange for his role in speaking truth to power. Alongside this older conception, however, over the past two decades an allied concept of social license to operate (SLO) has emerged, especially in the context of mining, oil and gas development, and other resource-related projects (Gehman et al. 2016; Raufflet et al. 2013). For instance, after mentioning the concept of social license in less than 10 articles a year from 1997 through 2002, news media mentioned social license in more than 1,000 articles a year from 2013 to 2015, and more than 2,000 articles in 2016.2 Given the increasing prominence of social media and Indigenous engagement, governments, journalists, and public administration scholars have become interested in the topic of social license to operate. Despite the term's growing popularity, however, the concept of social license to operate has so far had only tenuous scholarly footing. In this article, we attempt to remedy this problem by reviewing and analyzing existing literature, including journal articles, popular books, and reports from industry, consultants, and government. Rather than dismissing the concept, we aim to foster greater scholarly appreciation of the key concepts and diverse frameworks potentially implicated in discussions of social license to operate. Notably, our review identifies and synthesizes three different varieties of SLO. After highlighting some of the similarities and differences among these varieties, we investigate the linkages between SLO and legitimacy, paying attention to how the two concepts differ from and interrelate with one another. We then review methods that have been used to measure social license. Overall, our review demonstrates opportunities for more systematic and nuanced terminological use, while suggesting the need for further empirical and theoretical research. We close by discussing implications for stakeholder engagement, evolving models of regulation, and potential avenues for research. The first variety of social license, the pyramid model, was developed iteratively in a series of articles, papers, and presentations by mining industry consultants over the 14-year period from 2000 to 2013. Proponents credit James Cooney, then an executive at Canadian gold mining company Placer Dome, for inspiring the model (for reviews, see Black 2013; Boutilier 2014; Thomson and Boutilier 2011).3 In 1996, Placer Dome had been severely criticized after a tailings dam failed at one of its mines in the Philippines, releasing toxic mud into a river and burying a village (Boutilier 2014). More generally, mining was ranked the worst of 24 U.S. industries in a 1996 Roper opinion poll, behind even the tobacco industry (Thomson and Boutilier 2011). It was in this context in 1997 that Cooney reportedly characterized the industry's problems to World Bank officials as a matter of obtaining a “social license to operate.” World Bank personnel are said to have circulated the term at a May 1997 conference on mining and the community (Thomson and Boutilier 2011). A social license to operate exists when a mineral exploration or mining project is seen as having the approval, the broad acceptance of society to conduct its activities…Such acceptability must be achieved on many levels, but it must begin with, and be firmly grounded in, the social acceptance of the resource development by local communities (Joyce and Thomson 2000: 52). Usage in the industry became widespread thereafter. In a 2003 project sponsored by Newmont Mining Corporation, Business for Social Responsibility (BSR) published six case studies on social license in the mining industry, defining the concept as “gaining support for the project from concerned groups, or stakeholders, over and above meeting any legal requirements” (BSR 2003: 4). A convenience survey (n = 152) of mining industry participants conducted in 2005–2006 revealed that 78 per cent of respondents were familiar with the term “social license.”4 Whether previously familiar with the term or not, 81 per cent agreed that, intuitively, social license was an apt way to describe societal and community acceptance of the right to access and extract mineral resources; and 56 per cent reported that their organizations used the term or its underlying concepts (Nelsen 2007: 9–10). Looking back on these and other early efforts, scholars have concluded that the concept of social license to operate initially emerged as little more than a memorable turn of phrase, “a term largely invented by business, for business” (Morrison 2014: 14; see also Raufflet et al. 2013). Some years later, in an industry conference presentation, Thomson and Joyce (2008) expanded their definition of social license to operate to include three “normative components:” legitimacy, defined as “conforming to established norms…legal, social, cultural and both formal and informal;” credibility, defined as “the quality of being believed—the capacity or power to elicit belief;” and trust, defined as the “willingness to be vulnerable to risk or loss through the actions of another.”5 They further differentiated between project acceptance and approval, arguing that legitimacy is necessary for acceptance, but credibility and trust are necessary for approval. Boutilier (2014), also an industry consultant, credited Joyce and Thomson for: (a) being the first to define social license to operate in terms of legitimacy; and (b) proposing that social license to operate at the project level would promote reputation benefits at the corporate level.6 Thomson and Boutilier (2011; see also Boutilier and Thomson 2011; Thomson, Boutilier and Black 2011) later elaborated their definition into a multilevel pyramid model (see Figure 1). In this model, legitimacy distinguishes projects that have been rejected (that is, projects for which social license to operate has been withheld/withdrawn) from those that have been accepted by stakeholders through engagement with them according to the “rules of the game.” Credibility distinguishes projects that have been accepted from those that have been approved by stakeholders through formal negotiation, definition, and agreement on the roles and responsibilities of the company and stakeholders. Finally, trust distinguishes projects that have been approved from those for which stakeholders have adopted what they called a sense of co-ownership or psychological identification through collaborations, shared experiences, and vulnerabilities. More recently, the Australian Centre for Corporate Social Responsibility (ACCSR) adopted the pyramid model of social license to operate. Notably, the centre's managing director, Leeora Black (2013), has promoted the pyramid model as a “management framework for complex times.” The Pyramid Model (Adapted From Boutilier and Thomson 2011: 1784) A second variety of social license, what we refer to as the three strand model, was developed in a series of interrelated publications in 2003 and 2004 (Gunningham, Kagan and Thornton 2003, 2004; Kagan, Gunningham and Thornton 2003; Thornton, Kagan and Gunningham 2003). Whereas the originators of the pyramid model conceived of “social license to operate” as something of a dependent variable, which was in need of explanation, Gunningham and colleagues (Gunningham, Kagan and Thornton 2003: 2) started with a series of research questions: “Why has corporate environmental performance improved over time? Despite this improvement, why are some firms better environmental performers than others? How, and to what extent, can corporations be motivated to go beyond compliance with existing environmental regulations?” Ultimately, these research questions resulted in the inductive emergence of social license as one part of a larger explanatory framework. In other words, social license to operate emerged as something of an independent variable critical to explaining why some companies went beyond merely complying with environmental regulations, while other companies fell short of regulatory compliance. To answer their research questions, these scholars conducted an in-depth study of the environmental performance of 14 pulp mills located in the United States, Canada, Australia and New Zealand. Based on their findings, the authors proposed that companies in “closely watched industries” depend upon a multi-stranded license to operate: legal license, or the regulatory permits and statutory obligations embodying the demands of regulators, legislators, and judges; social license, or the demands of local, national, and international environmental activists, local community groups, and sometimes the general public; and economic license, or the profitability demands of top managers, lenders, and investors. In addition to their direct effects, the authors proposed that these different strands have interactive effects. Environmental groups may seek to enforce social license directly (for example, through shaming and adverse publicity), but also may attempt to influence economic license (for example, by generating consumer boycotts of environmentally damaging products) and legal license (for example, through citizen lawsuits or political pressure for regulatory initiatives). More recently, John Morrison (2014), executive director of the Institute for Human Rights and Business, proposed a variant of the three strand model (see Figure 2) that substitutes political license (that is, the authority that the government gives to any other organization to undertake a particular activity) for economic license (see also Brueckner et al. 2014 on the close link between politics and economics in the context of SLO). Although this may seem like a significant difference, it may be of little consequence. According to Morrison, the only time political license is not driven by economic considerations is if “you live in North Korea” (Morrison 2014: 22). The Three Strand Model (Adapted From Morrison 2014) Over the past decade, the original three strand model (Gunningham, Kagan and Thornton 2003, 2004; Kagan, Gunningham and Thornton 2003; Thornton, Kagan and Gunningham 2003) has spawned a variety of follow-on work. Lynch-Wood and Williamson (2007) examined whether social license concerns are sufficient to entice smaller firms to go beyond regulatory compliance in their environmental performance. They identified five factors that comprise social license—environmental impact of the firm's products and processes; customer power; customer interest; corporate/brand visibility; and community pressure—and argued that at least two of these factors must be salient for a small and medium enterprise (SME) to go beyond compliance. They concluded that for most SMEs, none of these five factors are significant enough to encourage going beyond compliance, and therefore, regulators cannot depend on social license considerations to either incentivize or sanction these firms. Thornton, Gunningham, and Kagan corroborated this conclusion in two studies of the U.S. trucking sector (Thornton, Kagan and Gunningham 2003, 2009). In these works, social license was defined as pressure from communities, advocacy groups, employees, and the news media. They concluded that, due primarily to low social visibility, environmental decisions in small trucking firms are driven almost entirely by economic license, and that social license pressures faced by these firms are very weak. Howard-Grenville, Nash, and Coglianese (2008), contributed to this discussion by showing that organizational activities beyond compliance are not solely driven by external factors, such as social license concerns. They examined the impact of five internal factors (managerial incentives, organizational culture, organizational identity, organizational self-monitoring, and personal affiliations and commitments) in 10 companies, five of which were participating in the U.S. Environmental Protection Agency's voluntary National Environmental Performance Track program. The authors found that firms in the two groups differed on company identity, self-monitoring, and managerial incentives and concluded that along with external regulatory, social and economic factors, internal factors significantly influence a company's willingness to go beyond compliance. The third variant of social license, the triangle model, is based on the concept of social acceptance that emerged in the 1970s and 1980s amid the first concerted efforts to develop renewable energy policies. Whereas the pyramid model conceives of social license to operate as an outcome worthy of explanation and the three strand model conceives of social license as part of the explanation for environmental performance that goes beyond regulatory requirements, the triangle model conceives of social license as resulting from a threefold set of “acceptance processes.” Namely, these researchers conceived of social acceptance as building confidence, familiarity, and trust in environmentally-friendly, but unproven technologies. Social acceptance is considered necessary to generate policy maker support for the financial and regulatory incentives required to overcome entrenched interests and the path dependency of conventional fossil fuel energy systems. Initially, the problem of social acceptance was largely neglected, in part because public opinion surveys indicated very high levels of support for renewable energy options. However, Carlman (1984) showed that public opinion surveys did not necessarily translate into public, political, and regulatory acceptance of renewables, such as wind power. More recently, Wüstenhagen, Wolsink and Bürer (2007: 2683) highlighted social acceptance as “a powerful barrier to the achievement of renewable energy targets.” As shown in Figure 3, they distinguished three dimensions: socio-political acceptance, or the broadest, most general level of social acceptance of both policies and technologies by the public, key stakeholders (that is, employees) and policymakers (see also Jegen and Philion 2017); community acceptance, or “the specific acceptance of siting decisions and renewable energy projects by local stakeholders, particularly local residents and local authorities” (Wüstenhagen, Wolsink and Bürer 2007: 2685), which may vary over time; and market acceptance, or the process of widespread adoption of an innovation. In particular, energy projects are embedded in complex multisided infrastructures that involve consumers, investors, and producers. The Triangle Model (Adapted From Wüstenhagen, Wolsink and Bürer 2007) This three-pronged distinction continues to provide a useful point of departure for this literature. Public opinion polls tend to show that while the general public remains favourable to the idea of wind, solar, biomass, wave, geothermal, and other renewable energy technologies (socio-political acceptance), host communities are not as supportive (community acceptance) (Devine-Wright 2011; Pasqualetti 2011). Findings show evidence of a “social gap” (Bell et al. 2013; Bell, Gray and Haggett 2005) between public support for the general goal of more wind energy and the level of local support for specific projects. Policymakers, renewable energy developers, and other experts tend to view those who oppose local renewable energy projects and adopt a not-in-my-backyard (NIMBY) position as ignorant and uninformed. Evidence indeed shows that some members of host communities take the NIMBY position (Walker, Baxter and Oulette 2014; Wolsink 2000, 2007). However, researchers strive to understand opponents on their own terms (Aitken 2010; Devine-Wright 2011), and some (for example, Cohen, Reichl and Schmidthaler 2014) have argued that NIMBY is a rational reaction that should be recognized and remedied through policies that compensate individuals for costs associated with living close to renewable energy projects. Batel et al. (2013) made important conceptual critiques of the term “social acceptance,” pointing out that scholars tend to erroneously conflate acceptance with support. They showed that residents react differently when asked if they would accept vs. support an energy project. “Acceptance” implies a more passive relationship to an energy project. Likewise, Walker and Cass (2007) observed that scholars (and policymakers) tend to view members of the public as falling on a spectrum between support for and opposition to such projects; however, members of the public also play other roles, as service users, investors, owners, lessors/lessees of land or buildings, captive consumers, protestors and more. The point is that acceptance and support implies a degree of agency that is not necessarily realistic. Due to decentralized energy distribution, a wind farm's operations involve thousands of disparate members of the public who may be totally unaware of their use of renewable sources of energy. In this sense, active “acceptance” is an imprecise term for the many forms of social relations that exist as renewables develop. Although only a few renewable energy scholars have adopted the term “social license” (for instance, see Corscadden, Wile and Yiridoe 2012; Hall and Jeanneret 2015), several have described local opposition as serving the necessary political function implied by the use of the legal/political term “license.” Barry and Ellis (2010) argued for new planning models that minimize the use of arbitrary authority to approve renewable energy generation facilities, and Ellis et al. (2009) noted that dissent serves an important purpose in democracies and that the critiques of renewable energy development can better inform societal decision-making. Thus, the social acceptance or social gap concept relates closely to social license through a shared emphasis on issues of legitimacy. Despite their very different origins, all three varieties of social license invoke legitimacy. This is perhaps not surprising, since the concept of legitimacy “dates back to the dawn of organization theory” (Deephouse and Suchman 2008: 49; see also Deephouse et al. 2017; Suddaby, Bitektine and Haack 2017). Max Weber (1978) is typically credited with introducing the term into social theory, and for linking legitimacy with conformity to social norms and formal laws. In their classic work, Dowling and    distinguished three   of organizational   and  “a  purpose  not necessarily  resource    resource  necessarily      in a  society are   with societal norms and  these  are apt to be   (a)  in the two  may take  at different  (b)  are  in    is a greater  of  in legal  and   may   activities      model   many  of the three varieties of social license, especially the three strand model and the triangle  More recently,     these  in his    is not a  to be  or  but a   cultural    or  with   or  However, it was Suchman   who  what has become perhaps the most   definition of  “a   or  that the actions of an  are   or   some    of    and   is  on an organization when  is, internal and external   by organizational  and support an   and   and     legitimacy   have been described as being an active  of the    and  or a passive   on  from    or other opinion  with    and Haack   2011).    or products are most  the  of legitimacy  stakeholders  also can be  as to whether they have   based upon   legal  legal      or   in the  and benefits  by company    and    Looking  these  one is  by the  to which legitimacy has become a   and  concept  the social  one that  a   by diverse stakeholders.  the    of legitimacy also have been    and    differentiated  legitimacy, or “the  of   a new  from  legitimacy, or “the process by which key stakeholders, the general public, key opinion  or government officials accept a  as  and   existing norms and     this   in  resulting in three  of    and    with one of his three   In a   Suchman  proposed a   of   and  legitimacy  with two    vs.  and two    actions vs. organizational  resulting in   legitimacy    to issues of energy and resource development,  and    proposed the concept of corporate environmental legitimacy, defined as the   or  that a firm's corporate environmental performance is   or  Public administration scholars also have  with the concept of legitimacy, in terms of   and  The emergence of social license  a      or a  from   and   to a more    2013).  this     as  from  of the   of policy  as  as from officials  as the       this “social  which   with  of “social   public administration scholars have observed that        that are not    in the sense that they are not  to   of legal review and    and    a  definition of social license to operate   by   also  the role of legitimacy. Notably,  and    defined social license to operate as a   for the legitimacy of a company's specific  or    an  or a  or political  by  to the  of all  concerned with  Looking  these  what is  is the  of  of legitimacy and social license (see  1).  it may be  to  that social license to operate is  more than a new  for the  concept of legitimacy,  are useful   social license to operate is used to describe  acceptance of a  company or project to  with its  This  to be a   of a company by its stakeholders.  the  of legitimacy can be    is  used to    of a  it also can be the company's  of its stakeholders, or   of  other (for example,   and    the pyramid model  that social license is  in   a company  acceptance by  the  then  by  with stakeholders, and then identification through  building   research into legitimacy building  not    a company  not have  then  and then  legitimacy with its stakeholders.  may be  in such a  but not necessarily  and Haack    include   of the    of the  and      and     and   The credibility of   (that is,  regulators,   can   to   on the  of these  while   or   can   to   the   2011; see also   and    the three strand and triangle models of social license  stakeholders according to their interests in the company or project.  acceptance is a function of the company's technologies and policies meeting or  regulatory  community acceptance  on      and  and market acceptance  on  new technologies to    economic   how a company is  along the   of legitimacy is not necessarily a function of who is  the   can and   a project according to   of legitimacy, such     understand what the company is    they  the    this project  for  and   they  the   We  to these  in our implications  to  how legitimacy research can   SLO  in the Canadian  such    the  of stakeholders into  and    of  in terms of shared or   in the context of the  of the  in the social      of   to       with the cultural  with “the norms of   in the larger social   and  1975:   that are accepted and   a context are then said to be   that context      of established cultural  that   for   and         A   of organizational actions as   or   some    of    and       of an organization by social  (Deephouse    of the organization by its   and     social  of  acceptance,    and     level of social acceptability  upon a set of activities or   and     degree to which   view a company's activities as   and  because its   with industry norms and  societal    and     the approval, the broad acceptance of society to conduct its  (Joyce and Thomson 2000:   “social    support for the project from concerned groups, or stakeholders, over and above meeting any legal requirements” (BSR 2003:  The right of   and other     in   and to  their   and      of a project   2003:   demands on and  for a  enterprise that  from  environmental groups, community  and other  of the    (Gunningham, Kagan and Thornton 2003:   idea that   must  with   of regulators, local communities, and the public in  to     and Coglianese 2008:     the local community and other  (Thomson and Boutilier 2011:    and political approval,  widespread and  to  legal  to  and to   community       of social acceptance or  a    that  company or project has a   in the       and",214,License; Legitimacy; Business; Law and economics; Political science,0.183,Include,Include,Abstract matches 4 inclusion criteria terms — appears to meet eligibility requirements.
https://openalex.org/W3004979172,https://doi.org/10.1371/journal.pone.0227952,Does CSR affect the cost of equity capital: Empirical evidence from the targeted poverty alleviation of listed companies in China,2020,Yuting Yi; Bangsheng Xie; Lixue Zhou; Yuanzhu Wei,PLoS ONE,"Social responsibility fulfillment helps modern enterprises achieve sustainable development. Based on empirical data on China's A-share listed companies in 2013-2016, this paper examines the impact of corporate social responsibility performance on a company's financing costs from the perspective of targeted poverty alleviation. Specifically, we find that enterprises' engagement in poverty alleviation social responsibility helps to reduce the cost of equity capital. The result is robust to using alternative indicators of the cost of equity capital, propensity score matching method, change model and sample removed financial sector. Furthermore, we find that the negative relationship between enterprises' engagement in poverty relief and the cost of equity capital is mainly concentrated in private enterprises and in the central and eastern regions of China. Moreover, the negative relationship mainly exists after China's listed companies were forced to disclose information on poverty alleviation. This paper also finds that institutional investors' shareholding plays a partial mediating role in this reduction effect and that enterprises' poverty alleviation efforts help companies improve their financial performance and firm value. This study enriches the relevant literature on corporate social responsibility and the cost of equity capital and has reference value for corporate sustainable development. It also provides a theoretical basis for corporate poverty alleviation work in developing countries and the economic results of CSR.",38,Affect (linguistics); Business; China; Poverty; Equity (law),0.183,Include,Include,Abstract matches 4 inclusion criteria terms — appears to meet eligibility requirements.
https://openalex.org/W1439628046,https://doi.org/10.1016/j.brq.2015.08.001,Social responsibility and financial performance: The role of good corporate governance,2015,Mercedes Rodríguez‐Fernández,BRQ Business Research Quarterly,"The objective of this theoretical–empirical study is to investigate the bidirectional relationship between Corporate Social Responsibility and Financial Performance in Spanish listed companies. A complete theoretical framework – based on agency, stewardship, dependency resources, and stakeholder theories – provides the basis for the conceptual model. An important contribution is the use of a social behavioral index formed by four components: Global Reporting Initiative participation, Dow Jones Sustainability Index firm inclusion, Good Corporate Governance Recommendations compliance, and Global Compact signee. The conclusions drawn from the empirical study performed on the companies registered on the Madrid Stock Exchange demonstrate positive relationships in both directions, namely that the social is profitable and that the profitable is social, thereby originating a positive feedback virtuous circle. The results of this analysis have practical applications in the boardroom; they are proof that all social policies increment financial resources, and vice versa, that increased financial performances lead to greater social benefits. As a consequence, this paper encourages all board members to seriously weigh investing financial resources in developing policies that boost the levels of social behavior components in order to contribute globally to the improvement of society.""",451,Corporate governance; Corporate social responsibility; Accounting; Business; Stakeholder,0.183,Include,Include,Abstract matches 4 inclusion criteria terms — appears to meet eligibility requirements.
https://openalex.org/W2161965672,https://doi.org/10.1596/1813-9450-1678,Financial Development and Economic Growth: Views and Agenda,1999,Ross Levine,World Bank policy research working paper,"No AccessPolicy Research Working Papers21 Jun 2013Financial Development and Economic Growth: Views and AgendaAuthors/Editors: Ross LevineRoss Levinehttps://doi.org/10.1596/1813-9450-1678SectionsAboutPDF (3.4 MB) ToolsAdd to favoritesDownload CitationsTrack Citations ShareFacebookTwitterLinked In Abstract:October 1996 A growing body of theoretical and empirical work would push even skeptics toward the belief that the development of financial markets and institutions is critical to economic growth, rather than a sideshow or a passive response to growth. Levine argues that the preponderance of theoretical reasoning and empirical evidence suggests a positive, first-order relationship between financial development and economic growth. There is even evidence that the level of financial development is a good predictor of future rates of economic growth, capital accumulation, and technological change. Moreover, cross-country, case-study, industry-level, and firm-level analyses document extensive periods when financial development (or the lack thereof) crucially affects the speed and pattern of economic development. Levine explains what the financial system does and how it affects, and is affected by, economic growth. Theory suggests that financial instruments, markets, and institutions arise to mitigate the effects of information and transaction costs. A growing literature shows that differences in how well financial systems reduce information and transaction costs influence savings rates, investment decisions, technological innovation, and long-run growth rates. A less developed theoretical literature shows how changes in economic activity can influence financial systems. Without minimizing the role of institutions, Levine advocates a functional approach to understanding the role of financial systems in economic growth. This approach focuses on the ties between growth and the quality of the functions provided by the financial system. Levine discourages a narrow focus on one financial instrument, such as money, or a particular institution, such as banks. Instead, he addresses the more comprehensive, and difficult, question: What is the relationship between financial structure and the functioning of the financial system? More research is needed on financial development. Why does financial structure change as countries grow, for example? Why do countries at similar stages of economic development have different looking financial systems? Are there long-run economic growth advantages to adopting legal and policy changes that create one type of financial structure rather than another? This paper is a product of the Finance and Private Sector Development Division, Policy Research Department. Previous bookNext book FiguresreferencesRecommendeddetailsCited byImpact of digital finance on energy efficiency: empirical findings from ChinaEnvironmental Science and Pollution Research, Vol.30, No.28 August 2022Stock market development and nexus of market liquidity: The case of FijiInternational Journal of Finance & Economics, Vol.27, No.47 December 2020Does digital finance affect the quality of economic growth? Analysis based on Chinese city dataFrontiers in Environmental Science, Vol.106 September 2022Financial Reforms in Nigeria and Its Effect on the Performance of Quoted Manufacturing FirmsWSEAS TRANSACTIONS ON BUSINESS AND ECONOMICS, Vol.196 September 2022Financial structure and earnings manipulation activities in ChinaThe World Economy, Vol.45, No.830 November 2021Remittances and financial development in AfricaJournal of Public Affairs, Vol.22, No.310 November 2020Banking performance and institutional quality: Evidence from dynamic panel data analysisInternational Journal of Finance & Economics, Vol.10089326 July 2022The finance–growth nexus in the Middle East and Africa: A comparative m eta‐analysisInternational Journal of Finance & Economics, Vol.919 July 2022RETURN AND VOLATILITY SPILLOVERS BETWEEN BİST100 AND EQUITY MARKETS OF COUNTRIES HAVING HIGH FOREIGN TRADE VOLUMEDicle Üniversitesi İktisadi ve İdari Bilimler Fakültesi Dergisi, Vol.12, No.2328 May 2022The impact of bank ownership on lending behavior: Evidence from the 2008–2009 financial crisisInternational Journal of Finance & Economics, Vol.27, No.220 September 2020Role of Long-term Bank Credit in the Economic Growth of IndiaGlobal Business Review, Vol.3918 January 2022Los efectos del crédito bancario otorgado a la industria y al consumo en el crecimiento económico: evidencia de México, 1994-2017Revista Mexicana de Economía y Finanzas, Vol.17, No.217 November 2021Impact of Sovereign Credit Rating Disclosure on Chinese Financial MarketSAGE Open, Vol.12, No.114 March 2022Frontiers in Psychology, Vol.13Financial Inclusion: Globally Important DeterminantsFinancial Internet Quarterly, Vol.17, No.41 January 2022Will Green Finance Contribute to a Green Recovery? Evidence From Green Financial Pilot Zone in ChinaFrontiers in Public Health, Vol.919 November 2021Modeling Economic Risk in the QISMUT Countries: Evidence From Nonlinear Cointegration TestsSAGE Open, Vol.11, No.421 October 2021The convergence of financial inclusion across provinces in Vietnam: A novel approachPLOS ONE, Vol.16, No.826 August 2021Does high debt ratio influence Chinese firms' performance? A semiparametric stochastic frontier approach with zero inefficiencyEmpirical Economics, Vol.61, No.211 June 2020Financial development and energy poverty: global evidenceEnvironmental Science and Pollution Research, Vol.28, No.265 March 2021Financing the economy: The multidimensional influences of financial development on economic complexityJournal of International Development, Vol.4015 April 2021Investigating the Institutional Determinants of Financial Development: Empirical Evidence From SAARC CountriesSAGE Open, Vol.11, No.223 April 2021Does Financial Institution Proximity Affect the Development of Entrepreneurship?24 February 2021Financial Deepening and Business Creation: A Regional Analysis of ColombiaEmerging Markets Finance and Trade, Vol.57, No.325 April 2019Impact of financial development and energy consumption on environmental degradation in 184 countries using a dynamic panel modelEnvironmental Science and Pollution Research, Vol.28, No.84 November 2020How do the Banking Systems of High Income Countries differ from others?Financial Markets, Institutions and Risks, Vol.5, No.11 January 2021The Role of Finance in Inclusive Human Development in Africa RevisitedSSRN Electronic Journal, Vol.64The terrorism-finance nexus contingent on globalisation and governance dynamics in AfricaSSRN Electronic Journal, Vol.32The Real Effects of Distressed Bank MergersSSRN Electronic Journal, Vol.31The Impact of the 2008 Global Crisis on the Banking SystemFinancial Markets, Institutions and Risks, Vol.5, No.31 January 2021Institutional governance and financial sector development: Panel evidence from Asian economiesCogent Economics & Finance, Vol.9, No.17 March 2021How ICT affects economic growth in the Euro area during the economic crisisNETNOMICS: Economic Research and Electronic Networking, Vol.21, No.1-310 February 2021Analyzing the Role of Government Efficiency on Financial Development for OECD CountriesReview of Economic Perspectives, Vol.20, No.417 December 2020Security as an outcome for promoting economic prosperity in the regional economic communities of Africa: Evidence from a panel data analysisAfrican Security Review, Vol.29, No.420 November 2020The finance-growth nexus in China: a meta-analysisApplied Economics Letters, Vol.27, No.1328 August 2019The Spatial Effect of the Efficiency of Regional Financial Resource Allocation from the Perspective of Internet Finance: Evidence from Chinese ProvincesEmerging Markets Finance and Trade, Vol.56, No.621 January 2019THE NEXUS OF E-GOVERNMENT AND INCREASED PRODUCTIVITY RELATIVE TO INCOME LEVEL COMPARISONBusiness, Management and Education, Vol.18, No.1The conundrum of bank capital structure: Empirical evidence from PakistanCogent Economics & Finance, Vol.8, No.11 January 2020The Efficiency of the Financial System: A Comparison of Developed and Less Developed CountriesFinancial Markets, Institutions and Risks, Vol.4, No.21 January 2020The Depth of the Financial System: A Comparison of Developed and Less Developed CountriesFinancial Markets, Institutions and Risks, Vol.4, No.41 January 2020Mandatory Pension Savings and Long-run Debt Accumulation: Evidence from Danish Register DataSSRN Electronic JournalThe Death of Trust Across the Finance IndustrySSRN Electronic JournalThe Specialization of Capital and Economic GrowthSSRN Electronic JournalImporting Activists: Determinants and Consequences of Increased Cross-border Shareholder ActivismSSRN Electronic Journal, Vol.14Tribalism and FinanceSSRN Electronic Journal, Vol.59자본유입과 물가상승률 간의 동태적 상관관계 분석: 아시아의 8개국 소규모 개방경제를 중심으로 (Dynamic Relationship between Foreign Capital Inflow and Inflation: Evidence from Eight Small Open Economies in Asia)SSRN Electronic JournalLocal Financial Structure and Economic ResilienceSSRN Electronic JournalCAPITAL MARKET CHALLENGES AND DEVELOPMENT PREREQUISITES IN GEORGIAGlobalization and Business, Vol.4, No.827 December 2019The Missing-Link between Financial Development and Economic Growth: Financial InnovationProcedia Computer Science, Vol.158An Empirical Equilibrium Model of Formal and Informal Credit Markets in Developing CountriesSSRN Electronic JournalInstitutional Investment and the Changing Role of Public Equity Markets: International EvidenceSSRN Electronic JournalThe Mobile Phone, Information Sharing and Financial Sector Development in Africa: A Quantile Regressions ApproachSSRN Electronic JournalHysteresis in the Banking IndustrySSRN Electronic Journal, Vol.25Theory, Evidence, and Policy on Dual-Class Shares: A Country-Specific Response to a Global DebateSSRN Electronic JournalDo Creditor Rights Affect Corporate Financial Contracts? Evidence from the Anti-Recharacterization StatuteSSRN Electronic JournalThe Telegraph and Modern Banking DevelopmentSSRN Electronic JournalThe Comparative African Regional Economics of Globalization in Financial Allocation Efficiency: Pre-Crisis Era RevisitedSSRN Electronic JournalThe Relationship Between Financial Development, Innovation and Economic GrowthWhat Happens If the Rules Change? The Impact of Brexit on the Future Strategic Intentions of UK SMEsSSRN Electronic JournalEclipse of the Public Corporation or Eclipse of the Public Markets?SSRN Electronic JournalLaw & Economics of Banks Corporate Governance in the Bail-In EraSSRN Electronic JournalFinance, Talent Allocation, and GrowthSSRN Electronic JournalRoads and LoansSSRN Electronic JournalFinancial Inclusion and Development: Evidence from Satellite Light Density at NightSSRN Electronic JournalLabor Scarcity, Finance, and Innovation: Evidence from Antebellum AmericaSSRN Electronic JournalThe Banking Systems of Germany, UK and Spain from a Spatial Perspective: The Spanish CaseSSRN Electronic JournalProductivity and the Financial Sector What's Missing?SSRN Electronic JournalModern Growth in Perspective: Relative Performance Since the Global Financial CrisisSSRN Electronic JournalShort Sightedness of Output: Input Base Comparision Between Turkey and South KoreaSSRN Electronic JournalTechnology Disclosure and Capital Market Uncertainty: The Role of PatentsSSRN Electronic JournalForeign and Domestic Investment in Global Bond MarketsSSRN Electronic JournalThe Nature of Finance – Growth Relationship: Evidence from a Panel of Oil-Producing CountriesSSRN Electronic JournalCreditor Protection and Credit Market Development in Emerging CountriesSSRN Electronic JournalDo Both Demand-Following and Supply-Leading Theories Hold True in Developing Countries?SSRN Electronic JournalThe Banking Systems of Germany, the UK and Spain from a Spatial Perspective: The UK CaseSSRN Electronic JournalExternal Instability in Transition: Applying Minsky's Theory of Financial Fragility to International MarketsSSRN Electronic JournalFinancial Development and Economic Growth: A Study for OECD Countries in the Context of CrisisSSRN Electronic JournalICT in Reducing Information Asymmetry for Financial Sector CompetitionSSRN Electronic JournalThe Inverted-U Relationship Between Credit Access and Productivity GrowthSSRN Electronic JournalChanging the Climate for Banking: The Economic Effects of Credit in a Climate-Vulnerable AreaSSRN Electronic JournalThe Anatomy of Large Public and Private Firms in the U.S. and EuropeSSRN Electronic JournalThe Role of the Financial Sector in Economic DevelopmentSSRN Electronic JournalSME Growth, Financing Constraints, and Corruption: Evidence from Transition EconomiesSSRN Electronic JournalThe Information Content of 'Big' Firms' Idiosyncratic ShocksSSRN Electronic JournalSectoral Credit Around the World, 1940-2014SSRN Electronic JournalRegulatory Integration of International Capital MarketsSSRN Electronic JournalDoes Privatization Reform Alleviate Ownership Discrimination? Evidence from the Split-Share Structure Reform in ChinaSSRN Electronic JournalBank Capital Structure, Fire Sales, and the Social Value of DepositsSSRN Electronic JournalShari'a Law and Economic GrowthSSRN Electronic JournalInequality OverhangSSRN Electronic JournalThe Composite Effect of Stock Markets, Bank Stability and Country-Level Institutional Factors on LeverageSSRN Electronic Journal(Analysis of the Advancing Development of the Financial Sector in the Global Economy)SSRN Electronic JournalCredit Deepening: Precursor to Growth or Crisis?SSRN Electronic JournalAt What Levels of Financial Development Does Information Sharing Matter?SSRN Electronic JournalInstitutionalization of Capital and the Changing Role of Public Equity Markets: International EvidenceSSRN Electronic JournalCredit Constraints and Job Destruction: Evidence from DenmarkSSRN Electronic JournalInformation Asymmetry and Conditional Financial Sector DevelopmentSSRN Electronic JournalInvestment Timing with Costly Search for FinancingSSRN Electronic JournalTamed by Titans: Bank Competition and Corporate Risk-TakingSSRN Electronic JournalCollectivism and Corruption in Commercial Loan Production: How to Break the Curse?SSRN Electronic JournalThe Dark Side of the Implementation of Basel Capital Requirements: Theory, Evidence and PolicySSRN Electronic JournalEndogenous Political Institutions and Financial DevelopmentSSRN Electronic JournalEconomic Growth and Financial Sector Development: An Indonesian StorySSRN Electronic JournalPolicies in Hard Times: Assessing the Impact of Financial Crises on Structural ReformsSSRN Electronic JournalThe Microstructure of Reference Rates: A Review of the Telbor and Libor Reference RatesSSRN Electronic JournalEast Asian Financial and Economic DevelopmentSSRN Electronic JournalImpactos Do Crédito Bancário No Crescimento Economico Dos Municípios Brasileiros (Impacts of Bank Credit on the Economic Growth of Brazilian Municipalities)SSRN Electronic JournalA Influencia Politica E O Papel Dos Bancos Públicos Comerciais No Crescimento Economico Dos Municipios Brasileiros (The Political Influence and the Role of Commercial Public Banks in the Economic Growth of Brazilian Municipalities)SSRN Electronic JournalFinancial Development and Pre-Historic Geographical Isolation: Global EvidenceSSRN Electronic JournalDoes Financial Market Structure Impact the Cost of Capital?SSRN Electronic JournalIs There a Relationship between Shareholder Protection and Stock Market Development?SSRN Electronic JournalElementos Para Alcanzar El Mercado De Capitales Que Colombia Necesita: Hoja De Ruta Y Desaffos Estructurales (Reaching the Capital Markets Colombia Needs: Roadmap and Structural Challenges)SSRN Electronic JournalAccess to Finance Mind the Gender GapSSRN Electronic JournalCredit Information Sharing and Stock Price Crash Risk: The Role of Information Asymmetry and Bank RegulationsSSRN Electronic JournalPerchh La Produttivitt Degli Investimenti Varia Tra Paesi? (Why Does the Productivity of Investment Vary Across Countries?)SSRN Electronic JournalTrade Partner Diversification and Growth: How Trade Links MatterSSRN Electronic JournalMeasuring the Contribution to Systemic Risk of Sectors in the United States, the UK and Germany Using CoVaRSSRN Electronic JournalDistance and Modern Bankss LendIng to SMEs: Decentralised versus Centralised Banking in GermanySSRN Electronic JournalStock Returns and Mutual Fund Flows in the Korean Financial Market: A System ApproachSSRN Electronic Journal((((((((((( ) (The Transformation of the Role and Tasks of the Central Bank (Monetary Authorities) in the Modern Economy)SSRN Electronic JournalRegulation of Financial Innovation Stability vs. Progress?SSRN Electronic JournalLong-Term Investment and Accounting: Overcoming Short-Term BiasSSRN Electronic JournalThe Role of ICT in Reducing Information Asymmetry for Financial AccessSSRN Electronic JournalThe Impact of Bank Credit on Labor Reallocation and Aggregate Industry ProductivitySSRN Electronic JournalCapital Structure and Corporate Performance: A Case of NepalSSRN Electronic JournalFinancial Development and Geographic Isolation: Global EvidenceSSRN Electronic JournalInformation Sharing and Financial Sector Development in AfricaSSRN Electronic JournalDebtor Protection and Small Business CreditSSRN Electronic JournalFirm R&D and Financial Analysis: How Do They Interact?SSRN Electronic JournalOwnership and Financing Discrimination: Evidence from the Split-Share Structure Reform in ChinaSSRN Electronic JournalThe Direction of Causality between Financial Development and Economic Growth in Tanzania. An Empirical AnalysisSSRN Electronic JournalEase of Doing Business: International Policy Experience and EvidenceSSRN Electronic JournalStudy on the Impact of the Private Credit Excess on the Credit Risk Under the Massive Capital InflowsSSRN Electronic JournalFinancial Management Practices: An Exploratory Study of Capital Budgeting Techniques in the Caribbean Region.SSRN Electronic JournalVolatility and Economic Growth in the Twentieth CenturySSRN Electronic JournalFinancial Openness and Total Factor Productivity GrowthSSRN Electronic JournalAccess to Banking and Its Value in Developed Countries: Evidence from the U.S. Marijuana IndustrySSRN Electronic JournalIs the American Public Corporation in Trouble?SSRN Electronic JournalDo You See What I See? Transparency and Bond Issuing CostsSSRN Electronic JournalFinance for All: The Success of the Market-Led Approach to Financial Development in the Developing WorldSSRN Electronic JournalIntegration and Efficiency Convergence in European Life Insurance MarketsSSRN Electronic JournalFinancial development, economic growth and millennium development goals in South AfricaInternational Journal of Social Economics, Vol.42, No.5Law, Politics and the Rise and Fall of German Stock Market Development, 1870-1938SSRN Electronic JournalBank Ownership Structure, Lending Corruption and the Regulatory EnvironmentSSRN Electronic JournalDoes Finance Benefit Society?SSRN Electronic JournalInstitutional Framework, Corporate Ownership Structure, and R&D Investment: An International AnalysisSSRN Electronic JournalFragile New EconomySSRN Electronic JournalEnhancing the Ease of Doing Business in APEC Countries: A Comprehensive Review of LiteratureSSRN Electronic JournalFinancial Intermediation and Economic GrowthSSRN Electronic JournalThe Political Economy of State Capitalism and Shadow Banking in ChinaSSRN Electronic JournalFederalism and Innovation Support for Small and Medium-Sized EnterprisesSSRN Electronic JournalTribalism and Financial DevelopmentSSRN Electronic JournalDoes Creditor Protection Matter? Legal and Financial Development in Four OECD Countries, 1970-2005SSRN Electronic JournalPrivatization & FDI: Examining Growth in Vietnam's ProvincesSSRN Electronic JournalFinance-Growth Nexus and Dual-Banking Systems: Relative Importance of Islamic BanksSSRN Electronic JournalThe Impact of Financial Sector Development on Economic Growth: Analysis of the Financial Development Gap between Cameroon and South AfricaSSRN Electronic JournalFrom Delaware to Israel: Evaluating Israel's Quasi Experiment of a Specialized Corporate CourtSSRN Electronic JournalInformation Asymmetry and Financial Development Dynamics in AfricaSSRN Electronic JournalBanking Reforms: The Nigerian Corporate Governance Perspective and New ChallengesSSRN Electronic JournalBank Leverage Ratios and Financial Stability: A Micro- and Macroprudential PerspectiveSSRN Electronic JournalMobile Money and Financial Development: The Case of M-PESA in KenyaSSRN Electronic JournalGiving Credit Where Credit is Due: The Benefits of Letting Banks Issue MoneySSRN Electronic JournalStabilizing Nominal Spending: An Emergent, Free Banking PerspectiveSSRN Electronic JournalR&D Subsidies and Firms' Cost of DebtSSRN Electronic JournalFinancial Globalisation Uncertainty/Instability is Good for Financial DevelopmentSSRN Electronic JournalThe Causal Relationship between Financial Development and Economic Performance in TanzaniaSSRN Electronic JournalInstitutional Quality, Trade Openness, and Financial Development in Asia: An Empirical InvestigationSSRN Electronic JournalThe Comparative African Regional Economics of Globalization in Financial Allocation EfficiencySSRN Electronic JournalFinance and Creative Destruction: Evidence for ItalySSRN Electronic JournalTheory and Evidence on the Finance-Growth Relationship: The Virtuous and Unvirtuous CyclesSSRN Electronic JournalEU Development Policy and the Promotion of the Financial SectorSSRN Electronic JournalUnderstanding the LIBOR Scandal: The Historical, the Ethical, and the TechnologicalSSRN Electronic JournalAn Econometric Analysis of the Relationship Between Millennium Development Goals, Economic Growth and Financial Development in South AfricaSocial Indicators Research, Vol.118, No.228 September 2013Financial Development and Economic Growth: The Role of Financial LiberalizationSSRN Electronic JournalConsumer Credit on American Indian ReservationsSSRN Electronic JournalProfits and Economic DevelopmentSSRN Electronic JournalFinancial Liberalization, Development and Industrial Growth: Evidence from IndiaSSRN Electronic JournalA Robust Sensitivity Analysis of Cross-Country Finance-Growth RegressionsSSRN Electronic JournalCall for a Spatial Classification of Banking Systems through the Lens of SME Finance -- Decentralized versus Centralized Banking in Germany as an ExampleSSRN Electronic JournalDebt Markets in Emerging Economies: Major TrendsSSRN Electronic JournalFinancializing Development:  a   of Sovereign Development  Electronic JournalThe  between Financial Development,   and Economic Growth: Empirical Evidence for the United  Electronic JournalFinancial Development,  Finance and the  The Role of  MarketsSSRN Electronic   A  Cost Theory & EvidenceSSRN Electronic JournalBank   and Real Economic  Electronic   Electronic JournalFinancial Development and   Electronic  and   in the     Electronic JournalFinancial Development, Financial Instability and  A   in the  of Structural  Electronic   the  Bank Capital Structure and   Electronic JournalMobile Money in TanzaniaSSRN Electronic JournalLong-Term  of Trade and  Electronic JournalFinance and Growth: Modern  of the  of  Electronic   of Economic Growth in Transition Economies:   for   Electronic JournalA New   and  Nexus to Financial  and  Electronic JournalFinancial Inclusion  A  to   at  of   Electronic JournalBank  Financial  and Economic Growth in  Electronic  Countries:   and  Integration in the European Financial  Electronic   Electronic     the  of MoneySSRN Electronic JournalBank Competition and  Evidence from  Electronic  of Foreign  Investment in  Examining Empirical  in   Electronic   Bank  and Capital Allocation EfficiencySSRN Electronic  Growth and Banking  Electronic  is    Evidence of the  between    and  in  Electronic  the Contribution of  Insurance and  Financial  to Systemic  Electronic JournalFinancial Development and Economic Growth: A  Electronic     for Bank  in  Electronic JournalFinancial Innovation and  Electronic JournalFinance and Economic Growth  in Case of   Research  Electronic  Banks and  Role in  Economic Growth:  Research  in Case of  Electronic JournalFinancial  Economic Growth and  A Four  Study of the   of the Social  the  of   the  for   and  Growth that   Electronic JournalBanking  Development: Evidence from the Spanish Banking   Electronic JournalThe  Investment Fund   and   Systemic Risk  in the  Electronic JournalThe  of Corporate Social  Electronic JournalThe Gender Impact of  The Case of  in  Electronic JournalThe  of Corporate Social  Electronic JournalIs the Growth Effect of Financial Development Conditional on   Electronic   and Financial Development in  AmericaSSRN Electronic JournalA Model of   from Financial  Electronic JournalFinancial  Economic Growth and  Electronic    Growth, and Financial  Electronic  Economic Development, Strategic  and Efficiency in Chinese  Commercial BanksSSRN Electronic       Economic Growth in  Countries?SSRN Electronic JournalInstitutional  of Investment in Transition EconomiesSSRN Electronic  Financial Development and Growth:   Evidence from  Countries in  AfricaSSRN Electronic  in Corporate Governance  for Banking Sector GrowthSSRN Electronic  Stock Market Development and  Effect on Economic GrowthSSRN Electronic  of Asian Pension   for Financial and Capital MarketsSSRN Electronic JournalThe Impact of Bank Credit on   in  Electronic JournalFinancial  and Economic Development – A Study of   of  for the  Electronic  of   Development    An Empirical AnalysisSSRN Electronic JournalFinancial  and Economic Growth in  Evidence from     and  Causality  Electronic  and Finance: Evidence from the African   Electronic  the Cost of  and  Economic Growth: Evidence from the   Capital  Electronic JournalThe Effect of Bank Debt and Equity Financing on the  between Investment and Financial   Electronic JournalThe  Effects of Financial  Electronic  in Indian Banking  An Empirical Analysis of Indian Loan  Electronic  Stock Market Performance  A  Convergence  Electronic  Financial System in  of Global & Financial Crisis  A New Approach to    Electronic JournalInstitutional Investment and Financial  An International  Development, Corporate Governance and Cost of Equity  Electronic JournalCapital Budgeting  and Economic Development: A Comparative Study of  in   and  AfricaSSRN Electronic JournalDoes the Structure of Banking Markets Affect Economic  Evidence from U.S. State Banking MarketsSSRN Electronic JournalThe  Transformation  Changing Role of the State  the  of  in Central and  EuropeSSRN Electronic JournalFinancial Development in Emerging Markets: The Indian  Electronic  and Development:   Credit Constraints and Economic GrowthSSRN Electronic JournalCredit  and the Stock Market in Four East Asian EconomiesSSRN Electronic JournalA    The  to  a Financial  Regulatory   in  Electronic JournalThe Doing Business  Economic Growth and Regulatory  Electronic JournalThe Real Effects of Bank   at   of Economic Development: The European  Electronic JournalFinancial Deepening and Social  Electronic  from Stock  and Economic GrowthSSRN Electronic Journal",3035,Finance; Business; Economics,0.183,Include,Include,Abstract matches 4 inclusion criteria terms — appears to meet eligibility requirements.
https://openalex.org/W1526741577,,Earnings management and corporate social responsibility,2007,Diego Prior; Jordi Surroca; Josep A. Tribó,e-Archivo (Carlos III University of Madrid),"By drawing on stakeholder-agency theory and the earnings management framework, we&#13;\nhypothesize a positive connection between corporate social responsibility and earnings&#13;\nmanagement. We argue that earnings management damages the interests of stakeholders.&#13;\nHence, managers who manipulate earnings can deal with stakeholder activism and vigilance&#13;\nby resorting to corporate social responsibility (CSR) practices. Furthermore, CSR is a&#13;\npowerful tool that can be used to garner support from stakeholders and, therefore, provides&#13;\nan avenue for entrenchment to those managers that manipulate earnings, so as to reduce&#13;\nsignificantly their chances of being fired. Finally, we expect that the positive connection&#13;\nbetween corporate social responsibility and financial performance is negatively moderated&#13;\nwhen combined with earnings management practices. We demonstrate empirically our&#13;\ntheoretical contention by making use of a database comprising 593 firms from 26 nations for&#13;\nthe period 2002-2004.",27,Corporate social responsibility; Stakeholder; Business; Earnings management; Accounting,0.183,Include,Include,Abstract matches 4 inclusion criteria terms — appears to meet eligibility requirements.
https://openalex.org/W2036742276,https://doi.org/10.2478/cer-2013-0018,Corporate Social Responsibility and Financial Performance. Theoretical and Empirical Aspects,2013,Aleksandra Lech,Comparative Economic Research Central and Eastern Europe,"The aim of this paper is to examine the impact of Corporate Social Responsibility (CSR) rules on the financial performance of companies. In a theoretical part the author analyses selected economic theories that might justify a positive relationship between CSR and profitability, as well as explains the mechanism by which CSR might positively enhance economic performance from the stakeholders’ perspective. In an empirical part the author discusses selected econometric studies on the link between CSR and economic performance of companies, both from developed and developing countries. The article also contains the results of the author’s own research on the relationship between CSR and economic performance of the largest Polish companies on the Warsaw Stock Exchange. The scope of the author’s own research is the period 1Q 2010 –IIIQ 2012. The research shows that participation in the Respect Inde X(indicator of CSR in the author’s model) is not statistically significant in determining the financial performance of Polish firms.",45,Corporate social responsibility; Profitability index; Stock exchange; Accounting; Scope (computer science),0.183,Include,Include,Abstract matches 4 inclusion criteria terms — appears to meet eligibility requirements.
https://openalex.org/W1981326263,https://doi.org/10.1111/j.1467-8594.2008.00311.x,"Three Models of Corporate Social Responsibility: Interrelationships between Theory, Research, and Practice",2008,Aviva Geva,Business and Society Review,"Decades of debate on corporate social responsibility (CSR) have resulted in a substantial body of literature offering a number of philosophies that despite real and relevant differences among their theoretical assumptions express consensus about the fundamental idea that business corporations have an obligation to work for social betterment. All accounts of CSR recognize that business firms have many different kinds of responsibility, and seek to define both the scope of corporate responsibility in society and the criteria for measuring business performance in the social arena.11 For instance, Carroll, A. B., ""A three-dimensional conceptual model of corporate performance,"" Academy of Management Review 4, 4(1979): 497– 505; Clarkson, M. B. E., ""A stakeholder framework for analyzing and evaluating corporate social performance,"" Academy of Management Review 20, 1(1995): 92– 117; W. C. Frederick, Corporation, Be Good! (Indianapolis, IN: Dog Ear Publishing, 2006); Sethi, S. P., ""Dimensions of corporate social responsibility: an analytical framework,"" California Management Review 17, 3(1975): 58– 64; Swanson, D. L., ""Addressing a theoretical problem by reorienting the social performance model,"" Academy of Management Review 20, 1(1995): 43– 64; Waddock, S. A., ""Creating corporate accountability: foundational principles to make corporate citizenship real."" Journal of Business Ethics 50, 4(2004): 313– 327; Wood, D. J., ""Corporate social performance revisited,"" Academy of Management Review 16, 4 (1991): 691– 718. Waddock22 Waddock, S. A., ""Parallel universes: companies, academics, and the progress of corporate citizenship,"" Business and Society Review 109, 1(2004): 5– 42. used the metaphor of a branching tree to describe how the field has evolved into its current understanding of CSR, an understanding that attempts to link the relatively parallel universes of theory and practice, and to illustrate how various conceptual branches are related to each other. Fruitful as the development of a comprehensive organizing framework for the field has been, we are still left with the same quagmire of definitional problems that beclouded the old debate about the exact nature of CSR. The old claim that CSR ""means something, but not always the same thing to everybody""33 Votaw, D., ""Genius becomes rare: a comment on the doctrine of social responsibility Part. I."" California Management Review 15, 2(1972): 25– 31. is no less true today. This article seeks to add clarity to CSR theory and research by focusing on the core responsibilities that form the trunk of the branching CSR tree. A comparative analysis of three recognized CSR models—represented graphically as a pyramid,44 For instance, Carroll, ""A three-dimensional conceptual model of corporate performance."" intersecting circles,55 For instance, Jones, T. M., ""An integrating framework for research in business and society: a step toward the elusive paradigm?"" Academy of Management Review 8, 4(1983): 559– 564; Schwartz, M. S. and Carroll, A. B., ""Corporate social responsibility: a three-domain approach."" Business Ethics Quarterly 13, 4 (2003): 503– 530. 6. Adapted here from the Committee for Economic Development (CED), Social Responsibilities of Business Corporations, (New York: Author, 1971). 7. W. C. Frederick, ""Theories of corporate social performance,"" in Business and Society: Dimensions of Conflict and Cooperation, eds. S. P. Sethi and C. Falbe (New York: Lexington Books, 1987): 142–161. and concentric circles6—might help locate and clarify ambiguities through revealing systematic differences in their underlying assumptions, conceptual structure, methodological tools, and managerial implications. In the following section I briefly review the evolution of the CSR concept and its extensions. I next present the three CSR models beginning with a critical analysis of Carroll's CSR pyramid, a dominant model that has enjoyed wide popularity among business and society scholars; I will then examine the intersecting circles (IC) model, a CSR configuration representing overlapping responsibility areas; I will conclude with the concentric circle (CON) model, originally developed by the Committee for Economic Development (CED), and reformulated here so as to adjust to recent developments in CSR thought. In each section of the comparative analysis, I will first portray the general idea of the model, and then discuss its theoretical assumptions and its implications for research and practice. The last section discusses some of the implications of this analysis for future CSR research and teaching. Early definitions of CSR, or CSR1 in Frederick's7 well-accepted classification, carried heavy philosophic overtones. The abstract and often highly elusive principles governing CSR1 yielded, toward the late 1970s, to the action-oriented managerial concept of corporate social responsiveness (CSR2) and corporate social performance (CSP). The new theoretical approaches to CSR went beyond the previous somewhat narrower focus and, instead, aimed to develop more comprehensive frameworks that incorporate operational and behavioral aspects of corporate endeavor, relate the corporation to its external environment, and ground CSR/CSP theory in one or more social sciences–humanities disciplines.88 For a detailed review, see for example, Carroll, A. B., ""Corporate social responsibility: evolution of a definitional construct."" Business and Society 38, 3(1999): 268– 295; Frederick, Corporation, Be Good!; Waddock, ""Parallel Universes."" 9. Carroll, ""Three-Dimensional."" Carroll's foundational article on social performance9 provided a three-dimensional model defined by categories of CSR (economic, legal, ethical, and discretionary) on the first dimension, managerial philosophies or modes of social responsiveness (reaction, defense, accommodation, and proaction) on the second dimension, and the range of social issues that business must address (e.g., consumerism, environment, product safety) on the third dimension. Wartick and Cochran presented their evolution of the CSP model, which extended Carroll's model recasting his three dimensions of responsibility, responsiveness, and social issues into a framework of principles (using Carroll's four-part definition of CSR), processes (social responsiveness—the general means to the ends of satisfying corporate social obligations), and policies (social issues management).1010 Wartick, S. L. and Cochran, P. L., ""The evolution of the corporate social performance model,"" Academy of Management Review 10, 4(1985): 758– 769. 11. Wood, ""Corporate social performance revisited,"" 693. They emphasized that CSP can integrate the three dominant orientations in the field of business and society: the philosophical orientation (relates primarily to the principles of social responsibility), the institutional orientation (relates primarily to the process of social responsiveness), and the organizational orientation (relates primarily to the policies of social issues management). In what became an important framework that continues to shape the conceptualization of the field, Wood, building on Wartick and Cochran's CSP model, integrated much of the previous theoretical developments in an acknowledged definition of CSP as the ""configuration of the principles of social responsibility, processes of social responsiveness, and policies, programs, and observable outcomes as they relate to the firm's societal relationships.""11 This definition permits CSP to be seen as an assessment tool, a guiding framework that provides an outline of what needs to be considered (policies, programs, processes, and social outcomes) in evaluating CSR. It, however, does not clarify whether or to what extent processes of responsiveness and observable social outcomes are linked to principles of responsibility. In other words, the CSP model escapes the central issue of defining the boundaries of CSR. Indeed, as Wood noted, one of the major attractions of the CSP model has been its ability to sever the implicit identity of responsibility, responsiveness, and social outcomes and to indicate, for example, that a firm having social programs and policies can be seen as responsive to social expectations, but not necessarily therefore as socially responsible. In an effort to integrate normative and descriptive approaches to CSP, Swanson reoriented Wood's framework through shifting the focus of attention from the CSP branches—processes of corporate social responsiveness, programs, policies, and social impacts of corporate behavior—to the CSP trunk: the core responsibilities that cannot be escaped because they are integral to action.1212 Swanson, ""Addressing theoretical problem""; cf., Swanson, D. L., ""Toward an integrative theory of business and society: a research strategy for corporate social performance,"" Academy of Management Review 24, 4(1999): 506– 521. 13. W. C. Frederick, Values, Nature, and Culture in the American Corporation (New York: Oxford University Press, 1995). 14. Waddock, ""Creating corporate accountability,"" 313. 15. M. B. E. Clarkson, Principles of Stakeholder Management (Toronto: The Clarkson Centre for Business Ethics, 1999). Using Frederick's nature-based approach to foundational corporate values,13 it seems that Swanson was looking for a more process-oriented, dynamic model of CSP that could accommodate mutual influences and combined effects of different clusters of values. Consistent with Swanson's reorientation of the CSP model, there has been recently renewed interest in the core values or principles that provide the behavioral and philosophical rationale for socially responsible corporate practices. For example, Waddock suggests ""generally agreed principles of corporate citizenship,""14 Clarkson lists seven principles for stakeholders management,15 Hemphill proposes sets of principles of excellence for managing corporate relationships with primary stakeholders,1616 Hemphill, T. A., ""Corporate citizenship: the case for a new corporate governance model,"" Business and Society Review 109, 3(2004): 339– 361. Logsdon and Wood provide a ""relatively small set of basic universal principles""1717 Logsdon, J. M., and Wood, D. J., ""Business citizenship: from domestic to global level of analysis,"" Business Ethics Quarterly 12, 2(2002): 177. that govern the company's conduct, and Goodpaster presents the Caux Round Table Principles of global business as ""one of the best known sets of transcultural principles available today.""1818 Goodpaster, K. E., ""Some challenges of social screening,"" Journal of Business Ethics 43, 3(2003): 239. 19. Carroll, ""Corporate social responsibility."" Observing changes in social expectations from the business community, scholars may revise and adapt existing formulations of CSR, but, as Carroll noted,19 it seems unlikely that new concepts could develop apart and distinct from the groundwork that has been established to date. Rather than articulating a set of principles that purports to offer necessary and sufficient conditions for CSR, this article focuses on the conceptual structure of CSR and the relations between its elements as depicted in three different schematic descriptions (Figure 1): pyramid, intersecting circles, and concentric circles. Three Basic Models of CSR: Relationships between Domains of Responsibility.iFor the sake of comparison, Figure 1b includes all four domains of responsibility. This prototype model represents the general idea of intersecting circles, rather than trying to depict every one of the resultant categories. As Bacharach pointed out, ""A theory is a statement of relations among concepts within a set of boundary assumptions and constraints.""2020 Bacharach, S. B., ""Organizational theories: some criteria for evaluation."" Academy of Management Review 14, 4(1989): 496. A comparative analysis of the three conceptual models will show that the same terminology represents different meanings and different approaches to CSR. More specifically, the comparative analysis will demonstrate that the nature of CSR, its underlying boundary assumptions, the methodological tools, and the performance assessments are both the cause and the consequence of how the relationship between its elements is understood. Analysis of the differences in the conceptual structure across the three models (see Table 1) may assist in clarifying ambiguity in CSR theory and research through explicating the implicit assumptions by which each is bounded, unraveling inconsistent findings on the social impacts of corporate behavior, and removing impurities in managerial decision making. A leading model of CSR is Carroll's four-part pyramid.2121 Carroll, ""Three-dimensional""; see also, Carroll, A. B., ""The pyramid of corporate social responsibility: toward the moral management of organizational stakeholders,"" Business Horizons 34(July–August, 1991): 39– 48. 22. Ibid., 42. 23. Ibid., 41. 24. Ibid., 41. 25. Swanson, ""Toward integrative theory."" 26. For instance, A. B. Carroll, ""Social responsibility,"" in The Blackwell Encyclopedic Dictionary of Business Ethics, eds. P. H. Werhane and R. E. Freeman (Oxford, UK: Blackwell Publishers Ltd. 1997): 593–595. 27. Ibid., 593–595. The CSR pyramid was framed to embrace the entire spectrum of society's expectations of business responsibilities and define them in terms of categories. According to the model (Figure 1a), four kinds of social responsibilities constitute total CSR: economic (""make profit""), legal (""obey the law""), ethical (""be ethical""), and philanthropic (""be a good corporate citizen""). According to Carroll, the use of a pyramid to depict the conceptual model of CSR is intended ""to portray that the total CSR of business comprises distinct components that, taken together, constitute the whole.""22 The model categorizes the different responsibilities hierarchically in order of decreasing importance. The most fundamental is economic responsibility, ""all other business responsibilities are predicated upon the economic responsibility of the firm, because without it the others become moot considerations.""23 Businesses are expected to operate within the framework of law, thus legal responsibility is depicted as the next layer of the pyramid. Following is ethical responsibility defined in terms of ""those activities or practices that are expected or prohibited by society members even though they are not codified into law.""24 Last in importance, at the top of the pyramid, is philanthropic responsibility, which is discretionary in nature. In the main, the pyramid purports to describe a necessary and sufficient set of obligations that socially responsible businesses should simultaneously fulfill, taking into consideration their decreasing importance. The central assumptions underlying the CSR pyramid are presented below, followed by a discussion of their theoretical implications (see summary in Table 1). Nature of CSR Taking a managerial approach, the four-part pyramid defines CSR in terms of social expectations that responsible corporations should strive to meet. Prevailing social norms and expectations provide external criteria against which corporate performance can be measured; thus, the notion of responsibility in the pyramid model is reduced to normative restraints of responsiveness.25 In other words, CSR in the pyramid formulation is basically accommodative. Suggesting that businesses should treat CSR not as a goal to be maximized but as a constraint, the pyramid does in effect promote satisficing behavior rather than striving for excellence. Scope of responsibilities Understanding CSR as an array of separate domains naturally leads to narrow definitions of the different responsibilities. Thus, the economic role of the corporation is reduced in the pyramid model to the narrow emphasis on profit making of neoclassical economics.26 Likewise, legal responsibility is restricted to the ""letter"" of the law, while the ""spirit"" of law is reserved for the ethical domain.27 The ethical domain is further separated from the legal domain using a negative definition: ethical responsibility relates to those social expectations and norms not yet codified into law. In the same vein, philanthropic responsibility designates those areas of voluntary social involvement not specifically prohibited or demanded of companies because of their economic, legal, and ethical responsibilities. Total CSR The pyramid is a conjunction of separate domains of responsibility. In contrast to the ordinary view, the so-called separation thesis,2828 Freeman, R. E., ""The politics of stakeholder theory: some future directions,"" Business Ethics Quarterly 4, 4(1994): 409– 421. that businesses can focus either on profits or social concerns but not on both, the CSR pyramid ""sought to argue that businesses can not only be profitable and ethical, but they should fulfill these obligations simultaneously.""2929 Carroll, A. B., ""Ethical challenges for business in the new millennium: corporate social responsibility and models of management morality,"" Business Ethics Quarterly 10, 1(2000), 35. 30. A. B. Carroll and A. K. Buchholtz, Business and Society: Ethics and Stakeholder Management, 6e. (Mason, OH: South-Western, Thomson, 2006): 40. 31. Carroll, ""Pyramid of CSR,"" 42. 32. Carroll, ""Three-dimensional,"" 499. 33. Ibid., 499. However, the clear-cut separation of the domains raises the problem of integration. At most, the pyramid model can postulate that while separate, the bundle of responsibilities—formulated as a simple arithmetic sum30—must apply simultaneously; it says nothing about how these responsibilities are interwoven. Order of importance If the four responsibilities taken together constitute a whole, what is the meaning of the decreasing order of importance? A number of explanations have been offered to answer this question: (1) the pyramid suggests a ranking of CSR priorities based on the level of essentiality—the most fundamental is economic responsibility, of smallest importance is the philanthropic category, which is a sort of ""icing on the cake"";31 (2) the pyramid characterizes the social pressures imposed on the business sector in decreasing order of their strength—whereas economic and legal responsibilities are required of business and ethical practices are expected, philanthropic contributions, albeit desired, are voluntary; (3) the hierarchy of importance ""simply suggest[s] the relative magnitude of each responsibility"";32 and lastly, (4) the four categories ""are ordered in the figure only to suggest what might be termed their fundamental role in the evolution of importance. . . . [T]he history of business suggests an early emphasis on the economic and then legal aspects and a later concern for the ethical and discretionary aspects.""33 As it stands, the combination of simultaneity and hierarchy may explain the wide popularity of the pyramid model among ethicists and management theorists alike. Simultaneity reconciles the firm's profit-making concern with social concerns; the hierarchy of priorities provides the flexibility necessary to management decision making. In the ideal case, a responsible firm will simultaneously fulfill all component parts of the CSR pyramid. But this ""win-win"" outcome is not always possible. In daily life, where different corporate responsibilities often come into conflict, the good corporate citizen, though striving to fulfill all its responsibilities, will actually apply the proposed order of priorities to resolve the conflict.3434 Acar, W., Aupperle, K. E. and Lowy, R. M., ""An empirical exploration of measures of social responsibility across the spectrum of organizational types,"" International Journal of Organizational Analysis 9, 1(2001): 26– 57. 35. Carroll, ""Pyramid of CSR,"" 42. 36. Ibid., 43. 37. Carroll, ""Corporate social responsibility""; Hemphill, ""Corporate citizenship."" 38. Clarkson, ""Stakeholder framework,"" 94. The role of philanthropy The role of philanthropy has been discussed in the context of the CSR pyramid from two perspectives: inwards—as compared to other components of CSR, and outwards—as compared to other notions of CSR. Inwards, the question arises whether the philanthropic category can be correctly considered a responsibility in itself. To the extent that responsibility is conceived as a normative  or an obligation it   the discretionary nature of  In an  to  this  Carroll has  that in   is highly  and  but actually less important than the other three categories of social    philanthropy is often  as the defining component of CSR.   statement that management is to make as much  as  within the  of the law and ethical   three components of the CSR  legal, and  A central  of   on CSR is that businesses have a responsibility that  beyond the  of law and    which is   as  this   to  as the   between the neoclassical economic  and the new   notion of corporate  which  the importance of corporate  However,  the discretionary nature of  its role as the  component of CSR  a boundary problem that, as  below, will  to two different  The pyramid model of CSR has  as a  for some of the major research developments in the  As Clarkson    of its  can best be  by its  and that of its  A  number of empirical   in recent  have  first on  the  and then on  and  a set of   the  and  of CSR.   has been  research on the issue of CSR in general and in  to the pyramid model in  For a general review of the empirical  on CSR and the   problems  for example,      Waddock, S. A. and  S. B., ""The corporate social  performance   Management Journal      I  focus on the  of the pyramid  As Aupperle, Carroll and   the   of the CSR pyramid was its definition of CSR through four  Aupperle, K. E., Carroll, A. B. and  J. D., ""An empirical  of the relationship between corporate social responsibility and  Academy of Management Journal     They  this comprehensive  as   to the  of a research  which could  assessment of orientations toward social responsibility of corporate  as  as  into whether or not four separate components of CSR  and,  they  whether they  in the    by the pyramid. The most  used research  in CSR pyramid  is the    by  Aupperle, K. E., ""An empirical  of corporate   in  Social  and     42. For instance,           This sort of comparative    relative  of the importance of each component with   to the other components    are  to  a   (e.g.,  or   among  in each of  sets of four   statement in a set  to one of the four components of the CSR pyramid. The  of     to  model and  as   the number of CSR  their    and relative   however, that the more  the  the  the  between the different attempts to  the same  and,  the narrower the scope of this  The  of CSR in  with the     as an   a    this  means  that societal concerns and concern for economic performance are   rather than   This  has    in business and society  For instance, Jones, T. M. and  A.   stakeholder  Academy of Management Review 24,     Clarkson, ""Stakeholder  and  cannot be  in the framework of the pyramid that    of all four responsibilities.  is   here that  among responsibilities must not be  with  among  To be  many managerial    among  not responsibilities.  may   responsibility and still make     economic or social   the   does  more  into the relative ranking of CSR  it does not    to  total CSR. A different approach to evaluating total CSR is based on measuring CSP, the pyramid  the framework for   on each of its four   the  of economic responsibility is  as presented in   legal responsibility is  by the  of  and  of  corporate behavior or  or   ethical responsibility is  by the  of corporate  of  and other ethical programs and  and discretionary responsibility is defined in terms of the extent of the  philanthropic  The fundamental problem with this   problems of  to corporate  is one of   of  the  of behavior that can  as    or  for the  responsibilities. For example, is the  of  a   of legal   the  of a corporate  of  a   for ethical    have used    to examine the  of different    and social  on  orientation toward  For instance,  B. K. and  W.  ""Some  of  corporate social responsibility  Business and Society 38,      C. and Carroll, A. B.,   an  of the philanthropic  orientations and activities of    Journal of Business Ethics     and to  whether and how society's  expectations   in CSR orientations across  and   For instance,   and     corporate citizenship in two  the case of the   and  Journal of Business Ethics      T. S. and Carroll, A. B., ""A   of   have they  Journal of Business Ethics 15,     the  of business  more and more   to   into the nature of CSR orientations in different  and as  expectations    on the business   in this important  is still in its   relationship The question of CSR  can be  from a normative as  as from an   of  The   that no  what the  of CSR, it must be  because it is the   thing to  the   the  between CSR principles and  CSR should be  because it may   corporate  performance  is only  and not necessarily the  expected consequence of  a CSR approach, the   of empirical research on CSR  has  on",167,Corporate social responsibility; Stakeholder; Business ethics; Corporation; Corporate Real Estate,0.183,Include,Include,Abstract matches 4 inclusion criteria terms — appears to meet eligibility requirements.
https://openalex.org/W2774724523,https://doi.org/10.1002/bse.1985,Climate Change and Mandatory Carbon Reporting: Impacts on Business Process and Performance,2017,Samuel Tang; David Demeritt,Business Strategy and the Environment,"Abstract As part of their annual directors' report, UK‐listed companies are now required to disclose their greenhouse gas emissions and account publicly for their contributions to climate change. This paper uses this mandatory carbon reporting to explore wider debates about corporate social responsibility and the purpose, practice, and impacts of such non‐financial reporting. Empirically, it combines documentary analysis of the carbon reporting practices of 176 large firms listed in the FTSE100 and/or subject to the UK government's adaptation reporting power with 60 interviews with stakeholders involved in carbon reporting. Firms disclose their emissions in response to financial incentives, social pressure and/or regulatory compulsion. In turn, rationales shape whether and how carbon reporting influences internal business processes and performance. The importance of reporting to the bottom line varies by sector depending on two variables – energy intensity and economic regulator status – yet there is limited evidence that carbon reporting is driving substantial reductions in emissions. Findings suggest reasons for caution about hopes for ‘nudging’ firms to improve their environmental performance and social responsibility through disclosure requirements.",178,Greenhouse gas; Incentive; Accounting; Government (linguistics); Corporate social responsibility,0.167,Include,Include,Abstract matches 2 inclusion criteria terms — appears to meet eligibility requirements.
https://openalex.org/W165025367,,Executive and Corporate Correlates of Financial Performance in Smaller Firms,1986,Thomas M. Begley; David P. Boyd,Journal of Small Business Management,"EXECUTIVE AND CORPORATE CORRELATES OF FINANCIAL PERFORMANCE IN SMALLER FIRMS*  research discussed in this article takes a first step toward isolating factors associated with high performance in smaller businesses.  study examines relationships between financial criteria and characteristics of the firm and the chief executive officer (CEO). * This research was supported in part by the Research and Scholarship Development Fund and the College of Business Administration of Northeastern University.  authors thank Barbara Kane, Pamela Kupchik, and June Remington for their research assistance, and Lewis Shattuck, Executive Director of the Smaller Business Association of New England. It is often noted that small business start-ups have high mortality rates in their initial stages. Efforts have been made to define features related to firm dissolution in the early stages of business.1 There is little empirical evidence, however, on the dynamics of performance in the mature years. 1 See Arnold Cooper, The Entrepreneurship-Small Business Interface' in Calvin Kent, Donald Sexton, and Karl Vesper, eds., Encyclopedia of Entrepreneurship (Englewood Cliffs, New Jersey: Prentice-Hall, 1982), pp. 193-205.  Smaller Business Association of New England (SBANE) is a major association of predominantly mature firms. SBANE seeks to advance the welfare of smaller businesses in the social and political arena. This organization was chosen as a source of data for the present study of executive and corporate correlates of financial performance in mature small- to mid-sized firms. THE SAMPLE SBANE provided a list of its 2,300 members. One thousand companies were randomly selected from this list. In the fall of 1981, the CEOs of these companies were mailed a questionnaire which included a letter of endorsement from SBANE's executive director. Respondents were assured of confidentiality. Completed returns numbered 471, a 47 percent response rate. These responses provided the data base for the analysis that follows. VARIABLES SELECTED FOR STUDY  survey questions fall into four categories: characteristics of the firm, background characteristics of the CEO, psychological profile of the CEO, and financial performance measures. Characteristics of the Firm  following characteristics of the firm were solicited: age, number of employees, total revenues in the most recent fiscal year, and the company's debt-to-equity ratio. These variables represent longevity, size, and leverage. Characteristics of the CEO Background characteristics of the CEO were also obtained. In a smaller company, the background of the person in charge can have a major impact on company performance, because that person is typically the locus of decision-making. Founder status was ascertained, since founders are likely to manifest extreme commitment to the venture's success. CEO time in position and time with the company are indicators of experience. Survey questions also asked about CEO's age, sex, education, and marital status. Psychological Profile Psychological assessment of the CEO concentrated on Type A behavior.  Type A construct is intended to measure the degree to which a respondent displays extremes of competitiveness, striving for achievement, aggressiveness, haste, impatience, restlessness, hyperalertness . . . and fellings of being under the pressure of time and under the challenge of responsibility.'2 2 C. D. Jenkins, The Coronary-Prone Personality, in W. D. Gentry and R. B. Williams, Jr., eds., Psychological Aspects of Myocardial Infaretion and Coronary Care (St. Louis: Mosby, 1975).  most widely used pencil-and-paper test, the Jenkins Activity Survey (JAS), was selected as the Type A scale for use in this study.3 This 52-item test measures four dimensions: overall Type A tendencies, speed and impatience (Factor S), job involvement (Factor J), and hard-driving competitiveness (Factor H). …",180,Entrepreneurship; Management; Small business; Scholarship; Chief executive officer,0.167,Include,Include,Abstract matches 2 inclusion criteria terms — appears to meet eligibility requirements.
https://openalex.org/W138857973,,Determinants of Environmental Reporting in Malaysia,2003,Zauwiyah Ahmad; Salleh Hassan; Junaini Mohammad,International Journal of Business,"This study empirically examines the incentives that motivate Malaysian listed companies to disclose environmental information in their annual reports. The study attempts to explain the occurrence of the environmental information with reference to some company specific characteristics from the contracting and political cost perspectives. Six variables are hypothesised to influence companies' decision to voluntarily disclose environmental issues in their annual reports. The results reveal that only two out of the four hypotheses are supported; that is, the voluntary disclosure of environmental information in the annual reports is negatively related to firms' financial leverage and that their accounts were audited by Big-5 firms. Explanations are proffered for these findings. Keywords: Environmental reporting, ' contracting theory, political cost theory, Malaysia. I. INTRODUCTION This study attempts to examine firm-wide factors that motivate Malaysian listed companies to voluntarily disclose environmental information in their annual reports. The disclosure of environmental information attracts attention as the information itself involves the living quality despite the fact that such reporting is voluntary in nature. The current study attempts to explain the occurrence of the environmental information with reference to some company-specific characteristics. Environmental information in annual report is defined as a subset of the corporate social responsibility, which includes information regarding waste management, recycling programs and environment control. Voluntary reporting in corporate annual reports is believed to be costly and therefore it is of interest to examine the motivation of companies' to present such non-mandated information. The said costs include compilation costs as the environmental information is usually not readily available in the financial records. The suggested motivations for companies to voluntarily disclose environmental information are varied. One of such explanations is in the concept of organisational  as developed by Lindblom (1984), who stated four reasons for such disclosure. The first reason is to reduce the legitimacy gap caused by the failure of performance on the part of the organisation by informing its relevant publics about changes in respect to how the organisation has performed due to environmental changes. For instance, a major oil spill in one financial year may result in disclosures concerning increasing environmental concern and safety. The second reason is to change the perception of itself, but not necessarily its actual behaviour; for example, a company may have an undesirable waste disposal practice but may show imagery of clean working environment. The third reason is to deflect attention from public concerns by using emotive imagery; for example, a company that pollutes the environment through its production processes may disclose information regarding a recycling program. The final reason for the voluntary disclosure of environmental information is to alter outside expectation of its performance when it feels its relevant publics have unrealistic expectations of its social and environmental performance. Apart from the reasons above, findings from prior studies have revealed other reasons for environmental reporting which will be discussed in a later section. The motivation behind the current study not only lies in explaining the reasons for voluntary disclosure but also to evaluate the issue, based on empirical evidence, from a contracting and political cost perspective. The remainder of this paper is organised as follow: Next is a section that discusses issues relating to environmental reporting, followed by a review of selected prior studies. The development of research hypotheses are later deliberated, and then followed by the research methodology. Finally, the paper presents the results and its implications, and some concluding remarks. …",164,Voluntary disclosure; Business; Leverage (statistics); Accounting; Audit,0.167,Include,Include,Abstract matches 2 inclusion criteria terms — appears to meet eligibility requirements.
https://openalex.org/W3020569781,https://doi.org/10.3390/su12093554,Knowledge Mapping of Corporate Financial Performance Research: A Visual Analysis Using Cite Space and Ucinet,2020,Wuzhao Xue; Hua Li; Rizwan Ali; Ramiz Ur Rehman,Sustainability,"Financial performance is an indicator of the financial stability and the health of a firm. It is a measure of how well a firm uses its assets to generate revenues, a firm’s credibility, and its ability to pay off debts. To study the theoretical development, empirical examinations, and growing trend of financial performance research, this study reviewed the financial performance literature based on 875 journal articles sourced from the Web of Science, ACM, and Scopus databases from 2005 to 2019. To carry out the review, we applied Cite Space and Ucinet software for visualization and social network analysis, statistical analysis, co-occurrence analysis, and other research methods. We obtained a panoramic depiction of the posts, authors, journals, and keywords, and also reviewed financial performance using the field of knowledge maps. Accordingly, this study highlighted the recent and future research trends, and found that corporate social responsibility, and the green and sustainable corporate environment are potential research areas. These findings, through the combination of bibliometric methods and a systematic review, provide a better understanding of the development of corporate financial performance for both researchers and practitioners.",46,Scopus; Visualization; Revenue; Corporate social responsibility; Empirical research,0.1,Include,Include,Abstract matches 3 inclusion criteria terms — appears to meet eligibility requirements.
https://openalex.org/W4224132242,https://doi.org/10.1016/j.jik.2022.100189,Government subsidies’ influence on corporate social responsibility of private firms in a competitive environment,2022,Duan Wenqi; Adnan Khurshid; Abdur Rauf; Adrian Cantemir Călin,Journal of Innovation & Knowledge,"Corporate involvement with social responsibility (CSR) is a voluntary practice. However, governments have recently adopted a more supportive stance by providing research and development support and tax exemptions. Therefore, this study examines the role of government subsidies (Sub) in CSR, considering the amount and number of subsidies and the type of industry in a competitive business environment. The paper establishes theoretical linkages through the construction of an oligopolistic market model of private enterprises based on industrial organisation theory's structure–conduct–performance (SCP) paradigm. Moreover, our study tests the empirical relationship using a dataset of 100 listed companies in Pakistan observed from 2011 to 2019 using robust standard error methodologies and a fixed effects IV estimator. The results show that government subsidies significantly promote private enterprises to actively fulfil their social responsibilities, and product market competition plays an intermediary role that endorses the theoretical proposition. This effect is visible at all stages of the enterprise's life cycle. Additionally, the relationship is more prominent in the case of low- and medium-sized government subsidies, competitive industries, and firms with no political connections. The results further reveal that product market competition is the primary channel through which government subsidies influence CSR. Concurrently, optimising the allocation of financial resources has specific significance.",98,Subsidy; Corporate social responsibility; Government (linguistics); Competition (biology); Business,0.1,Include,Include,Abstract matches 3 inclusion criteria terms — appears to meet eligibility requirements.
https://openalex.org/W2127070805,https://doi.org/10.1111/j.1467-8608.2011.01617.x,Does community and environmental responsibility affect firm risk? Evidence from UK panel data 1994-2006,2011,Aly Salama; Kevin Anderson; J.S. Toms,Business Ethics A European Review,"The question of how an individual firm's social and environmental performance impacts its firm risk has not been examined in any empirical UK research. Does a company that strives to attain good environmental performance decrease its market risk or is environmental performance just a disadvantageous cost that increases such risk levels for these firms? Answers to this question have important implications for the management of companies and the investment decisions of individuals and institutions. The purpose of this paper is to examine the relationship between corporate environmental performance and firm risk in the British context. Using the largest dataset assembled so far, with community and environmental responsibility (CER) rankings for all rated UK companies between 1994 and 2006, we show that a company's environmental performance is inversely related to its systematic financial risk. However, an increase of 1.0 in the CER score is associated with only a 0.028 reduction in its β.",246,Corporate social responsibility; Business; Context (archaeology); Affect (linguistics); Panel data,0.083,Include,Uncertain,"Abstract matches one inclusion term — partial match, human verification recommended."
https://openalex.org/W1586430035,https://doi.org/10.1111/j.1467-8683.2011.00895.x,Board Task‐related Faultlines and Firm Performance: A Decade of Evidence,2011,Szymon Kaczmarek; Satomi Kimino; Annie Pye,Corporate Governance An International Review,"ABSTRACT Manuscript Type: Empirical Research Question/Issue: To what extent can group faultlines and their potential value‐destroying effects be detected on corporate boards? Task‐related attributes of the type of directorship, education, board tenure, and financial background of board members are considered as directors' characteristics that give rise to the faultline phenomenon. The impact of task‐related faultlines on firm performance as well as the moderating effects of busy boards, Chief Executive Officer (CEO) tenure, executive directors' (EDs) compensation structure, and the average non‐executive directors' (NEDs) involvement in board committees are examined. Research Findings/Insights: Using a panel of FTSE 350 companies from 1999 to 2008, we find a strong negative effect of task‐related faultlines on firm performance. Further exploration of the moderating effects demonstrates that the condition of a busy board and CEO tenure exacerbate the negative effects of faultlines. At the same time, the executive pay contingency is found to have a remedying effect on boardroom cohesiveness, whereas the involvement of NEDs in board committee work is not likely to make the adverse effects of board faultlines less pronounced. Theoretical/Academic Implications: Based on the arguments of social identity theory, this study shows that task‐related faultlines on corporate boards have strong negative value‐creating implications. The positive moderating impact of the executive compensation structure renders support to agency theory predictions about executive incentive alignment. This work also underlines the usefulness of the concept of faultlines in the corporate governance literature, because unitary boards, where NEDs and EDs share board responsibility, exhibit pre‐existing factions, similar to top management teams of family‐controlled firms and teams managing international joint‐ventures. Practitioner/Policy Implications: This research points to the importance of a careful selection process of directors by nomination committees. It also underlines the role for active leadership on boards, who should be aware of available strategies to ameliorate the negative consequences of board schisms, such as accentuating superordinate board identity and/ or informal meetings.",147,Corporate governance; Accounting; Executive compensation; Principal–agent problem; Business,0.017,Include,Include,Abstract matches 2 inclusion criteria terms — appears to meet eligibility requirements.
https://openalex.org/W2061147929,https://doi.org/10.1111/j.0045-3609.2005.00023.x,Toward a Comprehensive Model of Stakeholder Management,2005,John F. Preble,Business and Society Review,"While the stakeholder concept was first introduced in the 1960s (Stoney and Winstanley, 2001), it was not until the mid-1980s that the concept started to gain widespread acceptance in the United States, with the publication of Freeman's (1984) book, Strategic Management: A Stakeholder Approach. Since then, numerous conceptual, theoretical, and empirical studies have been conducted with the stakeholder concept as a central theme. While this body of literature is indeed impressive, far less has been done to integrate and implement this knowledge into conceptual and process models that can facilitate the actual practice of stakeholder management within contemporary organizations. This paper will attempt to begin to fill this void by carefully constructing a comprehensive process model of stakeholder management. The model will draw on relevant articles in the extant literature on stakeholder management and corporate examples to provide a theoretically well grounded, yet practical approach for organizations to utilize in successfully managing their stakeholder relations. Recently, Logsdon (2004) utilized a similar type general process model to specify the steps in operationalizing the complex concept of global business citizenship. The paper will begin with a review of some of the early history of the stakeholder concept. This will be followed by a section on how stakeholders can be systematically identified and sorted. Several rationales and supporting empirical evidence are then provided as to why organizations can benefit by adopting a stakeholder perspective. A detailed six-step stakeholder management process model is then developed and mapped out in detail. Included in the model and explanation are theoretical developments and examples taken from several visible organizations that have been experimenting with and developing effective multipronged responses to stakeholder challenges. A summary and conclusion is then provided. The historical roots of the stakeholder concept date back to the 1960s when academics at the Stanford Research Institute (SRI International, Inc.) first articulated what was considered at the time to be a controversial proposal (Stoney and Winstanley, 2001) and first used the actual word “stakeholder” (Freeman, 1984). The term stakeholder was chosen as a literary device to call into question management's sole emphasis on stockholders (Freeman, 1999) and instead suggested that the firm be responsible to a variety of stakeholders, and that, without their support, the organization would not survive. During the 1970s firms began experiencing increased levels of change in their external operating environment. Corporations began responding to a more dynamic and uncertain external environment (often characterized as turbulent) by setting up formal environmental scanning systems (Preble, 1978). These systems were designed to act as “early warning systems” that would detect changes, events, and emerging issues early on in their development so that organizations could prepare effective and timely responses. Most of the changes detected by these systems were precisely those that underpinned Freeman's (1984) call for managers to revise their conceptual maps and use the stakeholder framework to help interpret external events. Some of the external changes Freeman noted in this seminal work were as follows: the emergence of consumer, environmental, and other activist groups an increase in the scope of government (role as a watchdog) a global marketplace and increased foreign competition an increasingly hostile media a loss of confidence in business (p. 246) These and other more recent trends, like improved communication and the emergence of the Internet, have only reinforced these developments and the need to manage organizations with an open-systems perspective by utilizing stakeholder management techniques. While numerous conceptual, theoretical, and empirical articles and books have been published since Freeman's (1984) book appeared, our review must be limited. Thus, in discussing stakeholder management, only the most important ideas and conclusions that are relevant to advancing the aims of this article will be drawn from this immense body of material. A key initial issue in stakeholder management is stakeholder identification, i.e., who are an organization's relevant stakeholders? Stakeholders have been defined in various ways (Mitchell et al., 1997) with the broadest definition being given by Freeman (1984, p. 46): “A stakeholder in an organization is (by definition) any group or individual who can affect or is affected by the achievement of the organization's objectives.” This definition is particularly important in highlighting a two-way relationship between the firm and its stakeholders. Stakeholders can impact whether or not a firm and its managers will achieve their objectives and, therefore stakeholders should be managed instrumentally, if profits are to be maximized. In the other direction, if firm decisions affect the well-being of stakeholders then managers have a normative obligation to stakeholders that is moral in nature (Berman et al., 1999). While the above definition of stakeholders is extremely useful, it is also somewhat problematic in that it may not narrow the field down sufficiently for many organizations to be able to decide whom a stakeholder might be. Clarkson (1995) defines stakeholders as persons or groups that have, or claim, ownership rights, or interests in a corporation and its activities, be they past, present, or future. The stakeholder perspective, in a normative sense, identifies stakeholders by their interest in the corporation, regardless of whether the organization has any corresponding functional interest in them. The interests of all stakeholders are of intrinsic value, and each group merits consideration (Donaldson and Preston, 1995). An inclusive perspective of stakeholders, like the ones just described, is highly congruent with DaimlerChrysler Japan's view of environmental stakeholders as encompassing all of humanity, extending to future generations, as well as to all plants and animals (Environmental Report, 2002). Similarly, Imperial Chemicals Industries (ICI) acknowledges obligations to all stakeholders, as part of its sustainable development agenda. A board member is held accountable, as stakeholder expectations are regarded as an integral part of commercial success (ICI Annual Review, 2001). A corporation's survival depends on the continuing participation of its primary stakeholders, e.g., shareholders and investors, employees, customers, and suppliers. It also depends on its public stakeholders (e.g., governments and communities) to provide infrastructures and legal frameworks in which to operate. Secondary stakeholders are those who influence or affect, or are influenced or affected by, the corporation, but are not engaged in direct transactions with it and are not essential for its survival, e.g., the media and special interest groups (Clarkson, 1995). While these groups are not essential to the direct functioning of the organization, they can strongly influence how the organization is perceived by the public and various governmental entities and, therefore, have a major impact on an organization through the interaction of stakeholders. While the above definitions of stakeholders are believed by the author of this paper to be valid and will serve the purposes of this paper reasonably well, some recent conceptual and empirical work in the area of stakeholder identification and salience (the degree to which managers give priority to competing stakeholder claims) may also be useful in helping organizations sort out which stakeholder will command the most attention at particular points in time. Mitchell et   developed a  of stakeholder identification and salience which  the key  Stakeholder salience will be   to the   of stakeholder   and  by managers to be  (p.   et   p.  in an empirical  of the above   these  stakeholder  as   is a  on a    a  or legal  a moral  an   or a stakeholder  a moral interest in the  and   by a    is the  to influence a   whether or not the stakeholder has a    is the degree to which a    for    a dynamic  for a stakeholder to  salience in the  of  The    empirical  for the above  Since organizations have   the above  provide    for  and  stakeholders.  just  some ways in which management   that stakeholders might be identified and   to their    will   our attention to  the   empirical evidence supporting the use of the stakeholder   should management  a stakeholder   and   will  be provided from   yet     a stakeholder approach is   in that the   of the firm will be   stakeholders  is  as the  for  the  of  the  of the corporation,  marketplace   and    a     that  that   their shareholders first  less well for their shareholders    that  the interests of all their stakeholders  and    and     and  (1995)  a   of  studies of corporate    of which   to stakeholder  and used    they  that all of these studies   that  to stakeholder  and   to achieve  corporate  objectives     as well or        and   conducted a    of     that  the relationship between  of corporate  and     Freeman (1984)    in advancing  view of stakeholder  that    is a  for business  and that  and    to be    the   A key  of the  and    which       and    an  time  and used   and     was that   a    Thus, all the evidence suggested a   between  and   and  is   with the stakeholder  of the   et     a  stakeholder management  which  on the  that firms will  stakeholder  when they   so will  firm   i.e., an   These   that   with key stakeholders and   they are   can help with firm  Thus, taken  all of the above studies   to the  model of stakeholder management.    to what  if stakeholders are   or the organization  in a   or     has noted that stakeholder  can          on the   government  for     in    In  the  of stakeholder activist issues can  in   and  a  in    legal  as well as  management time. Similarly, a key  of    of stakeholder  by    was that the  from stakeholder  was  to be  highly    and  to   the     what  when a firm  in a   and      this issue  a  of   studies taken from the  literature to  the    to these  of    from this  that   and  corporate   in   in   The above  also provided  for our   the moral     empirical  for the concept of   that business and  interests are    stakeholder   the  of what firms  to  or should  from an  and moral  in the  of shareholders and stakeholders. Stakeholders have intrinsic  and, as   to be  as  in  and not just as  to an      as in a     and  (1995)  the normative  as  acceptance of the  Stakeholders are persons or groups with  interests in     of corporate  Stakeholders are identified by their interests in the corporation, whether the corporation has any corresponding functional interest in them. The interests of all stakeholders are of intrinsic    each group of stakeholders merits consideration for its   and not   of its  to  the interests of some other   as the  (p.   have just  a  variety of evidence supporting the use or  by firms of the stakeholder   is  evidence supporting the  perspective,   this approach  the   of the     that  or  stakeholders or    was  to the   to their  and      the stakeholder approach was  to be  on   in that it is the   to   will   a comprehensive six-step process model of stakeholder management. While the extant literature on stakeholder management   many of the  of the stakeholder     has been  to  a comprehensive stakeholder management process model that can facilitate the actual practice of stakeholder management within contemporary organizations. Thus, the  of a   of stakeholder management   with examples of stakeholder  taken by several visible organizations and  into a comprehensive stakeholder management process  is considered to be a major  of this paper to the  This model and approach can  facilitate the  of  a stakeholder perspective into an   An organization and its managers must   the process with the  that adopting a stakeholder perspective and   stakeholder management  will   the functioning and  of their organization as they  an improved and   to an  external operating environment. An  section of this paper has provided  conceptual and empirical  for this  The   is to   the stakeholder management process    into an organization's business  and   Stakeholder    While the stakeholder  is    the   that its  is  more   a   process is suggested to help      are a  of   suggested in the  for        et         will use the Clarkson (1995)    in the paper to  in  stakeholders. The author  this   it has the   of being   and   stakeholders are those  continuing participation is  if an organization is to  e.g., shareholders and investors, employees, customers, and suppliers.  stakeholders provide the firm with  and legal frameworks in which to  e.g., governments and    stakeholders are those who influence or affect, or are affected by, the corporation, but are not engaged in direct transactions with it and are not essential for its survival, e.g., the media and special interest  The   is to  all stakeholders in which the organization has an  as well as those who have an interest in the firm and  therefore, influence it   or through  with other stakeholders. The   to  as  by  and   is that the interests of all stakeholders are of intrinsic  and  consideration by the        of the     operating on all    to its first      2001),  considered only stakeholders with which they  a  relationship  employees,    investors, and  of corporate  in their business    activist groups have   that  has   and    and environmental  in its foreign    a   has   media     legal  and an    that     Thus,  has been  to  up  its primary stakeholders and to  environmental         responsible     and    2001). While  (1995)  and   are  as to whom a  stakeholders might  it should be noted that the actual stakeholder groups identified will be  on a    and the  of its  and   the stakeholder identification process is  it is  useful then to  a stakeholder  to  a   of the stakeholder  that is relevant to the organization    It  to be  at this  that this  is   and  a    of an organization's stakeholders.  complex and comprehensive maps are  as  in Freeman  and stakeholder maps may be    on a key issue that is of interest to the firm and the    in   corporate    has   a need for a more  approach to stakeholder  as a  of  with an   external  stakeholder groups and has  with     sustainable development  to  a stakeholder framework   similar to the    in   Stakeholder   Freeman  It is useful  stakeholders have been identified   to  an initial  as to the general nature of the various  or expectations that these stakeholders might have on the  These  help to  what type of  a stakeholder  and what  of a  would be  for the firm to   to each  The nature of a  in the firm can  from an   to that of an  with groups in the  of the   an  or   in the firm    1984).  have a    in the  which       in that they can  their  and   which could be  at the    as in the  of a    have    in their   and their  to     when a   or  or  its    can also    by   with  or government  In  with  the general nature of stakeholder     of  in its  of          to these  of   customers, employees,   and    and      to    and provide an   and with  to customers, it  to  and   by developing and   and  that   in  of    and environmental  which are  by the   environmental, and commercial      that can have a  influence on the organization  and  for  in the United States, through the  and   the    and the         like   in the United  and the  group       can have a direct influence on the firm should they decide to  a   of a       or by  the government for     are  to have a   in the firm by  being  in its   and    The above examples are not  to be  but are   of the  of  and   that need to be  as part of the   of stakeholder   be   this  must be   to  the  expectations of stakeholders and to what  these  and  are being  by the  This    each      on various issues and   to an organization's  on these  to  if          that the   is   managing  interests of managers and their stakeholders.  then an organization must  what their stakeholders  from the firm and  if it is   what the organization is    are   can be  to  these  and therefore  the   that could  in  and  stakeholder   the   stakeholder expectations can be a complex    stakeholders like environmental    of communication may not  and, therefore, expectations may need to be   1995).    organizations can carefully  the   of  interest  to help   stakeholder   an organization may need to  the expectations of   stakeholders (e.g.,  employees,    is   (Mitchell et al., 1997) or     has    and  of its   In this  the firm should  to   for  the expectations of those stakeholders or at   the   by  and  increase     to  its    as  as  by  all  in  to   or   The expectations of other stakeholder groups might be more   In the  of  organizations are  through     and   precisely what the   and  and how well these are being provided by the management. Thus,   can more  be identified by management. Similarly, in the  of  key stakeholders can  be  identified        board of  and expectations can then be     communication  and     the    and   to be able to     which may      and        and  at    and environmental stakeholder groups may have   expectations for firm  like a   of  to be  and general   as a firm should be operating in a  responsible    have  as a  for organizations to   stakeholder expectations in   and   changes in   with  to those     a    approach to public   environmental, and   in  to  key    and   the   of a  for its key stakeholders.     have been developed for  and   by the  Institute for  and      some organizations may  to  the process  by  not just at what stakeholders  or  but at the question of what  they might use to   i.e., stakeholder influence  This   not only at   or stakeholder  but also at the relationship between the firm and the     this by  the  relationship  is  on  and    of stakeholder influence  direct  direct    and   Similarly,    the    to     of stakeholder  which  into    stakeholder  and  and  how organizations  to the  influence of  stakeholders.  and    developed a stakeholder model  on a   of  change and  that  the  of    extremely  and highly   and the  of these   time. These  provide a  and detailed  of how and why the global environmental   corporate relationship has   the    In the most recent   the  relationship is characterized by  on   and is  with    to various environmental  and issues through  and    the    interests    and    the   that can be used by        is  for  moral     to  for the  and direct   The  is  to the above articles should they  to  these    the above  organizations can  stakeholder expectations and   these with their organization's  and    key  and    organizations may   this  not just what stakeholders  but how they might  to  it through stakeholder influence  Since organizations may not    to   all  the   will be to    will be   While this paper has taken the  that all stakeholder entities   and has   to  all relevant stakeholder  it is also  that managers and organizations have  on their      and  Thus, this  will  on ways to help sort out which stakeholder groups will command or   attention at  points in  i.e., be perceived as  priority     in the  Mitchell et    a  of stakeholder identification and salience (the degree to which managers give priority to competing stakeholder claims)  on the  to which managers perceived stakeholders to        et   p.   provided  empirical  for this model   from  of     Similarly, an empirical  of       and  with  to  stakeholders, conducted by  and   is also   of this  In highlighting the  as an  of stakeholder influence  on   and management  these   environmental  and   to be  by managers to be highly  stakeholders  on their perceived  and  to  a  to  or  the   the other  customers,  employees, and environmental   were not  with  to  an    as they   or  developed   Mitchell et   developed  stakeholder   on whether they    or  of these  in various   stakeholders have  salience to management as they  only      stakeholders have   stakeholders   and  stakeholders have only  but   or   should  of these stakeholder entities gain  to   their salience would increase   stakeholders    and  salience to managers as a  Thus,  stakeholders   and  and  the   of the   and   e.g.,  employees,       stakeholders, like      but have   and     to government  and the  could provide these stakeholders with the  they    stakeholders have   and  but     they are   to the firm they must be managed  as     stakeholders have a  degree of salience as managers    and  to be          of   that is  in value,   attention by management as a   priority     are at the other  of the  as these entities have    or  in  to the firm and, therefore have  or  salience to the   An  framework for  which stakeholders are the most important at a given  in time and   priority  by management was  developed by  and      an increased need to manage stakeholders more     on recent changes in firm operating  These changes  a  of the  management  a  out of  and an emphasis on  organizations. Stakeholders are considered to be  important  to the  that they can influence the  of environmental   by the          and   of       have   and      can  in  levels of  on various stakeholders and   in a relationship that is  important to the    if the   to  a   or  an    then  and    more important as levels of  have been   this  stakeholders can be  as  a      and    then  the increased use of    for  priority or  stakeholder management  for  priority stakeholder  These  will be  in the  section of the paper  with   responses to stakeholders.  just identified the  stakeholders, their   and  and   with the organization's  and  to   and then  stakeholders,  are  in a  to    and  responses to  those  and  to those   since the  of    is some  of the  of stakeholders  the  of issues of   the  of  ideas  it will be  to  the  to several   that could be  on  stakeholder   and    approach  to have   is for an organization to use direct communication or   with their stakeholders (Freeman,   and     1995).   can be  for the firm that    to  in   with external    in          they  the general   with  to      in  and   with may  groups to   and   ways of  our business to     at the business    business  for     its       in   and  with   and their    and government at all levels to  that  issues  from our  are identified and the       Thus,  and  are  for  stakeholders   for  important stakeholders   levels of   for  stakeholders who  direct  and for stakeholders who    by the    communication on key issues    or  are perceived to  can  each  to more   their  or   how they are being  or what   they might   to an increased  as well as the  of  of   The firm is then in a  to   and    their  on an issue and the  as a  of  knowledge and increased  of the   is in a  to  or  their      should   the  and    like stakeholder  or   if   between the   that  not  to be   then  might be  with the use of a   is a  approach to   with the  of a    who  with the  to facilitate  and   2001).   for managing   increasingly being used by  organizations is  or   and     et al.,     an organization's external environment has increasingly  more complex and uncertain and  of   stakeholders have been   and        each   as a   to  of  and   and    p.   a   of stakeholder        development  with  and    that are  to  the firm in   with its  stakeholders. An  consideration is that  should  the    as the  they are     in   with numerous business  and in its        it is  that    its   up to their     In    will  these    are    are   will  to influence our   that the    similar  A similar  of stakeholders developed by  et    the    which has  a   to  the firm as well as a   to  with  The  suggested as  for managing this type of stakeholder is to   and  the  of  through  e.g.,   and      with  in the    was an  of an early    followed  by  of   (e.g.,  and   and   competing   The    is to change the relationship with stakeholders to   more  on the firm and therefore, more  to  with   Freeman (1984)   this type of stakeholder as a  stakeholder and suggested that firms  a  that  to change or influence the  of the  that      with   environmental groups like   on issues like  and  with the   to help  achieve    also  in the  with   and the   for the  of  to  in  of the future of  and            and  with  to the  and expectations of key stakeholders is emerging as an important  for managing  relations. In a recent  of   it was  that each of the    which were designed to  the expectations of key stakeholder  was considered  to   and    as  stakeholders are increasingly  a  in the   some stakeholders have been  to  in the  process   other stakeholder     are also  into the  process  and   Similarly, Imperial  Industries (ICI)  stakeholder    and  global  and    with  to   and the environment  Report,  that  to  stakeholder   environmental    a   for     and business  managers must  an    of  to the board and      with   and    with  to  interests  the  for    and  to be  in  those  Freeman (1984)  a  variety of    as    with activist   for       all designed to   or change stakeholder  Similarly,  and     a   of  stakeholder management  like      with     government        to activist     it is important that   and  designed to help achieve   at stakeholder expectations be      early on that    need to be   from the operating  so as to give  and  and   that   will be  to these  Freeman (1984)  the   process for  stakeholder  in some  as well as the  need for  management  for these  of   of the global firms   have a board member responsible for  of these  of   all of the above steps  it is an  time to  on an organization's  of  or   and to  how well stakeholder  are  in    in  the  in  of stakeholders,  that a  of  should  an explanation of the nature of the  each stakeholder might  from its relationship with the     a similar  that key stakeholder  be  in the   of an   this    with and    various stakeholders, these  should be  to  the organization's   on various stakeholder       its  to various  in its  of  general business  Stakeholder  on issues are  to     time  for   of stakeholder expectations  the organization could be   or be  stakeholder  that are     the  perspective, stakeholder  need to be   and  to  that    is  being  The   process (Preble,  is   for  this  Strategic    on   the  as they are being  not just at the  of a  or   This process  if  are on  and if  are   or if the   which the  are  have   for   to be   and environmental    should also be  as part of the  and   In    its first      on       and      the    the   and  of  to date in these key      Report,   the   in   the stakeholder management process then  back to   for   and     the firm  the process at   the detailed explanation of the  key steps  to  the comprehensive stakeholder management process model  in   is   The paper began by  the early history of the stakeholder concept. This was followed by a section of the paper that  how stakeholders might be identified and sorted. Several rationales and  empirical evidence were then provided as to why organizations should  a stakeholder perspective.  the emphasis  to the actual development of a  comprehensive process model of stakeholder management that    of stakeholder management literature with examples of effective responses to stakeholder  taken from several contemporary organizations. The  of this  is a detailed six-step process model that  a  theoretically  yet practical approach for managers to utilize in  stakeholder  and in  early effective responses to   Thus, the model that was developed  many  of  stakeholder management  and  and  a   of examples taken from contemporary organizations that have started to  effective responses to stakeholder    the  six-step process detailed in this paper can provide  managers with a  for  stakeholder management  in their organizations.   an approach should  increase the  and operating  of an organization as it  stakeholder   and  a   with the  and expectations of their numerous stakeholders.",186,Stakeholder; Stakeholder analysis; Operationalization; Stakeholder management; Stakeholder theory,0.017,Include,Include,Abstract matches 2 inclusion criteria terms — appears to meet eligibility requirements.
https://openalex.org/W3123914693,https://doi.org/10.1257/jep.15.2.103,New Evidence and Perspectives on Mergers,2001,Gregor Andrade; Mark L. Mitchell; Erik Stafford,The Journal of Economic Perspectives,"As in previous decades, merger activity clusters by industry during the 1990s. One particular kind of industry shock, deregulation, becomes a dominant factor, accountings for nearly half of the merger activity since the late 1980s. In contrast to the 1980s, mergers in the 1990s are mostly stock swaps, and hostile takeovers virtually disappear. Over our 1973 to 1998 sample period, the announcement-period stock market response to mergers is positive for the combined merging parties, suggesting that mergers create value on behalf of shareholders. Consistent with that, we find evidence of improved operating performance following mergers, relative to industry peers.",2719,Mergers and acquisitions; Shareholder; Business; Deregulation; Stock (firearms),0.0,Exclude,Exclude,Abstract does not match inclusion criteria — likely off-topic.
