ID,DOI,Title,Year,Authors,Venue,Abstract,Citations,Concepts,Relevance_Score,AL_Decision,LLM_Decision,LLM_Justification
https://openalex.org/W7127199393,https://doi.org/10.63544/ijss.v5i1.226,"Echo Chambers, Filter Bubbles, and Selective Exposure: Media Use and Opinion Formation in Polarized Digital Spaces",2026,Majid Hameed; Muhammad Faheem; Durdana; Aqib Hussain,Inverge Journal of Social Sciences,"The proliferation of digital media platforms has fundamentally transformed the ways individuals consume information and form opinions. This study examined the role of echo chambers, filter bubbles, and selective exposure in shaping user perceptions and opinion polarization within online environments. Using a quantitative survey approach, data were collected from 450 active social media users to investigate patterns of content consumption, perceived algorithmic influence, and the relationship between selective exposure and opinion formation. Findings indicated that a significant majority of participants were frequently exposed to ideologically consonant content, demonstrating the prevalence of echo chambers and algorithmically curated filter bubbles. High levels of selective exposure were positively associated with increased opinion polarization, suggesting that repeated engagement with like-minded content reinforced existing beliefs and limited exposure to divergent perspectives. Perceived algorithmic influence varied among users, highlighting the moderating role of human agency in navigating content personalization. The study concluded that both structural mechanisms, such as algorithmic recommendations, and behavioural patterns, such as selective exposure, jointly contributed to ideological reinforcement in digital spaces. Implications for media literacy, platform design, and policy interventions were discussed, emphasizing the importance of fostering informational diversity to mitigate polarization. This research provides empirical evidence on the dynamics of opinion formation in digitally mediated spaces and offers guidance for strategies aimed at promoting inclusive and balanced discourse in online communities. References Ahmed, R., &amp; Thompson, L. (2024). Selective exposure behavior in polarized publics. Journal of Computer-Mediated Communication, 29(3), 260–280. https://doi.org/10.1093/jcmc/zmab042 Ahmmad, M., Shahzad, K., Iqbal, A., &amp; Latif, M. (2025). Trap of social media algorithms: A systematic review of research on filter bubbles, echo chambers, and their impact on youth. Societies, 15(11), 301. https://doi.org/10.3390/soc15110301 Bertino, E., Ferrara, E., &amp; Liu, H. (2025). Polarization in social media. Physica A: Statistical Mechanics and Its Applications, 665, 130487. https://doi.org/10.1016/j.physa.2025.130487 Brown, A., &amp; Green, D. (2025). Echo chambers, social identity, and political discourse online. Political Communication, 42(3), 212–234. https://doi.org/10.1080/10584609.2025.2382123 Chen, S., &amp; Gupta, P. (2025). Algorithmic bias and civic engagement: Evidence from social platforms. Social Science Computer Review, 43(1), 55–74. https://doi.org/10.1177/0894439324912345 Choi, D., Chun, S., Oh, H., Han, J., &amp; Kwon, T. (2020). Rumor propagation is amplified by echo chambers in social media. Scientific Reports, 10, 310. https://doi.org/10.1038/s41598-019-57272-3 Chueca Del Cerro, C. (2024). The power of social networks and social media’s filter bubble in shaping polarization: An agent based model. Applied Network Science, 9, 69. https://doi.org/10.1007/s41109-024-00679-3 Guess, A., Nagler, J., &amp; Tucker, J. (2021). Social media polarization and echo chambers in the context of COVID-19: Case study. JMIRx Med, 2(3), e29570. https://doi.org/10.2196/29570 Hartmann, D., Pohlmann, L., Wang, S. M., &amp; Berendt, B. (2025). A systematic review of echo chamber research: Comparative analysis of conceptualizations, operationalizations, and varying outcomes. Journal of Computational Social Science, 8, 52. https://doi.org/10.1007/s42001-025-00381-z Humphries, J. E., &amp; Eiselt, B. (2025). Platform differences in echo chamber formation: A comparative analysis. New Media &amp; Society. Advance online publication. https://doi.org/10.1177/1461444825102345 Kim, L. (2023). The echo chamber-driven polarization on social media. Journal of Student Research, 12(4). https://doi.org/10.47611/jsr.v12i4.2274 Lee, C., &amp; Park, J. (2024). Selective exposure and political discussion networks on Twitter. Journal of Communication, 74(1), 45–67. https://doi.org/10.1093/joc/jqac045 Li, Y., Cheng, Z., &amp; Gil de Zúñiga, H. (2025). TikTok’s political landscape: Examining echo chambers and political expression dynamics. New Media &amp; Society. Advance online publication. https://doi.org/10.1177/14614448251339755 Lin, Q., Li, H., &amp; Luo, X. (2024). Algorithmic recommendation and opinion extremity in digital networks. *Journal of Computer-Mediated Communication, 29*(2), 210–232. https://doi.org/10.1093/jcmc/zmab089 Liu, N., Robertson, R. E., Green, J., &amp; Nyhan, B. (2025). Short-term exposure to filter-bubble recommendation systems has limited polarization effects: Naturalistic experiments on YouTube. Proceedings of the National Academy of Sciences, 122(8), e2318127122. https://doi.org/10.1073/pnas.2318127122 Lopez, M., &amp; Chen, R. (2024). Algorithmic personalization and cross-cutting exposure on digital platforms. New Media &amp; Society, 26(6), 3070–3092. https://doi.org/10.1177/14614448241099591 Marino, A., &amp; Eckert, S. (2024). Echo chambers and cross-cutting exposure on Facebook and Instagram: A multi-platform comparison. New Media &amp; Society, 26(9), 3560–3583. https://doi.org/10.1177/1461444824123456 Martinez, F., &amp; Nguyen, T. (2025). Opinion formation mechanisms in algorithmic news environments. Communication Theory, 35(1), 75–98. https://doi.org/10.1093/ct/qtaa033 Masip, P., Suau, J., &amp; Ruiz-Caballero, C. (2020). Incidental exposure to non-like-minded news through social media: Opposing voices in echo chambers’ news feeds. Media and Communication, 8(4), 31–46. https://doi.org/10.17645/mac.v8i4.3146 Park, C. S. (2024). Exposure to cross-cutting information on social media and perceived political polarization. Asian Journal for Public Opinion Research, 12(4), 243–266. https://doi.org/10.15206/ajpor.2024.12.4.243 Petrov, V., &amp; Kim, J. (2025). Digital media use and ideological formation: A longitudinal analysis. Journal of Media Psychology, 28(5), 301–320. https://doi.org/10.1027/1864-1105/a000354 Philosophy &amp; Technology. (2024). Filter bubbles and the unfeeling: How AI for social media can foster extremism and polarization. Philosophy &amp; Technology, 37, 71. https://doi.org/10.1007/s13347-024-00758-4 Rafiq-uz-Zaman, M. (2025). Beyond STEM: A Narrative Review of STEAM Education’s Impact on Creativity and Innovation (2020–2025). Inverge Journal of Social Sciences, 4(4), 1–16. https://doi.org/10.63544/ijss.v4i4.175 Rafiq-uz-Zaman, M. (2025). Beyond the Blackboards: Building a Micro-Edtech Economy through Teacher-Led Innovation in Low-Income Schools. Journal of Business Insight and Innovation, 4(1), 46–52. https://doi.org/10.5281/zenodo.16875721 Rafiq-uz-Zaman, M., &amp; Malik, N. (2025). STEAM for the Future: A Comparative Evaluation of Educational Strategies in Pakistan and India. ProScholar Insights, 4(3), 137–147. https://doi.org/10.55737/psi.2025c-43113 Rafiq-uz-Zaman, M., &amp; Nadeem, M. A. (2025). Gauging the gap: Student perceptions of skill proficiency in skill-based education within schools of Punjab, Pakistan. ACADEMIA International Journal for Social Sciences, 4(2), 2307–2317. https://doi.org/10.63056/ACAD.004.03.0553 Rahman, S., &amp; Ali, N. (2024). Homophily and polarization across digital media networks. Information, Communication &amp; Society, 27(4), 455–478. https://doi.org/10.1080/1369118X.2024.2435998 Ruiz, N., &amp; Delgado, P. (2025). Media literacy interventions and breaking filter bubbles: Experimental evidence. Communication Research, 52(8), 987–1009. https://doi.org/10.1177/0093650225106743 Singh, H., &amp; Zhao, Y. (2024). The echo chamber phenomenon in political communication online. Journal of Information Technology &amp; Politics, 21(2), 101–119. https://doi.org/10.1080/19331681.2024.2370056 Smith, J., &amp; Lee, K. (2025). Selective exposure and engagement in polarized social networks. Journal of Communication Research, 49(2), 110–128. https://doi.org/10.1080/10584609.2025.2435998 Tasențe, T. (2025). Understanding the dynamics of filter bubbles in social media communication: A literature review. Vivat Academia, 158, Article e1591. https://doi.org/10.15178/va.2025.158.e1591 Wang, S. M., &amp; Törnberg, P. (2024). Echo chambers in political social networks. Social Networks, 71, 1–14. https://doi.org/10.1016/j.socnet.2024.02.003 Wilson, L., &amp; Carter, T. (2024). Cross-platform media exposure and opinion diversity. Communication Research, 52(7), 1134–1156. https://doi.org/10.1177/0093650224921334 Zhou, Y., &amp; Zafarani, R. (2025). Quantifying polarization and echo chambers in news consumption on social media. Journal of Information Technology &amp; Politics, 22(2), 99–118. https://doi.org/10.1080/19331681.2025.2404532",1,Social media; Filter (signal processing); Perception; Ideology; Digital media,0.683,Include,Include,Matches 10 inclusion term(s).
https://openalex.org/W4221078487,https://doi.org/10.1080/13608746.2022.2047554,Twitter and Affective Polarisation: Following Political Leaders in Spain,2022,Javier Lorenzo Rodríguez; Mariano Torcal,South European Society & Politics,"The present study addresses the effect of the discourse of elites on Twitter on citizens’ affective polarisation through a quasi-experiment that was embedded in a survey panel. Participants were invited to follow one of the Twitter accounts of nine candidates from the main political parties during the 2019 European Parliament electoral campaign in Spain. Experiment compliance among participants was confirmed using web-tracking data (passive metre). The results show that exposure to candidates’ Twitter accounts by self-selection does not increase affective polarisation. Although high levels of polarisation might contribute to building echo chambers, the polarising content contained in the partisan Twitter accounts has no effect on increasing affective polarisation, even among those who strongly identify with such parties. This finding confirms the so-called limited media effect hypothesis for social media.",16,Parliament; Politics; Social media; Political science; Selection (genetic algorithm),0.667,Include,Include,Matches 8 inclusion term(s).
https://openalex.org/W4393445002,https://doi.org/10.56397/jlcs.2024.03.11,Exploring How the Filter Bubble Effect on Twitter Influences Political Polarization and the Mediating Role of Media Literacy,2024,Willard Philips; Emily A. Richardson; Michael Thompson,Journal of Linguistics and Communication Studies,"The advent of social media has significantly reshaped political communication, offering unparalleled opportunities for engagement while also presenting challenges to democratic discourse. One such challenge is the emergence of filter bubbles — personalized information echo chambers created by algorithmic content curation, which have been implicated in increasing political polarization. This study investigates the influence of the filter bubble effect on Twitter on political polarization and examines the potential mediating role of media literacy. Through a mixed-methods approach, combining content analysis of Twitter interactions with survey research on media literacy among Twitter users, the study reveals a significant correlation between exposure to filter bubbles and increased political polarization. However, it also finds that individuals with higher levels of media literacy are less affected by the polarizing effects of filter bubbles. These individuals demonstrate a greater ability to critically evaluate information, seek out diverse sources, and engage in balanced political discussions. The findings underscore the importance of media literacy as a mitigating factor against the divisive impacts of filter bubbles, highlighting its potential to foster a more informed and less polarized public discourse. This study contributes to the understanding of the complex interplay between technology, media literacy, and democracy, offering insights into the challenges and opportunities for combating polarization in the digital age.",5,Polarization (electrochemistry); Politics; Bubble; Literacy; Social media,0.583,Include,Include,Matches 7 inclusion term(s).
https://openalex.org/W2769816900,,Echo chamber? What echo chamber? Reviewing the evidence,2017,Axel Bruns,QUT ePrints (Queensland University of Technology),"The success of political movements that appear to be immune to any factual evidence that contradicts their claims – from the Brexiteers to the 'alt‐right', neo‐fascist groups supporting Donald Trump – has reinvigorated claims that social media spaces constitute so‐called 'filter bubbles' or 'echo chambers'. But while such claims may appear intuitively true to politicians and journalists – who have themselves been accused of living in filter bubbles (Bradshaw 2016) –, the evidence that ordinary users experience their everyday social media environments as echo chambers is far more limited. For instance, a 2016 Pew Center study has shown that only 23% of U.S. users on Facebook and 17% on Twitter now say with confidence that most of their contacts' views are similar to their own. 20% have changed their minds about a political or social issue because of interactions on social media (Duggan and Smith 2016). Similarly, large‐scale studies of follower and interaction networks on Twitter (e.g. Bruns et al., 2014) show that national Twitterspheres are often thoroughly interconnected and facilitate the flow of information across boundaries of personal ideology and interest, except for a few especially hardcore partisan communities. Building on new, comprehensive data from a project that maps and tracks interactions between 4 million accounts in the Australian Twittersphere, this paper explores in detail the evidence for the existence of echo chambers in that country. It thereby moves the present debate beyond a merely anecdotal footing, and offers a more reliable assessment of the 'echo chamber' threat.",87,Echo (communications protocol); Social media; Politics; Ideology; Sociology,0.5,Include,Include,Matches 6 inclusion term(s).
https://openalex.org/W3207789185,https://doi.org/10.1609/icwsm.v16i1.19343,Perspective-Taking to Reduce Affective Polarization on Social Media,2022,Martin Saveski; Nabeel Gillani; Ann Yuan; Prashanth Vijayaraghavan; Deb Roy,Proceedings of the International AAAI Conference on Web and Social Media,"The intensification of affective polarization worldwide has raised new questions about how social media platforms might be further fracturing an already-divided public sphere. As opposed to ideological polarization, affective polarization is defined less by divergent policy preferences and more by strong negative emotions towards opposing political groups, and thus arguably poses a formidable threat to rational democratic discourse. We explore if prompting perspective-taking on social media platforms can help enhance empathy between opposing groups as a first step towards reducing affective polarization. Specifically, we deploy a randomized field experiment through a browser extension to 1,611 participants on Twitter, which enables participants to randomly replace their feeds with those belonging to accounts whose political views either agree with or diverge from their own. We find that simply exposing participants to ""outgroup"" feeds enhances engagement, but not an understanding of why others hold their political views. On the other hand, framing the experience in familiar, empathic terms by prompting participants to recall a disagreement with a friend does not affect engagement, but does increase their ability to understand opposing views. Our findings illustrate how social media platforms might take simple steps that align with business objectives to reduce affective polarization.",28,Framing (construction); Polarization (electrochemistry); Empathy; Social media; Social psychology,0.5,Include,Include,Matches 6 inclusion term(s).
https://openalex.org/W2965327022,,"It’s not the technology, stupid: How the ‘Echo Chamber’ and ‘Filter Bubble’ metaphors have failed us",2019,Axel Bruns,QUT ePrints (Queensland University of Technology),"Following the surprise victories of Brexit and Trump in 2016, even Barack Obama (2017) warned that “it’s become safer to retreat into our own bubbles”, thereby linking increased electoral volatility and polarisation with concepts such as “echo chambers” (Sunstein 2001) and “filter bubbles” (Pariser 2011). The politicians, journalists, and scholars who support these concepts suggest that, with online and social media as the key sources of information for an ever-growing percentage of the public (Newman et al. 2016), echo chambers and filter bubbles are chiefly responsible for the emergence of communities that espouse contrarian and counterfactual perspectives and ideologies, and for their disconnect from the mainstream. Echo chambers are said enable these groups to reinforce their views by connecting with likeminded others; filter bubbles to shield them from encountering contrary perspectives. Such disconnection from and ignorance of alternative perspectives is assumed to result from a combination of individual choice, in selecting the news sources to consult or the social media accounts to follow, and the algorithmic shaping of such choices, as search engines, news portals, and social media platforms highlight and recommend some sources over others. As platform algorithms learn from the users’ choices, and users make those choices predominantly from the options promoted by the algorithms, a self-reinforcing feedback loop gradually curtails choice to an increasingly narrow and homogeneous set of options. Rigorous empirical evidence for the operation of such processes is sorely lacking, however. Building on empirical studies that show no significant evidence of filter bubbles or echo chambers in search (e.g. Haim et al. 2018; Krafft et al. 2018; Nechushtai &amp;amp; Lewis 2018) or social media (e.g. Beam et al. 2018; Bruns, 2017), this paper argues that echo chambers and filter bubbles principally constitute an unfounded moral panic that presents a convenient technological scapegoat (search and social platforms and their affordances and algorithms) for a much more critical, fundamentally human-made problem: growing social and political polarisation. This is a problem that cannot be solved by technological means. Research shows that even – indeed, perhaps especially – the most hyperpartisan users still encounter material that challenges their perspectives, and engage with users who represent opposing views (e.g. Garrett et al. 2013; Weeks et al. 2016). The central question is what they do with such information when they encounter it: do they dismiss it immediately as running counter to their own views? Do they engage in a critical reading, turning it into material to support their own worldview, perhaps as evidence for their own conspiracy theories? Do they respond by offering counter-arguments, by vocally and event violently disagreeing, by making ad hominem attacks, or by knowingly disseminating all-out lies as ‘alternative facts’? More important yet, why do they do so? What is it that has so entrenched and cemented their beliefs that they are no longer open to contestation? This is the debate we need to have: not a proxy argument about the impact of platforms and algorithms, but a meaningful discussion about the complex and compound causes of political and societal polarisation. The ‘echo chamber’ and ‘filter bubble’ concepts have seriously distracted us from that debate, and must now be put to rest.",27,Social media; Filter (signal processing); Counterfactual thinking; Misinformation; Echo (communications protocol),0.5,Include,Include,Matches 6 inclusion term(s).
https://openalex.org/W3214513092,https://doi.org/10.3386/w29458,Does Social Media Exacerbate Political Polarization? Experimental Evidence from Varying Access to Twitter/X during a Presidential Debate,2021,Rafael Di Tella; Ramiro H. Gálvez; Ernesto Schargrodsky,National Bureau of Economic Research,"We study how two groups, those inside vs those outside echo chambers, react to a political event when we vary social media status (Twitter). Our treatments mimic two strategies often suggested as a way to limit polarization on social media: they expose people to counter-attitudinal data, and they get people to switch off social media. Our main result is that subjects that started inside echo chambers became more polarized when these two strategies were implemented. The only scenario where they did not become more polarized is when they did not even experience the political event. Interestingly, subjects that were outside echo chambers before our study began experienced no change (or a reduction) in polarization. We also study a group of non-Twitter users in order to have a simple, offline benchmark of the debate's impact on polarization.",14,Echo (communications protocol); Polarization (electrochemistry); Social media; Presidential system; Political science,0.5,Include,Include,Matches 6 inclusion term(s).
https://openalex.org/W1814867318,https://doi.org/10.4324/9781315716299,The Routledge Companion to Social Media and Politics,2015,"Bruns, Axel 1970-; Enli, Gunn 1970-; Skogerbø, Eli; Larsson, Anders Olof; Christensen, Christian",,"The social media platforms Facebook and Twitter include political areas, for example presentations of political parties or elected representatives, or political hashtags linking tweets to specific political public spheres. In a sense, such areas might not be considered as third spaces because they are explicitly political. This chapter argues that everyday political talk—particularly in third spaces—has the potential to overcome many of the identified issues with online deliberation, including political polarisation and the avoidance of political talk. Content analysis of political, and particularly partisan-framed online groups, has also found polarization. One of the most prominent debates, to date, has been whether the Internet will become polarized, with like-minded people flocking together, enabling them to ignore alternative viewpoints. Moreover, as the use and understanding of the Internet as a space for political debate expanded, this was accompanied by more refined theorizing of the Internet as a public sphere and space for deliberation.",386,Politics; Social media; Media studies; Sociology; Mainstream,0.5,Include,Include,Matches 6 inclusion term(s).
https://openalex.org/W4389239522,https://doi.org/10.1017/s0003055423001211,The Polarizing Effect of Partisan Echo Chambers,2023,Sara B. Hobolt; Katharina Lawall; James Tilley,American Political Science Review,"We are witnessing increasing partisan polarization across the world. It is often argued that partisan “echo chambers” are one of the drivers of both policy and affective polarization. In this article, we develop and test the argument that the political homogeneity of people’s social environment shapes polarization. Using an innovative, large-scale pre-registered “lab-in-the-field” experiment in the United Kingdom, we examine how polarization is influenced by partisan group homogeneity. We recruit nationally representative partisans and assign them to discuss a salient policy issue, either with like-minded partisans (an echo chamber) or in a mixed-partisan group. This allows us to examine how group composition affects polarization. In line with our expectations, we find that partisan echo chambers increase both policy and affective polarization compared to mixed discussion groups. This has important implications for our understanding of the drivers of polarization and for how out-group animosity might be ameliorated in the mass public.",85,Polarization (electrochemistry); Salient; Political science; Politics; Social psychology,0.417,Include,Include,Matches 5 inclusion term(s).
https://openalex.org/W4409203368,https://doi.org/10.1007/s42001-025-00381-z,"A systematic review of echo chamber research: comparative analysis of conceptualizations, operationalizations, and varying outcomes",2025,David Hartmann; Sonja Mei Wang; Lena Pohlmann; Bettina Berendt,Journal of Computational Social Science,"Abstract This systematic review synthesizes research on echo chambers and filter bubbles to explore the reasons behind dissent regarding their existence, antecedents, and effects. It provides a taxonomy of conceptualizations and operationalizations, analyzing how measurement approaches and contextual factors influence outcomes. The review of 129 studies identifies variations in measurement approaches, as well as regional, political, cultural, and platform-specific biases, as key factors contributing to the lack of consensus. Studies based on homophily and computational social science methods often support the echo chamber hypothesis, while research on content exposure and broader media environments, such as surveys, tends to challenge it. Group behavior, cultural influences, instant messaging platforms, and short video platforms remain underexplored. The strong geographic focus on the United States further highlights the need for studies in multi-party systems and regions beyond the Global North. Future research should prioritize cross-platform studies, continuous algorithmic audits, and investigations into the causal links between polarization, fragmentation, and echo chambers to advance the field. This review also provides recommendations for using the EU’s Digital Services Act to enhance research in this area and conduct studies outside the US in multi-party systems. By addressing these gaps, this review contributes to a more comprehensive understanding of echo chambers, their measurement, and their societal impacts.",37,Psychology; Echo (communications protocol); Cognitive psychology; Computer science; Computer network,0.417,Include,Include,Matches 5 inclusion term(s).
https://openalex.org/W4411333973,https://doi.org/10.3386/w33892,AI and Social Media: A Political Economy Perspective,2025,Daron Acemoğlu; Asuman Ozdaglar; James Siderius,National Bureau of Economic Research,"We consider the political consequences of the use of artificial intelligence (AI) by online platforms engaged in social media content dissemination, entertainment, or electronic commerce.We identify two distinct but complementary mechanisms, the social media channel and the digital ads channel, which together and separately contribute to the polarization of voters and consequently the polarization of parties.First, AI-driven recommendations aimed at maximizing user engagement on platforms create echo chambers (or ""filter bubbles"") that increase the likelihood that individuals are not confronted with counter-attitudinal content.Consequently, social media engagement makes voters more polarized, and then parties respond by becoming more polarized themselves.Second, we show that party competition can encourage platforms to rely more on targeted digital ads for monetization (as opposed to a subscription-based business model), and such ads in turn make the electorate more polarized, further contributing to the polarization of parties.These effects do not arise when one party is dominant, in which case the profit-maximizing business model of the platform is subscription-based.We discuss the impact regulations can have on the polarizing effects of AI-powered online platforms.",4,Perspective (graphical); Politics; Social media; Political economy; Political science,0.417,Include,Include,Matches 5 inclusion term(s).
https://openalex.org/W3171094005,https://doi.org/10.14198/altern2021.28.2.09,"Social Work and Digital Activism: Sorority, Intersectionality, Homophily and Polarisation in #MeToo",2021,Joaquín Castillo de Mesa; Chaime Marcuello Servós; Antonio López Peláez; Paula Méndez-Domínguez,Alternativas Cuadernos de trabajo Social,"Introduction. Social Work is currently facing the significant challenge of dealing with social networking sites – which have become a parallel universe of socialisation – in which ever-increasing digital activism is taking place. The #MeToo movement stands out as a global benchmark. It has established itself as a digital-global feminist movement, fighting harassment and the abuse of women. Methodology. Adopting a social work perspective, a longitudinal analysis was performed of the #MeToo movement on Twitter between 2018-2019 based on social network analysis and netnography, in conjunction with specific algorithms. Results. The results showed significant patterns of sorority, homophily and affective polarisation through the echo chambers and filter bubbles that were identified in the detected Twitter communities. Furthermore, these online communities reflected real offline characteristics (geographical location, affinities, similarities). Discussion and conclusions. The #MeToo movement’s global effect and durability has led to a new understanding of social movements in the digital era. Social workers must not be blind to the exciting digital opportunities arising from digitalisation. They must combat homophily and the polarisation of global society on social networking sites, promoting values oriented towards tolerance of diversity. Practitioners must show awareness and intervene proactively in global digital spheres to understand, reflect and promote social justice, equality of rights and the empowerment of disadvantaged, vulnerable and oppressed people.",7,Homophily; Sociology; Empowerment; Harassment; Intersectionality,0.417,Include,Include,Matches 5 inclusion term(s).
https://openalex.org/W4380875601,https://doi.org/10.1145/3563359.3597393,A Multi-factorial Analysis of Polarization on Social Media,2023,Célina Treuillier; Armelle Brun; Sylvain Castagnos,,"Polarization is an increasingly worrying phenomenon within social media. Recent work has made it possible to detect and even quantify polarization. Nevertheless, the few existing metrics, although defined in a continuous space, often lead to a unimodal distribution of data once applied to users’ interactions, making the distinction between polarized and non-polarized users difficult to draw. Furthermore, each metric relies on a single factor and does not reflect the overall user behavior. Modeling polarization in a single form runs the risk of obscuring inter-individual differences. In this paper, we propose to have a deeper look at polarized online behaviors and to compare individual metrics. We collected about 300K retweets from 1K French users between January and July 2022 on Twitter. Each retweet is related to the highly controversial vaccine debate. Results show that a multi-factorial analysis leads to the identification of distinct and potentially explainable behavioral classes. This finer understanding of behaviors is an essential step to adapt news recommendation strategies so that no user gets locked into an echo chamber or filter bubble.",9,Polarization (electrochemistry); Social media; Computer science; Factorial analysis; Factorial,0.417,Include,Include,Matches 5 inclusion term(s).
https://openalex.org/W2947894960,https://doi.org/10.5210/fm.v24i6.9632,Testing popular news discourse on the “echo chamber” effect: Does political polarisation occur among those relying on social media as their primary politics news source?,2019,An Nguyen; Hong Tien Vu,First Monday,"Since 2016, online social networks (OSNs), especially their “big data” algorithms, have been intensively blamed in popular news discourse for acting as echo chambers. These chambers entrap like-minded voters in closed ideological circles that cause serious damage to democratic processes. This study examines this “echo chamber” argument through the rather divisive case of EU politics among EU citizens. Based on an exploratory secondary analysis of the Eurobarometer 86.2 survey dataset, we investigate whether the reliance on OSNs as a primary EU political news source can lead people to more polarisation in EU-related political beliefs and attitudes than a reliance on traditional media. We found little evidence for this polarisation, lending credence to a rejection of social media’s “echo chamber” effect.",47,Politics; Eurobarometer; Credence; Social media; Ideology,0.417,Include,Include,Matches 5 inclusion term(s).
https://openalex.org/W4400518857,https://doi.org/10.48550/arxiv.2407.06631,"A Systematic Review of Echo Chamber Research: Comparative Analysis of Conceptualizations, Operationalizations, and Varying Outcomes",2024,David Hartmann; Sonja Mei Wang; Lena Pohlmann; Bettina Berendt,arXiv (Cornell University),"This systematic review synthesizes research on echo chambers and filter bubbles to explore the reasons behind dissent regarding their existence, antecedents, and effects. It provides a taxonomy of conceptualizations and operationalizations, analyzing how measurement approaches and contextual factors influence outcomes. The review of 129 studies identifies variations in measurement approaches, as well as regional, political, cultural, and platform-specific biases, as key factors contributing to the lack of consensus. Studies based on homophily and computational social science methods often support the echo chamber hypothesis, while research on content exposure and broader media environments, such as surveys, tends to challenge it. Group behavior, cultural influences, instant messaging platforms, and short video platforms remain underexplored. The strong geographic focus on the United States further highlights the need for studies in multi-party systems and regions beyond the Global North. Future research should prioritize cross-platform studies, continuous algorithmic audits, and investigations into the causal links between polarization, fragmentation, and echo chambers to advance the field. This review also provides recommendations for using the EUs Digital Services Act to enhance research in this area and conduct studies outside the US in multi-party systems. By addressing these gaps, this review contributes to a more comprehensive understanding of echo chambers, their measurement, and their societal impacts.",5,Psychology; Echo (communications protocol); Cognitive psychology; Computer science; Computer network,0.417,Include,Include,Matches 5 inclusion term(s).
https://openalex.org/W4281570672,https://doi.org/10.31234/osf.io/vzu4q,From Echo Chambers to Resonance Chambers: How Offline Political Events Enter and Are Amplified In Online Networks,2022,Stig Hebbelstrup Rye Rasmussen; Michael Bang Petersen,,"Political hostility and ideological polarization permeate political debates on social media, but what is driving long-term developments in ideological polarization and political hostility? Prominent theories of social media argue that social media networks are best conceptualized as echo chambers, i.e., systems insulated from external input. Contrary to this view, we demonstrate that over the course of the 2020 election year in the US, all major ebbs and flows in political hostility on the social media platform Twitter were driven by external offline events. Importantly, these events were magnified for Twitter users within the most politically hostile and least ideologically diverse networks. Accordingly, social media networks are often best conceptualized as semi-open resonance chambers that are not insulated from external events but magnify them. We demonstrate that resonance chambers facilitate event-driven hostility via feedback loops that makes Twitter both more hostile and more ideologically polarized.",3,Ideology; Hostility; Politics; Polarization (electrochemistry); Social media,0.417,Include,Include,Matches 5 inclusion term(s).
https://openalex.org/W4404241907,https://doi.org/10.1007/s41109-024-00679-3,The power of social networks and social media’s filter bubble in shaping polarisation: an agent-based model,2024,Cristina Chueca Del Cerro,Applied Network Science,"Abstract The role social media platforms play on the emergence of polarisation is an ongoing debate in the political communication literature. Social media’s filter bubbles and online echo chambers shape people’s opinions by curating the information they have available. However, the extent to which this is the case remains unclear. Social simulation scholars have provided valuable insights into the subject through opinion dynamics models and agent-based modelling approaches. This article proposes a social simulation approach to the topic of opinion dynamics from a political communication perspective to understand how social network configurations and the media environment contribute to the emergence of national identity polarisation. We built an agent-based simulation model of national identity dynamics with a multilayer multiplex network of interacting agents in a hybrid media environment of both, traditional media and social media platforms. We use the Catalan secessionist movement to ground, contextualise and empirically inform parts of our model. We found that the initial social network setup conditions had a large impact on the emergence of polarisation amongst agents. In particular, homophily-based social networks composed of a majority of like-minded individuals produced greater polarisation compared to random networks. This was aggravated in the presence of social media filtering algorithms, selectively exposing agents to supportive information. These results emphasise the importance of both the selective exposure by social media filtering algorithms and one’s social networks (echo chambers) for polarisation to emerge. This interaction reinforces the influence of social media platforms and social networks have on the emergence of polarisation.",11,Bubble; Social media; Power (physics); Filter (signal processing); Sociology,0.35,Include,Include,Matches 6 inclusion term(s).
https://openalex.org/W4320718031,https://doi.org/10.2478/nor-2023-0002,Polarisation and echo chambers? Making sense of the climate issue with social media in everyday life,2023,Hallvard Moe; Synnøve Skarsbø Lindtner; Brita Ytre-Arne,Nordicom review/NORDICOM review,"Abstract This article analyses how people use social media to make sense of climate change, exploring climate issues as part of everyday communication in media-saturated societies. Building on prominent themes in the environmental communication literature on social media, such as mobilisation and polarisation, we respond to calls for more qualitative and interpretative analysis. Our study therefore asks how people use social media in everyday life to make sense of climate issues, and it expands on previous findings in the field through a qualitative typology of everyday social media use. The empirical data stems from in-depth interviews with Norwegians who are engaged in climate issues, with informants ranging from activists to declared sceptics, although we find widespread ambivalence across group positions. Our findings contribute to disentangling contradictory findings in the field through a discussion of how climate change is part of everyday communication.",18,Everyday life; Ambivalence; Social media; Typology; Sociology,0.333,Include,Include,Matches 4 inclusion term(s).
https://openalex.org/W4312973708,https://doi.org/10.5771/9783748928232-118,Does Social Media Use Promote Political Mass Polarization?,2022,Katharina Ludwig; Philipp Müller,Nomos Verlagsgesellschaft mbH & Co. KG eBooks,"In past years, a large amount of research was conducted to determine whether the use of social media causes political polarization. This research field, however, lacks clear terminological definitions and concepts such as fragmentation and selective exposure are often imprecisely equated with political polarization, which may explain the widespread assumption that social media cause political polarization. With this article, we aim to un ravel conceptual confusion and offer distinct definitions of affective, ideo logical, and partisan polarization. We conducted a structured literature review of 88 studies addressing the potential effects of social media use on polarization. We find the operationalization of relevant concepts to differ significantly between research projects, making the comparability of results difficult and possibly contributing to inconsistent findings. No clear evidence is found to support the generalized perception of strong polarization effects through the use of social media. Implications for future research are proposed.",8,Polarization (electrochemistry); Politics; Political science; Mass media; Sociology,0.333,Include,Include,Matches 4 inclusion term(s).
https://openalex.org/W2958953754,https://doi.org/10.2903/j.efsa.2019.e170720,Dealing with digital misinformation: a polarised context of narratives and tribes,2019,Fabiana Zollo,EFSA Journal,"The advent of the internet and social networks has revolutionised the information space and changed the way in which we communicate and get informed. On the internet, a huge amount of information competes for our (limited) attention. Moreover, despite the increasing quantity of contents, quality may be poor, making the environment particularly florid for misinformation spreading. In such a context, our cognitive biases emerge, first and foremost, confirmation bias, i.e. the human tendency to look for information that is already in agreement with one's system of beliefs. To shade light on the phenomenon, we present a collection of works investigating how information gets consumed and shapes communities on Facebook. We find that confirmation bias plays a crucial role in content selection and diffusion, and we provide empirical evidence of the existence of echo chambers, i.e. well separated and polarised groups of like-minded users sharing a same narrative. Immersed in these bubbles, users keep framing and reinforcing their world view, ignoring information dissenting from their preferred narrative. In this scenario, corrections in the form of fact-checking or debunking attempts seem to fail and have instead a backfire effect. To contrast misinformation, smoothing polarisation is so essential, and may require the design of tailored counter-narratives and appropriate communication strategies, particularly for sensitive topics.",52,Context (archaeology); Misinformation; Library science; Narrative; Citation,0.333,Include,Include,Matches 4 inclusion term(s).
https://openalex.org/W4404340635,https://doi.org/10.48550/arxiv.2410.21187,Multifaceted polarisation and information reliability in climate change discussions on social media platforms,2024,Aleix Bassolas; Joan Massachs; Emanuele Cozzo; Julián Vicens,arXiv (Cornell University),"Social media platforms like YouTube and Twitter play a key role in disseminating both reliable and unreliable information about climate change. This study analyses the topology of interactions in Twitter and their relation to cross-platform sharing, content discussions and emotional responses. We examined climate change discussions across four topics: the 27th United Nations Climate Change Conference, the Sixth Assessment Report of the United Nations Intergovernmental Panel on Climate Change, climate refugees, and Doñana Natural Park. While retweets reinforce in-group cohesion in the form of echo chambers, inter-group exposure is significant through mentions, suggesting that exposure to opposing views intensifies polarisation, rather than mitigates it. Ideological divides feature content differences accompanied by steeper negative sentiments, especially from right-leaning communities prone to share low-reliability information. We identified a topological alignment between platforms, indicating that ideological communities span multiple sites. Our findings show that climate change polarisation is multifaceted, involving ideological divides, structural isolation, and emotional engagement. These results suggest that effective climate policy discussions must address the emotional and identity-driven nature of public discourse and seek strategies to bridge ideological divides.",1,Echo (communications protocol); Polarization (electrochemistry); Climate change; Physics; Environmental science,0.333,Include,Include,Matches 4 inclusion term(s).
https://openalex.org/W4389055559,https://doi.org/10.1007/s11558-023-09517-0,"Building bridges or digging the trench? International organizations, social media, and polarized fragmentation",2023,Matthias Ecker-Ehrhardt,The Review of International Organizations,"Abstract Communication departments of international organizations (IOs) are important intermediaries of global governance who increasingly use social media to reach out to citizens directly. Social media pose new challenges for IO communication such as a highly competitive economy of attention and the fragmentation of the audiences driven by networked curation of content and selective exposure. In this context, communication departments have to make tough choices about what to communicate and how, aggravating inherent tensions between IO communication as comprehensive public information (aimed at institutional transparency)—and partisan political advocacy (aimed at normative change). If IO communication focuses on advocacy it might garner substantial resonance on social media. Such advocacy nevertheless fails to the extent that it fosters the polarized fragmentation of networked communication and undermines the credibility of IO communication as a source of trustworthy information across polarized “echo chambers.” The paper illustrates this argument through a content and social network analysis of Twitter communication on the Global Compact for Safe, Orderly and Regular Migration (GCM). Remarkably, instead of facilitating cross-cluster communication (“building bridges”) Twitter handles run by the United Nations Department of Global Communications (UNDGC) seem to have substantially fostered ideological fragmentation (“digging the trench”) by their way of partisan retweeting, mentioning, and (hash)tagging.",12,Social media; Public relations; Credibility; Political science; Intermediary,0.333,Include,Include,Matches 4 inclusion term(s).
https://openalex.org/W4280551413,https://doi.org/10.1140/epjds/s13688-022-00342-w,Measuring user engagement with low credibility media sources in a controversial online debate,2022,Salvatore Vilella; Alfonso Semeraro; Daniela Paolotti; Giancarlo Ruffo,EPJ Data Science,"Abstract We quantify social media user engagement with low-credibility online news media sources using a simple and intuitive methodology, that we showcase with an empirical case study of the Twitter debate on immigration in Italy. By assigning the Twitter users an Untrustworthiness ( U ) score based on how frequently they engage with unreliable media outlets and cross-checking it with a qualitative political annotation of the communities, we show that such information consumption is not equally distributed across the Twitter users. Indeed, we identify clusters characterised by a very high presence of accounts that frequently share content from less reliable news sources. The users with high U are more keen to interact with bot-like accounts that tend to inject more unreliable content into the network and to retweet that content. Thus, our methodology applied to this real-world network provides evidence, in an easy and straightforward way, that there is strong interplay between accounts that display higher bot-like activity and users more focused on news from unreliable sources and that this influences the diffusion of this information across the network.",14,Disinformation; Computer science; Credibility; Context (archaeology); Content (measure theory),0.333,Include,Include,Matches 4 inclusion term(s).
https://openalex.org/W4388588253,https://doi.org/10.1093/pnasnexus/pgad382,The event-driven nature of online political hostility: How offline political events make online interactions more hostile,2023,Stig Hebbelstrup Rye Rasmussen; Michael Bang Petersen,PNAS Nexus,"Hostile interactions permeate political debates on social media, but what is driving the long-term developments in online political hostility? Prior research focuses on individual-level factors such as the dispositions of users or network-level factors such as echo chambers. Moving beyond these accounts, we develop and test an event-oriented explanation and demonstrate that over the course of the 2020 election year in the United States, all major shifts in political hostility on the social media platform Twitter were driven by external offline events. Importantly, these events were magnified by Twitter users within the most politically hostile and most ideologically homogeneous networks. Further contributing to the individual and network-oriented accounts, we show that divisive offline events mobilized individual users not already disposed for hostility and may have helped facilitate the formation of echo chambers. The dynamics of online interactions-including their level of hostility-seem crucially dependent on developments in the offline world.",9,Hostility; Politics; Event (particle physics); Online and offline; Psychology,0.333,Include,Include,Matches 4 inclusion term(s).
https://openalex.org/W2804274284,https://doi.org/10.1057/s41599-018-0104-x,Socially mediated populism: the communicative strategies of political leaders on Facebook,2018,Gianpietro Mazzoleni; Roberta Bracciale,Palgrave Communications,"Abstract Populism has been defined in many different ways, mostly in regard to political ideology and political dynamics, but only in recent years in relation to communication variables. The aim of this paper is to contribute to the identification of a socially mediated type of populist communication profoundly affected by the specific nature of social media. It presents and discusses empirical evidence on Italy’s populist and non-populist leaders that use Facebook regularly, and highlights the extent of the overflow of populist communication patterns and ideological features into mainstream political communication. Populist ideology fragments emerged in Italian leaders’ Facebook posts, thus leading to two main conclusions: first, populism appears to be ‘endemic’ in the Italian online facebooksphere; second, political actors—even non-populist ones—do not disdain the adoption of typical populist rhetorics.",192,Populism; Ideology; Mainstream; Politics; Political communication,0.333,Include,Include,Matches 4 inclusion term(s).
https://openalex.org/W2946670719,https://doi.org/10.1146/annurev-economics-080218-030343,Echo Chambers and Their Effects on Economic and Political Outcomes,2019,Gilat Levy; Ronny Razin,Annual Review of Economics,"In this review, we survey the economics literature on echo chambers. We identify echo chambers as arising from a combination of two phenomena: ( a) the choice of individuals to segregate with like-minded ones, i.e., the creation of chambers, and ( b) behavioral biases that induce polarization when individuals exchange beliefs in these chambers, i.e., the echo. We summarize the literatures on these two phenomena and suggest how to combine the two literatures to gain insights about the effects of echo chambers on economic and political outcomes. We end by suggesting pathways for future research and discussing policy interventions to alleviate echo chambers.",110,Echo (communications protocol); Politics; Polarization (electrochemistry); Economics; Positive economics,0.333,Include,Include,Matches 4 inclusion term(s).
https://openalex.org/W3129594837,https://doi.org/10.4324/9781003004431-10,Filter bubbles and digital echo chambers 1,2021,Judith Möller,,"Filter bubbles and echo chambers are often named as key drivers of political polarisation and societal fragmentation. The conceptualisation of echo chambers and filter bubbles and their relationship is still subject to an ongoing academic debate. For echo chambers, the constituting affordances of online communication mainly pertain to online social networks. The large-scale, multi-platform studies all show that the prevalence of filter bubble and echo chamber effects among the majority of the population is low. In the review of literature on filter bubbles and echo chambers, it became clear that both concepts are frequently operationalised as ideological bubbles. The mismatch of theoretical work and empirical work on echo chambers and filters bubbles might also be a manifestation of a lack of explicit normative research in the field. It can be argued that ideas and attitudes expressed in fringe bubbles hold higher news value because of their novelty and extremity.",36,Echo (communications protocol); Acoustics; Filter (signal processing); Computer science; Physics,0.267,Include,Include,Matches 5 inclusion term(s).
https://openalex.org/W2902851317,https://doi.org/10.1111/1467-923x.12574,9. Rethinking Democracy with Social Media,2018,Helen Margetts,The Political Quarterly,"SOCIAL MEDIA are blamed for almost everything that is wrong with democracy. They are held responsible for pollution of the democratic environment through fake news, junk science, computational propaganda and aggressive micro-targeting and political advertising. They are accused of creating political filter bubbles, where citizens exist in ever narrower 'echo chambers' of personalised news and connections with like-minded people, which mean that they are exposed only to similar ideological viewpoints, feeding their own opinions back to themselves and creating a 'Daily Me' news environment. In turn, these phenomena have been implicated in the rise of populism, political polarisation, waves of hate against women and minorities, far-right extremism and radicalisation, post-truth, political chaos, the end of democracy and ultimately, the death of democracy. 1 Discussion of social media's role in democracy sounds like a premature lament for a sick patient, without investigating the prognosis.",93,Citation; Democracy; Social media; Politics; Media studies,0.267,Include,Include,Matches 5 inclusion term(s).
https://openalex.org/W3199043767,https://doi.org/10.1177/14614448211044393,Affective polarization in the digital age: Testing the direction of the relationship between social media and users’ feelings for out-group parties,2021,Maria Nordbrandt,New Media & Society,"There is considerable disagreement among scholars as to whether social media fuels polarization in society. However, a few have considered the possibility that polarization may instead affect social media usage. To address this gap, the study uses Dutch panel data to test directionality in the relationship between social media use and affective polarization. No support was found for the hypothesis that social media use contributed to the level of affective polarization. Instead, the results lend support to the hypothesis that it was the level of affective polarization that affected subsequent use of social media. The results furthermore reveal heterogeneous patterns among individuals, depending on their previous level of social media usage, and across different social media platforms . The study gives reason to call into question the predominating assumption in previous research that social media is a major driver of polarization in society.",93,Polarization (electrochemistry); Social media; Feeling; Social psychology; Psychology,0.25,Include,Include,Matches 3 inclusion term(s).
https://openalex.org/W3121661582,https://doi.org/10.14763/2016.1.401,Should we worry about filter bubbles?,2016,Frederik Zuiderveen Borgesius; Damian Trilling; Judith Möller; Balázs Bodó; Claes H. de Vreese,UvA-DARE (University of Amsterdam),"Some fear that personalised communication can lead to information cocoons or filter bubbles. For instance, a personalised news website could give more prominence to conservative or liberal media items, based on the (assumed) political interests of the user. As a result, users may encounter only a limited range of political ideas. We synthesise empirical research on the extent and effects of self-selected personalisation, where people actively choose which content they receive, and pre-selected personalisation, where algorithms personalise content for users without any deliberate user choice. We conclude that at present there is little empirical evidence that warrants any worries about filter bubbles.",497,Worry; Filter (signal processing); Psychology; Computer science; Computer vision,0.25,Include,Include,Matches 3 inclusion term(s).
https://openalex.org/W2947145950,https://doi.org/10.1038/s42005-020-0340-4,The role of bot squads in the political propaganda on Twitter,2020,Guido Caldarelli; Rocco De Nicola; Fabio Del Vigna; Marinella Petrocchi; Fabio Saracco,Communications Physics,"Abstract Nowadays, Social Media are a privileged channel for news spreading, information exchange, and fact checking. Unexpectedly for many users, automated accounts, known as social bots, contribute more and more to this process of information diffusion. Using Twitter as a benchmark, we consider the traffic exchanged, over one month of observation, on the migration flux from Northern Africa to Italy. We measure the significant traffic of tweets only, by implementing an entropy-based null model that discounts the activity of users and the virality of tweets. Results show that social bots play a central role in the exchange of significant content. Indeed, not only the strongest hubs have a number of bots among their followers higher than expected, but furthermore a group of them, that can be assigned to the same political tendency, share a common set of bots as followers. The retweeting activity of such automated accounts amplifies the hubs’ messages.",106,Politics; Social media; Set (abstract data type); Internet privacy; Channel (broadcasting),0.25,Include,Include,Matches 3 inclusion term(s).
https://openalex.org/W3213799256,https://doi.org/10.17645/mac.v9i4.4062,Automated Trouble: The Role of Algorithmic Selection in Harms on Social Media Platforms,2021,Florian Saurwein; Charlotte Spencer-Smith,Media and Communication,"Social media platforms like Facebook, YouTube, and Twitter have become major objects of criticism for reasons such as privacy violations, anticompetitive practices, and interference in public elections. Some of these problems have been associated with algorithms, but the roles that algorithms play in the emergence of different harms have not yet been systematically explored. This article contributes to closing this research gap with an investigation of the link between algorithms and harms on social media platforms. Evidence of harms involving social media algorithms was collected from media reports and academic papers within a two-year timeframe from 2018 to 2019, covering Facebook, YouTube, Instagram, and Twitter. Harms with similar casual mechanisms were grouped together to inductively develop a typology of algorithmic harm based on the mechanisms involved in their emergence: (1) algorithmic errors, undesirable, or disturbing selections; (2) manipulation by users to achieve algorithmic outputs to harass other users or disrupt public discourse; (3) algorithmic reinforcement of pre-existing harms and inequalities in society; (4) enablement of harmful practices that are opaque and discriminatory; and (5) strengthening of platform power over users, markets, and society. Although the analysis emphasizes the role of algorithms as a cause of online harms, it also demonstrates that harms do not arise from the application of algorithms alone. Instead, harms can be best conceived of as socio-technical assemblages, composed of the use and design of algorithms, platform design, commercial interests, social practices, and context. The article concludes with reflections on possible governance interventions in response to identified socio-technical mechanisms of harm. Notably, while algorithmic errors may be fixed by platforms themselves, growing platform power calls for external oversight.",66,Social media; Casual; Harm; Context (archaeology); Internet privacy,0.25,Include,Include,Matches 3 inclusion term(s).
https://openalex.org/W3215356716,https://doi.org/10.1007/s10796-021-10222-9,A Confirmation Bias View on Social Media Induced Polarisation During Covid-19,2021,Sachin Modgil; Rohit Kumar Singh; Shivam Gupta; Denis Dennehy,Information Systems Frontiers,"Social media has played a pivotal role in polarising views on politics, climate change, and more recently, the Covid-19 pandemic. Social media induced polarisation (SMIP) poses serious challenges to society as it could enable 'digital wildfires' that can wreak havoc worldwide. While the effects of SMIP have been extensively studied, there is limited understanding of the interplay between two key components of this phenomenon: confirmation bias (reinforcing one's attitudes and beliefs) and echo chambers (i.e., hear their own voice). This paper addresses this knowledge deficit by exploring how manifestations of confirmation bias contributed to the development of 'echo chambers' at the height of the Covid-19 pandemic. Thematic analysis of data collected from 35 participants involved in supply chain information processing forms the basis of a conceptual model of SMIP and four key cross-cutting propositions emerging from the data that have implications for research and practice.",156,Coronavirus disease 2019 (COVID-19); Social media; Thematic analysis; Pandemic; Key (lock),0.25,Include,Include,Matches 3 inclusion term(s).
https://openalex.org/W3108000093,https://doi.org/10.3127/ajis.v25i0.2867,A Conceptual Tool to Eliminate Filter Bubbles in Social Networks,2021,Alireza Amrollahi,AJIS. Australasian journal of information systems/AJIS. Australian journal of information systems/Australian journal of information systems,"Reliance on social media as a source of information has lead to several challenges, including the limitation of sources to viewers’ preferences and desires, also known as filter bubbles. The formation of filter bubbles is a known risk to democracy. It can bring negative consequences like polarisation of the society, users’ tendency to extremist viewpoints and the proliferation of fake news. Previous studies have focused on specific aspects and paid less attention to a holistic approach for eliminating the notion. The current study, however, aims to propose a model for an integrated tool that assists users in avoiding filter bubbles in social networks. To this end, a systematic literature review has been undertaken, and initially, 571 papers in six top-ranked scientific databases have been identified. After excluding irrelevant studies and performing an in-depth analysis of the remaining papers, a classification of research studies is proposed. This classification is then used to introduce an overall architecture for an integrated tool that synthesises all previous studies and offers new features for avoiding filter bubbles. The study explains the components and features of the proposed architecture and concludes with a list of implications for the recommended tool.",11,Viewpoints; Filter (signal processing); Computer science; Data science; Architecture,0.25,Include,Include,Matches 3 inclusion term(s).
https://openalex.org/W2811466287,https://doi.org/10.14763/2018.2.793,Political topic-communities and their framing practices in the Dutch Twittersphere,2018,Maranke Wieringa; Daniela van Geenen; Mirko Tobias Schäfer; Ludo Gorzeman,Internet Policy Review,"In light of the need for political plurality and informed debate this study questions information distribution and curation on Twitter. We contribute to the understanding of ideological homophily by exploring the notion of the 'echo chamber'. Using a sample of two weeks of Dutch Twitter data, we combine network analysis of retweet networks, with qualitative reading and categorisation of engagement with media content in tweets within political topic communities. We found that media references were predominantly framed in affirmative ways in relation to the referenced medium content. Our findings show that users consciously select media messages that correspond with the general sentiment within their topic community, or frame them accordingly. We see this as a willful 'echo chamber', or a 'repillarisation'.",10,Framing (construction); Homophily; Politics; Ideology; Social media,0.25,Include,Include,Matches 3 inclusion term(s).
https://openalex.org/W3012266030,https://doi.org/10.1371/journal.pone.0229129,Selective exposure shapes the Facebook news diet,2020,Matteo Cinelli; Emanuele Brugnoli; Ana Lucía Schmidt; Fabiana Zollo; Walter Quattrociocchi,PLoS ONE,"The social brain hypothesis approximates the total number of social relationships we are able to maintain at 150. Similar cognitive constraints emerge in several aspects of our daily life, from our mobility to the way we communicate, and might even affect the way we consume information online. Indeed, despite the unprecedented amount of information we can access online, our attention span still remains limited. Furthermore, recent studies have shown that online users are more likely to ignore dissenting information, choosing instead to interact with information adhering to their own point of view. In this paper, we quantitatively analyse users' attention economy in news consumption on social media by analysing 14 million users interacting with 583 news outlets (pages) on Facebook over a time span of six years. In particular, we explore how users distribute their activity across news pages and topics. On the one hand, we find that, independently of their activity, users show a tendency to follow a very limited number of pages. On the other hand, users tend to interact with almost all the topics presented by their favoured pages. Finally, we introduce a taxonomy accounting for users' behaviour to distinguish between patterns of selective exposure and interest. Our findings suggest that segregation of users in echo chambers might be an emerging effect of users' activity on social media and that selective exposure-i.e. the tendency of users to consume information adhering to their preferred narratives-could be a major driver in their consumption patterns.",128,Affect (linguistics); Social media; Internet privacy; Point (geometry); Computer science,0.25,Include,Include,Matches 3 inclusion term(s).
https://openalex.org/W4296001786,https://doi.org/10.22363/2313-1438-2022-24-3-499-516,Digital Echo Chambers as Phenomenon of Political Space,2022,Mikhail Beznosov; Alexander Golikov,RUDN Journal of Political Science,"This article attempts to provide a comprehensive overview of the academic literature on the subject, examining the different approaches, their similarities and general differences, advantages and disadvantages, and providing a consolidated and critical perspective that will hopefully be useful for future research in the field. The paper presents the results of a systematic review of Western academic studies on the existence of echo chambers in social media, an initial classification of the literature and the identification of research patterns. The authors show how conceptual and methodological choices influence research findings on the topic. Future research should take into account the potential shortcomings of different approaches and the significant potential of linking data.",5,Echo (communications protocol); Perspective (graphical); Phenomenon; Space (punctuation); Identification (biology),0.25,Include,Include,Matches 3 inclusion term(s).
https://openalex.org/W4327813742,https://doi.org/10.1111/pops.12890,"Intellectual Humility and Political Polarization: An Exploration of Social Networks, Attitudes, and Affect",2023,Tyrone J. Sgambati; Özlem Ayduk,Political Psychology,"Political polarization is increasing in the United States, threatening social harmony. As this threat grows, it is important to identify factors that engender polarization and ways to disrupt them. To this end, we examined the buffering role of intellectual humility against political polarization and the potential mediating role of political heterophily (i.e., affiliation and communication with political outgroup members). Data were collected in five assessments over an eight‐month period, beginning one day prior to the 2020 U.S. presidential election ( N = 387) and ending in July 2021 ( N = 181). Results showed that intellectual humility was associated with (1) less affective and attitudinal polarization (although in some cases this effect was only present among conservatives) and (2) more political heterophily. Cross‐sectional and prospective mediation analyses suggested that intellectual humility may act through political heterophily to reduce attitude polarization. Our findings offer support for the notion that intellectual humility buffers against political polarization and provide preliminary evidence for political heterophily as one mechanism of action.",18,Humility; Politics; Polarization (electrochemistry); Social psychology; Psychology,0.25,Include,Include,Matches 3 inclusion term(s).
https://openalex.org/W4402541527,https://doi.org/10.1007/s11245-024-10097-w,The Harm of Social Media to Public Reason,2024,Paige Benton; Michael Schmidt,Topoi,"Abstract It is commonly agreed that so-called echo chambers and epistemic bubbles, associated with social media, are detrimental to liberal democracies. Drawing on John Rawls’s political liberalism, we offer a novel explanation of why social media platforms amplifying echo chambers and epistemic bubbles are likely contributing to the violation of the democratic norms connected to the ideal of public reason. These norms are clarified with reference to the method of (full) reflective equilibrium, which we argue should be cultivated as a civic virtue in the context of political justification. The paper demonstrates how epistemic bubbles and echo chambers are likely to be detrimental to the disposition to follow the method of reflective equilibrium in the political context. Based on this diagnosis the paper highlights the need for interventions that help cultivate reflective equilibrium as a civic virtue and the need for corresponding interdisciplinary research.",2,Reflective equilibrium; Context (archaeology); Politics; Harm; Virtue,0.25,Include,Include,Matches 3 inclusion term(s).
https://openalex.org/W4404172456,https://doi.org/10.1145/3687059,"Trouble in Paradise? Understanding Mastodon Admin's Motivations, Experiences, and Challenges Running Decentralised Social Media",2024,Zhilin Zhang; Jun Zhao; Ge Wang; Samantha‐Kaye Johnston; George Chalhoub,Proceedings of the ACM on Human-Computer Interaction,"Decentralised social media platforms are increasingly being recognised as viable alternatives to their centralised counterparts. Among these, Mastodon stands out as a popular alternative, offering a citizen-powered option distinct from larger and centralised platforms like Twitter/X. However, the future path of Mastodon remains uncertain, particularly in terms of its challenges and the long-term viability of a more citizen-powered internet. In this paper, following a pre-study survey, we conducted semi-structured interviews with 16 Mastodon instance administrators, including those who host instances to support marginalised and stigmatised communities, to understand their motivations and lived experiences of running decentralised social media. Our research indicates that while decentralised social media offers significant potential in supporting the safety, identity and privacy needs of marginalised and stigmatised communities, they also face considerable challenges in content moderation, community building and governance. We emphasise the importance of considering the community's values and diversity when designing future support mechanisms.",8,Paradise; Sociology; Business; History; Art history,0.25,Include,Include,Matches 3 inclusion term(s).
https://openalex.org/W4392414716,https://doi.org/10.37886/ip.2023.001,Information Bubble: How to Control Democracy in the Information Society Era,2023,Ewa Milczarek,Izzivi prihodnosti,"Research Question: The research lead to answer the question: Do filter bubbles distort the electoral process in such a way that it violates the right to free elections? Purpose: The main research objective is to show that information bubbles violate decisional privacy, which in consequence leads to a violation of the correctness of the election process. Method: : The research methodology includes a systematic review of scientific papers and studies developed by international organizations and of reports. Results: The research shows the effects of filter bubbles on election process. Thanks to this, we can see that not all information is distributed evenly on the Internet and some of the information does not reach the recipients. The main research objective is to show that filter bubbles violate decisional privacy, which in consequence leads to a violation of the correctness of the election process. The author presents why states should regulate social media in the field of filter bubbles and what steps should be taken. Organization: The development of the information society poses new challenges for the legislator. One of them is the problem of regulating social media and related tools - including filter bubbles. The article presents the influence of filter bubbles on the electoral process. The article reviews the current research on this problem- both empirical and doctrinal. Society: The article deals with a socially relevant topic, which is the manipulation of the electoral process. The examples studied in the work on the cases of recent elections in the USA, Great Britain or Brazil show that the problem affects practically every corner of the world. The result of the study is to show that filter bubbles pose a threat to democracy. Originality: The problem of filter bubbles and their impact on the electoral process is still an unexplored phenomenon. The work analyzes examples of the impact and indicates the steps that should be taken to start work on regulating this phenomenon. This research is based on the concept of social control over the social media algorithm. Limitations / further research: The purpose of this article is to identify problems and review solutions. Research on the problem should be further established on the basis of legal and factual analysis.",5,Democracy; Bubble; Political science; Information society; Control (management),0.25,Include,Include,Matches 3 inclusion term(s).
https://openalex.org/W3045203342,https://doi.org/10.1002/poi3.247,Battle for Britain: Analyzing Events as Drivers of Political Tribalism in Twitter Discussions of Brexit,2020,Samantha North; Lukasz Piwek; Adam Joinson,Policy & Internet,"In the aftermath of the 2016 referendum on European Union (EU) membership, Britain was divided into identity groups (or tribes) of Leavers and Remainers. In this study, we investigate how Brexit tribalism—in the form of outgroup derogation—has unfolded over time on Twitter. We analyze data from 32 months of discussions ( n = 9,027,822), using identity‐based keywords as proxies for tribalism. First, we characterize the nature of the discussion by comparing language use patterns between tweets containing Brexiteer/Remainer and Brextremist/Remoaner keywords. We find that Brextremist/Remoaner are more commonly used in a derogatory way. We also find that all four group identity keywords are used more frequently over time, suggesting an increase in tribal interactions. Finally, we find evidence of a relationship between real‐life Brexit events and spikes in tribal responses online. These findings provide compelling insights into the extent of tribal political behavior on social media. They are significant for furthering our understanding of tribalism as a central feature of information warfare campaigns that aim to divide societies.",15,Brexit; Tribalism; Referendum; Identity (music); Politics,0.25,Include,Include,Matches 3 inclusion term(s).
https://openalex.org/W4206910628,https://doi.org/10.1080/21515581.2022.2026781,"The voice of distrust? The relationship between political trust, online political participation and voting",2021,Aki Koivula; Sanna Malinen; Arttu Saarinen,Journal of Trust Research,"In this article, we examine how political trust is associated with participation in political discussions on social media and voting activity. We explore whether social media can provide platforms for those who are passive in terms of formal political participation. Our data were derived from a representative survey based on a sample collected in 2017 from the Finnish population register (N = 2470). Our key findings were that online and offline participation were highly linked to each other. Those citizens who participated formally by voting were also more likely to participate online. Moreover, we found a moderating effect of political trust on the relationship between online and offline participation. Therefore, we concluded that social media platforms also provide channels for political participation for individuals with low political trust who do not participate formally by voting.",21,Distrust; Voting; Politics; Voting behavior; Social media,0.25,Include,Include,Matches 3 inclusion term(s).
https://openalex.org/W4308888207,https://doi.org/10.1037/tmb0000096,"The design of social media platforms—Initial evidence on relations between personality, fear of missing out, design element-driven increased social media use, and problematic social media use.",2022,Cornelia Sindermann; Christian Montag; Jon D. Elhai,Technology Mind and Behavior,"While relations between certain personality traits and problematic social media use (PSMU) are well-acknowledged, mechanisms underlying these associations are mostly unclear. One putatively mediating variable in these relations is fear of missing out (FoMO). Moreover, certain design elements of social media platforms are suspected to lure users into spending increasing time on the platforms and into PSMU, accordingly. Thus far, however, (independent) empirical research on whether there are individual differences driving tendencies toward design element-driven increased social media use is barely existent. Furthermore, there is a lack of empirical research on whether these tendencies are related to PSMU. The present work was conducted to close these gaps. College students from the United States (N = 446) completed scales on the Big Five personality traits, impulsivity, FoMO, and PSMU and indicated how often they spend more time on social media than intended due to design elements of social media platforms in an online survey. Results showed that individuals tend to use social media more frequently and time-intensively due to certain design elements. Such increased use was strongly positively related to PSMU. A cross-sectional path model revealed among others indirect positive associations of neuroticism and impulsivity with PSMU mediated via FoMO and design element-driven increased social media use. These results indicate that design elements of social media platforms could contribute to PSMU. Thus, a healthier design of such platforms must be discussed. Moreover, therapeutic interventions to reduce PSMU might profit from psychoeducation on strategies to prevent design element-driven increased social media use.",21,Social media; Element (criminal law); Psychology; Social psychology; Political science,0.25,Include,Include,Matches 3 inclusion term(s).
https://openalex.org/W3141593921,https://doi.org/10.1038/s41598-021-86750-w,Dense and influential core promotion of daily viral information spread in political echo chambers,2021,Kimitaka Asatani; Hiroko Yamano; Takeshi Sakaki; Ichiro Sakata,Scientific Reports,"Despite the intensive study of the viral spread of fake news in political echo chambers (ECs) on social networking services (SNSs), little is known regarding the underlying structure of the daily information spread in these ECs. Moreover, the effect of SNSs on opinion polarisation is still unclear in terms of pluralistic information access or selective exposure to opinions in an SNS. In this study, we confirmed the steady, highly independent nature of left- and right-leaning ECs, both of which are composed of approximately 250,000 users, from a year-long reply/retweet network of 42 million Japanese Twitter users. We found that both communities have similarly efficient information spreading networks with densely connected and core-periphery structures. Core nodes resonate in the early stages of information cascades, and unilaterally transmit information to peripheral nodes. Each EC has resonant core users who amplify and steadily spread information to a quarter of a million users. In addition, we confirmed the existence of extremely aggressive users of ECs who co-reply/retweet each other. The connection between these users and top influencers suggests that the extreme opinions of the former group affect the entire community through the top influencers.",19,Influencer marketing; Core (optical fiber); Echo (communications protocol); Internet privacy; Politics,0.183,Include,Include,Matches 4 inclusion term(s).
https://openalex.org/W4389281360,https://doi.org/10.37934/araset.34.1.8089,Identifying Political Polarization in Social Media: A Literature Review,2023,Siti Nurulain Mohd Rum; Raihani Mohamed; Auzi Asfarian,Journal of Advanced Research in Applied Sciences and Engineering Technology,"Online social media platforms are frequently held responsible for the rise of fake news, which can occasionally prevent people from knowing the truth and fuels partisan political conflict. The idea of ""echo chambers"" and “filter-bubbles” draws attention to how social media is incredibly fragmented, individualized, and niche-focused, all of which serve to further polarize public opinion. These terms have been associated with the referendum of Brexit in the UK and the victory of Donald Trump in 2016's US presidential election. The term homophily on the other hand refers to the tendency of people to be in a circle that shares the same thought and interest, that could also contribute to political division in social media. In the positive side, high political polarization demonstrates the freedom of expression, on the other hand it can heighten political tensions and inequalities, which may have an adverse effect on a nation's stability. Determining political division and its origins via social media is therefore a crucial topic for discussion. In this research work, several articles were examined to discover the computing methods and approaches employed by the existing works for identifying political polarization in social media.",6,Politics; Polarization (electrochemistry); Social media; Referendum; Public opinion,0.183,Include,Include,Matches 4 inclusion term(s).
https://openalex.org/W4381884341,https://doi.org/10.1111/isj.12453,Information sharing and political polarisation on social media: The role of falsehood and partisanship,2023,Jason Weismueller; Richard Gruner; Paul Harrigan; Kristof Coussement; Shasha Wang,Information Systems Journal,"Abstract We explore if misinformation from political elites (i.e., members of the US Congress) and extreme partisan information from media outlets generate greater engagement than accurate information and non‐extreme partisan information. We also investigate how exposure to these information types leads to negative emotions (e.g., anger) in individuals and its association with attitude polarisation. To this end, we analysed fact‐checked tweets from political elites, tweets from media outlets and replies to those tweets. Together, these tweets received more than 100 000 replies and were shared more than two million times. We also conducted two online experiments. Our field studies reveal that misinformation and extreme partisan information are associated with higher levels of negative emotions and greater engagement than accurate information and non‐extreme partisan information. Our data also show that—while negative emotions in response to extreme partisan information are higher among social media users at the ideological extreme than those at the ideological centre—there is no difference in the two groups' level of negative emotions in response to misinformation. The online experiments demonstrate that exposure to misinformation and extreme partisan information elicits stronger negative emotions than exposure to accurate information and non‐extreme partisan information. These negative emotions, in turn, contribute to attitude polarisation. Our work makes practical and theoretical contributions concerning social media information sharing, negativity and political polarisation. We also provide future research avenues with associated research questions.",36,Misinformation; Ideology; Social media; Social psychology; Politics,0.183,Include,Include,Matches 4 inclusion term(s).
https://openalex.org/W4308433048,https://doi.org/10.1038/s41562-022-01460-1,A systematic review of worldwide causal and correlational evidence on digital media and democracy,2022,Philipp Lorenz-Spreen; Lisa Oswald; Stephan Lewandowsky; Ralph Hertwig,Nature Human Behaviour,"One of today's most controversial and consequential issues is whether the global uptake of digital media is causally related to a decline in democracy. We conducted a systematic review of causal and correlational evidence (N = 496 articles) on the link between digital media use and different political variables. Some associations, such as increasing political participation and information consumption, are likely to be beneficial for democracy and were often observed in autocracies and emerging democracies. Other associations, such as declining political trust, increasing populism and growing polarization, are likely to be detrimental to democracy and were more pronounced in established democracies. While the impact of digital media on political systems depends on the specific variable and system in question, several variables show clear directions of associations. The evidence calls for research efforts and vigilance by governments and civil societies to better understand, design and regulate the interplay of digital media and democracy.",296,Democracy; Autocracy; Politics; Populism; Digital advertising,0.167,Include,Include,Matches 2 inclusion term(s).
https://openalex.org/W2890058952,https://doi.org/10.1017/epi.2018.32,ECHO CHAMBERS AND EPISTEMIC BUBBLES,2018,C. Thi Nguyen,Episteme,"ABSTRACT Discussion of the phenomena of post-truth and fake news often implicates the closed epistemic networks of social media. The recent conversation has, however, blurred two distinct social epistemic phenomena. An epistemic bubble is a social epistemic structure in which other relevant voices have been left out, perhaps accidentally. An echo chamber is a social epistemic structure from which other relevant voices have been actively excluded and discredited. Members of epistemic bubbles lack exposure to relevant information and arguments. Members of echo chambers, on the other hand, have been brought to systematically distrust all outside sources. In epistemic bubbles, other voices are not heard; in echo chambers, other voices are actively undermined. It is crucial to keep these phenomena distinct. First, echo chambers can explain the post-truth phenomena in a way that epistemic bubbles cannot. Second, each type of structure requires a distinct intervention. Mere exposure to evidence can shatter an epistemic bubble, but may actually reinforce an echo chamber. Finally, echo chambers are much harder to escape. Once in their grip, an agent may act with epistemic virtue, but social context will pervert those actions. Escape from an echo chamber may require a radical rebooting of one's belief system.",1022,Distrust; Echo (communications protocol); Epistemology; Conversation; Context (archaeology),0.167,Include,Include,Matches 2 inclusion term(s).
https://openalex.org/W4390571842,https://doi.org/10.1371/journal.pone.0294815,"Knowledge through social networks: Accuracy, error, and polarisation",2024,Ulrike Hahn; Christoph Merdes; Momme von Sydow,PLoS ONE,"This paper examines the fundamental problem of testimony. Much of what we believe to know we know in good part, or even entirely, through the testimony of others. The problem with testimony is that we often have very little on which to base estimates of the accuracy of our sources. Simulations with otherwise optimal agents examine the impact of this for the accuracy of our beliefs about the world. It is demonstrated both where social networks of information dissemination help and where they hinder. Most importantly, it is shown that both social networks and a common strategy for gauging the accuracy of our sources give rise to polarisation even for entirely accuracy motivated agents. Crucially these two factors interact, amplifying one another's negative consequences, and this side effect of communication in a social network increases with network size. This suggests a new causal mechanism by which social media may have fostered the increase in polarisation currently observed in many parts of the world.",25,Computer science; MEDLINE; Data science; Biology; Biochemistry,0.167,Include,Include,Matches 2 inclusion term(s).
https://openalex.org/W3004576888,,Burst the filter bubble: towards an integrated tool,2019,Alireza Amrollahi,Journal of the Association for Information Systems,"Formation of filter bubbles is known as a risk for democracy and can bring negative consequences like polarisation of the society, users’ tendency to extremist viewpoints, and the proliferation of fake news. Previous studies, including prescriptive studies, focused on limited aspects of filter bubbles. The current study aims to propose a model for an integrated tool that assists users in avoiding filter bubbles in social networks. To this end, a systematic literature review has been adopted and 571 papers in six top-ranked scientific databases have been identified. After excluding irrelevant studies and an in-depth study of the remaining papers, a classification of research studies is proposed. This classification is then used to propose an overall architecture for an integrated tool that synthesises all previous studies and proposes new features for avoiding filter bubbles. The study explains the components and features of the proposed architecture and describes their focus on content and agents.",2,Filter (signal processing); Bubble; Computer science; Computer vision; Operating system,0.167,Include,Include,Matches 2 inclusion term(s).
https://openalex.org/W3012030155,,"Social media use, online political discussion and UK political events 2013-2018: a phenomenographic study",2018,Elizabeth Anne Bailey,University of Bedfordshire Repository (University of Bedfordshire),"A thesis submitted to the University of Bedfordshire, in fulfilment of the requirements for the degree of Ph.D.",2,Politics; Social media; Political science; Political communication; Media studies,0.167,Include,Include,Matches 2 inclusion term(s).
https://openalex.org/W4280546954,https://doi.org/10.1007/s10610-022-09509-7,Linguistic Radicalisation of Right-Wing and Salafi Jihadist Groups in Social Media: a Corpus-Driven Lexicometric Analysis,2022,Pia Müller; Stefan Harrendorf; Antonia Mischler,European Journal on Criminal Policy and Research,"Abstract Social media groups, for example on Facebook, WhatsApp or Telegram, allow for direct exchange, communication and interaction, as well as networking of different individuals worldwide. Such groups are also used to spread propaganda and thus allow for self-radicalisation or mutual radicalisation of their members. The article reports selected results from a research project analysing online communication processes of extremist groups. Based on data from group discussions in social media, corpus linguistic analyses were carried out, examining quantitative relationships between individual lexical elements and occurring regularities. To this end, four different corpora were built. These consist of data collected in right-wing and Salafi jihadist groups of a low or medium radicalisation level on Facebook and VKontakte via fake profiles, and of group communication in forums, messenger apps and social networks of highly radicalised persons, which were extracted from files of (e.g. terrorism) cases prosecuted in Germany. Quantitative linguistic analyses of social media data continue to be challenging due to the heterogeneity of the data as well as orthographic and grammatical errors. Nevertheless, it was possible to identify phenomenon specific sociolects that point to different levels of linguistic radicalisation. Based on the results of the analyses, the article discusses the prospects, problems and pitfalls of lexicometric analyses of online communication, especially as a tool for understanding radicalisation processes.",9,Social media; Terrorism; Microblogging; Sociology; Phenomenon,0.167,Include,Include,Matches 2 inclusion term(s).
https://openalex.org/W3212567067,https://doi.org/10.1038/s41598-021-01487-w,Dynamics of online hate and misinformation,2021,Matteo Cinelli; Andraž Pelicon; Igor Mozetič; Walter Quattrociocchi; Petra Kralj Novak,Scientific Reports,"Online debates are often characterised by extreme polarisation and heated discussions among users. The presence of hate speech online is becoming increasingly problematic, making necessary the development of appropriate countermeasures. In this work, we perform hate speech detection on a corpus of more than one million comments on YouTube videos through a machine learning model, trained and fine-tuned on a large set of hand-annotated data. Our analysis shows that there is no evidence of the presence of ""pure haters"", meant as active users posting exclusively hateful comments. Moreover, coherently with the echo chamber hypothesis, we find that users skewed towards one of the two categories of video channels (questionable, reliable) are more prone to use inappropriate, violent, or hateful language within their opponents' community. Interestingly, users loyal to reliable sources use on average a more toxic language than their counterpart. Finally, we find that the overall toxicity of the discussion increases with its length, measured both in terms of the number of comments and time. Our results show that, coherently with Godwin's law, online debates tend to degenerate towards increasingly toxic exchanges of views.",105,Misinformation; Computer science; Set (abstract data type); Dynamics (music); Internet privacy,0.167,Include,Include,Matches 2 inclusion term(s).
https://openalex.org/W4401639529,https://doi.org/10.3389/fpsyg.2024.1412515,The impact of health information echo chambers on older adults avoidance behavior: the mediating role of information fatigue and the moderating role of trait mindfulness,2024,Fuxiu Zhong; Chenyu Gu,Frontiers in Psychology,"Background: In the digital media era, the prevalence of algorithm-driven content push has intensified the health information echo chambers phenomenon, characterized by excessive homogenization and overload of information. This phenomenon may negatively impact the older adults, a ""digitally vulnerable"" group, by limiting their access to diverse health information and potentially inducing health information avoidance behaviors. However, the psychological mechanisms within this impact process remain unclear, and this study aims to explore them. Additionally, current study introduces trait mindfulness as a potential intervention tool in reducing health information avoidance behavior among the older adults. Methods: This study constructs an impact model based on the Stress-Coping Theory and the Stress-Strain-Outcome (SSO) framework. It identifies health information similarity, relevance, and overload as characteristics of the echo chamber, constituting the Stress part; information fatigue as the Strain; and health information avoidance as the Outcome, with trait mindfulness serving as a moderating factor between Strain and Outcome. A cross-sectional survey of 236 older adults individuals aged 60 and above was conducted, and the collected data were analyzed using SmartPLS and SPSS. Results: The study found that health information similarity and overload significantly increased health information fatigue among the older adults, thereby promoting avoidance behavior, but no significant correlation was found between relevance and fatigue. While there was no significant correlation between trait mindfulness and health information fatigue, it effectively moderated the avoidance behavior induced by fatigue. Conclusion: Current study reveals the impact of the health information echo chamber phenomenon on health information avoidance behavior among the older adults and the moderating role of trait mindfulness. It emphasizes the importance of breaking the health information echo chamber and promoting diverse information dissemination to improve the health information behavior of the older adults. Furthermore, the moderating role of trait mindfulness demonstrates positive intervention potential, providing the older adults with a psychological adjustment mechanism to accept and process health information with a more open attitude, thereby reducing unproductive avoidance behavior.",13,Psychology; Trait; Mindfulness; Information overload; Coping (psychology),0.167,Include,Include,Matches 2 inclusion term(s).
https://openalex.org/W4388524030,https://doi.org/10.1007/s11042-023-17470-8,A comprehensive survey on machine learning approaches for fake news detection,2023,Jawaher Alghamdi; Suhuai Luo; Yuqing Lin,Multimedia Tools and Applications,"Abstract The proliferation of fake news on social media platforms poses significant challenges to society and individuals, leading to negative impacts. As the tactics employed by purveyors of fake news continue to evolve, there is an urgent need for automatic fake news detection (FND) to mitigate its adverse social consequences. Machine learning (ML) and deep learning (DL) techniques have emerged as promising approaches for characterising and identifying fake news content. This paper presents an extensive review of previous studies aiming to understand and combat the dissemination of fake news. The review begins by exploring the definitions of fake news proposed in the literature and delves into related terms and psychological and scientific theories that shed light on why people believe and disseminate fake news. Subsequently, advanced ML and DL techniques for FND are dicussed in detail, focusing on three main feature categories: content-based, context-based, and hybrid-based features. Additionally, the review summarises the characteristics of fake news, commonly used datasets, and the methodologies employed in existing studies. Furthermore, the review identifies the challenges current FND studies encounter and highlights areas that require further investigation in future research. By offering a comprehensive overview of the field, this survey aims to serve as a guide for researchers working on FND, providing valuable insights for developing effective FND mechanisms in the era of technological advancements.",108,Computer science; Social media; Dissemination; Fake news; Context (archaeology),0.167,Include,Include,Matches 2 inclusion term(s).
https://openalex.org/W3018399333,https://doi.org/10.14718/softpower.2019.6.2.3,The truth in a bubble the end of ‘audience democracy’ and the rise of ‘bubble democracy’.,2019,Damiano Palano,Soft Power,"This article sustains that the so-called ‘post-truth’ phenomenon also depends on the characteristics of the new ‘hybrid’ communicative scenario. The thesis is that this new scenario is substantially different from that of the ‘party democracy’, protagonist of significant part of the twentieth century, and from that of the ‘audience democracy’, defined by Bernard Manin in the mid-nineties. The emergence of new media entails a series of consequences, including the fragmentation of the audience into a plurality of self-referential segments, politically polarized ‘bubbles’, devoid, at least potentially, of a common communicative sphere. Taking into account such developments, the article seeks to construct the ‘ideal type’ of a ‘bubble democracy’, marked by the mistrust of institutions, fragmentation of the audience, disintermediation, homophilic tendencies, and polarization.",6,Democracy; Phenomenon; Disintermediation; Polarization (electrochemistry); Political science,0.167,Include,Include,Matches 2 inclusion term(s).
https://openalex.org/W3175993430,https://doi.org/10.14763/2021.2.1565,Recommender systems and the amplification of extremist content,2021,Joe Whittaker; Seán Looney; Alastair Reed; Fabio Votta,Internet Policy Review,"Recommendation algorithms potentially amplifying extremist content has become a policy concern in recent years. We conduct a novel empirical experiment on three platforms (YouTube, Reddit, and Gab) to test this phenomenon. We find that YouTube’s “Recommended for you” system does promote extreme content. We synthesise the findings into the policy debate and argue that co-regulation may provide some solutions.",115,Phenomenon; Content (measure theory); Recommender system; Computer science; Internet privacy,0.167,Include,Include,Matches 2 inclusion term(s).
https://openalex.org/W4210854604,https://doi.org/10.1371/journal.pone.0262992,Users’ polarisation in dynamic discussion networks: The case of refugee crisis in Sweden,2022,Elizaveta Kopacheva; Victoria Yantseva,PLoS ONE,"This paper presents a study on the dynamics of sentiment polarisation in the active online discussion communities formed around a controversial topic-immigration. Using a collection of tweets in the Swedish language from 2012 to 2019, we track the development of the communities and their sentiment polarisation trajectories over time and in the context of an exogenous shock represented by the European refugee crisis in 2015. To achieve the goal of the study, we apply methods of network and sentiment analysis to map users' interactions in the network communities and quantify users' sentiment polarities. The results of the analysis give little evidence for users' polarisation in the network and its communities, as well as suggest that the crisis had a limited effect on the polarisation dynamics on this social media platform. Yet, we notice a shift towards more negative tonality of users' sentiments after the crisis and discuss possible explanations for the above-mentioned observations.",11,Refugee crisis; Refugee; Political science; Computer science; Law,0.167,Include,Include,Matches 2 inclusion term(s).
https://openalex.org/W4415880430,https://doi.org/10.15451/ec2025-11-14-38-1-19,Epistemic bubbles and echo chambers in the progress of science,2025,Ulysses Paulino Albuquerque,Ethnobiology and Conservation,"Does epistemic diversity necessarily promote scientific progress, or does this idea persist more as a normative principle than as an empirical finding? In this hypothesis-essay, I argue that scientific pluralism does not automatically entail epistemic fluidity. Distinct scientific communities may share publication venues and rhetorical commitments while remaining epistemically insulated. Building on recent debates about epistemic bubbles and echo chambers, I suggest that even within science, traditionally conceived as a self-correcting enterprise, mechanisms of selective exposure and institutional filtering can restrict genuine epistemic permeability. Frequently presented as an inherently diverse discipline, ethnobiology offers a revealing context for exploring whether declared plurality translates into dialogical openness or stabilizes into parallelism. The argument does not treat ethnobiology as a confirmed case, but as a field in which this hypothesis of pluralism without fluidity can be examined. I invite a reconsideration of how epistemic contact, reflexivity, and institutional design shape the moral and cognitive architecture of scientific progress.",4,Epistemology; Pluralism (philosophy); Rhetorical question; Normative; Openness to experience,0.167,Include,Include,Matches 2 inclusion term(s).
https://openalex.org/W3092559729,https://doi.org/10.1371/journal.pone.0239259,Political correctness and the alt-right: The development of extreme political attitudes,2020,Jordan Moss; Peter O’Connor,PLoS ONE,"Recent studies have documented a shift from moderate political attitudes to more extreme attitudes at the ends of the political spectrum. This can be seen in Political Correctness (PC) on the left, and white identitarian (WI) attitudes on the 'Alt-Right' (AR). While highly covered in mainstream media, limited academic research has investigated their possible antecedents and psychological correlates. The current study investigated the prevalence and psychological predictors of these attitudes. Utilising a quota-based sample of 512 U.S. participants, we found that extreme political attitudes were associated with various personality traits, social media use, and upbringing. PC attitudes were associated with agreeableness, black-white thinking, social-media use, and perceived overprotective parenting. WI attitudes were associated with low agreeableness and openness, and high black-white thinking. Our results show that extreme left and right attitudes are separated by individual differences, and that authoritarianism can be seen on both the left and the right.",39,Openness to experience; Politics; Social psychology; Agreeableness; Psychology,0.167,Include,Include,Matches 2 inclusion term(s).
https://openalex.org/W4312204325,https://doi.org/10.1016/j.im.2022.103745,Fake news believability: The effects of political beliefs and espoused cultural values,2022,Manjul Gupta; Denis Dennehy; Carlos M. Parra; Matti Mäntymäki; Yogesh K. Dwivedi,Information & Management,"Fake news has led to a polarized society as evidenced by diametrically opposed perceptions of and reactions to global events such as the Coronavirus Disease 2019 (COVID-19) pandemic and presidential campaigns. Popular press has linked individuals’ political beliefs and cultural values to the extent to which they believe in false content shared on social networking sites (SNS). However, sweeping generalizations run the risk of helping exacerbate divisiveness in already polarized societies. This study examines the effects of individuals’ political beliefs and espoused cultural values on fake news believability using a repeated-measures design (that exposes individuals to a variety of fake news scenarios). Results from online questionnaire-based survey data collected from participants in the US and India help confirm that conservative individuals tend to exhibit increasing fake news believability and show that collectivists tend to do the same. This study advances knowledge on characteristics that make individuals more susceptible to lending credence to fake news. In addition, this study explores the influence exerted by control variables (i.e., age, sex, and Internet usage). Findings are used to provide implications for theory as well as actionable insights.",82,Credence; Politics; Social psychology; Psychology; Presidential system,0.167,Include,Include,Matches 2 inclusion term(s).
https://openalex.org/W4310786697,https://doi.org/10.14763/2022.1.1652,Systematic review: YouTube recommendations and problematic content,2022,Muhsin Yesilada; Stephan Lewandowsky,Internet Policy Review,"There has been much concern that social media, in particular YouTube, may facilitate radicalisation and polarisation of online audiences. This systematic review aimed to determine whether the YouTube recommender system facilitates pathways to problematic content such as extremist or radicalising material. The review conducted a narrative synthesis of the papers in this area. It assessed the eligibility of 1,187 studies and excluded studies using the PRISMA process for systematic reviews, leaving a final sample of 23 studies. Overall, 14 studies implicated the YouTube recommender system in facilitating problematic content pathways, seven produced mixed results, and two did not implicate the recommender system. The review's findings indicate that the YouTube recommender system could lead users to problematic content. However, due to limited access and an incomplete understanding of the YouTube recommender system, the models built by researchers might not reflect the actual mechanisms underlying the YouTube recommender system and pathways to problematic content.",82,Recommender system; Computer science; Narrative; Social media; World Wide Web,0.167,Include,Include,Matches 2 inclusion term(s).
https://openalex.org/W4200610629,https://doi.org/10.31235/osf.io/p3z9v,A Systematic Review of Worldwide Causal and Correlational Evidence on Digital Media and Democracy,2021,Philipp Lorenz-Spreen; Lisa Oswald; Stephan Lewandowsky; Ralph Hertwig,,"One of today's most controversial and consequential issues is whether the global uptake of digital media is causally related to a decline in democracy. We conducted a systematic review of causal and correlational evidence (N=496 articles) on the link between digital media use and different political variables. Some associations, such as increasing political participation and information consumption, are likely to be beneficial for democracy and were often observed in autocracies and emerging democracies. Other associations, such as declining political trust, increasing populism, and growing polarization, are likely to be detrimental to democracy and were more pronounced in established democracies. While the impact of digital media on political systems depends on the specific variable and system in question, several variables show clear directions of associations. The evidence calls for research efforts and vigilance by governments and civil societies to better understand, design and regulate the interplay of digital media and democracy.",35,Democracy; Autocracy; Populism; Politics; Digital advertising,0.167,Include,Include,Matches 2 inclusion term(s).
https://openalex.org/W4406334338,https://doi.org/10.1080/02500167.2024.2424841,Digitising “The Big Lie”: Algorithmic Curation as an Inhibitor of Media Exposure Diversity Online,2024,Julie Reid,Communicatio,"While multiple scholarly disciplines have scrutinised algorithms and their social power, this article examines algorithmic recommender systems in terms of their potential to reduce exposure diversity online.The paper positions the debate on algorithmic content curation within the theoretical framework of media diversity studies, emphasising the normative ideal of media diversity as a social good, and examining the impact of algorithmic behaviour on personal autonomy, specifically focusing on exposure diversity in online environments.The discussion then introduces a complementary concept to Pariser's (2011) notion of the ""filter bubble,"" namely the shrinkage funnel, and discusses this concept in terms of online exposure diversity, personal choice sovereignty, and its potential to initiate the illusory truth effect.The paper reviews selected examples of content restrictive algorithmic behaviour to demonstrate how shrinkage funnels can undermine personal autonomy and prompt detrimental societal or political outcomes.By distinguishing between filter bubbles and shrinkage funnels, this study provides a foundation for future empirical investigations and potential policy interventions aimed at promoting exposure diversity in algorithmically curated online environments.",8,Diversity (politics); Normative; Autonomy; Social media; Computer science,0.1,Include,Include,Matches 3 inclusion term(s).
https://openalex.org/W4200556168,https://doi.org/10.1080/13183222.2021.2003052,Habitual Generation of Filter Bubbles: Why is Algorithmic Personalisation Problematic for the Democratic Public Sphere?,2021,Jernej Kaluža,Javnost - The Public,"In the last decade, digital filter bubbles have become widely discussed phenomena in different fields within the broader discipline of media and communication studies. This paper focuses on the question of why they are problematic for the functioning of the public sphere. This paper argues that algorithmic personalisation can lead to the fragmentation, polarisation, and radicalisation of the public sphere because of the complex relationship between human agency and technology that mutually encourage one another through habitual adaptation. Through the concept of habit, such theoretical grounding enables a critique of existing empirical research regarding the filter bubble effect, with the argument that the main problem is not information isolation or the reduced accessibility/visibility of selected content, but the habitual adaptation of content to individual users, which can explain why users stick to certain content. The article concludes with the finding that the problem of algorithmic personalisation should be studied as a broader historic phenomenon indicative of the decline of the public sphere, which is itself caused by the conflict between public and commercial interests.",35,Public sphere; Personalization; Argument (complex analysis); Filter (signal processing); Agency (philosophy),0.1,Include,Include,Matches 3 inclusion term(s).
https://openalex.org/W4387971369,https://doi.org/10.3390/rel14111359,Religious Filter Bubbles on Digital Public Sphere,2023,Mónika Andok,Religions,"The aim of the study is to present the online processes related to religious phenomena appearing on digital platforms, primarily the practice of content filtering (gatekeeping, echo chamber, filter bubble), and a critical review of the scientific literature on the field. At the same time, the goal is to create a theoretical introduction to the special issue and a comprehensive examination of the scientific context. For the first time, the study shows that, in terms of media content, filtering can appear from two directions. One is the selections from different events by professional journalists during content creation. The media theoretical literature refers to this aspect as the phenomenon of gatekeeping. Filtering in the other direction takes place on the part of the receivers, who choose from among the available media contents. This phenomenon has already been described by several media scholars, with the concept of selective exposure (Klapper), Daily Me (Negroponte), echo chamber (Sunstein) or filter bubble (Pariser). Focusing on the phenomenon of the filter bubble, the study presents this theory, its criticism and its relevance to religious content and religious communities. The second part of the study focuses on religious filter bubbles and presents the related investigations so far. It analyses in detail the document published by the Catholic Church on 28 May 2023, entitled Towards Full Presence, Pastoral Reflection on Engagement with Social Media. During the detailed analytical presentation of the text, the study covers how the opportunities and dangers of network communication and the use of social media appear (including the filter bubble) and what solutions the Catholic Church proposes in this regard.",2,Gatekeeping; Phenomenon; Filter (signal processing); Context (archaeology); Relevance (law),0.1,Include,Include,Matches 3 inclusion term(s).
https://openalex.org/W4403638663,https://doi.org/10.1016/j.isci.2024.111098,Echo chamber formation sharpened by priority users,2024,Henrique Ferraz de Arruda; Kleber A. Oliveira; Yamir Moreno,iScience,"On social media platforms, priority users (e.g., verified profiles on X) are users whose posts are promoted by recommendation algorithms. However, their influence on opinion dynamics, in particular polarization and echo chamber formation, is not well understood. Through computational modeling, we investigate this influence in a stylized setting. By introducing priority user accounts, we find that prioritization can mitigate polarization. However, by incorporating stubborn user behavior, we find that the results change and that priority accounts can exacerbate the formation of echo chambers. In other words, a minority of extremist ideologues can trigger a transition from consensus to polarization. Our study suggests careful monitoring of platform prioritization policies to prevent potential misuse of users with enhanced influence.",5,Echo (communications protocol); Chemistry; Nanotechnology; Materials science; Computer science,0.1,Include,Include,Matches 3 inclusion term(s).
https://openalex.org/W3206388745,https://doi.org/10.3389/fpsyg.2021.641215,Online Intergroup Polarization Across Political Fault Lines: An Integrative Review,2021,Ana‐Maria Bliuc; Ayoub Bouguettaya; Kallam D. Felise,Frontiers in Psychology,"We revisit the construct of political polarization and current distinctions between issue-driven and affective polarization. Based on our review of recent research on polarization from psychology, political science, and communication, we propose to treat polarization as a process that integrates the concepts of social identification (collective self-definition) with ideologically opposed camps - that is, psychological groups based on support or opposition to specific socio-political issues and policies (related to issue-driven polarization), and that of ideological and psychological distancing between groups (related to affective polarization). Furthermore, we discuss the foundations of polarizing groups – and more specifically, the role of conflicting collective narratives about social reality in providing an initial platform for polarization in a technologically networked world. In particular, we highlight the importance of online media in facilitating and enhancing polarization between ideologically opposed camps. As a theoretical contribution, the review provides a more functional conceptualization of polarization that can explain how polarization may occur across partisan fault lines and in domains outside of politics. We conclude with a discussion of new pathways to the study of polarization which this integrative conceptualization opens.",48,Conceptualization; Polarization (electrochemistry); Ideology; Politics; Psychology,0.1,Include,Include,Matches 3 inclusion term(s).
https://openalex.org/W2787138728,,Polarization on Social Media,2018,Kiran Garimella,Aaltodoc (Aalto University),"Social media and the web have provided a foundation where users can easily access diverse information from around the world. However, over the years, various factors, such as user homophily (social network structure), and algorithmic filtering (e.g., news feeds and recommendations) have narrowed the breadth of content that a user consumes. This has lead to an ever-increasing cycle where users on social media only consume content that agrees with their beliefs and hence are recommended more such content, ultimately leading to a polarized society where diverse opinions are not encouraged. This thesis provides a broad overview of polarization on social media, along with algorithmic techniques to identify polarized topics, understanding their properties over time, and finally, to reduce polarization. First, we provide methods to identify polarized topics automatically from social-media streams. Our methods are mainly based on interaction networks, i.e., networks of social media users, connected through certain types of interactions. We first show that polarized topics have a special bi-clustered structure in their retweet network and propose an algorithm to quantify the degree of polarization by using a random walk on this network. We then make use of sub-graph patterns (motifs) in the reply network of users to show that we can easily identify polarized topics using such patterns. Since our analysis does not use content, our methods are able to generalize to any topic, domain and language. Next, we study the dynamic aspects of the process of polarization. We understand what happens to the interaction networks defined above in case of a sudden increase in interest of users on the topic. We then address the question on whether polarization on Twitter has increased over the last 8 years and find evidence to support that it does. Finally, given these findings, we design algorithms to reduce polarization. We propose two approaches. In the first approach, we propose connecting users with opposing viewpoints in order to reduce polarization. Our method takes into account the users' interests and their current level of polarization to help them get connected to the people they feel comfortable in doing so. In the second approach, we take an information-diffusion route. We pose the problem of reducing polarization as a task of spreading information that reaches both sides of the polarized topic.",14,Homophily; Computer science; Social media; Polarization (electrochemistry); Social network (sociolinguistics),0.1,Include,Include,Matches 3 inclusion term(s).
https://openalex.org/W4411890650,https://doi.org/10.1080/29974100.2025.2517191,Reducing echo chamber effects: an allostatic regulator for recommendation algorithms,2025,Nathan Henry; Mangor Pedersen; Matt N Williams; Jamin L.B. Martin; Liesje Donkin,Journal of Psychology and AI,"Objective Recommendation systems are prevalent on the Internet but are prone to feedback loops that cause “echo chamber” effects. These effects can have negative consequences for users’ well-being, diversity of information, and social cohesion. Therefore, there is a need for novel techniques to combat echo chamber effects and promote healthier online experiences. Method We present an allostatic regulator for recommendation systems based on opponent process theory. This regulator can be applied to the output layer of any existing recommendation algorithm to dynamically restrict the proportion of potentially harmful or polarised content recommended to users, based on the users’ recent content history. We implement our prototype algorithm as a code wrapper for a supervised K-Nearest Neighbors algorithm for movie recommendations and evaluate its performance using simulated user data. Results Our results show that allostatic regulation is effective at reducing echo chamber effects in a simulated population. The method can be used for regulating the entire range of possible online content and can adapt to evolving user behaviours. Conclusions The allostatic regulator is a promising technique for mitigating echo chamber effects, providing app developers with a flexible tool to help users self-regulate their online experiences.",2,Echo (communications protocol); Allostatic load; Regulator; Algorithm; Computer science,0.083,Include,Include,Matches 1 inclusion term(s).
https://openalex.org/W4388732626,https://doi.org/10.1017/epi.2023.52,"Online Echo Chambers, Online Epistemic Bubbles, and Open-Mindedness",2023,Cody Turner,Episteme,"Abstract This article is an exercise in the virtue epistemology of the internet, an area of applied virtue epistemology that investigates how online environments impact the development of intellectual virtues, and how intellectual virtues manifest within online environments. I examine online echo chambers and epistemic bubbles (Nguyen 2020, Episteme 17 (2), 141–61), exploring the conceptual relationship between these online environments and the virtue of open-mindedness (Battaly 2018b, Episteme 15 (3), 261–82). The article answers two key individual-level, virtue epistemic questions: (Q1) How does immersion in online echo chambers and epistemic bubbles affect the cultivation and preservation of open-mindedness, and (Q2) Is it always intellectually virtuous to exhibit open-mindedness in the context of online echo chambers and epistemic bubbles? In response to Q1, I contend that both online echo chambers and online epistemic bubbles threaten to undermine the cultivation and preservation of open-mindedness, albeit via different mechanisms and to different degrees. In response to Q2, I affirm that both a deficiency and excess of open-mindedness can be virtuous in these online environments, depending on the epistemic orientation of the digital user.",10,Episteme; Virtue; Epistemic virtue; Epistemology; Context (archaeology),0.083,Include,Include,Matches 1 inclusion term(s).
https://openalex.org/W2979458500,https://doi.org/10.1177/1748048519880721,"Populism, globalisation and social media",2019,Terry Flew; Petros Iosifidis,International Communication Gazette,"Since the 2010s, we witness the rise of populism and nationalism as part of a reaction against the global policies of the last 30 years in Western liberal democracies and beyond. This article seeks to unpack the rise of populism and nationalism and its relationship to social media. We review the relevant literature relating to the globalization paradigm and assess how it has influenced communication studies. The rise of the globalization theory coincides with key advancements in the post-Cold War world, such as the growth of international trade, the global movement of people, the increase in the number of international laws and forums, economic liberalism, as well as the rise of the internet and global digital communication networks. But while the global era denotes a cosmopolitan vision, economic insecurity, growing inequality in wealth distribution, as well as cultural change and shifts in traditional values and norms have brought about a broader concern that globalization is associated with a shift of power to transnational elites, whose impact upon common people’s life and experiences is not fully acknowledged. Contemporary populism has been associated with nationalism, but also with the active use of social media platforms as alternative communication sites to mainstream media which is seen as having been captured by elite consensus politics. This complicates the relationship between truth and free expression in an age of social media, meaning that we need to account for the role of such platforms in the rise of populism and ‘post-truth’ politics, as well as its scope to advance the goals and strategies of progressive social movements.",133,Populism; Globalization; Political economy; Nationalism; Political science,0.083,Include,Include,Matches 1 inclusion term(s).
https://openalex.org/W3130637604,https://doi.org/10.48335/9789188855299,"Power, Communication, and Politics in the Nordic Countries",2021,Eli Skogerbø; Nete Nørgaard Kristensen; Lars Nord; Øyvind Ihlen,University of Southern Denmark Research Portal (University of Southern Denmark),"The Nordic countries are stable democracies with solid infrastructures for political dia-logue and negotiations. However, both the Nordic model and Nordic media systems are under pressure as the conditions for political communication change not least due to weakened political parties and the widespread use of digital communication media. In this anthology, the similarities and differences in political communication across the Nordic countries are studied. Traditional corporatist mechanisms in the Nordic countries are increasingly challenged by professionals, such as lobbyists, a development that has consequences for the processes and forms of political communication. Populist polit-ical parties have increased their media presence and political influence, whereas the news media have lost readers, viewers, listeners, and advertisers. These developments influence societal power relations and restructure the ways in which political actors communicate about political issues. This book is a key reference for all who are interested in current trends and develop-ments in the Nordic countries. The editors, Eli Skogerbø, Øyvind Ihlen, Nete Nørgaard Kristensen, and Lars Nord, have published extensively on political communication, and the authors are all scholars based in the Nordic countries with specialist knowledge in their fields.",91,Politics; Perspective (graphical); Political science; Art; Law,0.083,Include,Include,Matches 1 inclusion term(s).
https://openalex.org/W4206182481,https://doi.org/10.14763/2019.4.1426,Filter bubble,2019,Axel Bruns,Internet Policy Review,"Concepts such as ‘filter bubble’ enjoy considerable popularity in scholarly as well as mainstream debates, but are rarely defined with any rigour. This has led to highly contradictory research findings. This article provides a critical review of the ‘filter bubble’ idea, and concludes that its persistence has served only to distract scholarly attention from far more critical areas of enquiry.",177,Rigour; Popularity; Bubble; Mainstream; Filter (signal processing),0.083,Include,Include,Matches 1 inclusion term(s).
https://openalex.org/W4309076733,https://doi.org/10.1080/23808985.2022.2142149,News recommender systems: a programmatic research review,2022,Eliza Mitova; Sina Blassnig; Edina Strikovic; Aleksandra Urman; Anikó Hannák,Annals of the International Communication Association,"News recommender systems (NRS) are becoming a ubiquitous part of the digital media landscape. Particularly in the realm of political news, the adoption of NRS can significantly impact journalistic distribution, in turn affecting journalistic work practices and news consumption. Thus, NRS touch both the supply and demand of political news. In recent years, there has been a strong increase in research on NRS. Yet, the field remains dispersed across supply and demand research perspectives. Therefore, the contribution of this programmatic research review is threefold. First, we conduct a scoping study to review scholarly work on the journalistic supply and user demand sides. Second, we identify underexplored areas. Finally, we advance five recommendations for future research from a political communication perspective.",48,Realm; Politics; Work (physics); Consumption (sociology); Perspective (graphical),0.083,Include,Include,Matches 1 inclusion term(s).
https://openalex.org/W4296023750,https://doi.org/10.1093/bjc/azac038,When Law-And-Order Politics Fail: Media Fragmentation and Protective Factors That Limit the Politics of Fear,2022,Murray Lee; Justin R. Ellis; Chloe Keel; Rebecca Wickes; Jonathan Jackson,The British Journal of Criminology,"Abstract Law-and-order politics has long been a topic of scholarly work. The leveraging of fear of crime for political capital has been of particular concern. In the 2018 election in the Australian state of Victoria, crime and law-and-order became prominent political issues, particularly through racialized discourse about ‘African gangs’. That election provides a case study here. This article turns the traditional analysis of the politics of fear of crime around and considers some of the key reasons why law-and-order politics failed to gain decisive political traction in this instance. Media fragmentation and diversification continues to challenge the primacy of political primary definers in unpredictable ways. As such, electoral strategies that seek to leverage fear of crime and community insecurity need to be understood in the context of broader individual, community and social protective factors that might mitigate fear of crime.",7,Politics; Political science; Fear of crime; Law; Leverage (statistics),0.083,Include,Include,Matches 1 inclusion term(s).
https://openalex.org/W4308543867,https://doi.org/10.1177/14648849221138424,Personalisation in Journalism: Ethical insights and blindspots in Finnish legacy media,2022,Henrik Rydenfelt; Lauri Haapanen; Jesse Haapoja; Tuukka Lehtiniemi,Journalism,"The algorithmic personalisation and recommendation of media content has resulted in considerable discussion on related ethical, epistemic and societal concerns. While technologies of personalisation are widely employed by social media platforms, they are currently also being instituted in journalistic media. The objective of this study is to explore how concerns about algorithms are articulated and addressed when technologies of personalisation meet with long-standing journalistic values, norms and publicist missions. It first distinguishes five normative concerns related to personalisation: autonomy, opacity, privacy, selective exposure and discrimination. It then traces the ways that these issues are navigated in the context of journalistic media in Finland where the implications of algorithmic media technologies have received considerable attention. The results indicate that personalisation challenges traditional notions of journalism, including those of choosing what is important and relevant and providing the same content to everyone. However, aspects of personalisation also have a long history within journalistic practices, and new technologies of personalisation are being adapted to accord with journalistic norms and aims. Based on these results, ethical blindspots concerning privacy and discrimination are also identified.",16,Personalization; Journalism; Autonomy; Normative; Context (archaeology),0.083,Include,Include,Matches 1 inclusion term(s).
https://openalex.org/W2959151369,https://doi.org/10.1017/lst.2019.24,Political advertising revisited: digital campaigning and protecting democratic discourse,2019,Michael Harker,Legal Studies,"Abstract This paper is concerned with the legal and regulatory control of electoral campaigning online, in particular ‘microtargeting’. There has been a longstanding consensus in the UK on how to control political advertising, yet the shift of expenditure to the online environment, together with innovations in digital campaigning tools, are exposing tensions and gaps in the current regime. One central harm associated with microtargeting is its potential to undermine meaningful democratic deliberation. The paper interrogates the issues through the lens of electoral law and regulation, and questions the extent to which a recalibration is necessary to deal with the challenges of digital campaigning.",25,Deliberation; Harm; Democracy; Politics; Control (management),0.083,Include,Include,Matches 1 inclusion term(s).
https://openalex.org/W4381089888,https://doi.org/10.1093/ct/qtad007,From “the” public sphere to a network of publics: towards an empirically founded model of contemporary public communication spaces,2023,Axel Bruns,Communication Theory,"Abstract “The” public sphere is now irretrievably fractured into a multiplicity of online and offline, larger and smaller, more or less public spaces that frequently (and often serendipitously) overlap and intersect with one another. This diverse array of what have been described variously as public spheres, public spherules, platform publics, issue publics, or personal publics nonetheless serves many of the same functions that were postulated for the public sphere itself. However, while the communicative structures, functions, and dynamics of many such spaces have been studied in isolation, we still lack a more comprehensive model that connects such case studies in pursuit of an overarching perspective. This article sets out a fundamental toolkit for the development of such an empirically founded model of the contemporary spaces for public communication. It identifies the crucial conceptual building blocks and empirical approaches that may be combined to produce genuinely new insights into how the network of such spaces is structured, and in turn structures our everyday experience of public communication.",86,Publics; Public sphere; Perspective (graphical); Sociology; Public relations,0.083,Include,Include,Matches 1 inclusion term(s).
https://openalex.org/W4311377992,https://doi.org/10.5964/jspp.8051,The explanation-polarisation model: Pseudoscience spreads through explanatory satisfaction and group polarisation,2022,Angelo Fasce,Journal of Social and Political Psychology,"This article presents an integrative model for the endorsement of pseudoscience: the explanation-polarisation model. It is based on a combination of perceived explanatory satisfaction and group polarisation, offering a perspective different from the classical confusion-based conception, in which pseudoscientific beliefs would be accepted through a lack of distinction between science and science mimicry. First, I discuss the confusion-based account in the light of current evidence, pointing out some of its explanatory shortcomings. Second, I develop the explanation-polarisation model, showing its explanatory power in connection with recent research outcomes in cognitive and social psychology.",7,Pseudoscience; Explanatory power; Psychology; Perspective (graphical); Confusion,0.083,Include,Include,Matches 1 inclusion term(s).
https://openalex.org/W3013585979,https://doi.org/10.32920/24282025,"Polarisation, Violent Extremism and Resilience in Europe today: An analytical framework",2023,Richard McNeil‐Willson; Vivian Gerrand; Francesca Scrinzi; Anna Triandafyllidou,,"&lt;p&gt;This paper aims to conduct a systematic and critical review of contemporary literature on processes of polarisation, the role they are perceived as playing in creating a matrix of adversities that can lead to increased vulnerability to what is often termed ‘violent extremism’, and the potential impact of practices that are understood as building pro-social resilience to such adversities. Through a wide-ranging review, taking in studies and practice on polarisation and ‘violent extremism’, the authors aim to identify a schema of what are broadly conceptualised as vulnerabilities – factors, operating on macro, meso and micro levels, which may either increase or decrease the likelihood that communities become fragmented and polarised within a European context. &lt;/p&gt;",15,Violent extremism; Vulnerability (computing); Context (archaeology); Criminology; Political science,0.083,Include,Include,Matches 1 inclusion term(s).
https://openalex.org/W4318457249,https://doi.org/10.33093/jclc.2023.3.1.4,Confirmation Bias in Our Opinions on Social Media: A Qualitative Approach,2023,Ahmad Noor Hazim Ahmad Ghani; Hawa Rahmat,Journal of Communication Language and Culture,"Personal opinions are shaped by several factors, such as social, political, and economic issues. Subconscious bias is caused by factors such as the socioeconomic environment in which a person was raised, information gleaned from a network of friends, acquaintances, co-workers, as well as information from all other information sources. Confirmation bias is the propensity to look for evidence that supports one's preconceived notions rather than contradicts them. Due to its pressure on influencing personal opinions, confirmation bias has recently come back into focus as a topic of discussion, and social media today seems to have the biggest impact on the creation of confirmation bias in personal opinions on a variety of issues. Owing to social media's immense fame and popularity today, it has turned into a source of confirmation bias. Therefore, what are the factors that contribute to confirmation bias in our opinions on social media? How does confirmation bias shape our opinions on social media? A semi-structured interview was conducted with six (6) informants to seek answers to what and how confirmation bias shapes our opinions on social media. This study produced four themes, which are education level, algorithm, conformity, and self-control. Briefly, social media does shape confirmation bias in internet users' personal opinions. Finally, the current study has a limitation in that it only looks at social media, personal opinions, and confirmation bias.",6,Social media; Qualitative research; Psychology; Social psychology; Computer science,0.017,Include,Include,Matches 2 inclusion term(s).
https://openalex.org/W4410362196,https://doi.org/10.3390/socsci14050304,Climate Change Disinformation on Social Media: A Meta-Synthesis on Epistemic Welfare in the Post-Truth Era,2025,Essien Oku Essien,Social Sciences,"Climate change disinformation has emerged as a substantial issue in the internet age, affecting public perceptions, policy response, and climate actions. This study, grounded on the theoretical frameworks of social epistemology, Habermas’s theory of communicative action, post-truth, and Foucault’s theory of power-knowledge, examines the effect of digital infrastructures, ideological forces, and epistemic power dynamics on climate change disinformation. The meta-synthesis approach in the study reveals the mechanics of climate change disinformation on social media, the erosion of epistemic welfare influenced by post-truth dynamics, and the ideological and algorithmic amplification of disinformation, shedding light on climate change misinformation as well. The findings show that climate change disinformation represents not only a collection of false claims but also a broader epistemic issue sustained by digital environments, power structures, and fossil corporations. Right-wing populist movements, corporate interests, and algorithmic recommendation systems substantially enhance climate skepticism, intensifying political differences and public distrust in scientific authority. The study highlights the necessity of addressing climate change disinformation through improved scientific communication, algorithmic openness, and digital literacy initiatives. Resolving this conundrum requires systemic activities that go beyond fact-checking, emphasizing epistemic justice and legal reforms.",8,Disinformation; Social media; Welfare; Climate change; Post truth,0.017,Include,Include,Matches 2 inclusion term(s).
https://openalex.org/W4385806860,https://doi.org/10.1145/3616088,Understanding the Contribution of Recommendation Algorithms on Misinformation Recommendation and Misinformation Dissemination on Social Networks,2023,R. S. Pathak; Francesca Spezzano; Maria Soledad Pera,ACM Transactions on the Web,"Social networks are a platform for individuals and organizations to connect with each other and inform, advertise, spread ideas, and ultimately influence opinions. These platforms have been known to propel misinformation. We argue that this could be compounded by the recommender algorithms that these platforms use to suggest items potentially of interest to their users, given the known biases and filter bubbles issues affecting recommender systems. While much has been studied about misinformation on social networks, the potential exacerbation that could result from recommender algorithms in this environment is in its infancy. In this manuscript, we present the result of an in-depth analysis conducted on two datasets ( Politifact FakeNewsNet dataset and HealthStory FakeHealth dataset ) in order to deepen our understanding of the interconnection between recommender algorithms and misinformation spread on Twitter. In particular, we explore the degree to which well-known recommendation algorithms are prone to be impacted by misinformation. Via simulation, we also study misinformation diffusion on social networks, as triggered by suggestions produced by these recommendation algorithms. Outcomes from this work evidence that misinformation does not equally affect all recommendation algorithms. Popularity-based and network-based recommender algorithms contribute the most to misinformation diffusion. Users who are known to be superspreaders are known to directly impact algorithmic performance and misinformation spread in specific scenarios. Findings emerging from our exploration result in a number of implications for researchers and practitioners to consider when designing and deploying recommender algorithms in social networks.",45,Misinformation; Recommender system; Computer science; Popularity; Collaborative filtering,0.017,Include,Include,Matches 2 inclusion term(s).
https://openalex.org/W4388179664,https://doi.org/10.1111/isj.12483,Visual audience gatekeeping on social media platforms: A critical investigation on visual information diffusion before and during the Russo–Ukrainian War,2023,Khalid Durani; Andreas Eckhardt; Walid Durani; Tim Kollmer; Nils Augustin,Information Systems Journal,"Abstract Gatekeepers, including prerogative elites and institutions, possess multifaceted tools for controlling information. Historically, these gatekeepers have systematically instrumentalized visual information to shape audience perceptions in alignment with specific agendas. However, the advent of social media platforms has disrupted these power dynamics, empowering audiences through user‐driven visual information exchanges. This has led to visual audience gatekeeping whereby users act as audience gatekeepers by selectively disseminating visual content, thus shaping information diffusion. While this democratisation of gatekeeping holds considerable promise for user empowerment, it also presents risks. These risks stem from the inherently persuasive yet manipulative qualities of visual content, compounded by users' susceptibility to unconscious biases, especially during polarising events. Therefore, we critically investigated visual audience gatekeeping in the context of the Russo–Ukrainian War, specifically focusing on a Reddit subforum devoted to Russia‐related discussions. We find that visual audience gatekeeping operates within a paradigm that reflects the social reality the audience embraces. Audience gatekeepers disseminate visual information both to reproduce and defend an idealised conception of this social reality. Collectively, they produce a visual echo chamber characterised by low information diversity, which, in turn, reinforces and perpetuates the incumbent paradigm. However, heightened social tensions can trigger a paradigm shift and amplify the reproduction and defence processes, increasing the potential for the diffusion of more radical and extreme visual narratives. Based on our findings, we propose a theoretical model of visual audience gatekeeping, which has important implications for research on visuals, gatekeeping and social media platforms.",14,Gatekeeping; Sociology; Context (archaeology); Social media; Visual rhetoric,0.017,Include,Include,Matches 2 inclusion term(s).
https://openalex.org/W2900227103,https://doi.org/10.1038/s41598-019-43830-2,Modelling opinion dynamics in the age of algorithmic personalisation,2019,Nicola Perra; Luis E. C. Rocha,Scientific Reports,"Modern technology has drastically changed the way we interact and consume information. For example, online social platforms allow for seamless communication exchanges at an unprecedented scale. However, we are still bounded by cognitive and temporal constraints. Our attention is limited and extremely valuable. Algorithmic personalisation has become a standard approach to tackle the information overload problem. As result, the exposure to our friends' opinions and our perception about important issues might be distorted. However, the effects of algorithmic gatekeeping on our hyper-connected society are poorly understood. Here, we devise an opinion dynamics model where individuals are connected through a social network and adopt opinions as function of the view points they are exposed to. We apply various filtering algorithms that select the opinions shown to each user (i) at random (ii) considering time ordering or (iii) its current opinion. Furthermore, we investigate the interplay between such mechanisms and crucial features of real networks. We found that algorithmic filtering might influence opinions' share and distributions, especially in case information is biased towards the current opinion of each user. These effects are reinforced in networks featuring topological and spatial correlations where echo chambers and polarisation emerge. Conversely, heterogeneity in connectivity patterns reduces such tendency. We consider also a scenario where one opinion, through nudging, is centrally pushed to all users. Interestingly, even minimal nudging is able to change the status quo moving it towards the desired view point. Our findings suggest that simple filtering algorithms might be powerful tools to regulate opinion dynamics taking place on social networks.",122,Computer science; Status quo; Personalization; Information overload; Function (biology),0.017,Include,Include,Matches 2 inclusion term(s).
https://openalex.org/W3135903229,https://doi.org/10.2478/nor-2021-0002,A critical review of filter bubbles and a comparison with selective exposure,2021,Peter Dahlgren,Nordicom review/NORDICOM review,"Abstract The new high-choice media environment has raised concerns that users of social networking sites primarily select political information that supports their political opinions and avoid information that challenges them. This behaviour is reinforced by personalisation algorithms that create filter bubbles and both narrow the available content and exclude challenging information over time. These concerns have, however, been contested. This article challenges the underlying theoretical assumptions about filter bubbles, and compares filter bubbles to what we already know about selective exposure and human psychology. The article lists nine counterarguments to the filter bubble thesis. In short, I argue that the assumptions of filter bubbles contradict many of the previous findings of selective exposure research. More specifically, when discussing filter bubbles there is a risk of confusing two arguments: one strong – but also trivial – that is about technology (e.g., personalisation leads to different information), and one weak and speculative – but also the most interesting – that is about society (e.g., personalisation increases political polarisation in society).",125,Personalization; Filter (signal processing); Politics; Computer science; Sociology,0.0,Include,Include,Matches 3 inclusion term(s).
https://openalex.org/W3084316613,https://doi.org/10.1111/nana.12685,Digital nationalism: Understanding the role of digital media in the rise of ‘new’ nationalism,2020,Sabina Mihelj; César Jiménez,Nations and Nationalism,"Abstract While digital technologies were initially seen as harbingers of globalisation and cosmopolitanism, scholars increasingly acknowledge their role in the rise of nationalism and right‐wing populism. Yet this surge of interest leaves at least two important questions unanswered. Where was nationalism before its apparent resurgence? Are contemporary forms of nationalism different from their predecessors, and can these changes be linked to digital technologies? To answer these questions, we argue for the importance of understanding the less visible ways in which digital technologies reproduce our sense of belonging to a world of nations. We discuss three such mechanisms: the architecture of internet domains, the bias of algorithms and the formation of national digital ecosystems. Next, we examine three characteristics of contemporary nationalism that can be partly linked to recent shifts in the global communication ecology: diversification, fragmentation and commodification. We conclude by considering the implications of our arguments for future research in the field.",180,Nationalism; Cosmopolitanism; Commodification; Globalization; Populism,0.0,Exclude,Exclude,No inclusion terms matched.
https://openalex.org/W4214892026,https://doi.org/10.3233/ds-220054,The complex link between filter bubbles and opinion polarization,2022,Marijn A. Keijzer; Michael Mäs,Data Science,"There is public and scholarly debate about the effects of personalized recommender systems implemented in online social networks, online markets, and search engines. Some have warned that personalization algorithms reduce the diversity of information diets which confirms users’ previously held attitudes and beliefs. This, in turn, fosters the emergence opinion polarization. Critics of this personalization-polarization hypothesis argue that the effects of personalization on information diets are too weak to have meaningful effects. Here, we show that contributions to both sides of the debate fail to consider the complexity that arises when large numbers of interdependent individuals interact and exert influence on one another in algorithmically governed communication systems. Summarizing insights derived from formal models of social networks, we demonstrate that opinion dynamics can be critically influenced by mechanisms active on three levels of analysis: the individual, local, and global level. We show that theoretical and empirical research on these three levels is needed before one can determine whether personalization actually fosters polarization or not. We describe how the complexity approach can be used to anticipate and prevent undesired effects of communication technology on public debate and democratic decision-making.",37,Personalization; Polarization (electrochemistry); Interdependence; Democracy; Public opinion,0.0,Include,Include,Matches 3 inclusion term(s).
https://openalex.org/W4390806175,https://doi.org/10.1109/access.2024.3353054,Echo Chambers in Online Social Networks: A Systematic Literature Review,2024,Amin Mahmoudi; Dariusz Jemielniak; Leon Ciechanowski,IEEE Access,"Echo chambers, a recent phenomenon in the realm of social networks, have garnered significant attention from researchers due to their profound implications. Their role in propagating information, reinforcing beliefs and opinions, and potentially fostering inequality within networks and societies underscores the critical need for comprehensive understanding. Despite the lack of a clear definition, existing research has primarily concentrated on five aspects of echo chambers: their attributes, underlying mechanisms, modeling, detection, and mitigation strategies. The main objectives of this systematic review are to identify terminology, examine the effects of echo chambers, analyze approaches to echo chamber mechanisms, assess modeling and detection techniques, and evaluate metrics used to specify echo chambers in online social networks. By doing so, this article aims to illuminate the strengths and weaknesses of current approaches. To conduct this study, a systematic review was conducted of studies published from 2013 to October 2022, peer-reviewed in five prestigious publishers, including ACM Digital Library, IEEE Xplore, Science Direct, Springer, and Nature. The methodology of this systematic review was guided by the Preferred Reporting Items for Systematic Reviews and Meta-Analyses (PRISMA) statement. Ultimately, 28 studies were selected for the final review. The findings of this study highlight several main limitations. Firstly, there is a lack of an accurate definition for echo chambers. Secondly, there is a lack of a solid approach to address the components of echo chambers. Thirdly, there is a controversial issue regarding the effect of echo chambers. Lastly, the measures used mostly did not adequately specify echo chambers.",33,Echo (communications protocol); Computer science; Computer security,0.0,Include,Include,Matches 1 inclusion term(s).
https://openalex.org/W2887779549,https://doi.org/10.1038/s41598-018-25558-7,Large networks of rational agents form persistent echo chambers,2018,Jens Koed Madsen; Richard M. Bailey; Toby D. Pilditch,Scientific Reports,"Echo chambers (ECs) are enclosed epistemic circles where like-minded people communicate and reinforce pre-existing beliefs. It remains unclear if cognitive errors are necessarily required for ECs to emerge, and then how ECs are able to persist in networks with available contrary information. We show that ECs can theoretically emerge amongst error-free Bayesian agents, and that larger networks encourage rather than ameliorate EC growth. This suggests that the network structure itself contributes to echo chamber formation. While cognitive and social biases might exacerbate EC emergence, they are not necessary conditions. In line with this, we test stylized interventions to reduce EC formation, finding that system-wide truthful 'educational' broadcasts ameliorate the effect, but do not remove it entirely. Such interventions are shown to be more effective on agents newer to the network. Critically, this work serves as a formal argument for the responsibility of system architects in mitigating EC formation and retention.",67,Stylized fact; Argument (complex analysis); Echo (communications protocol); Psychological intervention; Cognition,0.0,Include,Include,Matches 1 inclusion term(s).
https://openalex.org/W2921234024,https://doi.org/10.3145/epi.2019.mar.04,Active audiences and social discussion on the digital public sphere. Review article,2019,Pere Masip; Carlos Ruiz-Caballero; Jaume Suau,El Profesional de la Informacion,"In little over a decade, essential concepts in research on communication have become zombie concepts (Beck; Willms, 2004) and are no longer effective for understanding the profound transformation that has taken place with the arrival of the internet. Public sphere, deliberation, audiences, public... the academic literature has oscillated between an initial optimism about the potential for strengthening democracy of communication technologies to a critical scepticism. This text reviews the academic literature with regard to the forms of social deliberation adopted in the context of the media and social networks and its impact on the public sphere.",90,Deliberation; Public sphere; Skepticism; Zombie; Public relations,0.0,Exclude,Exclude,No inclusion terms matched.
https://openalex.org/W2914852064,https://doi.org/10.48335/9789188855299-2,Media and politics in Denmark,2021,Nete Nørgaard Kristensen; Mark Blach‐Ørsten,Research at the University of Copenhagen (University of Copenhagen),"In this chapter, we point to some of the changes and continuities that have characterised the interplay between news media and politics in Denmark during the<br/>last two decades. The chapter has three main focus areas: first, we present key<br/>institutions and players within the Danish political and media systems; second, we<br/>point to some of the theoretical approaches that have dominated political communication research in Denmark since the early 2000s, among them institutional<br/>and sociological perspectives; and third, we conclude by suggesting some of the<br/>differences between political communication in Denmark, as both practice and<br/>research field, compared to the other Nordic countries. We aim to balance the<br/>chapter between a media studies approach and a political science approach to<br/>political communication, but, contrary to much other Danish political communication<br/>research, the chapter especially takes its point of departure in the former.",10,Politics; Political science; Media studies; Sociology; Law,0.0,Include,Include,Matches 1 inclusion term(s).
https://openalex.org/W4213015795,https://doi.org/10.1080/17524032.2022.2028648,"From Fake News to Echo-Chambers: On The Limitations of New Media for Environmental Activism in Australia, and “Activist-Responsive Adaptation”",2022,Diletta Luna Calibeo; Richard Hindmarsh,Environmental Communication,"For environmental activism, new media are now essential campaign tools to better protect the environment and enhance sustainability. The literature, however, poses some limitations for such purpose. Prominently, increasing concentration of new media ownership, and government digital surveillance; also ones of communication. Given little attention to new media limitations for Australian environmental activism or internationally, our focus was to better understand how Australian activists perceived and responded to these limitations on the effectiveness of their activism. Analysis involved interviews with activists regarding Australia-wide fracking and old-growth forest logging campaigns. Activists brushed aside surveillance due to the democratic legitimacy of their activities, also media concentration as an issue beyond them to address with any immediacy. Instead, they focussed on immediate practical issues around communication effectiveness, including new media information overload, fake news, digital echo-chambers, and trolls. In response to these issues, we identified an “activist-responsive adaptation” strategic approach that sought to both limit such intrusions and adapt communication to more effectively engage with audiences. More broadly, to address these issues and the bigger ones of surveillance and media concentration, socially responsible regulation of new media technology and communication was suggested.",14,Immediacy; Environmentalism; New media; Public relations; Social media,0.0,Exclude,Exclude,No inclusion terms matched.
https://openalex.org/W4211191869,https://doi.org/10.16997/book16,Social Capital Online: Alienation and Accumulation,2018,Kane X. Faucher,University of Westminster Press eBooks,"What is ‘social capital’? The enormous positivity surrounding it conceals the instrumental economic rationality underpinning the notion as corporations silently sell consumer data for profit. Status chasing is just one aspect of a process of transforming qualitative aspects of social interactions into quantifiable metrics for easier processing, prediction, and behavioural shaping. A work of critical media studies, <i>Social Capital Online</i> examines the idea within the new ‘network spectacle’ of digital capitalism via the ideas of Marx, Veblen, Debord, Baudrillard and Deleuze. Explaining how such phenomena as online narcissism and aggression arise, Faucher offers a new theoretical understanding of how the spectacularisation of online activity perfectly aligns with the value system of neoliberalism and its data worship. Even so, at the centre of all, lie familiar ideas – alienation and accumulation – new conceptions of which he argues are vital for understanding today’s digital society.",46,Alienation; Capitalism; Sociology; Veblen good; Social capital,0.0,Exclude,Exclude,Contains exclusion terms with no inclusion match.
https://openalex.org/W4386457915,https://doi.org/10.1038/s41598-023-39725-y,Mass media impact on opinion evolution in biased digital environments: a bounded confidence model,2023,Valentina Pansanella; Alina Sîrbu; János Kertész; Giulio Rossetti,Scientific Reports,"People increasingly shape their opinions by accessing and discussing content shared on social networking websites. These platforms contain a mixture of other users' shared opinions and content from mainstream media sources. While online social networks have fostered information access and diffusion, they also represent optimal environments for the proliferation of polluted information and contents, which are argued to be among the co-causes of polarization/radicalization phenomena. Moreover, recommendation algorithms - intended to enhance platform usage - likely augment such phenomena, generating the so-called Algorithmic Bias. In this work, we study the effects of the combination of social influence and mass media influence on the dynamics of opinion evolution in a biased online environment, using a recent bounded confidence opinion dynamics model with algorithmic bias as a baseline and adding the possibility to interact with one or more media outlets, modeled as stubborn agents. We analyzed four different media landscapes and found that an open-minded population is more easily manipulated by external propaganda - moderate or extremist - while remaining undecided in a more balanced information environment. By reinforcing users' biases, recommender systems appear to help avoid the complete manipulation of the population by external propaganda.",19,Mainstream; Computer science; Social media; Population; Radicalization,0.0,Include,Include,Matches 1 inclusion term(s).
https://openalex.org/W4412265459,,Cultural communication as political communication,2021,Nete Nørgaard Kristensen; Anna Roosvall,Research at the University of Copenhagen (University of Copenhagen),"This chapter makes the argument that issues related to the cultural public sphere<br/>should be considered part of the political communication circuit. Cultural journalism<br/>in the Nordic context is a central case in point. On the side of arts, popular<br/>culture, and lifestyle, Nordic cultural journalism at times includes reporting and<br/>debate about sociocultural and politically saturated issues such as climate change,<br/>migration, terrorism, freedom of speech, identity politics, and gender inequalities.<br/>The chapter highlights three theoretical approaches, intersecting with the field of<br/>political communication, which have been of particular importance in Nordic<br/>scholarship about cultural journalism: public sphere theory, the politics of recognition,<br/>and the sociology of (cultural) journalism. The media coverage and debates<br/>about #metoo in Danish and Swedish cultural journalism in late 2017 serve to<br/>illustrate the arguments about the political in cultural journalism and reveals its<br/>quantitative salience as well as its qualitative specificities.",15,Politics; Political communication; Political science; Communication studies; Telecommunications,0.0,Include,Include,Matches 1 inclusion term(s).
