ID,DOI,Title,Year,Authors,Venue,Abstract,Citations,Concepts,Relevance_Score,AL_Decision,LLM_Decision,LLM_Justification
40738631,10.1136/bmjopen-2025-099358,"Are minimum nurse-to-patient staffing ratios needed in hospitals? An observational study in British Columbia, Canada.",2025.0,"Lasater KB, Brom H, Aiken LH, McHugh MD.",,"<h4>Objective</h4>To evaluate staffing conditions, patient outcomes, quality of care, patient safety and nurse job outcomes in British Columbia (BC), Canada hospitals.<h4>Design</h4>Cross-sectional study of 58 hospitals in BC with surveys of nurses and independent measures of patient outcomes.<h4>Setting</h4>58 hospitals in BC.<h4>Participants</h4>6685 hospital-based nurses working in a direct patient care role.<h4>Exposures</h4>Hospital-wide and unit-specific patient-to-nurse staffing ratios derived from registered nurse reports of how many patients and how many nurses were on their unit during their last shift worked.<h4>Main outcomes and measures</h4>Objective patient outcome measures included the Hospital Standardized Mortality Ratio (HSMR) and 30-day Readmission Rate, from 2022 to 2023 Canadian Institute for Health Information data. Nurses4All@BC provided data from 2024 using validated items on multiple measures (eg, nurse burnout, missed health breaks, intentions to leave, quality and safety measures such as culture of patient safety, quality of nursing care, missed nursing care).<h4>Results</h4>Burnout (59.4%), missed health breaks (41.7%), job dissatisfaction (36.0%), intentions to leave (19.3%) and patient outcomes (HSMR mean 95.4, median 96.0, range 26-180; readmission rate mean 10.0%, median 9.5%, range 7.9%-13.8%) were high and varied across hospitals. 68.3% of nurses reported there were not enough staff, and 77.3% reported their workloads were unsafe for patients. 60.6% of nurses gave their hospital an unfavourable patient safety rating. More patients per nurse were associated with poorer hospital mortality and readmission rates, poorer job outcomes for nurses, more adverse events for patients, less favourable ratings of quality of care and patient safety, more missed nursing care and poorer ratings of staffing adequacy and management.<h4>Conclusions</h4>Given the variability in staffing, quality and patient outcomes across BC hospitals, the implementation of a minimum nurse-to-patient ratio policy has the potential to improve patient care safety and retention of nurses.",0,,0.917,Include,Include,Matches 11 inclusion term(s).
41312228,10.1155/jonm/8885593,Relationship Between the Nurse-Patient Ratio and Adverse Events in Conventional Hospitalization Units in a Third-Level Hospital.,2025.0,"Fernández-Sánchez JD, Andrés-Pretel F, Ortiz-Diaz V, Molina-Alarcón M, Lozano-Hernández CM.",,"Nurse staffing in hospital inpatient units varies by country and region, highlighting the need for more equitable, evidence-based planning to measure workload based on complexity, thus enabling appropriate staffing in these units. The objective of this study is to determine the relationship between the nurse-to-patient ratio and the incidence of adverse events in adult conventional inpatient units. A descriptive, cross-sectional observational study with an analytical approach was conducted to calculate the relationship between the nurse-to-patient ratio and adverse events in conventional inpatient units at a tertiary care hospital, the Albacete University Hospital Complex (CHUA), from 2018 to 2023, analyzing a total of 113,117 patients. The 24-h median nurse-to-patient ratio was slightly higher in surgical units (11.35) than in medical units (10.79). Spearman's correlation analysis identified significant relationships (rho > 0.4) between the 24-h nurse-to-patient ratio and events such as hospital-acquired pressure injuries (HAPIs), community-acquired pressure injuries, and mortality. However, the multiple linear regression analysis focused on HAPI as the dependent variable, excluding mortality due to its multifactorial nature and community-acquired injuries as they predated admission. The linear regression results showed that for every one-point increase in the 24-h nurse-to-patient ratio, the probability of HAPI increased by 1.94%. Additionally, the probability of HAPI decreased by 2.63% in surgical units compared with medical units. When analyzing the units separately, the relationship was more pronounced in medical units: a one-point increase in the 24-h ratio was associated with a 2.81% increase in the likelihood of HAPI. In surgical units, the 24-h ratio did not show a significant relationship with HAPI, with the patient turnover index being the relevant predictor. The findings confirm that the operational nurse-patient ratios in Spain position the system in a state of room for improvement regarding safety and economic efficiency. The differences observed between medical and surgical units underscore the necessity for staffing policies not to be uniform but rather to become dynamic and contextualized to optimize clinical outcomes and resource management.",0,,0.917,Include,Include,Matches 11 inclusion term(s).
42060836,10.1097/mlr.0000000000002332,Safe Minimum Nurse Staffing Requirements for Hospitals: Evidence From Pennsylvania.,2026.0,"Muir KJ, Aiken LH, Brom H, Hovsepian V, Lasater KB, McHugh MD.",,"<h4>Background</h4>The Pennsylvania legislature is considering limiting the number of patients nurses care for to promote safe care.<h4>Objective</h4>To determine whether variation in nurse workloads is associated with adverse consequences for patients, nurses, and hospital costs in Pennsylvania.<h4>Methods</h4>Observational study of 547,689 medical and surgical patients and 2782 direct care nurses in 132 Pennsylvania hospitals. The independent variable was medical-surgical nurse staffing ratios. Patient outcomes included 30-day mortality, 30-day readmissions, and length of stay. Nurse outcomes included burnout, job dissatisfaction, intent to leave, and evaluations of hospital management and patient care. Hospital outcomes were HCAHPS Star Ratings and cost offsets associated with better staffing.<h4>Results</h4>Hospital nurse staffing ranged from 3 to 9 patients per nurse (average 5.9). Each additional patient per nurse was associated with higher odds of 30-day mortality (AOR: 1.08, 95% CI: 1.03, 1.13, P <0.001), longer length of stay (IRR: 1.02, 95% CI: 1.00, 1.04, P <0.05) and higher odds of readmission (AOR: 1.04, 95% CI: 1.01, 1.07, P <0.05). Worse staffing was associated with higher odds of nurse burnout, job dissatisfaction, and intent to leave, and lower patient satisfaction. Cost savings from patient outcomes and nurse retention were projected to offset costs of additional nurses needed for hospitals to meet a minimum safe nurse staffing level proposed in legislation.<h4>Conclusions</h4>Large differences across Pennsylvania hospitals in the amount of nursing care patients receive are associated with negative consequences. A state policy establishing minimum safe nurse staffing requirements in hospitals is in the public's interest.",0,,0.833,Include,Include,Matches 10 inclusion term(s).
40622683,10.3310/zbar9152,"Consequences, costs and cost-effectiveness of workforce configurations in English acute hospitals.",2025.0,"Griffiths P, Saville C, Ball J, Culliford D, Jones J, Lambert F, Meredith P, Rubbo B, Turner L, Dall'Ora C.",,"<h4>Background</h4>The National Health Service faces significant challenges in recruiting and retaining registered nurses. Recruiting unregistered staff is often adopted as a solution to the registered nurse shortage, but recent research found lower registered nurse staffing levels increase hospital mortality with no evidence that higher levels of assistant staff reduced risk.<h4>Objectives</h4>To estimate the consequences, costs and cost-effectiveness of variation in the size and composition of the staff on acute hospital wards in England. To determine if results are likely to be sensitive to staff groups such as doctors and therapists, who are not on ward rosters, associations between staffing and outcomes for multiple staff groups, including medical, are explored at hospital level.<h4>Design</h4>A national cross-sectional panel study and a patient-level longitudinal observational study using routine data.<h4>Setting</h4>All English acute hospital Trusts and a subsample of four Trusts for the patient-level study.<h4>Interventions</h4>Naturally occurring variation in the size and composition of the workforce.<h4>Participants</h4>Patients experiencing a hospital admission with an overnight stay and nursing staff providing care on inpatient wards.<h4>Outcomes</h4>Death, patient and staff experience, length of stay, re-admission, adverse events, incidents (Datix), staff sickness, costs and quality-adjusted life-years.<h4>Data sources</h4>Publicly available records of hospital activity, staffing and outcomes (cross-sectional study) and hospital administrative systems (longitudinal study).<h4>Results</h4>In the cross-sectional study, lower staffing levels from doctors and allied health professionals were associated with increased risk of death. Higher nurse staffing levels were associated with better patient experience and staff well-being. In the longitudinal study, for adult inpatients, exposure to days with lower-than-expected registered nurses or nursing assistant staff was associated with increased hazard of death (adjusted hazard ratio 1.08/1.07, 95% confidence interval 1.07 to 1.09/1.06 to 1.08) and longer hospital stays. Low registered nurse staffing was also associated with increased hazard of re-admission (adjusted hazard ratio 1.01, 95% confidence interval 1.01 to 1.02). Eliminating low staffing cost £2778 per quality-adjusted life-years gained. Avoidance of registered nurse understaffing gave more benefits and was more cost-effective for highly acute patients. Although high bank or agency staffing was associated with increased hazard of death, avoiding low staffing using temporary staff still reduced mortality but was more costly and less effective than using permanent staff. If costs of avoided hospital stays are included, avoiding low staffing generates a net cost saving. Exploration of thresholds for low staffing indicated a greater beneficial effect from registered nurse staffing higher than current norms.<h4>Limitations</h4>This is an observational study. Causal inferences cannot be made from these results in isolation. Quality-adjusted life-years gains were estimated, although conclusions are not sensitive to assumptions or discount rates. We used current ward norms as reference for low staffing.<h4>Conclusions</h4>Our results show the adverse effects of low nurse staffing but also show that medical and allied health professional staffing are important considerations for patient safety. Eliminating low registered nurse staffing gave more benefits than eliminating assistant staffing.<h4>Future work</h4>Research is needed to validate methods to determine nurse staffing requirements, and the interaction between registered nurse and assistant staffing needs further exploration.<h4>Study registration</h4>This study is registered as Current Controlled Trials ClinicalTrials.gov NCT04374812.<h4>Funding</h4>This award was funded by the National Institute for Health and Care Research (NIHR) Health and Social Care Delivery Research programme (NIHR award ref: NIHR128056) and is published in full in <i>Health and Social Care Delivery Research</i>; Vol. 13, No. 25. See the NIHR Funding and Awards website for further award information.",1,,0.833,Include,Include,Matches 10 inclusion term(s).
40443057,10.1111/nicc.70054,The Impact of Nurse-Patient Ratios on Patient Outcomes in Intensive Care Units.,2025.0,Elmdni AAE.,,"<h4>Background</h4>Intensive care units (ICUs) are complex and fast-paced environments where nurse-to-patient ratios significantly influence patient outcomes. Existing research highlights the relationship between staffing levels and outcomes such as mortality, hospital-acquired infections, length of ICU stays, patient safety incidents, and nurse job satisfaction.<h4>Aim</h4>This systematic review aims to evaluate the impact of nurse-to-patient ratios on patient outcomes and nurse well-being in ICUs, providing evidence to guide staffing policies.<h4>Study design</h4>A systematic review of 20 studies conducted across various locations was undertaken. The review includes retrospective cohort studies, cross-sectional designs, and other methodologies. The studies were analysed to determine the influence of staffing levels on patient and nurse outcomes.<h4>Results</h4>Safe nurse staffing levels were associated with a 14% reduction in hospital mortality, shorter ICU stays, a 20% improvement in infection prevention, and an average ICU stay reduction of 1.5 days. Enhanced patient satisfaction by 18% in units with adequate staffing. Conversely, lower staffing ratios were linked to a 25% increase in adverse events, nurse fatigue, and diminished patient safety outcomes. The findings underscore the necessity of adequate staffing strategies and the adoption of workforce technologies to enhance care quality in ICUs.<h4>Conclusions</h4>This review highlights the critical role of nurse-to-patient ratios in improving patient outcomes and nurse well-being in ICUs. Future research should focus on standardizing methodologies to evaluate staffing strategies and exploring their long-term impacts on both patient and nurse outcomes.<h4>Relevance to clinical practice</h4>These findings emphasize the importance of implementing evidence-based staffing policies and integrating supportive technologies to ensure optimal care delivery and staff satisfaction in ICUs.",2,,0.75,Include,Include,Matches 9 inclusion term(s).
42051835,10.7759/cureus.106021,"Patient Safety Culture and Its Work-Related Predictors Among Hemodialysis Nurses in Jeddah, Saudi Arabia: A Multicentre Cross-Sectional Study Using the Hospital Survey on Patient Safety Culture.",2026.0,"Barnawi N, Said FM.",,"Background Patient safety culture is a critical determinant of healthcare quality, particularly in high-risk environments such as hemodialysis units, where complex procedures, advanced technology, and vulnerable patient populations increase the likelihood of adverse events. Despite global emphasis on patient safety, evidence regarding safety culture in hemodialysis settings within Saudi Arabia remains limited. This study aimed to assess patient safety culture and identify its work-related predictors among hemodialysis nurses in Jeddah, Saudi Arabia, using the Hospital Survey on Patient Safety Culture (HSOPSC). Methods A multicentre cross-sectional study was conducted among 400 nurses working in renal dialysis units across four hospitals in Jeddah. A convenience sampling technique was employed. Data were collected using a structured questionnaire comprising sociodemographic and work-related variables and the HSOPSC tool, which evaluates 12 dimensions of patient safety culture. Descriptive statistics were used to summarise participant characteristics and safety culture dimensions. Multivariable logistic regression analysis was performed to identify predictors of overall patient safety culture, with statistical significance set at p < 0.05. Results The overall patient safety culture score was moderate (mean = 3.29 ± 0.74). The highest-rated dimensions were management support for patient safety (mean = 3.37) and organisational learning/continuous improvement (mean = 3.36), while frequency of events reported scored the lowest (mean = 3.20). Most respondents rated patient safety as ""very good"" (n = 150, 37.5%) or ""excellent"" (n = 79, 19.8%), although 38.3% (n = 153) reported no safety events in the preceding 12 months. Significant predictors of higher patient safety culture included having 3-5 years of work experience (odds ratio (OR) = 2.32, p = 0.003), working less than 50 hours per week (OR = 1.64, p = 0.016), and reporting fewer or moderate numbers of safety events. Conclusion Patient safety culture among hemodialysis nurses in Jeddah is moderately positive but reveals critical gaps in event reporting and workload-related factors. Work experience, working hours, and organisational context significantly influence safety perceptions. Targeted interventions focusing on strengthening reporting systems, optimising staffing, and reinforcing organisational support are essential to enhance patient safety culture in hemodialysis settings.",0,,0.667,Include,Include,Matches 8 inclusion term(s).
40488662,10.1111/jan.17104,Beyond the Ratios: Evidence for Optimal Minimum Nurse-Patient-Ratios in Medical-Surgical Settings.,2026.0,"Havaei F, Song C, Zou D, Wu AD, MacPhee M, Saewyc E.",,"<h4>Aim</h4>To evaluate the maximum number of patients per nurse before quality and safety outcomes deteriorate in medical-surgical settings.<h4>Design</h4>A secondary analysis of cross-sectional survey data.<h4>Methods</h4>We analysed data from 609 direct care nurses working in British Columbia's medical-surgical areas. The relationship between nurse-to-patient ratios and quality and safety outcomes was analysed using both two-level and one-level regression models, including visualisations such as boxplots and scatterplots with LOESS curves. The analysis controlled for nurse demographics and hospital clustering effects.<h4>Results</h4>Ratios ranged from 1:1 to 1:9, with outliers above 1:9 excluded. For desirable outcomes, last shift quality of care, unit safety grade, and recommending units to friends/family and to colleagues, the means were generally positive for ratios ranging from 1:2 or 1:3 to 1:4 but negative for ratios ranging from 1:5 to 1:8 or 1:9. This pattern was reversed for adverse outcomes, undone tasks and emotional exhaustion; the means were generally negative for ratios between 1:1 and 1:3 to 1:4 but became positive for ratios between 1:5 and 1:6 to 1:8. A turning point (crossing zero) was found between the ratios of 1:4 and 1:5 for all outcomes except patient adverse events, where the turning point was between the ratio of 1:3-1:4.<h4>Conclusion</h4>The findings provide preliminary evidence in support of minimum nurse-to-patient ratios of 1:4 in British Columbia's medical-surgical areas. Policy-makers and decision-makers should augment minimum nurse-to-patient ratios with other nurse-driven tools and nurse-management staffing methods that provide more flexibility to better meet fluctuating environmental, patient and staffing needs.<h4>No patient or public involvement</h4>This study did not include patient or public involvement in its design, conduct, or reporting.<h4>Implications for the profession and/or patient care</h4>Minimum ratios should be complemented by nurse-driven tools and flexible staffing strategies to account for contextual and resource variability.<h4>Impact</h4>This secondary analysis of 2015 survey data from 609 medical-surgical nurses in British Columbia, Canada supported a minimum nurse-to-patient ratio of 1:4 using a series of quality and safety outcomes for patients and nurses. This finding provides important preliminary evidence in support of the specific minimum nurse-to-patient ratios of 1:4 as the province prepares to implement this ratio in medical-surgical settings. Existing staffing models using minimum nurse-to-patient ratios may be augmented by employing additional staffing tools and methodologies that provide more flexible resource allocation.<h4>Reporting method</h4>This study adheres to STROBE guidelines.",1,,0.667,Include,Include,Matches 8 inclusion term(s).
40845827,10.1016/j.ijnurstu.2025.105178,Minimum nurse staffing policy intervention in Queensland Australia improved nurse wellbeing and patient safety: A quasi-experimental intervention study.,2025.0,"Lasater KB, Aiken LH, Douglas C, Windsor C, Yates P, Smith HL, McHugh MD.",,"<h4>Background</h4>Nurse retention and wellbeing have reached alarmingly low levels in recent years and health systems globally are searching for large-scale systemic solutions to reduce nurse burnout, improve wellbeing, and increase job satisfaction and retention while simultaneously enhancing patient care quality and safety.<h4>Objective</h4>To evaluate whether a minimum nurse staffing policy intervention in Queensland Australia improved nurse wellbeing, intentions to leave employment, and patient safety.<h4>Methods</h4>This is a quasi-experimental intervention study in which we compared nurse outcomes, patient safety measures, quality of care indicators, and operational failures among 27 hospitals subject to a minimum nurse staffing policy (i.e. intervention hospitals) and 41 hospitals not subject to the policy (i.e. comparison hospitals) at two points in time: prior to implementation of the policy (i.e. baseline) and two years after implementation (i.e. post-implementation). Percentages of nurses with unfavorable outcomes and unfavorable ratings of quality of care and patient safety are reported for intervention and comparison hospitals at baseline and post-implementation of the staffing policy. Fixed effects logistic regression models evaluated the interaction between the intervention effect and the post-implementation period to report the impact of the staffing policy on outcomes.<h4>Results</h4>The minimum nurse staffing policy intervention was associated with improvements in staffing, nurse wellbeing and job outcomes, and quality of care and patient safety in the intervention hospitals. Nurses in intervention hospitals had 24 % lower odds of high burnout (OR 0.76, 95 % CI 0.61-0.94, p < 0.05) and 27 % lower odds of job dissatisfaction (OR 0.73, 95 % CI 0.59-0.91, p < 0.01) at post-implementation relative to the baseline; no statistically significant differences in these outcomes were found among comparison hospitals. Job dissatisfaction with workload, professional development, autonomy at work, and work schedule all declined significantly in intervention hospitals and worsened over time in comparison hospitals. Nurse work environment scores improved in the intervention hospitals and worsened in the comparison hospitals. Quality of care, patient safety, and operational failures markedly improved in the intervention hospitals and generally worsened in the comparison hospitals.<h4>Conclusions</h4>The quasi-experimental study design gives policymakers and hospital administrators strong confidence that minimum nurse staffing policy interventions can result in more favorable work environments for nurses, better job outcomes including lower nurse burnout and job dissatisfaction, and improvements in quality of care and safety for patients.",3,,0.667,Include,Include,Matches 8 inclusion term(s).
41551854,10.1016/j.ijnsa.2025.100471,Nurse staffing skill mix and acuity-adjusted provision ratios in Swedish neonatal care: A cohort benchmark study.,2026.0,"Dillner P, Göransson KE, Norman M, Unbeck M, Förberg U.",,"<h4>Background</h4>The development of neonatal intensive care has substantially reduced infant mortality, still, infants remain at high risk for adverse outcomes. Safe care relies on adequate nurse staffing and an appropriate skill mix, which is especially important in neonatal intensive care as infants are extremely vulnerable to harm when quality lapses occur. Although international guidelines recommend optimal nurse-to-patient ratios for neonatal care, these standards have not been fully implemented, leaving it unclear whether current staffing levels align with recommendations for safe staffing.<h4>Objective</h4>To benchmark the acuity-adjusted registered nurse staffing provision ratio in neonatal intensive care and determine the skill mix distribution and variation of nursing staff across shifts.<h4>Method</h4>This retrospective cohort study included infant data from a 16-week period in 2022 in three neonatal intensive care units with a common administration at a university hospital. Data were obtained from the hospital's data repository and the Swedish Neonatal Quality Register, including 609 neonatal admissions and 345 nursing staff members working 1008 shifts. Infants' daily acuity levels were assessed using an adapted version of the British Association of Perinatal Medicine's guideline, classifying infants into three levels: intensive care, high dependency care, and special care. Staffing provision was measured as the number of worked hours per shift, staff category, and unit. The registered nurse provision ratio was defined as the number of registered nurse hours provided divided by the recommended hours. A ratio below 1.0 indicates understaffing.<h4>Results</h4>The population's total in-hospital days were 4674, and the mean birth weight was 2843 g (SD 1029), with 57.0 % being boys. The proportion of registered nurses relative to nursing assistants ranged from 22.2 % to 85.7 %, with a median of 46.5 %. Registered nurses with specialist education accounted for a median of 73.0 % of total registered nurse hours. Within each unit, the mean acuity-adjusted number of registered nurses recommended by the British Association of Perinatal Medicine's standard was relatively consistent across shift types and between weekdays and weekends. However, the required number of registered nurses between individual shifts showed considerable variation, ranging from 2.5 to 10.3. During the inclusion period, 81.2 % of the shifts had a registered nurse provision ratio below 1.0, suggesting that most shifts did not meet the recommendations for staffing levels.<h4>Conclusions</h4>This study highlights a shortfall in registered nurse staffing relative to recommended levels. Ensuring adequate registered nurse staffing levels is crucial for maintaining high-quality neonatal care and improving infant outcomes.",0,,0.667,Include,Include,Matches 8 inclusion term(s).
42050849,10.1155/jonm/4282547,Effect of Nurses' Working Conditions Improvement Policy on Patient Outcomes in General Hospitals: A Quasiexperimental Study Using National Health Insurance Claims Data From Korea.,2026.0,"Yoon HJ, Kwon H.",,"<h4>Background</h4>A good nursing work environment is a key determinant of patient safety. In 2018, the Korean government introduced the Nurse Working Conditions Improvement Policy (NWCIP), accompanied by a revision of the nurse staffing grade calculation method. Under this policy, hospitals with revenue growth due to upward adjustments in nurse staffing grade were recommended to allocate revenue growth for improving nurses' working conditions.<h4>Objective</h4>To evaluate whether funding under the NWCIP, aimed at improving nurses' working conditions, is associated with changes in patient outcomes.<h4>Methods</h4>A quasiexperimental study was conducted using National Health Insurance claims data from 198,318 adult inpatients across 99 general hospitals. After confirming the parallel trends assumption, a difference-in-differences approach was used to evaluate the policy's effect. Patient outcomes were compared between the first quarters of 2018 (baseline) and 2019 (postimplementation). Hospitals were categorized into an intervention group (those that received nurses' working conditions improvement fund) and a comparison group (those that did not). Outcomes included in-hospital mortality, 7-day readmission, and length of stay. Among the 99 hospitals, 60 were assigned to the intervention group and 39 to the comparison group.<h4>Results</h4>According to difference-in-differences analysis, the intervention group showed a 19% increase in 7-day readmission (adjusted odds ratio = 1.19; 95% confidence interval: 1.09-1.29; p < 0.001) and a 5% decrease in length of stay (adjusted incidence rate ratio = 0.95; 95% confidence interval: 0.92-0.97; p < 0.001), with no significant change in in-hospital mortality.<h4>Conclusions</h4>General hospitals subject to the NWCIP did not show improved patient outcomes: They had a higher risk of readmission despite a shorter length of stay.<h4>Implications for nursing management</h4>The use of revenue growth to improve nurses' working conditions should be mandated rather than recommended, prioritizing high-impact staffing investments, such as hiring additional nurses, most directly linked to patient outcomes.",0,,0.667,Include,Include,Matches 8 inclusion term(s).
40958468,10.1111/jjns.70027,Incidence and risk factors for nursing-related intraoperative incidents: A 5-year retrospective study at a Japanese tertiary care hospital.,2025.0,"Mochida K, Chaki T, Yamakage M.",,"<h4>Aim</h4>Nursing-related intraoperative incidents, such as specimen loss and retained surgical items, pose serious risks to patient safety. These events may be influenced by surgical complexity, team structure, and nursing experience. However, data on the specific impact of these factors, particularly in Japan, remain limited. This study aimed to determine the incidence of nursing-related intraoperative incidents and identify clinical and procedural factors associated with their occurrence.<h4>Methods</h4>We conducted a retrospective observational study of all surgeries performed at a tertiary care hospital between April 1, 2018, and March 31, 2023. Data were extracted from anesthetic records, perioperative nursing notes, and an electronic incident reporting system. The primary outcome was the incidence of nursing-related intraoperative incidents. Secondary outcomes included associations with surgical specialty, instrument delivery personnel (nurse vs. physician), duration of surgery (<2 vs. ≥2 h), timing of surgery (daytime vs. night shift), surgical approach (endoscopic vs. non-endoscopic), and nurse experience (<6 vs. ≥6 years). Logistic regression was used for statistical analysis.<h4>Results</h4>Of 37,265 surgical cases, 85 cases (0.23%) of nursing-related intraoperative incidents were identified. Incident rates were highest in neurosurgery and emergency department surgery. Univariate analysis identified instrument delivery personnel (nurse), longer duration of surgery, night shift surgery, and limited nursing experience as associated factors. In multivariate analysis, limited nursing experience (odds ratio: 1.810) and longer duration of surgery (odds ratio: 4.008) remained significant predictors.<h4>Conclusions</h4>Nursing-related intraoperative incidents, though rare, were more likely to occur during longer surgeries and when performed by less experienced nurses.",2,,0.583,Include,Include,Matches 7 inclusion term(s).
41695611,10.3389/frhs.2026.1751261,Unit managers between fluctuating demand and fixed staffing: a quantitative study in psychiatric nursing.,2026.0,"Ketzer M, Gehri B, Nienaber A, Huber CG, Simon M.",,"Balancing patient demand with nurse staffing remains a central challenge in inpatient care. In psychiatric settings, patient-side fluctuations create variability that is difficult to reconcile with fixed rosters and limited staffing flexibility. This study quantifies temporal variations in unit capacity utilization in psychiatric inpatient care and explores how unit managers respond to fluctuations and perceive flexible working arrangements. We combined routine inpatient data with a survey of unit managers from Swiss psychiatric hospitals. Routine data were used to describe temporal variability in capacity utilization, while the survey assessed management strategies, causes of workload fluctuations, and attitudes toward flexible working arrangements. Routine data from 116 units across 13 hospitals revealed substantial temporal fluctuations in occupancy. Most unit managers reported maintaining planned staffing levels despite changing demand, relying primarily on individual nurse-level adjustments such as overtime or calling in off-duty staff. Patient-side or structural strategies, including transfers or bed closures, were rarely used. Flexible working arrangements were viewed positively for nurse retention but deemed difficult to implement within shift-based operations. Psychiatric inpatient care illustrates the challenge of aligning fluctuating demand with staffing systems designed for stability. Current responses rely mainly on reactive measures that strain staff and may affect treatment continuity and safety, while opportunities for structural flexibility remain underused. Future research should develop data-driven tools to anticipate workload peaks and evaluate interventions that support flexible staffing and staff well-being. Organizational and policy efforts are needed to strengthen nurse manager capacity, improve working conditions, and support workforce planning that safeguards patient care.",0,,0.583,Include,Include,Matches 7 inclusion term(s).
41816566,10.21037/jgo-2025-702,Private equity acquisitions of hospitals and the changing landscape of care for patients with gastrointestinal cancer.,2026.0,"Worku E, Rashid Z, Khalil M, Woldesenbet S, Pawlik TM.",,"<h4>Background</h4>The growing presence of private equity (PE) in the United States (U.S.) healthcare raises concern about access, costs, care quality, and outcomes. This study explores the specific impact of PE-owned hospitals on gastrointestinal (GI) cancer care.<h4>Methods</h4>Patients undergoing GI cancer surgery were identified from the linked Surveillance, Epidemiology, and End Results (SEER)-Medicare database (2012-2020). Propensity score matching compared PE and non-PE hospitals. Difference-in-difference and multivariable models evaluated GI surgical outcomes, adjusting for patient and hospital-level characteristics.<h4>Results</h4>Among 1,887 GI cancer patients (hepatopancreatic: n=127, 6.7%; colorectal: n=1,760, 93.3%), the majority were male (n=1,030, 54.6%), White (n=1,526, 80.9%), with early-stage disease (stage I/II: n=1,009, 54%) and a median age of 75 [interquartile range (IQR), 70-82] years. Surgeries at PE-owned hospitals comprised 31.7% (n=599). Compared to non-PE hospitals, patients treated at PE-owned centers were more often Black (18.7% <i>vs.</i> 12.1%), socioeconomically vulnerable (48.4% <i>vs.</i> 36.1%), and had early-stage cancer (57.1% <i>vs.</i> 52.5%) (P<0.05). PE ownership correlated with reduced clinical staffing (physicians: -19; nurses: -43), fewer Medicaid patients (-194), and lower surgical costs (-$341) (all P<0.05). Hospital-acquired infections rose post-acquisition (30.4% to 43.7%, P=0.02), while non-PE hospitals maintained lower rates (11.2% to 19.6%, P<0.001). The risk of perioperative-complications [risk ratio (RR) =0.80; 95% confidence interval (CI): 0.54-1.20], hospital-acquired infections (RR =0.77; 95% CI: 0.37-1.63), and 90-day-mortality (RR =1.27; 95% CI: 0.60-2.66) were comparable at PE-acquired versus non-acquired hospitals.<h4>Conclusions</h4>PE hospital acquisitions reduce staffing, limit Medicaid patient's access, and increase infection risks-underlining the need to protect equity and quality in GI cancer care.",0,,0.583,Include,Include,Matches 7 inclusion term(s).
42077761,10.1155/nrp/8153123,Integration of Care Assistants Into Intensive Care Nursing Teams: A Multimethod Study.,2026.0,"van Esch A, Stalpers D, van Mol MMC.",,"<h4>Aims</h4>This study explored (1) the expectations and experiences of intensive care unit (ICU) nurses regarding the integration of care assistants, focusing on skill mix, work environment, collaboration, clinical leadership, perceived quality of care and work satisfaction, and (2) how care assistants enact and experience their role in an adult ICU environment.<h4>Methods</h4>A multimethod, survey-based study was conducted at two time points, using a pre-post design among 119 ICU nurses and a cross-sectional design among 13 care assistants. The study was conducted in two adult ICUs of a large tertiary hospital. Questionnaires included self-developed items and items derived from validated instruments (e.g., Clinical Leadership Scale, Practice Environment Scale of the Nursing Work Index and Job Content Questionnaire). Open-ended questions were included to capture qualitative insights.<h4>Results</h4>Response rates among ICU nurses were 79.8% (<i>n</i> = 95) at baseline and 48.7% (<i>n</i> = 58) at follow-up, while the response rate among care assistants was 84.6% (<i>n</i> = 11). Before integration, most ICU nurses (71.6%) expected positive outcomes, such as reduced workload through the involvement of care assistants, although concerns regarding care quality were reported by 53.7%. Post-integration, collaboration was rated positively by 82.8% of ICU nurses; however, concerns about care quality persisted (58.5%), and 55.2% opposed continuation of the initiative. Among care assistants, 54.5% found working in the ICU enjoyable, while 81.8% indicated that their assigned tasks did not align with their prior knowledge and skills. Despite these concerns, perceived quality of care was rated 8/10 by both ICU nurses and care assistants at both time points.<h4>Conclusion</h4>Although the integration of care assistants into ICU teams was initially expected to support workforce capacity and workload distribution, persistent concerns regarding care quality and patient safety underscore the need for clearer role delineation, adequate training and structured implementation strategies to support sustainable integration.",0,,0.583,Include,Include,Matches 7 inclusion term(s).
42221297,10.2147/rmhp.s597958,"Social Determinants of Health, Nursing Care Quality, and Patient Outcomes in Neurological Disorders: A Systematic Review.",2026.0,"Yuan S, Hou J, Yang X.",,"<h4>Background</h4>Social determinants of health (SDOH) significantly influence healthcare delivery and outcomes, yet their specific impacts on neurological nursing care quality remain insufficiently synthesized.<h4>Objective</h4>This systematic review aimed to synthesize evidence on the associations between SDOH and nursing care quality and patient outcomes across major neurological disorders.<h4>Methods</h4>Following PRISMA 2020 guidelines, we systematically searched PubMed, Web of Science, and Embase for observational studies published between January 2015 and October 2025. A narrative synthesis approach was employed due to substantial heterogeneity across studies.<h4>Results</h4>Sixty-five observational studies (2015-2025) encompassing 5,412,847 patients with stroke, dementia, Parkinson's disease, multiple sclerosis, epilepsy, and traumatic brain injury were included. Low socioeconomic status (SES) was associated with 39% increased stroke mortality and 36-66% higher rates of poor functional outcomes. Racial and ethnic minorities experienced 15-25% reduced access to acute stroke treatments and 27% higher readmission rates. Uninsured patients faced three-fold increased mortality and substantially reduced rehabilitation access, while rural patients received thrombolysis 50-55% less frequently. Optimal nurse staffing ratios (<3 patients per nurse) were associated with substantially reduced racial disparities in stroke readmissions, representing a critical modifiable nursing intervention. Educational attainment, income, occupation, and community deprivation demonstrated dose-response relationships with outcomes.<h4>Conclusion</h4>Systematic SDOH screening integration, culturally tailored interventions, enhanced discharge planning, and policy advocacy addressing structural inequalities are essential to advance health equity in neurological nursing care. Nurse staffing optimization emerges as the most actionable strategy to reduce outcome disparities across vulnerable populations. Limitations include the observational nature of included studies, substantial heterogeneity in SDOH measurement, and geographic concentration in the United States.",0,,0.583,Include,Include,Matches 7 inclusion term(s).
41020427,10.1002/nur.70024,The Impact of Nurse Staffing and Education on 30-Day Mortality Among Patients Hospitalized for Acute Kidney Injury.,2026.0,"Iroegbu C, Kutney-Lee A, Chittams J, Leak S, Brooks-Carthon M.",,"Acute kidney injury (AKI) affects approximately 20% of hospitalized patients and is associated with higher mortality, extended hospital stay, and increased costs. While various strategies have been proposed to improve AKI management, the impact of nursing resources on AKI outcomes has not been explored. We sought to examine the association between nursing resources and 30-day mortality among patients hospitalized with AKI. Using a cross-sectional study design, we linked data from the CMS Medicare Provider Analysis and Review file, American Hospital Association Annual Survey, and RN4CAST-NY/IL survey of registered nurses. We identified 24,368 Medicare beneficiaries aged 18-99 years with a primary diagnosis of AKI hospitalized in 155 hospitals in New York and Illinois in 2021. The primary outcome was 30-day mortality. Key independent variables included nurse staffing (patient-to-nurse ratio) and nurse education (proportion of nurses holding a bachelor's degree or higher). Covariates were patient demographics, comorbidities, and hospital characteristics. The 30-day mortality rate was 10.5%. In adjusted logistic regression models, each additional patient per RN increased the odds of 30-day mortality by 7% (OR = 1.07, 95% CI [1.01-1.13], p < 0.05). For each 10-point increase in the proportion of nurses with a bachelor's degree or higher, the odds of 30-day mortality decreased by 9% (OR = 0.91, 95% CI [0.88-0.95], p < 0.001). Better nurse staffing and higher proportions of nurses with a bachelor's degree or higher are associated with lower 30-day mortality among patients hospitalized with AKI. These findings underscore the significance of nursing in AKI outcomes and suggest that hospitals should prioritize investing in nursing resources to enhance AKI outcomes.",0,,0.583,Include,Include,Matches 7 inclusion term(s).
41851672,10.1186/s12912-026-04553-8,The illusion of improved nurse staffing levels in South Korea during COVID-19: a statistical artifact of policy changes and declining patient volume.,2026.0,"Lee K, Kim Y, Kim HY.",,"<h4>Background and aim</h4>South Korea revised its nurse staffing grade indicators in 2018 by changing the evaluation criteria from nurse-to-bed ratios to nurse-to-patient ratios, enabling hospitals to qualify for higher inpatient reimbursement rates. Beginning in 2020, during the peak of the COVID-19 pandemic, this policy was extended to all medical institutions except tertiary hospitals. This study investigated whether the revised indicators resulted in actual increases in nurse employment and examined their implications for addressing persistent nurse shortages during the COVID-19 pandemic in South Korea.<h4>Methods</h4>A longitudinal study analyzed data from 1,152 hospitals between 2019 and 2023, examining changes in nurse staffing levels and related indicators. The data were analyzed using descriptive statistics, chi-square tests, and generalized estimating equations.<h4>Results</h4>By 2023, 35.9% of hospitals achieved the highest nurse-to-patient ratio grade (Grade 1), compared to only 3.0% under the nurse-to-bed ratio indicator. However, 20.8% of hospitals showed improved nurse-to-patient ratios without corresponding changes in nurse-to-bed ratios, suggesting that the improvements may be due to shifts in patient numbers rather than actual increases in nurse employment. The relative risk (RR) of improving nurse-to-bed ratio grades during the pandemic was less than 1 (RR 0.88-0.94), indicating a worsening trend, while nurse-to-patient ratio grades improved (RR 1.19-1.22).<h4>Conclusion</h4>The revised indicators improved apparent compliance, but this change was driven by metric changes and reduced patient admissions, not a substantive reinforcement of staffing levels. Without sufficient recruitment, rising post-pandemic patient volumes may exacerbate nurse workloads and compromise care quality. Policymakers should closely evaluate the outcomes of staffing policies and ensure adequate incentives for nurse recruitment.",0,,0.583,Include,Include,Matches 7 inclusion term(s).
41745865,10.3390/nursrep16020040,Missed Nursing Care Among Hospital Nurses in the Middle East: A Systematic Literature Review.,2026.0,"Abdullah BB, Abu-Moghli FA.",,"<b>Background/Objectives</b>: Missed Nursing Care is a global concern that affects nurses' well-being and patients' safety. Despite global recognition of Missed Nursing Care, there is limited synthesized evidence that determines its characteristics in a Middle Eastern context. The purpose of the study is to synthesize the existing evidence about the prevalence of Missed Nursing Care among nurses in hospitals, the types of care missed, and reasons for Missed Nursing Care in the Middle East. <b>Methods</b>: A systematic literature review is conducted by using a comprehensive search in CINAHL, Scopus, and ScienceDirect databases for studies published between 2020 and 2025 and utilizing the MISSCARE Survey. <b>Results</b>: 25 studies met the inclusion criteria. The reported prevalence of Missed Nursing Care ranged between 1.06 and 2.9 out of five, indicating a low to moderate level. Frequent missed care activities included ambulation, hygiene, mouth care, and patient teaching. Contributing factors were staffing shortages, heavy workload, resource limitations, and communication issues. Missed Nursing Care critically affected patients' outcomes, reduced job satisfaction, and caused moral distress and a higher intent to leave the profession. <b>Conclusions</b>: Missed Nursing Care remains a significant, complex challenge in the Middle East. Therefore, understanding this phenomenon in the region is needed. Collaborative efforts among policymakers, administrators, and nursing leaders are essential to implement targeted interventions, supportive policies, and ongoing research to minimize Missed Nursing Care across the Middle East.",0,,0.583,Include,Include,Matches 7 inclusion term(s).
41517065,10.3390/healthcare14010134,A Six-Month Observational Study of Nursing Workload in 14 Latvian Intensive Care Units Using the Nursing Activities Score.,2026.0,"Cerela-Boltunova O, Millere I.",,"<b>Objectives:</b> Intensive care units (ICUs) are characterised by high care complexity and nursing workload, which directly affects patient safety and staff sustainability. Latvia faces a chronic shortage of nurses, particularly in intensive care, yet systematic national data on nursing workload have been lacking. This study aimed to quantitatively assess nursing workload in Latvian ICUs using the Nursing Activities Score (NAS) and to evaluate its relationship with staffing adequacy. <b>Methods:</b> A prospective, multicentre observational study was conducted over six months (May-November 2025) in 14 Latvian ICUs representing all three levels of intensive care. Nursing workload was measured using the NAS during each 12 h shift. A total of 28,079 complete NAS observations were analysed using descriptive statistics, inferential tests (<i>t</i>-tests, ANOVA), mixed-effects modelling, regression analysis, and time-series forecasting. <b>Results:</b> The mean NAS was 65.45 (SD = 25.76), equivalent to an average of 15.71 nursing care hours per patient per day. Workload remained similarly high during day and night shifts. Significant differences were observed between ICUs and care levels, with level 2 units showing the highest workload. The average nursing shortage rate was 42.6% and was strongly predicted by NAS values (R<sup>2</sup> = 0.115), whereas shift type and unit level had minimal explanatory power. <b>Conclusions:</b> ICU nursing workload in Latvia is persistently high and unevenly distributed across units. Staffing levels are not adequately adjusted to actual care demands. Integrating NAS-based workload monitoring into staffing models is essential for evidence-based workforce planning, improving patient safety, and reducing nurse overburdening.",0,,0.5,Include,Include,Matches 6 inclusion term(s).
41657852,10.1155/jonm/1847111,"The Impact of Magnet Recognition on Nurse Managers' Assessments of Work Environment, Quality, and Safety: A Cross-Sectional Study.",2026.0,"Yu H, Keele LJ, Brom H, Pittman H, Varghese R, McHugh MD, Aiken LH.",,"<h4>Background</h4>Nurse managers are central to hospital operations, yet little is known about how organizational factors, such as Magnet Recognition by the American Nurses Credentialing Center (ANCC), shape their assessments of the work environment, care quality, and safety. This study examined whether Magnet status is associated with nurse managers' assessments of these domains.<h4>Methods</h4>This cross-sectional study used data from the 2024 Penn Nurses4All Survey, the 2023 American Hospital Association Annual Survey, and the ANCC's list of Magnet-recognized organizations. The sample included 1362 nurse managers from 771 hospitals across 10 U.S. states (450 in 186 Magnet hospitals and 912 in 585 non-Magnet hospitals). Outcomes included managers' assessments of the work environment, nursing care quality, patient safety, and hospital recommendation. Approximate balancing weights were applied to adjust for hospital- and manager-level covariates, and weighted linear probability models estimated average treatment effects.<h4>Results</h4>Magnet managers were more likely to hold graduate degrees and to work in large, teaching, and not-for-profit hospitals. Compared with non-Magnet managers, they were 9 percentage points more likely to rate the work environment as excellent or good (<i>b</i> = 0.09, 95% CI: 0.04-0.16) and to ""definitely"" recommend their hospital as a workplace (<i>b</i> = 0.09, 95% CI: 0.02-0.16); 7 percentage points more likely to rate nursing care quality as excellent or good (<i>b</i> = 0.07, 95% CI: 0.04-0.14); 12 percentage points more likely to assign an excellent or good patient safety grade (<i>b</i> = 0.12, 95% CI: 0.06-0.19); and 16 percentage points more likely to recommend their hospital to family and friends (<i>b</i> = 0.16, 95% CI: 0.08-0.24).<h4>Conclusion</h4>Magnet status was associated with more favorable assessments of the work environment, quality, and safety among nurse managers. These findings suggest that Magnet structures may strengthen organizational environment and culture across multiple levels of the nursing workforce.",0,,0.5,Include,Include,Matches 6 inclusion term(s).
41498489,10.1002/nur.70052,"Pathway to Excellence Designation, Nurse Work Environment, and Hospital Quality and Safety: A Multi-State Hospital Study.",2026.0,"Yu H, Brooks Carthon JM, Aiken LH, McEwan KK, McHugh MD.",,"The Pathway to Excellence (Pathway) program administered by the American Nurses Credentialing Center, recognizes organizations that foster positive nursing practice environments. However, evidence linking Pathway designation to nurse-reported outcomes remains limited. This cross-sectional study integrated data from the Penn 2024 Nurses4All Study and the American Hospital Association Annual Survey. The sample included 16,979 direct care nurses from 1672 hospitals in 10 US states (866 nurses in 63 Pathway hospitals and 16,113 nurses in 1609 non-Pathway, non-Magnet hospitals). The independent variable was Pathway status. Outcomes included nurse-reported work environment, care quality, patient safety, and hospital recommendations. Multilevel linear and logistic regression models estimated associations. Pathway hospitals showed more favorable work environments (γ, the fixed-effect coefficient from multilevel linear models = 0.08, 95% confidence interval [CI] = 0.01-0.16), driven by responsive administration (γ = 0.15, 95% CI = 0.05-0.24) and a clear philosophy of nursing (γ = 0.11, 95% CI = 0.01-0.20). Pathway hospitals also demonstrated a more favorable patient safety climate (γ = 0.51, 95% CI = 0.02-0.99), including more positive perceptions of a non-punitive response to mistakes (γ = 0.12, 95% CI: 0.02-0.23), discussions about error prevention (γ = 0.12, 95% CI: 0.03-0.21), and leadership prioritization of safety (γ = 0.14, 95% CI: 0.02-0.26). Nurses in Pathway hospitals had higher odds of rating the overall work environment as excellent/good (adjusted odds ratio [aOR] = 1.32, 95% CI: 1.06-1.63), quality of nursing care as excellent/good (aOR = 1.35, 95% CI: 1.06-1.71), and of ""definitely"" recommending their hospital (aOR = 1.32, 95% CI: 1.03-1.69). These results underscore the central role of positive practice environments in delivering high-quality, safer patient care.",3,,0.5,Include,Include,Matches 6 inclusion term(s).
41823489,10.1051/ject/2025040,A bedside staffing model with perfusionists for pediatric extracorporeal membrane oxygenation (ECMO) at a high-volume center★.,2026.0,"Nemeh C, Cain-Trivette C, Schmoke N, Varner C, Brewer M, Clark E, Ream H, Vargas Chaves D, Choudhury T, Stylianos S, Middlesworth W, Cheung EW.",,"<h4>Background</h4>Extracorporeal membrane oxygenation (ECMO) in pediatric patients requires monitoring by specialists to optimize outcomes. Practice variability exists among pediatric ECMO centers across the country. We present a bedside pediatric ECMO staffing model with perfusionists that combines personnel expertise and technology.<h4>Methods</h4>At our institution, ECMO care is provided in three intensive care units across one floor. Our primary bedside ECMO provider consists of pediatric perfusionists who provide 24/7 coverage of ECMO patients via remote monitoring and hourly bedside rounding. Neonatal and pediatric ECMO patients are supported using the Cardiohelp System<sup>TM</sup>, which uses Spectrum Medical Quantum Elite Workstation and Variable Input Patient Electronic Records (VIPER) software that remotely delivers ECMO circuit parameters and alarms digitally to a monitor in a workroom and mobile devices. ECMO education and skills are reinforced via dedicated didactic and simulation sessions by an ECMO program coordinator. We compared institutional complication rates to other centers tracked by ELSO.<h4>Results</h4>From 2017 to 2023, 289 cannulations were performed, consisting of a total of 62,742 cumulative ECMO hours, of which 92% of that time there were simultaneous ECMO patients. This rounding model has institutional mortality and complication rates that are comparable to ELSO rates.<h4>Conclusion</h4>We describe a bedside ECMO staffing model with perfusionists, in contrast to ECMO specialists seen at other institutions. The complication and mortality rates are comparable to ELSO rates, suggesting the safety of this model. Further exploration regarding resource utilization and costs is warranted.",0,,0.5,Include,Include,Matches 6 inclusion term(s).
41936116,10.1002/nop2.70523,"The Effect of Nursing Practice Environment, Individual and Occupational Characteristics on Nurses' Attitudes Towards Medical Error: A Cross-Sectional Study.",2026.0,"Polat Ş, Göktepe N, Yalçin B, Türkmen E.",,"<h4>Aim</h4>This study was conducted to examine the effect of nursing practice environment individual and occupational characteristics on nurses' attitudes towards medical error.<h4>Design</h4>Cross-sectional study.<h4>Methods</h4>The questionnaire was used for data collection in a tertiary university hospital from 4 March to 30 April 2022. The questionnaire included the ""Information Form"", the ""Practice Environment Scale-Nursing Work Index (PES-NWI)"" and the ""Medical Error Attitude Scale"". The population of this study included 1329 nurses. A total of 355 nurses who voluntarily completed the questionnaires constituted the study sample. Convenience sampling was used to select participants. Since the study was conducted at a single hospital, the survey was emailed to all nurses at the institution to ensure broad accessibility. Pearson correlation analysis was used to assess the relationships between continuous variables. Multiple linear regression analysis was employed to examine factors influencing the scores on the Medical Error Attitude Scale. Ethical approval was obtained from the institutional ethics committee, and informed consent was obtained from all participants. The findings were reported following the STROBE guidelines.<h4>Results</h4>The mean score of the PES-NWI was 2.60 ± 0.45 and the mean score of the Medical Error Attitude Scale was (3.50 ± 0.39). Regression analysis was performed to identify factors influencing nurses' attitudes towards medical errors. According to the results of the multiple regression analysis, age (p < 0.001), duration of experience in the institution (p < 0.001), educational status (p < 0.001), general satisfaction with patient safety in the unit (p < 0.05) and two subdimensions of the PES-NWI-""Nurse manager ability, leadership and support of nurses"" (p < 0.05) and ""Staffing and resource adequacy"" (p < 0.05)-were significant predictors. These six variables collectively explained 12.8% of the total variance in the Medical Error Attitude Scale score (R<sup>2</sup> = 12.8%, F = 7.454, p < 0.001).<h4>Conclusions</h4>The study concluded that both the nursing practice environment and certain individual and occupational characteristics of nurses impact their attitudes towards medical errors. In line with this study's results, we recommend that institutional managers and nurse managers make necessary arrangements to improve nurses' attitudes towards medical errors, as well as to develop institutional strategies designed to prevent medical errors in their units/institutions, thereby improving patient safety and quality of care.<h4>No patient or public contribution</h4>The participants of this study were nurses and this contribution has been explained in the data collection section. There was no patient contribution in this study.",0,,0.5,Include,Include,Matches 6 inclusion term(s).
40480798,10.1136/leader-2024-001187,Association between incident occurrence and bed configuration: a retrospective observational study in a Japanese academic hospital during the COVID-19 pandemic.,2026.0,"Moriwaki M, Toba M, Takahashi C, Tanaka M, Kakehashi M, Obayashi S, Wakabayashi K, Kudo A, Fushimi K.",,"<h4>Objectives</h4>This study examines the relationship between the diversification and complexity of ward operations (DCWO) during the COVID-19 pandemic and incident occurrence. Our hospital faced significant changes in ward management during the pandemic. Typically, each ward accommodates two to four clinical departments, with department assignments remaining relatively fixed. However, to free up beds for patients with COVID-19, the number of general wards was reduced, forcing a more fluid allocation of patients across various departments. This shift resulted in a more complex and diverse departmental mix within each ward, complicating ward operations.<h4>Methods</h4>This study retrospectively examined patients admitted to a university hospital in Japan from 1 April 2020 to 31 March 2022. We analysed incident occurrences by ward (including all inpatients within the target ward) and assessed the relationship between nurse-related incidents and DCWO.<h4>Results</h4>We selected records for 7030 ward days from 21 559 patients admitted (10 336 in 2020 and 11 233 in 2021). No significant difference in average age was observed between fiscal year (FY) 2020 and FY 2021 (62.5±16.6 years vs 62.3±16.8 years, respectively; p=0.69). However, the average length of stay differed (13.6±23.9 days vs 12.9±17.5 days, respectively; p<0.01). Logistic regression analysis revealed an OR for DCWO of 1.008 (95% CI 1.002 to 1.015; p=0.007), indicating that an increase in DCWO was associated with the occurrence of mild incidents (where treatment was not necessary). Multiple regression analyses also revealed the association between DCWO and drug-related incidents (p=0.011) and mild incidents (treatment was not necessary; p=0.010).<h4>Conclusions</h4>Changes in departmental configurations during the COVID-19 pandemic influenced patients' conditions and the frequency of mild incidents, highlighting the importance of patient safety considerations in hospital ward operations.",0,,0.5,Include,Include,Matches 6 inclusion term(s).
40300799,10.1136/bmjqs-2024-018138,Cost-effectiveness of eliminating hospital understaffing by nursing staff: a retrospective longitudinal study and economic evaluation.,2025.0,"Saville C, Jones J, Meredith P, Dall'Ora C, Griffiths P.",,"<h4>Background</h4>Understaffing by nursing staff in hospitals is linked to patients coming to harm and dying unnecessarily. There is a vicious cycle whereby poor work conditions, including understaffing, can lead to nursing vacancies, which in turn leads to further understaffing. Is hospital investment in nursing staff, to eliminate understaffing on wards, cost-effective?<h4>Methods</h4>This longitudinal observational study analysed data on 185 adult acute units in four hospital Trusts in England over a 5-year period. We modelled the association between a patient's exposure to ward nurse understaffing (days where staffing was below the ward mean) over the first 5 days of stay and risk of death, risk of readmission and length of stay, using survival analysis and linear mixed models. We estimated the incremental cost-effectiveness of eliminating understaffing by registered nurses (RN) and nursing support (NS) staff, estimating net costs per quality-adjusted life year (QALY). We took a hospital cost perspective.<h4>Findings</h4>Exposure to RN understaffing is associated with increased hazard of death (adjusted HR (aHR) 1.079, 95% CI 1.070 to 1.089), increased chance of readmission (aHR 1.010, 95% CI 1.005 to 1.016) and increased length of stay (ratio 1.687, 95% CI 1.666 to 1.707), while exposure to NS understaffing is associated with smaller increases in hazard of death (aHR 1.072, 95% CI 1.062 to 1.081) and length of stay (ratio 1.608, 95% CI 1.589 to 1.627) but reduced readmissions (aHR 0.994, 95% CI 0.988 to 0.999). Eliminating both RN and NS understaffing is estimated to cost £2778 per QALY (staff costs only), £2685 (including benefits of reduced staff sickness and readmissions) or save £4728 (including benefits of reduced lengths of stay). Using agency staff to eliminate understaffing is less cost-effective and would save fewer lives than using permanent members of staff. Targeting specific patient groups with improved staffing would save fewer lives and, in the scenarios tested, cost more per QALY than eliminating all understaffing.<h4>Interpretation</h4>Rectifying understaffing on inpatient wards is crucial to reduce length of stay, readmissions and deaths. According to the National Institute for Health and Care Excellence £10 000 per QALY threshold, it is cost-effective to eliminate understaffing by nursing staff. This research points towards investing in RNs over NS staff and permanent over temporary workers. Targeting particular patient groups would benefit fewer patients and is less cost-effective.",1,,0.5,Include,Include,Matches 6 inclusion term(s).
41739475,10.1001/jamanetworkopen.2025.58235,"Hospital Nurse Understaffing and Patient Mortality, Readmission, and Length of Stay.",2026.0,"Morioka N, Moriwaki M, Miyawaki A, Saville C, Fushimi K, Griffiths P.",,"<h4>Importance</h4>Although higher nurse staffing has been linked to better patient outcomes, most studies rely on aggregate measures, leaving the effects of deviations from ward- and shift-level norms (daily and per shift) unclear. Clarifying these effects can inform ward-level staffing decisions.<h4>Objective</h4>To investigate the association between nurse understaffing, relative to typical ward staffing levels, during the 24-hour period, day shift, and evening and night shift and patient risk for in-hospital mortality, readmission, and longer length of stay (LOS).<h4>Design, setting, and participants</h4>This retrospective cohort study used claims data and shift-ward rosters from 82 wards in 9 hospitals in Japan. Included patients were aged 20 years or older and hospitalized between April 1, 2019, and March 31, 2020. Analyses were performed from March 20 to November 12, 2025.<h4>Exposure</h4>Nurse understaffing was defined as average nurse hours per patient-day below each ward's annual median, assessed for the 24-hour period, day shift, and evening and night shift.<h4>Main outcomes and measures</h4>The primary outcomes assessed were in-hospital mortality, 7-day and 30-day readmissions, and LOS. Propensity score matching (PSM) and multilevel models adjusted for confounding.<h4>Results</h4>This study included 77 289 hospital admissions. Patients had a mean (SD) age of 69.3 (15.1) years, 57.2% were male, and 53.2% were admitted for surgery. Of these admissions, 28 846 matched pairs were included in the in-hospital mortality analysis and 27 907 matched pairs were included in the readmission analysis. After PSM, patients exposed to nurse understaffing during the 24-hour period and day shift had higher in-hospital mortality rates (3.1% vs 2.8% and 3.2% vs 2.8%; both P = .02); those exposed to understaffing during the 24-hour period also had higher 30-day readmission rates (11.2% vs 10.5%; P = .01), whereas those exposed to understaffing during the day shift had higher 7-day readmission rates (2.3% vs 2.1%; P = .04). Understaffing during the evening and night shift was not associated with these outcomes. LOS after PSM was longer when understaffing occurred during the 24-hour period (mean [SD], 14.6 [16.3] vs 13.8 [16.5] days), day shift (14.7 [16.4] vs 13.7 [16.2] days), or evening and night shift (14.1 [16.2] vs 13.6 [16.4] days) (all P < .001).<h4>Conclusions and relevance</h4>In this cohort study, nurse understaffing during the 24-hour period (specifically during the day shift) was associated with increased risk of in-hospital mortality, hospital readmission, and longer LOS. These findings suggest that close attention to daily staffing levels and prompt action to address understaffing may help improve patient outcomes. Nurse managers should routinely monitor deviations from this benchmark to address immediate needs and enable rapid adjustments through feasible strategies.",1,,0.5,Include,Include,Matches 6 inclusion term(s).
41614330,10.1111/nicc.70349,Systemic Pressures and Nurse Decision-Making in ICU Missed Nursing Care: A Meta-Synthesis.,2026.0,"Fan Y, Zhao M, Feng B, Huang P.",,"<h4>Background</h4>Missed nursing care (MNC) is prevalent in ICU settings and may negatively impact patient outcomes while increasing the professional burden on nurses. Although many studies have explored the causes and consequences of missed care, a systematic qualitative synthesis that illuminates the critical link between them is still lacking. Specifically, the decision-making mechanisms in ICU nurses employ under systemic pressures, and how these mechanisms lead to specific care elements being omitted.<h4>Aim</h4>This meta-synthesis aims to synthesise qualitative evidence to systematically analyse and illuminate the determinants, processes and multifaceted impacts of missed nursing care (MNC) in the ICU.<h4>Study design</h4>The qualitative meta-synthesis was conducted in accordance with the guidelines set by the Preferred Reporting Items for Systematic Reviews and Meta-analyses (PRISMA). We searched 10 major databases (including PubMed, Web of Science, CINAHL, CNKI, etc.) from their inception to June 2025. Two reviewers independently assessed the methodological quality and extracted data. Thematic synthesis was used to integrate and analyse the findings.<h4>Findings</h4>Six studies satisfied the inclusion criteria. The meta-synthesis identified the following six core themes: (1) nurses' divergent views of missed nursing care, (2) the convergence of multilevel systemic pressures behind missed care, (3) the decision-making mechanism: nurses' strategic adaptations, (4) commonly missed elements of nursing care, (5) the cascading consequences of missed care and (6) nurses' perceived organisational-level interventions.<h4>Conclusions</h4>This meta-synthesis identified six core themes, revealing that ICU missed nursing care (MNC) is a predictable, system-driven process. The findings demonstrate that multilevel systemic pressures compel nurses to activate strategic decision-making mechanisms to safeguard patient safety. However, the direct product of this mechanism is the omission of low-priority nursing measures, such as basic and psychosocial care. This omission, in turn, triggers adverse consequences for nurses, patients and the entire healthcare system. A key implication of this study is that MNC should not be attributed to personal failings but is a structural problem rooted in these systemic pressures. Therefore, managers must address this situation by implementing organisational-level interventions that target these root causes, thereby reducing missed care, improving clinical quality and genuinely enhancing patient and nurse satisfaction.<h4>Relevance to clinical practice</h4>These findings provide clear directives for ICU managers. Therefore, the managerial focus must shift. Instead of 'policing' or punishing the rational prioritisation decisions nurses make under pressure, managers must redirect resources and energy towards solving the two root issues: (1) addressing the systemic pressures that force these decisions and (2) mitigating the emotional and moral distress that results from them.<h4>Trial registration</h4>The protocol of this qualitative meta-synthesis has been registered at PROSPERO with the identifier CRD420251063358.",1,,0.5,Include,Include,Matches 6 inclusion term(s).
41662327,10.1159/000550916,Intensive Care Unit versus High-Dependency Care Unit for Patients with Sepsis-Associated Acute Kidney Injury Requiring Continuous Kidney Replacement Therapy: An Observational Nationwide Database Study.,2026.0,"Miyamoto Y, Ohbe H, Inokuchi R, Fushimi K, Doi K, Yasunaga H.",,"<p>Background: Sepsis is a life-threatening condition that often leads to severe acute kidney injury (AKI). Continuous kidney replacement therapy (CKRT) can be provided to critically ill patients in resource-rich settings such as intensive care units (ICUs). However, whether different medical staffing levels exert a significant effect on the outcomes of patients with sepsis-associated AKI treated with CKRT is unknown. We aimed to compare the outcomes of patients with sepsis-associated AKI who received CKRT upon admission to an ICU versus a high-dependency unit (HDU), where the staffing intensity is lower than that in ICUs.<h4>Methods</h4>This retrospective cohort study used data retrieved from the Diagnosis Procedure Combination database and enrolled adult patients with sepsis admitted to an ICU or HDU between April 2018 and March 2023. We identified patients who initiated CKRT on admission and assigned them to the ICU or HDU group. We conducted matching weight analyses using propensity scores to compare the frequencies of in-hospital mortality and complications between the groups.<h4>Results</h4>Of 81,934 patients with sepsis, CKRT for severe AKI was initiated in HDUs and ICUs for 1,136 and 4,622 patients, respectively. Patients in the ICU group had higher cardiovascular Sequential Organ Failure Assessment subscores, lower body mass index values, worse consciousness levels, and a greater need for mechanical ventilation compared with those in the HDU group. After adjustment, in-hospital mortality did not differ significantly between the ICU and HDU groups (-1.9 percentage points, 95% confidence interval: -5.2 to 1.4). Moreover, significant differences were not observed in complications including gastrointestinal bleeding, infections, thromboembolism, or cerebrovascular events. These findings remained consistent across the subgroup analyses.<h4>Conclusions</h4>In this large cohort study, in-hospital mortality or other clinical outcomes did not differ significantly between patients initially treated in ICUs and HDUs. Further investigations are warranted to understand the relevant factors that guide the triage of these patients. </p>.",0,,0.5,Include,Include,Matches 6 inclusion term(s).
41444597,10.1186/s12913-025-13826-y,"Clinical governance and staffing for healthcare quality: perceptions of nurses, doctors, and senior managers at two tertiary hospitals in Jamaica.",2025.0,"Thompson C, Nevins DH, Walters D, Chin-Bailey C, Thompson E, Thame M, James K.",,"<h4>Background</h4>To describe the characteristics of effective workforce and staffing culture among doctors and nurses at two tertiary hospitals in Jamaica, and to explore perceptions of senior managers relating to the health workforce for the delivery of quality care.<h4>Methods</h4>A mixed-methods study was done among 216 nurses and 112 doctors, and 17 senior managers. Data on patient safety culture and the effective workforce component were collected for quantitative component. In-depth interviews were done for the qualitative component. Quantitative data were analyzed using descriptive and inferential statistics, and qualitative data were thematically analyzed and compared with selected elements of the quantitative data.<h4>Results</h4>Staffing culture for patient safety among doctors and nurses was poor (35% positive score). More nurses (73.6%) than doctors (34.8%) reported working 40-59 h per week. A higher proportion of nurses (85%) than doctors (67.9%) practiced responsibly with consideration of fatigue and human factors (p = 0.001), with a significant difference by institution (Institution A - 75.0%, Institution B - 81.6%; p = 0.009). Fewer than 70% of respondents reported receiving annual performance appraisals. Qualitative findings revealed issues with staff capacity development, performance management, and persistent staffing challenges, which contributed to gaps in staffing culture for patient safety.<h4>Conclusion</h4>Staffing culture for patient safety was suboptimal among doctors and nurses. Key challenges identified by senior managers include inadequate staffing, limited capacity development, and weak performance appraisal systems. Strategic investment in workforce development, effective performance management, and evidence-based staffing policies is critical to strengthen clinical governance and achieve quality health care delivery.",0,,0.5,Include,Include,Matches 6 inclusion term(s).
41730587,10.1136/bmjoq-2025-003949,Rapid response teams for new leaders: a narrative review of global evidence and implementation strategies with a focus on Japan.,2026.0,"Ogawa A, Tsuchiya Y, Sakemi I, Kutsuna N.",,"<h4>Background</h4>Rapid response systems (RRSs) are designed to detect and treat physiological deterioration before cardiac arrest occurs. Since 2020, Japan has seen a rapid increase in RRS adoption; however, most new team members have not received formal training in critical care. This review synthesises international and Japanese evidence supporting implementation and training for new members.<h4>Methods</h4>PubMed, Web of Science and Ichushi Web were searched for English or Japanese studies evaluating adult RRSs (January 2010-April 2025). We included 47 records (43 comparative and 4 systematic reviews); the national guideline was not included.<h4>Results</h4>Mature RRSs were associated with a 35% relative reduction in unexpected in-hospital cardiac arrests and a 12% decrease in all-cause hospital mortality. However, the evidence is not uniformly positive-systematic reviews and multicentre analyses reported no significant mortality benefit-and outcome heterogeneity limits comparability. Effective programmes share three key features: (1) single-parameter activation criteria augmented by early-warning scores; (2) tiered response models for advanced practice nurses and (3) audit-feedback cycles with dashboards. Crew resource management, in situ simulation and mindfulness-based self-leadership approaches may be associated with reduced decision latency. Emerging tools like deep-learning prediction algorithms, continuous wearable monitoring and tele-support systems may expand coverage but require governance. Common barriers include limited night-time staffing, cultural reluctance to escalate care and medicolegal ambiguity; targeted education and registry-driven feedback mitigate challenges.<h4>Conclusions</h4>Well-structured RRSs improve outcomes beyond traditional code-blue models. Aligning activation thresholds, multidisciplinary competencies and data-driven quality improvement cycles with local resources may help new Japanese rapid response team members develop resilient, high-performing services.",0,,0.5,Include,Include,Matches 6 inclusion term(s).
41195165,10.1155/jonm/8894266,Changing the Organizational Structure and Enhancing Nurse-Staffing Levels Based on Patient Acuity in a Tertiary Referral Hospital.,2025.0,"Martínez-Muñoz M, Barba-Flores MA, Andrés Escobedo D, Batuecas-Duelt IJ, López-Branchadell S, Rubio-Garrido P, Osorio D, Zuriguel-Pérez E.",,"<h4>Aims</h4>To enhance nurse-staffing levels in the wards of a tertiary referral hospital by applying a patient classification system based on patient acuity, setting up a new organizational structure in the hospital wards.<h4>Design</h4>A retrospective analysis based on administrative data from an electronic patient database.<h4>Methods</h4>The data were obtained from the clinical data warehouse of multiple databases from a tertiary referral hospital in Spain and analyzed from January 1st, 2018, to December 31st, 2019. The care plan and the weight of the main diagnosis from 52,974 adult patients admitted to 40 hospital units were analyzed and classified into patient acuity using the acute to intensive care (ATIC) classification system. The frequency of the ten acuity groups was analyzed, and the optimal patient-to-nurse ratio was defined according to the system and the hours effectively assigned to the care units. The percentage of patient needs that were met was also established. Finally, the distribution of the wards was rearranged based on the results.<h4>Results</h4>The findings show that patients were mostly clustered in the following groups according to their acuity level: intensification (38.1%), intermediate (30.4%), and acute (21.8%). Therefore, the wards were reorganized into the three dominant levels: four acute, 17 intensification, and 19 intermediate units. A viable model was implemented to provide the number of nurse/patient/day hours by incorporating 104 nurses and improving nursing coverage by 17.4%.<h4>Conclusion</h4>The structuring of care units according to the intensity of care has resulted in a significant enhancement in nursing coverage by improving the hours of care needed according to acuity levels.<h4>Implications for patient care</h4>The findings provide valuable information regarding nurse staffing in hospitals, emphasizing the importance of defining the optimal patient-to-nurse ratio. Establishing this ratio is crucial for improving care quality and ensuring patient safety.<h4>Reporting method</h4>This study's methods and results have been reported following the STROBE checklist.<h4>Patient or public contributions</h4>No patient or public contributed to design this research. However, patients will contribute later as part of a broader project when we explore their perception following the implementation of a management model based on nursing care intensity.",1,,0.5,Include,Include,Matches 6 inclusion term(s).
42111231,10.4102/sajid.v41i1.796,"'&lt;i&gt;We are short-staffed&lt;/i&gt;': Dialysis practitioners' infection prevention and control adherence challenges in the City of Tshwane, South Africa.",2026.0,"Ngema SA, Bale TA, Nezingahe LM, Ramukumba TS.",,"<h4>Background</h4>The burden of infections in dialysis facilities continues to rise worldwide. Due to the invasive procedures associated with haemodialysis (HD), patients undergoing HD in dialysis facilities are at high risk of acquiring bloodstream-related infections.<h4>Objective</h4>The present study explored the practices of dialysis practitioners regarding the prevention of HD bloodstream-related infections at selected dialysis facilities in the City of Tshwane, Gauteng province, in South Africa.<h4>Methods</h4>An exploratory-descriptive contextual qualitative study was conducted in five dialysis facilities utilising semi-structured interviews. Purposive sampling was conducted until data saturation was reached from 10 in-depth semi-structured interviews conducted with dialysis practitioners.<h4>Results</h4>Data analysis was conducted concurrently with data collection using a qualitative thematic analysis approach, whereby Tesch's eight-step method was used to analyse the data. One theme, infection prevention challenges of dialysis practitioners, emerged with three subthemes: (1) in-service training, (2) shortage of resources and (3) colleagues' behaviors and practices.<h4>Conclusion</h4>A lack of staffing, training and resources hinders the implementation of infection prevention and control (IPC) to ensure optimal care in dialysis facilities. These findings suggest that enhancing training programmes and promoting a culture of compliance with IPC protocols are crucial for improving patient safety and outcomes in dialysis settings.<h4>Contribution</h4>This study highlights contextual insights into the infection prevention challenges faced by dialysis practitioners in South African dialysis facilities, highlighting critical gaps in training, resources and staff compliance that inform targeted interventions to reduce bloodstream infections.",0,,0.417,Include,Include,Matches 5 inclusion term(s).
41915559,10.1093/annalsats/aaoaf048,Outcomes of patients with hypertensive emergency managed in intensive vs intermediate care settings: a multihospital retrospective cohort study.,2026.0,"Hochberg CH, Yan L, Card ME, Berry SA, Brodie D, Rotello L, Nader A, Chatterjee S, Sahetya SK, Iwashyna TJ, Hager DN.",,"<h4>Background</h4>Hypertensive emergency is characterized by end-organ dysfunction due to markedly elevated blood pressure. Although guidelines recommend rapid blood pressure lowering with intravenous antihypertensives and continuous monitoring in an intensive care unit (ICU), many patients are managed in intermediate care (IMC) settings. In this study, we compare outcomes of hypertensive emergency patients admitted to ICU vs IMC settings.<h4>Methods</h4>Adult patients in the emergency departments of 3 hospitals were included if they had 2 or more systolic blood pressure measurements greater than 180 mm Hg within 12 hours of one another, were treated with continuous intravenous antihypertensive medications, and were subsequently admitted to an ICU or IMC setting. We excluded patients receiving mechanical ventilation in the emergency department and those presenting with acute coronary syndrome, aortic dissection, or acute cerebrovascular accident. The primary outcome was hospital length of stay (LOS) penalized for death and adjusted for baseline patient features. Secondary outcomes included ICU and IMC LOS and hospital mortality. Process outcomes included arterial line usage, frequency of blood pressure measurements in the first 24 hours, and escalations of care. Lastly, we report the proportion of patients reaching blood pressure targets and/or episodes of hypotension in each setting.<h4>Results</h4>Intensive care unit patients (n = 649) were younger, with a male predominance, more frequently received noninvasive respiratory support and were dialysis dependent than IMC patients (n = 629). In an adjusted analysis, there was no difference in time to hospital discharge between patients admitted to ICU vs IMC settings (absolute difference: +0.29 days; 95% CI, -0.07 to 0.70). Similarly, there was no difference in ICU vs IMC LOS, hospital readmission rate, or hospital mortality. Blood pressures were more frequently measured in the ICU, but there was no difference in time to target blood pressure goal. Any hypotensive episode in the first 24 hours was more common in the ICU.<h4>Conclusions</h4>In this retrospective observational study of patients with hypertensive emergency, we did not observe significantly different LOS outcomes between patients admitted to ICU vs IMC settings or detect a signal of harm among those admitted to IMC. Intermediate care settings may be a reasonable alternative to ICU admission for select patients with hypertensive emergency.",0,,0.417,Include,Include,Matches 5 inclusion term(s).
42005308,10.2147/cia.s593842,Geriatric Focused ERAS Nursing Practices in Open and Hybrid Aortic Vascular Surgery.,2026.0,"Ye J, Zhang Y.",,"<h4>Background</h4>Enhanced Recovery After Surgery (ERAS) pathways have been adapted for open and lower extremity vascular surgery and increasingly guide perioperative care for older adults. However, little is known about how perioperative nurses implement ERAS-consistent and geriatric-focused practices for older patients undergoing open and hybrid aortic procedures, particularly in hybrid operating room settings and in Chinese hospitals, where pathway maturity and geriatric integration may vary across centres.<h4>Purpose</h4>To describe perioperative nurses' implementation of ERAS-consistent and geriatric-focused nursing practices for older adults undergoing open and hybrid aortic vascular surgery in China, and to identify nurse- and organisation-level factors associated with higher implementation, with attention to modifiable determinants (training, ERAS pathways, staffing).<h4>Methods</h4>Registered nurses working in operating theatres/hybrid operating rooms, post-anaesthesia care units, intensive care/high-dependency units, vascular surgical wards and pre-assessment clinics in eight tertiary general hospitals in Shanxi Province, China, were surveyed between March and July 2024. The Geriatric-Focused Vascular ERAS Nursing Practices Questionnaire, developed from ERAS/SVS guidelines and geriatric surgery literature, measured nurse-reported implementation across perioperative domains, geriatric-focused elements, attitudes and perceived barriers. The instrument underwent expert review, pilot testing and internal consistency assessment, while more advanced psychometric testing was beyond the scope of this initial multicentre study. Data were analysed using descriptive statistics, group comparisons and multivariable linear regression; free-text responses were examined using inductive qualitative content analysis. The study was conceptually informed by a Donabedian structure-process-outcome framework and a capability-opportunity-motivation perspective on behaviour change.<h4>Results</h4>Of 640 eligible nurses, 428 provided analysable responses (usable response rate 66.9%). The global ERAS implementation score (1-5) was 3.41 (SD 0.49). Implementation was highest for intraoperative/post-anaesthesia practices (3.82, SD 0.61) and preoperative education/optimisation (3.63, SD 0.72), and lowest for frailty and cognitive/delirium assessment (2.71, SD 0.81). Routine frailty assessment was reported by 23.4% and routine use of structured delirium screening tools by 30.8%. Higher implementation was independently associated with ERAS-specific training (B = 0.28, p < 0.001), geriatric/frailty training (B = 0.12, p = 0.008), working in hospitals with a formal ERAS pathway (B = 0.24, p < 0.001), higher perceived staffing adequacy (B = 0.09, p = 0.004), and greater experience (B = 0.04 per 5 years, p = 0.012) (adjusted R<sup>2</sup> = 0.38). Qualitative findings highlighted ERAS as an ""ideal rather than daily reality"", challenges in technology-dense environments, fragmented responsibilities, and the need for leadership and tailored education.<h4>Conclusion</h4>Perioperative nurses in these tertiary hospitals reported moderate implementation of ERAS-consistent care for older adults undergoing open and hybrid aortic vascular surgery, with substantial gaps in frailty assessment, delirium screening and geriatric-tailored practices. These gaps are clinically important because they may limit timely risk recognition and tailoring of perioperative care in a high-risk older surgical population. ERAS-specific and geriatric training, hospital-level ERAS pathways, perceived staffing adequacy and experience were associated with higher implementation and represent important modifiable targets, although causal relationships cannot be inferred from this cross-sectional survey.",0,,0.417,Include,Include,Matches 5 inclusion term(s).
41699608,10.1186/s12912-026-04445-x,"Work-family conflict, depression, burnout, and perceived patient safety culture among ICU nurses in four tertiary hospitals in the Western Region of Saudi Arabia: a cross-sectional study.",2026.0,"Rawas H, de Beer J, Alhazmi A, Beheri W, Ashrour S, Abu Shhadeh A, Saifan AR, Al-Yateem N.",,"<h4>Aim</h4>To assess how work-family conflict relates to depression, burnout, and ICU nurses' perceptions of patient safety culture in Saudi Arabia.<h4>Design</h4>A cross-sectional, correlational study.<h4>Methods</h4>A total of 276 ICU nurses from four tertiary hospitals in the Western Region of Saudi Arabia completed standardized instruments assessing depression (BDI-II), burnout (MBI-HSS), work-family conflict (Carlson et al.), and selected items from the Hospital Survey on Patient Safety Culture (HSOPSC) between May and August 2021. Data were analyzed using descriptive and inferential statistics, including correlation analysis and group comparisons using t-tests and ANOVA.<h4>Results</h4>High levels of psychological distress were identified: 28% of nurses reported moderate to severe depression, 24% reported high emotional exhaustion, and 89% experienced moderate to high work-family conflict. Depression was significantly correlated with burnout (ρ = 0.522, p < .001) and work-family conflict (ρ = 0.397, p < .001). Safety culture perceptions were fragmented, with low levels of error reporting and communication openness. Less experienced nurses showed higher depression levels.<h4>Conclusion</h4>ICU nurses in Saudi Arabia experience considerable mental health challenges that may compromise patient safety perceptions. Work-family conflict emerged as a key stressor linked to both depression and burnout.<h4>Impact</h4>These findings highlight an urgent need for system-level interventions to support nurses' well-being and psychological safety in ICU settings. Accordingly, mental health services and support programs should be integrated into ICU practice.<h4>Patient or public contribution</h4>As this was a workforce study there was no patient or public contribution.<h4>Clinical trial registration</h4>Not applicable. This study is not a clinical trial.",0,,0.417,Include,Include,Matches 5 inclusion term(s).
42249334,10.1186/s12245-026-01260-8,Effect of a mobile-based intervention (Code Sama) on door-to-needle time in acute ischemic stroke patients: a quasi-experimental study.,2026.0,"Fadaei S, Zamanzadeh V, Monjazebi F.",,"<h4>Introduction</h4>Door-to-needle (DTN) time is a critical performance metric in acute ischemic stroke management, as delays are directly associated with poorer clinical outcomes. This study evaluated the effect of a mobile-based software intervention (Code Sama) on reducing DTN time in the emergency department (ED).<h4>Methods</h4>This quasi-experimental study employed a non-equivalent control group, pretest-posttest design, conducted at a comprehensive stroke center in Tabriz, Iran. Sixty emergency department nurses participated in implementing a mobile-based clinical decision support application. Patient data were collected through direct observation using a validated timing checklist. The control group comprised 60 acute ischemic stroke patients managed with routine care over an 8-week period. The intervention group included 60 patients treated after nurses received training on and began using the ""Code Sama"" application. The primary outcome, door-to-needle time, was measured by trained observers present around the clock who recorded timestamps at key care milestones. Data were analyzed using independent t-tests following confirmation of normality assumptions.<h4>Results</h4>Patient groups were homogenous regarding baseline demographic and clinical characteristics, including age, sex, and NIHSS score (p > 0.05). No significant difference was found in mean DTN time between the control group's baseline (48.60 ± 2.52 min) and the intervention group's pretest (48.23 ± 2.40 min). Following the intervention, the mean DTN time in the intervention group decreased significantly to 42.96 ± 1.45 min. This reduction was statistically significant compared to its own pretest (t(48) = 10.25, p < 0.001) and to the control group's post-period (t(47) = 10.58, p < 0.001), with a very large effect size (Cohen's d > 2.5).<h4>Conclusion</h4>Implementation of the ""Code Sama"" mobile-based intervention was associated with a significant reduction in door-to-needle time for acute ischemic stroke patients. These findings suggest this tool may serve as a feasible strategy to support emergency workflow optimization, though confirmation through randomized controlled trials is warranted.<h4>Trial registration</h4>This study was registered with the Iranian Registry of Clinical Trials (IRCT). We acknowledge that prospective registration would have been preferable the registration occurred because the study was initially conceptualized as a quality improvement initiative rather than a clinical trial. Upon recognition that the findings warranted publication, registration was completed to ensure transparency.",0,,0.333,Include,Include,Matches 4 inclusion term(s).
41514174,10.1111/ijn.70097,Missed Care Prevalence and Associated Factors in Acute Care Settings: A Systematic Review and Meta-Analysis.,2026.0,"Sarpong AA, Gent L, Towell-Barnard A, Arabiat D.",,"<h4>Aim</h4>The aim of the study was to comprehensively analyse the prevalence and factors associated with missed nursing care in acute care settings.<h4>Methods</h4>A systematic review was conducted to estimate the prevalence of missed nursing care, types of activities missed and associated factors in acute care hospital settings. Five electronic databases (CINAHL, Embase, Medline, PubMed and Scopus) were searched from inception to 14th December 2022. Type of missed care and associated factors were classified based on missed care concepts, definition and measurement. Random effects meta-analysis was performed to estimate proportions and levels of types of nursing activities missed.<h4>Results</h4>A total of 45 studies recruited 139 454 nurses reporting missed care activities. The most frequent activity missed was ambulation, with estimated prevalence of 46% (95%, CI [0.37, 0.55] I<sup>2</sup> = 99.6), followed by mouthcare 36% (95% CI [0.30, 0.43], I<sup>2</sup> = 99.7%), emotional support 33% (95% CI [0.26, 0.43], I<sup>2</sup> = 99.5%), bathing 31% (95% CI [0.22, 0.41], I<sup>2</sup> = 99.6%) and feeding 30% (95% CI [0.23, 0.38], I<sup>2</sup> = 99.5%). Limited workforce capacity was a major contributor to missed care.<h4>Conclusions</h4>This study reports significant missed basic nursing activities in healthcare settings globally, suggesting greater odds of unsafe patient outcomes of hospitalisation. Targeted preventative strategies need to be tailored to specific missed care activities.",1,,0.333,Include,Include,Matches 4 inclusion term(s).
41938923,10.3389/fpubh.2026.1791368,The moderating role of the case-mix index in the relationship between medical staff allocation and average cost per inpatient visit.,2026.0,"Xiong C, Xia Y, Xu S, Xiao J.",,"<h4>Background</h4>Greater medical staff allocation and higher Case-Mix Index (CMI) values are both associated with increased patient medical expenditures. However, it remains unclear whether CMI moderates the relationship between medical staff allocation and medical expenditures. The present study focus on whether medical staff allocation predicts the cost per inpatient visit, whether this association is enhanced under conditions of high CMI.<h4>Aim</h4>To explore the mechanism underlying the role of the CMI in the relationship between medical staff allocation and the average cost per inpatient visit.<h4>Methods</h4>Data were collected from 207 general hospitals in Hubei Province in 2019 using the cluster sampling method. Pearson's correlations were used to examine the associations between medical staff allocation, the CMI and the cost per inpatient visit. The moderating role of the CMI between medical staff allocation and the average cost per inpatient visit was analyzed using Model 1 of the PROCESS macro.<h4>Results</h4>The number of patients per doctor (<i>r</i> = -0.180, <i>p</i> < 0.01), beds per nurse (<i>r</i> = -0.181, <i>p</i> < 0.01), beds per doctor (<i>r</i> = -0.225, <i>p</i> < 0.01) and the average cost per inpatient visit showed a significant negative correlation. The CMI positively moderated the relationship between the average cost per inpatient visit and both the number of beds per doctor (<i>p</i> < 0.01) and the number of beds per nurse (<i>p</i> < 0.01). The moderating effect was stronger when hospitals had high CMI value influencing average cost per inpatient visit.<h4>Conclusion</h4>CMI value can enhance the negative effects of the number of beds per doctor or nurse on average cost per inpatient visit, revealing that rational CMI benchmark for the hospital or prioritizing disease categories with clinically appropriate treatment complexity can mitigate the extent to which healthcare workforce allocation influences rising medical expenditures. Reasonable medical staff allocation and the CMI serve as important factors in controlling the average cost per inpatient visit.",0,,0.333,Include,Include,Matches 4 inclusion term(s).
41922050,10.1136/bmjopen-2025-109196,Sick leave and engagement as workforce well-being proxies in hospital departments: a cross-sectional study of routinely collected organisational data in a Dutch academic hospital.,2026.0,"Bazuin T, Oerbekke MS, Bontjer S, Reijmerink IM, Dongelmans DA, Franx A, Wietasch JKG, Hooft L, van der Laan MJ.",,"<h4>Objectives</h4>Well-being of healthcare professionals (HCPs) is vital for care quality, staff retention and overall healthcare system effectiveness. This study aims to identify the organisational and workplace variables associated with sick leave and measures of engagement of HCPs on department level within a single Dutch academic hospital.<h4>Design</h4>Cross-sectional study using routinely collected organisational data.<h4>Setting</h4>A tertiary-care academic hospital in the Netherlands.<h4>Participants</h4>25 clinical departments were included. Department level variables were derived from routinely collected hospital databases. Availability of data varied across variables. Analysis included information on patient population, human resources, care processes, quality of care and employee and patient experiences to assess differences, correlations and predictors for sick leave and engagement.<h4>Primary and secondary outcome measures</h4>Primary outcome measures were (1) sick leave (%) and (2) engagement, assessed through two staff-survey items (vitality and connectedness; 0-10 Numeric Rating Scale). Both outcomes were analysed at department level.<h4>Results</h4>Employee population data showed the most consistent patterns across analyses. Departments with higher staffing capacity had higher sick leave and lower engagement in group comparisons (p=0.009, p=0.030, respectively). In multivariable models, higher staffing capacity remained associated with increased sick leave (B=1.38, 95% CI 0.53 to 2.23, p=0.003). Engagement was positively associated with higher inflow (B=0.92, 95% CI 0.06 to 1.77, p=0.037) and negatively associated with outflow (B = -1.36, 95% CI -2.08 to -0.63, p=0.001). No consistent associations were found with patient population and patient experience measures.<h4>Conclusions</h4>Workforce-related factors, particularly staffing capacity and inflow and outflow, are strongly linked to sick leave and engagement. Routinely collected hospital data can be used to identify at-risk departments and inform targeted strategies for improving workforce sustainability. Future studies should explore more granular, team-level data to better support staff well-being and care quality.",0,,0.333,Include,Include,Matches 4 inclusion term(s).
41514195,10.1111/scs.70175,The Correlation Between Stress of Conscience and Burnout Among Health Care Personnel at an Acute Care Hospital in Southern Sweden: A Cross-Sectional Study.,2026.0,"Ekstrand M, Ekwall A, Porter S.",,"<h4>Introduction</h4>Turnover rates among health-care personnel are rising, which could jeopardise patient safety and the quality of care. One contributing factor to the high turnover is the prevalence of mental distress. Stress of conscience among healthcare personnel has been shown to affect them negatively, and feeling that they cannot provide the care their patients need increases their stress levels. Therefore, an increased understanding of stress of conscience, its relation to burnout and its consequences for healthcare can improve hospital care for both patients and staff.<h4>Aim</h4>This study aimed to investigate the correlation between stress of conscience and burnout among health care personnel at an acute care hospital in southern Sweden.<h4>Ethical issues and approval</h4>This study was approved by the Swedish Ethical Review Authority and followed the guidelines of the Declaration of Helsinki.<h4>Methods</h4>The study used a descriptive cross-sectional design. A total of 167 healthcare personnel at an acute care hospital in southern Sweden completed a questionnaire based on the Stress of Conscience Instrument and Oldenburg Inventory Burnout Instrument.<h4>Results</h4>There was a positive correlation between the stress of conscience and burnout (p = 0.01, Spearman's rank correlation coefficient = 0.559). The results showed a statistically significant correlation between 'living situation' and stress of conscience, showing higher stress of conscience in groups living alone than in those living with a partner. The analysis also revealed a statistical significance between 'working schedule' and burnout, particularly in the groups working daytime and working shifts.<h4>Conclusion</h4>Stress of conscience is positively correlated with burnout among healthcare professionals. Shift workers were more likely to experience burnout, and HCP living alone reported higher levels of stress of conscience. These findings highlight the combined impact of personal and organisational factors, underscoring the need for interventions that address both domains to reduce burnout and support workforce wellbeing.",1,,0.333,Include,Include,Matches 4 inclusion term(s).
42018865,10.62675/2965-2774.20260088,The intensive care unit balancing act: integrated staffing models for better patient ratios.,2026.0,"Thomasian NM, Gershengorn HB, Wunsch H.",,,0,,0.25,Include,Include,Matches 3 inclusion term(s).
41805200,10.1097/anc.0000000000001341,Nurse-Driven Quality Indicators for Neonatal Intensive Care: A Delphi Consensus on Family-Integrated Priorities in NICUs.,2026.0,"Chen D, Yu Z, Li M, Hu F, Cai J, Yang Y, Zhang Y.",,"Nursing-sensitive quality indicators (NSQIs) are critical for evaluating neonatal care quality across 6 dimensions: safety, effectiveness, patient-centeredness, timeliness, efficiency, and equity. Existing frameworks (eg, 32-58 indicator sets) lack clinical utility and fail to address emerging priorities like family-centered care and lactation support. While the 2017 Chinese NSQI set improved practicality, it no longer aligns with global advancements in family-centered care, lactation, etc.<h4>Purpose</h4>This study establishes a nurse-driven NSQI framework for neonatal intensive care units (NICUs), integrating international evidence and current clinical needs.<h4>Methods</h4>We conducted a 3-phase study: (1) literature synthesis to identify potential NSQIs from international databases; (2) expert panel review to refine indicators through structured discussions; (3) a 2-round e-Delphi with 32 experts assessed indicators using 9-point scales. Consensus required median ≥7 and disagreement index <1.<h4>Results</h4>Two Delphi rounds achieved high response rates (96.8%, 100%) and expert reliability (Cr = 0.855-0.865). Through iterative screening, 5/22 initial indicators and 8/17 revised indicators were excluded due to low feasibility/relevance (median = 1-3) and high degree of consistency (DI<1.00). Nine NICU indicators were validated with robust agreement.<h4>Implications for practice and research</h4>This study establishes China's first nurse-driven NSQI framework for NICU, delivering 9 evidence-based indicators that reconcile Chinese care priorities with localized clinical realities. It shifts neonatal nursing evaluation from theoretical models to actionable practice. These indicators enable efficient NICU quality management in resource-limited settings by prioritizing high-impact nursing actions. Multinational validation and outcome-based evaluations are needed to strengthen global relevance. Future iterations will integrate advanced metrics aligned with evolving clinical standards.",0,,0.183,Include,Include,Matches 4 inclusion term(s).
PMC13199418,,Development and Delphi Validation of a Comprehensive High Reliability Program to Improve Nursing Work Environment and Patient Safety,,"Almutairi A, Said F.",,,0,,0.167,Include,Include,Matches 2 inclusion term(s).
42010410,10.1186/s12912-026-04651-7,Nursing workload in Latvian intensive care units: a 3-month observation.,2026.0,"Cerela-Boltunova O, Millere I.",,,0,,0.083,Include,Include,Matches 1 inclusion term(s).
41803888,10.1186/s12913-026-14222-w,Addressing organizational risk factors and interventions during transitions of care for older patients: a systematic umbrella review.,2026.0,"Wagenaar B, Schouten B, Ket JCF, Wagner C, Merten H.",,,0,,0.083,Include,Include,Matches 1 inclusion term(s).
42087891,10.2147/oaem.s603948,Level of Emergency Preparedness and Associated Barriers at the Accident and Emergency Ward of a LMIC Hospital: A Cross-Sectional Assessment Using the WHO HEAT Tool.,2026.0,"Nabeshya J, Atiang E, Kwarikunda C, Luwaga R, Niyonzima V.",,"<h4>Background</h4>Emergency preparedness is a challenge for hospital emergency departments (EDs). In the USA, over 68% of 983 EDs were not emergency prepared, while in Ghana, one hospital's emergency preparedness level was only 57.4%. At the health facility level, several barriers to emergency preparedness have been reported, including poor access to medical supplies, medications, and equipment; deficits in medical training; and the absence of formal clinical management protocols.<h4>Methodology</h4>A cross-sectional study was conducted at the Accident and Emergency (A&E) Ward of Mbarara Regional Referral Hospital (MRRH). Data was collected using the modified WHO HEAT checklist, completed by three (3) key hospital informants, who were preferred for their key insights over a large sample of general staff. Data fell into 11 variables with items in each variable scored between 0 and 2, then the total scores generated percentages. By univariate analysis, the level of emergency preparedness and the associated barriers at the A&E Ward of MRRH were determined.<h4>Results</h4>The overall emergency preparedness score at the A&E ward of MRRH was 62.6%, with the human resources category under ED capacity scoring the lowest (37.5%), while the consulting services category under ED resources scored the highest (71.4%). The two most common associated barriers to emergency preparedness in the A&E were medicine stockouts (35.0%) and missing emergency equipment (29.2%), while the least reported barriers were user fees (2.2%), and opening hours (0.7%).<h4>Conclusion</h4>According to this study, the level of emergency preparedness in the A&E ward of MRRH was weak, with low level of human resource, and weak quality improvement checks the most contributing factors. The highest reported barriers to strong emergency preparedness in the A&E ward of MRRH were medication stockouts and the absence of emergency equipment.",0,,0.083,Include,Include,Matches 1 inclusion term(s).
40736120,10.62675/2965-2774.20250381,The relationship between nursing workload and quality of care in intensive care units.,2025.0,"Bruyneel A, Lucchini A, Dauvergne JE.",,,0,,0.083,Include,Include,Matches 1 inclusion term(s).
41981569,10.1186/s12912-026-04642-8,Description of the Hospitals' transition towards a culture of magnet attraction in Finland.,2026.0,"Nurmeksela A, Junttila K, Heikkilä A, Kaunonen M, Kortteisto T, Suhonen R, Kvist T.",,,0,,0.083,Include,Include,Matches 1 inclusion term(s).
42251730,10.1093/ije/dyag088,Data Resource Profile Update: The Dutch National Intensive Care Evaluation (NICE) registry.,2026.0,"Bakhshi-Raiez F, Roos-Blom MJ, Dongelmans DA, van den Boogaard M, van Bussel BCT, de Lange DW, Bosman RJ, van den Berg R, Arbous SM, de Haan JE, Spijkstra JJ, Benjamins D, Krijgsman L, de Rooij MH, Erkamp ML, de Graaff MJ, de Waal RAL, de Keizer NF, Brinkman S.",,,0,,0.0,Exclude,Exclude,No inclusion terms matched.
PMC13226588,,Failure-to-rescue in surgical practice: a systematic review and critical appraisal of recent clinical studies,,"Varrella C, Benzoni C, Biondi A, D'Ugo D, Lorenzon L.",,,0,,0.0,Exclude,Exclude,No inclusion terms matched.
