ID,DOI,Title,Year,Authors,Venue,Abstract,Citations,Concepts,Relevance_Score,AL_Decision,LLM_Decision,LLM_Justification
https://openalex.org/W2800146971,https://doi.org/10.1080/14693062.2018.1467827,Carbon pricing in practice: a review of existing emissions trading systems,2018.0,Easwaran Narassimhan; Kelly Sims Gallagher; Stefan Koester; Julio Rivera Alejo,Climate Policy,"This article analyses the implementation of emissions trading systems (ETSs) in eight jurisdictions: the EU, Switzerland, the Regional Greenhouse Gas Initiative (RGGI) and California in the US, Québec in Canada, New Zealand, the Republic of Korea and pilot schemes in China. The article clarifies what is working, what isn’t and why, when it comes to the practice of implementing an ETS. The eight ETSs are evaluated against five main criteria: environmental effectiveness, economic efficiency, market management, revenue management and stakeholder engagement. Within each of these categories, ETS attributes − including abatement cost, stringency of the cap, improved allocation practices over time and the trajectory of price stability − are assessed for each system. Institutional learning, administrative prudence, appropriate carbon revenue management and stakeholder engagement are identified as key ingredients for successful ETS regimes. Recent implementation of ETSs in regions including California, Québec and South Korea indicates significant institutional learning from prior systems, especially the EU ETS, with these regions implementing more robust administrative and regulatory structures suitable for handling unique national and sub-national opportunities and constraints. The analysis also shows that there is potential for a ‘double dividend’ in emissions reductions even with a modest carbon price, provided the cap tightens over time and a portion of the auctioned revenues are reinvested in other emissions-reduction activities. Knowledge gaps exist in understanding the interaction of pricing instruments with other climate policy instruments and how governments manage these policies to achieve optimum emissions reductions with lower administrative costs.Key policy insights Countries are learning from each other on ETS implementation.Administrative and regulatory structures of ETS jurisdictions appear to evolve and become more robust in every ETS analysed.A ‘double dividend’ for emissions reductions may also exist in cases where mitigation occurs as a result of the ETS policy and when auction revenues are reinvested in other emissions-reduction activities.",488,Emissions trading; Greenhouse gas; Business; Carbon offset; Carbon fibers,0.75,Include,Include,Matches 9 inclusion term(s).
https://openalex.org/W2820610938,https://doi.org/10.1080/14693062.2018.1492897,Carbon taxes and greenhouse gas emissions trading systems: what have we learned?,2018.0,Erik Haites,Climate Policy,"Systematic evidence relating to the performance of carbon pricing – carbon taxes and greenhouse gas (GHG) emissions trading systems (ETSs) – is sparse. In 2015, 17 ETSs were operational in 55 jurisdictions while 18 jurisdictions collected a carbon tax. The papers in this special thematic section review the performance of many of these instruments over the 2005–2015 period. The performance of existing carbon taxes and GHG ETSs can help policy makers make informed choices about whether to introduce these instruments and to improve their design. The purpose of carbon pricing instruments is to reduce GHG emissions cost effectively. Assessing their performance is difficult because emissions are also affected by other policies and exogenous factors such as economic conditions. Carbon taxes in Europe prior to 2008 and in British Columbia reduced emissions from business-as-usual but actual emissions continued to rise. Since 2008 emissions subject to European carbon taxes have declined, but in most countries, other mitigation policies have probably contributed more to the reductions than the carbon taxes. Emissions subject to ETSs, with the exception of four systems without emissions caps, have declined. The ETSs contributed to the emissions reductions, but their share of the overall reduction is not known. Most tax rates are low relative to levels thought to be needed to achieve climate change objectives. Few jurisdictions regularly adjust their tax rates. All ETSs have accumulated surplus allowances and implemented measures to reduce these surpluses. The largest ETSs now specify annual reductions in their emissions cap several years into the future. Emissions trading system allowance prices are generally lower than the tax rates.Key policy insights Theoretical discussions usually portray carbon taxes and GHG ETSs as alternatives. In practice, a jurisdiction often implements both instruments to address emissions by different sources.Designs of ETSs have evolved based on experience shared bilaterally and via dedicated institutions.Carbon tax designs, in contrast, have hardly evolved and there are no institutions dedicated to sharing experience.Every jurisdiction with an ETS and/or carbon tax also has other policies that affect its GHG emissions.",338,Greenhouse gas; Emissions trading; Carbon tax; Natural resource economics; Business,0.75,Include,Include,Matches 9 inclusion term(s).
https://openalex.org/W3089879809,https://doi.org/10.1002/wcc.681,The effect of carbon pricing on technological change for full energy decarbonization: A review of empirical ex‐post evidence,2020.0,Johan Lilliestam; Anthony Patt; Germán Bersalli,Wiley Interdisciplinary Reviews Climate Change,"Abstract In order to achieve the temperature goals of the Paris Agreement, the world must reach net‐zero carbon emissions around mid‐century, which calls for an entirely new energy system. Carbon pricing, in the shape of taxes or emissions trading schemes, is often seen as the main, or only, necessary climate policy instrument, based on theoretical expectations that this would promote innovation and diffusion of the new technologies necessary for full decarbonization. Here, we review the empirical knowledge available in academic ex‐post analyses of the effectiveness of existing, comparatively high‐price carbon pricing schemes in the European Union, New Zealand, British Columbia, and the Nordic countries. Some articles find short‐term operational effects, especially fuel switching in existing assets, but no article finds mentionable effects on technological change. Critically, all articles examining the effects on zero‐carbon investment found that existing carbon pricing scheme have had no effect at all. We conclude that the effectiveness of carbon pricing in stimulating innovation and zero‐carbon investment remains a theoretical argument. So far, there is no empirical evidence of its effectiveness in promoting the technological change necessary for full decarbonization. This article is categorized under: Climate Economics &gt; Economics of Mitigation",186,Emissions trading; Investment (military); Economics; Carbon price; Climate change,0.75,Include,Include,Matches 9 inclusion term(s).
https://openalex.org/W1503957715,https://doi.org/10.3390/su70810684,Investment Strategy of Emission-Reduction Technology in a Supply Chain,2015.0,Gao Lou; Hai Tao Xia; Jie Zhang; Tijun Fan,Sustainability,"Greenhouse gas emissions have serious impacts on the natural environment. Therefore, the restrictions imposed on carbon emission force enterprises to take carbon emission into consideration when making production decisions. In this paper, in the context of allowing emission trading and investment of emission reduction technology, models were presented for a two-stage supply chain to analyze the optimal investment and pricing decisions. The results indicate that manufacturer’s endurance capacity of reduction difficulty is higher in the cooperation model than in the Stackelberg game model, and that perfect coordination of supply chains can be realized by a revenue sharing contract. From the perspective of a consumer, low-carbon products mean higher price, so that subsidies or tax exemptions should be provided to keep low prices. Meanwhile, the government can promote investment in emission-reduction technologies and achieve its emission reduction targets by controlling emission trading price, strengthening emission reduction publicity and providing technology investment subsidies.",107,Stackelberg competition; Greenhouse gas; Subsidy; Emissions trading; Investment (military),0.667,Include,Include,Matches 8 inclusion term(s).
https://openalex.org/W2792027006,https://doi.org/10.1080/14693062.2018.1437018,The impact of the Tokyo Metropolitan Emissions Trading Scheme on reducing greenhouse gas emissions: findings from a facility-based study,2018.0,Masayo Wakabayashi; Osamu Kimura,Climate Policy,"This paper provides a detailed analysis of the Tokyo Metropolitan Emissions Trading Scheme (Tokyo ETS), Japan’s first emissions trading scheme with mandatory cap initiated by the government of Tokyo. Unlike trading schemes in other countries, the Tokyo ETS covers indirect emissions from the commercial sector. It is well known that a variety of market barriers impede full realization of energy efficiency opportunities, especially in the commercial sector. Experiences with the Tokyo ETS should therefore provide important lessons for the design of climate change mitigation policies, especially when targeting the commercial sector. The emissions from covered entities have been drastically reduced from those at the scheme’s outset, with an average 14% reduction as of the end of the first commitment period of five years (2010–2014) compared with 2009 levels. This paper shows that the Tokyo ETS alone did not cause these reductions; there were other drivers. Among them, the energy savings triggered by the Great East Japan Earthquake in 2011 were crucial. The contribution of credit trading, in contrast, was limited since most of the covered entities reduced emissions by themselves. Through an investigation of official reports, an assessment of the emissions data from the covered entities compared to those of uncovered entities and in-depth interviews with firms covered by the scheme, this paper confirms that the main drivers of emissions reductions by covered entities were separate from the ETS. In fact, the advisory aspect of the scheme seems to be much more important in encouraging energy-saving actions.Key policy insights Most of the observed emission reductions were not caused by the Tokyo ETS alone.An advisory instrument was crucial to the effectiveness of the Tokyo ETS.The experience of the Tokyo ETS suggests that making full use of the advantages of emissions trading is difficult in the case of the commercial sector.Price signals have not provided a stimulus to climate change mitigation actions, which implies that establishing a cap to yield effective carbon prices poses a challenge.",52,Emissions trading; Greenhouse gas; Metropolitan area; Business; Clean Development Mechanism,0.667,Include,Include,Matches 8 inclusion term(s).
https://openalex.org/W2149397525,https://doi.org/10.3386/w13980,Analysis of U.S. Greenhouse Gas Tax Proposals,2008.0,Gilbert E. Metcalf; Sergey Paltsev; John M. Reilly; Henry D. Jacoby; Jennifer F. Holak,National Bureau of Economic Research,"The U.S. Congress is considering a set of bills designed to limit the nation's greenhouse gas (GHG) emissions. This paper complements the analysis by Paltsev et al. (2007) of cap-and-trade bills and applies the MIT Emissions Prediction and Policy Analysis (EPPA) model to carry out an analysis of the tax proposals. Several lessons emerge from this analysis. First, a low starting tax rate combined with a low rate of growth in the tax rate will not reduce emissions significantly. Second, the costs of GHG reductions are reduced with the inclusion of non-CO2 gases in the carbon tax scheme. Third, welfare costs of the policies can be affected by the rate of growth of the tax, even after controlling for cumulative emissions. Fourth, a carbon tax --like any form of carbon pricing --is regressive. However, general equilibrium considerations suggest that the short-run measured regressivity may be overstated. Additionally, the regressivity can be offset with a carefully designed rebate of some or all of the revenue. Finally, the carbon tax bills that have been proposed or submitted are for the most part comparable to many of the carbon cap-and-trade proposals that have been suggested. Thus the choice between a carbon tax and cap-and-trade system can be made on the basis of considerations other than their effectiveness at reducing emissions over some control period.",39,Greenhouse gas; Environmental science; Economics; Geology; Oceanography,0.667,Include,Include,Matches 8 inclusion term(s).
https://openalex.org/W4226200120,https://doi.org/10.1007/s10640-022-00679-w,Does a Carbon Tax Reduce CO2 Emissions? Evidence from British Columbia,2022.0,Felix Pretis,Environmental and Resource Economics,"Abstract Using difference-in-differences, synthetic control, and introducing a new break-detection approach, I show that the introduction of North America’s first major carbon tax has reduced transportation emissions but not ‘yet’ led to large statistically significant reductions in aggregate CO 2 emissions. Proposing a new method to assess policy based on breaks in difference-in-differences using machine learning, I demonstrate that neither carbon pricing nor trading schemes in other provinces are detected as large and statistically significant interventions. Instead, closures and efficiency-improvements in emission-intense industries in untaxed provinces have reduced emissions. Overall, the results show that existing carbon taxes (and prices) are likely too low to be effective in the time frame since their introduction.",139,Carbon tax; Greenhouse gas; Significant difference; Difference in differences; Economics,0.583,Include,Include,Matches 7 inclusion term(s).
https://openalex.org/W4396956648,https://doi.org/10.1038/s41467-024-48512-w,Systematic review and meta-analysis of ex-post evaluations on the effectiveness of carbon pricing,2024.0,Niklas Döbbeling; Klaas Miersch; Tarun Khanna; Marion Bachelet; Stephan B. Bruns,Nature Communications,"Today, more than 70 carbon pricing schemes have been implemented around the globe, but their contributions to emissions reductions remains a subject of heated debate in science and policy. Here we assess the effectiveness of carbon pricing in reducing emissions using a rigorous, machine-learning assisted systematic review and meta-analysis. Based on 483 effect sizes extracted from 80 causal ex-post evaluations across 21 carbon pricing schemes, we find that introducing a carbon price has yielded immediate and substantial emission reductions for at least 17 of these policies, despite the low level of prices in most instances. Statistically significant emissions reductions range between -5% to -21% across the schemes (-4% to -15% after correcting for publication bias). Our study highlights critical evidence gaps with regard to dozens of unevaluated carbon pricing schemes and the price elasticity of emissions reductions. More rigorous synthesis of carbon pricing and other climate policies is required across a range of outcomes to advance our understanding of ""what works"" and accelerate learning on climate solutions in science and policy.",126,Meta-analysis; Computer science; Medicine; Internal medicine,0.583,Include,Include,Matches 7 inclusion term(s).
https://openalex.org/W2810502102,https://doi.org/10.1016/j.enpol.2018.06.020,Carbon pricing and deep decarbonisation,2018.0,Endre Tvinnereim; Michael Mehling,Energy Policy,"Experts frequently point to carbon pricing as the most cost-effective tool for reducing greenhouse gas emissions. Empirical studies show that carbon pricing can successfully incentivise incremental emissions reductions. But meeting temperature targets within defined timelines as agreed under the Paris Agreement requires more than incremental improvements: it requires achieving net zero emissions within a few decades. To date, there is little evidence that carbon pricing has produced deep emission reductions, even at high prices. While much steeper carbon prices may deliver greater abatement, political economy constraints render their feasibility doubtful. An approach with multiple instruments, including technology mandates and targeted support for innovation, is indispensable to avoid path dependencies and lock-in of long-lived, high-carbon assets. We argue that carbon pricing serves several important purposes in such an instrument mix, but also that the global commitment to deep decarbonisation requires acknowledging the vital role of instruments other than carbon pricing.",248,Greenhouse gas; Timeline; Carbon price; Carbon fibers; Environmental economics,0.583,Include,Include,Matches 7 inclusion term(s).
https://openalex.org/W2777535358,https://doi.org/10.3386/w17569,The Promise and Problems of Pricing Carbon: Theory and Experience,2011.0,Joseph E. Aldy; Robert N. Stavins,National Bureau of Economic Research,"Because of the global commons nature of climate change, international cooperation among nations will likely be necessary for meaningful action at the global level. At the same time, it will inevitably be up to the actions of sovereign nations to put in place policies that bring about meaningful reductions in the emissions of greenhouse gases. Due to the ubiquity and diversity of emissions of greenhouse gases in most economies, as well as the variation in abatement costs among individual sources, conventional environmental policy approaches, such as uniform technology and performance standards, are unlikely to be sufficient to the task. Therefore, attention has increasingly turned to market-based instruments in the form of carbon-pricing mechanisms. We examine the opportunities and challenges associated with the major options for carbon pricing: carbon taxes, cap-and-trade, emission reduction credits, clean energy standards, and fossil fuel subsidy reductions.",159,Economics; Mathematical economics,0.583,Include,Include,Matches 7 inclusion term(s).
https://openalex.org/W2601726021,https://doi.org/10.1002/wcc.462,"Carbon pricing in climate policy: seven reasons, complementary instruments, and political economy considerations",2017.0,Andrea Baranzini; Jeroen C.J.M. van den Bergh; Stefano Carattini; Richard B. Howarth; Emilio Padilla,Wiley Interdisciplinary Reviews Climate Change,"Carbon pricing is a recurrent theme in debates on climate policy. Discarded at the 2009 COP in Copenhagen, it remained part of deliberations for a climate agreement in subsequent years. As there is still much misunderstanding about the many reasons to implement a global carbon price, ideological resistance against it prospers. Here, we present the main arguments for carbon pricing, to stimulate a fair and well‐informed discussion about it. These include considerations that have received little attention so far. We stress that a main reason to use carbon pricing is environmental effectiveness at a relatively low cost, which in turn contributes to enhance social and political acceptability of climate policy. This includes the property that corrected prices stimulate rapid environmental innovations. These arguments are underappreciated in the public debate, where pricing is frequently downplayed and the erroneous view that innovation policies are sufficient is widespread. Carbon pricing and technology policies are, though, largely complementary and thus are both needed for effective climate policy. We also comment on the complementarity of other instruments to carbon pricing. We further discuss distributional consequences of carbon pricing and present suggestions on how to address these. Other political economy issues that receive attention are lobbying, co‐benefits, international policy coordination, motivational crowding in/out, and long‐term commitment. The overview ends with reflections on implementing a global carbon price, whether through a carbon tax or emissions trading. The discussion goes beyond traditional arguments from environmental economics by including relevant insights from energy research and innovation studies as well. WIREs Clim Change 2017, 8:e462. doi: 10.1002/wcc.462 This article is categorized under: Climate Economics &gt; Economics of Mitigation",463,Complementarity (molecular biology); Carbon price; Economics; Politics; Ideology,0.583,Include,Include,Matches 7 inclusion term(s).
https://openalex.org/W4296268694,https://doi.org/10.1108/ijccsm-06-2022-0074,Research on the emission reduction effects of carbon trading mechanism on power industry: plant-level evidence from China,2022.0,Yonghui Han; Shuting Tan; Chaowei Zhu; Yang Liu,International Journal of Climate Change Strategies and Management,"Purpose Carbon trading mechanism has been adopted to foster the green transformation of the economy on a global scale, but its effectiveness for the power industry remains controversial. Given that energy-related greenhouse gas emissions account for most of all anthropogenic emissions, this paper aims to evaluate the effectiveness of this trading mechanism at the plant level to support relevant decision-making and mechanism design. Design/methodology/approach This paper constructs a novel spatiotemporal data set by matching satellite-based high-resolution (1 × 1 km) CO 2 and PM 2.5 emission data with accurate geolocation of power plants. It then applies a difference-in-differences model to analyse the impact of carbon trading mechanism on emission reduction for the power industry in China from 2007 to 2016. Findings Results suggest that the carbon trading mechanism induces 2.7% of CO 2 emission reduction and 6.7% of PM 2.5 emission reduction in power plants in pilot areas on average. However, the reduction effect is significant only in coal-fired power plants but not in gas-fired power plants. Besides, the reduction effect is significant for power plants operated with different technologies and is more pronounced for those with outdated production technology, indicating the strong potential for green development of backward power plants. The reduction effect is also more intense for power plants without affiliation relationships than those affiliated with particular manufacturers. Originality/value This paper identifies the causal relationship between the carbon trading mechanism and emission reduction in the power industry by providing an innovative methodology for identifying plant-level emissions based on high-resolution satellite data, which has been practically absent in previous studies. It serves as a reference for stakeholders involved in detailed policy formulation and execution, including policymakers, power plant managers and green investors.",71,Greenhouse gas; Emissions trading; Electric power industry; Power station; Clean Development Mechanism,0.583,Include,Include,Matches 7 inclusion term(s).
https://openalex.org/W4317042476,https://doi.org/10.1038/s41598-023-28154-6,Effects of emission trading scheme (ETS) on change rate of carbon emission,2023.0,Hail Jung; Chang‐Keun Song,Scientific Reports,"This paper investigates the effects of Emission Trading Scheme (ETS) adoption on the country-level reduction rate of carbon emission. We first used Environmental Kuznets Curve (EKC) tests to group countries into three categories: inverse U-shaped and gamma-shaped EKC for decoupled countries, and a positive linear EKC for non-decoupled countries. We then examined the effectiveness of ETS adoption. We found ETS was effective for both post-industrial and pre-industrial economies. Compared to countries that have not adopted ETS, the carbon emission reduction (increment) rate of decoupled (non-decoupled) countries that have adopted ETS is faster (slower). Furthermore, ETS adoption significantly reduces overall carbon emissions per capita compared to other global events, such as oil crises. The results imply that a market-based mechanism is an effective strategy for achieving sustainable development, thus, providing insights for policymakers and governments to design effective carbon neutrality policies to achieve sustainable development.",51,Emissions trading; Kuznets curve; Per capita; Sustainable development; Carbon fibers,0.583,Include,Include,Matches 7 inclusion term(s).
https://openalex.org/W2149504589,https://doi.org/10.1073/pnas.1412514112,"Reductions in emissions from deforestation from Indonesia’s moratorium on new oil palm, timber, and logging concessions",2015.0,Jonah Busch; Kalifi Ferretti-Gallon; Jens Engelmann; Max Wright; Kemen Austin,Proceedings of the National Academy of Sciences,"To reduce greenhouse gas emissions from deforestation, Indonesia instituted a nationwide moratorium on new license areas (""concessions"") for oil palm plantations, timber plantations, and logging activity on primary forests and peat lands after May 2011. Here we indirectly evaluate the effectiveness of this policy using annual nationwide data on deforestation, concession licenses, and potential agricultural revenue from the decade preceding the moratorium. We estimate that on average granting a concession for oil palm, timber, or logging in Indonesia increased site-level deforestation rates by 17-127%, 44-129%, or 3.1-11.1%, respectively, above what would have occurred otherwise. We further estimate that if Indonesia's moratorium had been in place from 2000 to 2010, then nationwide emissions from deforestation over that decade would have been 241-615 MtCO2e (2.8-7.2%) lower without leakage, or 213-545 MtCO2e (2.5-6.4%) lower with leakage. As a benchmark, an equivalent reduction in emissions could have been achieved using a carbon price-based instrument at a carbon price of $3.30-7.50/tCO2e (mandatory) or $12.95-19.45/tCO2e (voluntary). For Indonesia to have achieved its target of reducing emissions by 26%, the geographic scope of the moratorium would have had to expand beyond new concessions (15.0% of emissions from deforestation and peat degradation) to also include existing concessions (21.1% of emissions) and address deforestation outside of concessions and protected areas (58.7% of emissions). Place-based policies, such as moratoria, may be best thought of as bridge strategies that can be implemented rapidly while the institutions necessary to enable carbon price-based instruments are developed.",222,Palm oil; Logging; Deforestation (computer science); Agroforestry; Environmental science,0.5,Include,Include,Matches 6 inclusion term(s).
https://openalex.org/W2913966977,https://doi.org/10.1007/s10584-019-02368-y,Implications of various effort-sharing approaches for national carbon budgets and emission pathways,2019.0,Nicole J. van den Berg; Heleen van Soest; Andries F. Hof; Michel den Elzen; Detlef P. van Vuuren,Climatic Change,"Abstract The bottom-up approach of the Nationally Determined Contributions (NDCs) in the Paris Agreement has led countries to self-determine their greenhouse gas (GHG) emission reduction targets. The planned ‘ratcheting-up’ process, which aims to ensure that the NDCs comply with the overall goal of limiting global average temperature increase to well below 2 °C or even 1.5 °C, will most likely include some evaluation of ‘fairness’ of these reduction targets. In the literature, fairness has been discussed around equity principles, for which many different effort-sharing approaches have been proposed. In this research, we analysed how country-level emission targets and carbon budgets can be derived based on such criteria. We apply novel methods directly based on the global carbon budget, and, for comparison, more commonly used methods using GHG mitigation pathways. For both, we studied the following approaches: equal cumulative per capita emissions, contraction and convergence, grandfathering, greenhouse development rights and ability to pay. As the results critically depend on parameter settings, we used the wide authorship from a range of countries included in this paper to determine default settings and sensitivity analyses. Results show that effort-sharing approaches that (i) calculate required reduction targets in carbon budgets (relative to baseline budgets) and/or (ii) take into account historical emissions when determining carbon budgets can lead to (large) negative remaining carbon budgets for developed countries. This is the case for the equal cumulative per capita approach and especially the greenhouse development rights approach. Furthermore, for developed countries, all effort-sharing approaches except grandfathering lead to more stringent budgets than cost-optimal budgets, indicating that cost-optimal approaches do not lead to outcomes that can be regarded as fair according to most effort-sharing approaches.",272,Greenhouse gas; Per capita; Equity (law); Environmental science; Limiting,0.5,Include,Include,Matches 6 inclusion term(s).
https://openalex.org/W3180530904,https://doi.org/10.3389/frsc.2021.696381,Keeping Track of Greenhouse Gas Emission Reduction Progress and Targets in 167 Cities Worldwide,2021.0,Ting Wei; Junliang Wu; Shaoqing Chen,Frontiers in Sustainable Cities,"Actions in cities shape the outcome of greenhouse gas (GHG) emission mitigation and our climate change response. Accurate and consistent carbon inventories are essential for identifying the main sources of emissions and global comparison of carbon reduction progress and would help inform targeted policies for low-carbon transition. To identify the effectiveness of historical carbon reduction policies, our study conducted energy-related GHG emission inventories for 167 globally distributed cities with information from different sectors, and assessed the city-scale near-term, mid-term, and long-term goals carbon mitigation targets from 2020 to 2050. On this basis, we propose mitigation strategies to achieve local and global climate targets. We found that, although Asian cities are the biggest carbon emitters in totals, the per capita GHG emissions of cities in developed countries are still generally higher than that in developing countries. In terms of sectors, the GHG emissions from the stationary energy uses (such as residential, commercial, and industrial buildings) and transportation sector contributed the most. However, cities in more developed nations have been inclined to set absolute carbon reduction targets before 2050, while intensity reduction target has been largely set for cities at the stage of rapid economic growth and accelerated industrialization. More ambitious and easily-tracked climate targets should be proposed by cities and more effective measures of reducing GHG emissions are required to stay consistent with the global ambition of climate change mitigation.",156,Greenhouse gas; Industrialisation; Climate change mitigation; Per capita; Climate change,0.5,Include,Include,Matches 6 inclusion term(s).
https://openalex.org/W3013534207,https://doi.org/10.1016/j.apenergy.2020.114848,Technologies and policies to decarbonize global industry: Review and assessment of mitigation drivers through 2070,2020.0,Jeffrey Rissman; Chris Bataille; Eric Masanet; Nate Aden; William R. Morrow,Applied Energy,"Fully decarbonizing global industry is essential to achieving climate stabilization, and reaching net zero greenhouse gas emissions by 2050–2070 is necessary to limit global warming to 2 °C. This paper assembles and evaluates technical and policy interventions, both on the supply side and on the demand side. It identifies measures that, employed together, can achieve net zero industrial emissions in the required timeframe. Key supply-side technologies include energy efficiency (especially at the system level), carbon capture, electrification, and zero-carbon hydrogen as a heat source and chemical feedstock. There are also promising technologies specific to each of the three top-emitting industries: cement, iron & steel, and chemicals & plastics. These include cement admixtures and alternative chemistries, several technological routes for zero-carbon steelmaking, and novel chemical catalysts and separation technologies. Crucial demand-side approaches include material-efficient design, reductions in material waste, substituting low-carbon for high-carbon materials, and circular economy interventions (such as improving product longevity, reusability, ease of refurbishment, and recyclability). Strategic, well-designed policy can accelerate innovation and provide incentives for technology deployment. High-value policies include carbon pricing with border adjustments or other price signals; robust government support for research, development, and deployment; and energy efficiency or emissions standards. These core policies should be supported by labeling and government procurement of low-carbon products, data collection and disclosure requirements, and recycling incentives. In implementing these policies, care must be taken to ensure a just transition for displaced workers and affected communities. Similarly, decarbonization must complement the human and economic development of low- and middle-income countries.",984,Greenhouse gas; Environmental economics; Incentive; Business; Renewable energy,0.5,Include,Include,Matches 6 inclusion term(s).
https://openalex.org/W3014509841,https://doi.org/10.1073/pnas.1918128117,The European Union Emissions Trading System reduced CO <sub>2</sub> emissions despite low prices,2020.0,Patrick Bayer; Michaël Aklin,Proceedings of the National Academy of Sciences,"International carbon markets are an appealing and increasingly popular tool to regulate carbon emissions. By putting a price on carbon, carbon markets reshape incentives faced by firms and reduce the value of emissions. How effective are carbon markets? Observers have tended to infer their effectiveness from market prices. The general belief is that a carbon market needs a high price in order to reduce emissions. As a result, many observers remain skeptical of initiatives such as the European Union Emissions Trading System (EU ETS), whose price remained low (compared to the social cost of carbon). In this paper, we assess whether the EU ETS reduced [Formula: see text] emissions despite low prices. We motivate our study by documenting that a carbon market can be effective if it is a credible institution that can plausibly become more stringent in the future. In such a case, firms might cut emissions even though market prices are low. In fact, low prices can be a signal that the demand for carbon permits weakens. Thus, low prices are compatible with successful carbon markets. To assess whether the EU ETS reduced carbon emissions even as permits were cheap, we estimate counterfactual carbon emissions using an original sectoral emissions dataset. We find that the EU ETS saved about 1.2 billion tons of [Formula: see text] between 2008 and 2016 (3.8%) relative to a world without carbon markets, or almost half of what EU governments promised to reduce under their Kyoto Protocol commitments. Emission reductions in sectors covered under the EU ETS were higher.",495,Carbon price; Emissions trading; Greenhouse gas; Order (exchange); Carbon fibers,0.5,Include,Include,Matches 6 inclusion term(s).
https://openalex.org/W2204741473,https://doi.org/10.1088/1748-9326/10/12/125012,Trading forests: land-use change and carbon emissions embodied in production and exports of forest-risk commodities,2015.0,Sabine Henders; U. Martin Persson; Thomas Kästner,Environmental Research Letters,"Production of commercial agricultural commodities for domestic and foreign markets is increasingly driving land clearing in tropical regions, creating links and feedback effects between geographically separated consumption and production locations. Such teleconnections are commonly studied through calculating consumption footprints and quantifying environmental impacts embodied in trade flows, e.g., virtual water and land, biomass, or greenhouse gas emissions. The extent to which land-use change (LUC) and associated carbon emissions are embodied in the production and export of agricultural commodities has been less studied. Here we quantify tropical deforestation area and carbon emissions from LUC induced by the production and the export of four commodities (beef, soybeans, palm oil, and wood products) in seven countries with high deforestation rates (Argentina, Bolivia, Brazil, Paraguay, Indonesia, Malaysia, and Papua New Guinea). We show that in the period 2000-2011, the production of the four analyzed commodities in our seven case countries was responsible for 40% of total tropical deforestation and resulting carbon losses. Over a third of these impacts was embodied in exports in 2011, up from a fifth in 2000. This trend highlights the growing influence of global markets in deforestation dynamics. Main flows of embodied LUC are Latin American beef and soybean exports to markets in Europe, China, the former Soviet bloc, the Middle East and Northern Africa, whereas embodied emission flows are dominated by Southeast Asian exports of palm oil and wood products to consumers in China, India and the rest of Asia, as well as to the European Union. Our findings illustrate the growing role that global consumers play in tropical LUC trajectories and highlight the need for demand-side policies covering whole supply chains. We also discuss the limitations of such demand-side measures and call for a combination of supply-and demand-side policies to effectively limit tropical deforestation, along with research into the interactions of different types of policy interventions.",344,"Deforestation (computer science); Greenhouse gas; Land use, land-use change and forestry; Natural resource economics; Consumption (sociology)",0.5,Include,Include,Matches 6 inclusion term(s).
https://openalex.org/W3023444611,https://doi.org/10.1016/j.egyr.2020.03.001,How does carbon tax affect social welfare and emission reduction in Finland?,2020.0,Mojtaba Khastar; Alireza Aslani; Mehdi Nejati,Energy Reports,"Environmental concerns related to fossil fuels utilization has developed different energy/environmental policy tools that Carbon tax is one of the important ones. There are huge debates among different political parties related to the positive and negative effects of the carbon tax on the energy and environmental policies of the countries. However, carbon tax not only can have effects on the utilization and consumption of energy sources portfolios, but it may also have negative or positive effects on the economy, industry, and social welfare of the countries that should be identified and analyzed, in particular for countries with high energy-intensive industries such as Finland. The purpose of this research is to answer the question: “How does Carbon Tax affect social welfare and emission reduction in Finland?” We use the computable general equilibrium model to analyze the impact of the carbon tax on social welfare and the rate of emission reduction. Considering the fact that Finland has several years of carbon tax policy application background, evaluation of the impact of this policy on Finland’s social-environmental structure is very valuable for other countries, especially newcomers. Our results show that despite carbon tax policy in Finland has been successful in the reduction of carbon dioxide emissions, however, it has negative effects on the social welfare of Finns. Therefore, an optimum level of the carbon price is recommended for future policy revision",114,Carbon tax; Computable general equilibrium; Economics; Welfare; Natural resource economics,0.5,Include,Include,Matches 6 inclusion term(s).
https://openalex.org/W4323351062,https://doi.org/10.1016/j.eneco.2023.106604,Information spillovers between carbon emissions trading prices and shipping markets: A time-frequency analysis,2023.0,Bin Meng; Shuiyang Chen; Hercules Haralambides; Haibo Kuang; Lidong Fan,Energy Economics,"Climate change has become mankind's main challenge. Greenhouse gas (GHG) emissions from shipping are not totally irresponsible for this representing, roughly, 3% of the global total; an amount equal to that of Germany's total GHG emissions. The Fourth Greenhouse Gas Study 2020 of the International Maritime Organization (IMO) predicts that the share of GHG emissions from shipping will increase further, as international trade recovers and continues to grow, alongside with the economic development of India, China, and Africa. China and the European Union have proposed to include shipping in their carbon emissions trading systems (ETS). As a result, the study of the relationship between the carbon finance market and the shipping industry, attempted here for the first time, is both important and timely, both for policymakers and shipowners. We use wavelet analysis and the spillover index methods to explore the dynamic dependence and information spillovers between the carbon finance market and shipping. We discover a long-term dependence and information linkages between the two markets, with the carbon finance market being the dominant one. Major events, such as the 2009 global financial crisis; Brexit in 2016; the 2018 China-US trade frictions; and COVID-19 are shown to strengthen the dependence of carbon finance and shipping. We find that the dependence is strongest between the EU carbon finance market and dry bulk shipping, while the link is weaker in the case of tanker shipping. Nonetheless, carbon finance and tanker shipping showed a relatively stronger dependence when OPEC refused to cut production in 2014, and when the China-US trade disputes led to the collapse of oil prices after 2018. We show that information spillovers between carbon finance and shipping are bidirectional and asymmetric, with the carbon finance market being the principal transmitter of information. Our results and their interpretation provide guidance to governments on whether (and how) to include shipping in emissions trading schemes, supporting at the same time the environmental sustainability decisions of shipping companies.",65,Greenhouse gas; Spillover effect; China; Carbon finance; Economics,0.5,Include,Include,Matches 6 inclusion term(s).
https://openalex.org/W3027467245,https://doi.org/10.3389/fsufs.2020.00069,Challenges and Prospects for Agricultural Greenhouse Gas Mitigation Pathways Consistent With the Paris Agreement,2020.0,Sinead C. Leahy; H. Clark; Andy Reisinger,Frontiers in Sustainable Food Systems,"Global emissions pathways that would limit warming to 1.5 or well below 2°C, consistent with the temperature goal of the Paris Agreement, rely on substantial reductions of agricultural greenhouse gases (methane and nitrous oxide) along with reaching net zero carbon dioxide emissions from fossil fuels. Failure to reduce agricultural emissions would require even more rapid cuts of carbon dioxide emissions and could jeopardise the ability to limit warming to 1.5°C. Modelled pathways that achieve the necessary agricultural emission reductions do so by pricing agricultural emissions. However, there is a large gap between such model scenarios and reality when it comes to the agricultural sector. To date, no single country currently exposes agricultural emissions to any mandatory carbon price and current evidence suggests considerable reluctance to the application of other climate policies with comparable stringency to agriculture. A more realistic view is needed if we are to avoid modelled emission scenarios providing an overly optimistic picture of mitigation potentials from the agricultural sector. There are entry points for mitigation of agricultural greenhouse gases outside government price policies, but many questions remain around their scalability and efficacy. A comprehensive and accelerated effort will be needed to bridge the gap from modelled emissions to realistic policy pathways.",124,Greenhouse gas; Agriculture; Natural resource economics; Environmental science; Global warming,0.5,Include,Include,Matches 6 inclusion term(s).
https://openalex.org/W1577100503,https://doi.org/10.1787/236846121450,A Taxonomy of Instruments to Reduce Greenhouse Gas Emissions and their Interactions,2008.0,Romain Duval,OECD Economics Department working papers,"This paper reviews alternative (national and international) climate change mitigation policy instruments and interactions across them. Carbon taxes, cap-and-trade schemes, standards and technology-support policies (R&D and clean technology deployment) in particular are assessed according to three broad costeffectiveness criteria, their: i) static efficiency, defined to cover not just whether the instrument is costeffective per se but also whether it provides sufficient political incentives for wide adoption; ii) dynamic efficiency, which implies an efficient level of innovation and diffusion of clean technologies in order to lower future abatement costs; iii) ability to cope effectively with climate and economic uncertainties. Multiple market failures and political economy obstacles need to be addressed in order to meet these criteria. In this regard, carbon taxes or cap-and-trade schemes appear to perform better than alternatives. However, their cost-effectivenes can be enhanced through targeted use of other instruments. There is therefore room for climate policy packages.",57,Greenhouse gas; Incentive; Software deployment; Environmental economics; Order (exchange),0.5,Include,Include,Matches 6 inclusion term(s).
https://openalex.org/W2160935329,,Personal Carbon Trading and fuel price increases in the transport sector: an exploratory study of public response in the UK,2011.0,Helen Harwatt; Miles Tight; A Bristow; Astrid Gühnemann,Loughborough University Institutional Repository (Loughborough University),"Large reductions of greenhouse gas emissions are required in order to avoid the worst impacts of climate change. Road transport is a significant contributor to UK CO2 emissions, with the majority arising from personal road transport. This paper analyses Personal Carbon Trading (PCT) as a potentially powerful climate change policy tool and presents findings from an exploratory survey of public opinion. A working model of a PCT scheme with a fixed carbon cap was designed to achieve a 60% reduction of CO2 emissions from personal road transport by 2050. A proportion of the annual carbon budget would be given to individuals as a free carbon permit allocation. There is an opportunity to sell unused permits. Fuel price increases (FPI) were recognised as having the potential to achieve an identical emissions target at a much lower cost. A series of individual interviews were conducted to explore opinions related to the impacts, effectiveness, fairness and acceptability of both measures. Bespoke software was used to record behavioural response. The findings indicate that certain design aspects of the PCT scheme led to it being preferred to the FPI and suggest that the potential behavioural response to PCT may be greater than for a FPI. However, given that the sample was small and biased towards the highly educated and those with above average incomes, the findings should be considered as preliminary indications. Further detailed research is required.",29,Bespoke; Greenhouse gas; Climate change; Public transport; Emissions trading,0.433,Include,Include,Matches 7 inclusion term(s).
https://openalex.org/W3023905469,https://doi.org/10.3386/w19824,Linkage of Greenhouse Gas Emissions Trading Systems: Learning from Experience,2014.0,Matthew Ranson; Robert N. Stavins,National Bureau of Economic Research,"The last ten years have seen the growth of linkages between many of the world's cap-and-trade systems for greenhouse gases (GHGs), both directly between systems, and indirectly via connections to credit systems such as the Clean Development Mechanism. If nations have tried to act in their own self-interest, this proliferation of linkages implies that for many nations, the expected benefits of linkage outweighed expected costs. In this paper, we draw on the past decade of experience with carbon markets to test a series of hypotheses about why systems have demonstrated this revealed preference for linking.",91,Greenhouse gas; Linkage (software); Emissions trading; Natural resource economics; Environmental science,0.417,Include,Include,Matches 5 inclusion term(s).
https://openalex.org/W4367187270,https://doi.org/10.1016/j.jenvman.2023.117990,The impact of green technology innovation on carbon dioxide emissions: The role of local environmental regulations,2023.0,Kaiwen Chang; Lanlan Liu; Dan Luo; Kai Xing,Journal of Environmental Management,"Environmental pollution has become a global issue attracting ever-increasing attention. Green technology innovation (GTI) is considered an effective strategy in countering this problem and helping achieve sustainability goals. However, the market failure suggests that intervention from the government is necessary to promote the effectiveness of technological innovation and hence, its positive social impacts on emissions reduction. This study investigates how the environmental regulation (ER) influences the relationship between green innovation and CO2 emissions reduction in China. Employing data from 30 provinces from the period 2003 to 2019, the Panel Fixed-effect model, the Spatial Durbin Model (SDM), the System Generalised Method of Moments (SYS-GMM) and the Difference-In-Difference (DID) models are applied to take issues relating to endogeneity and spatial impact into consideration. The results indicate that environmental regulations positively moderate the impact of green knowledge innovation (GKI) on CO2 emissions reduction but have a much weaker moderation effect when green process innovation (GPI) is considered. Among different types of regulatory instruments, investment-based regulation (IER) is the most effective in promoting the relationship between green innovation and emissions reduction, followed by command-and-control-based regulation (CER). Expenditure-based regulation (EER) is less effective and can encourage short-termism and opportunistic behaviour among firms, who can accept the paying of fines as a cheaper cost over the short-term than investment in green innovation. Moreover, the spatial spillover effect of green technological innovation on carbon emissions in neighbouring regions is confirmed, in particular when IER and CER are implemented. Lastly, the heterogeneity issue is further examined by considering differences in the economic development and the industrial structure across different regions, and the conclusions reached remain robust. This study identifies that the market-based regulatory instrument, IER, works best in promoting green innovation and emissions reduction among Chinese firms. It also encourages GKI which may assist firms in achieving long-term sustained growth. The study recommends further development of the green finance system to maximise the positive impact of this policy instrument.",278,Endogeneity; Spillover effect; Porter hypothesis; Panel data; Investment (military),0.417,Include,Include,Matches 5 inclusion term(s).
https://openalex.org/W4383312630,https://doi.org/10.1016/j.jenvman.2023.118525,Assessing the environmental impacts of renewable energy sources: A case study on air pollution and carbon emissions in China,2023.0,Xihui Haviour Chen; Kienpin Tee; Marwa Elnahass; Rizwan Ahmed,Journal of Environmental Management,"This study investigates the impact of renewable and non-renewable energy sources on carbon emissions in the context of China's 14th Five-Year Plan (2021-2025). The plan emphasises a ""Dual-control"" strategy of simultaneously setting energy consumption limits and reducing energy intensity for GDP (gross domestic product) in order to meet the targets of the five-year plan. Using a comprehensive dataset of Chinese energy and macroeconomic information spanning from 1990 to 2022, we conduct a Granger causality analysis to explore the relationship between energy sources and the level of air pollution. Our findings reveal a unidirectional link, wherein renewable energy contributes to a reduction in air pollution, while non-renewable energy sources lead to an increase. Despite the government's investment in renewable energy, our results show that China's economy remains heavily reliant on traditional energy sources (e.g., fossil fuels). This research is the first systematic examination of the interplay between energy usage and carbon emissions in the Chinese context. Our findings provide valuable insights for policy and market strategies aimed at promoting carbon neutrality and driving technological advancements in both government and industries.",363,Air pollution; Environmental science; Renewable energy; Greenhouse gas; Pollution,0.417,Include,Include,Matches 5 inclusion term(s).
https://openalex.org/W3173259708,https://doi.org/10.3389/fclim.2021.690023,Integrating Carbon Dioxide Removal Into European Emissions Trading,2021.0,Wilfried Rickels; Alexander Proelß; Oliver Geden; Julian Burhenne; Mathias Fridahl,Frontiers in Climate,"In one of the central scenarios for meeting an European Union-wide net zero greenhouse gas (GHG) emissions target by 2050, the emissions cap in the European Union Emissions Trading System (EU ETS) becomes net negative. Despite this ambition, no mechanism allows for the inclusion of CO 2 removal credits (CRCs) in the EU ETS to date. Amending the EU ETS legislation is required to create enabling conditions for a net negative cap. Here, we conceptually discuss various economic, legal, and political challenges surrounding the integration of CRCs into the EU ETS. To analyze cap-and-trade systems encompassing negative emissions, we introduce the effective (elastic) cap resulting from the integration of CRCs in addition to the regulatory (inelastic) cap, the latter now being binding for the net emissions only. Given current cost estimates for BECCS and DACCS, minimum quantities for the use of removals, as opposed to ceilings as currently discussed, would be required to promote the near-term integration of such technologies. Instead of direct interaction between the companies involved in emissions trading and the providers of CRCs, the regulatory authority could also transitionally act as an intermediary by buying CRCs and supplying them in turn conditional upon observed allowances prices, for example, by supporting a (soft) price collar. Contrary to a price collar without dedicated support from CRCs, in this case (net) compliance with the overall cap is maintained. EU legislation already provides safeguards for physical carbon leakage concerning CCS, making Bioenergy with Carbon Capture and Storage (BECCS) and Direct Air Capture and Storage prioritized for inclusion in the EU ETS. Furthermore, a special opportunity might apply for the inclusion of BECCS installations. Repealing the provision that installations exclusively using biomass are not covered by the ETS Directive, combined with freely allocated allowances to these installations, would allow operators of biomass installations to sell allowances made available through the use of BECCS. Achieving GHG neutrality in the EU by 2050 requires designing suitable incentive systems for CO 2 removal, which includes the option to open up EU emissions trading to CRCs.",116,Emissions trading; European union; Greenhouse gas; Clean Development Mechanism; Bio-energy with carbon capture and storage,0.417,Include,Include,Matches 5 inclusion term(s).
https://openalex.org/W2064574907,https://doi.org/10.1061/(asce)wr.1943-5452.0000072,Single-Objective versus Multiobjective Optimization of Water Distribution Systems Accounting for Greenhouse Gas Emissions by Carbon Pricing,2009.0,Wenyan Wu; Holger R. Maier; Angus R. Simpson,Journal of Water Resources Planning and Management,"Previous research has demonstrated that there are significant trade-offs between the competing objectives of minimizing costs and greenhouse gas (GHG) emissions for water distribution system (WDS) optimization. However, upon introduction of an emission trading scheme, GHG emissions are likely to be priced at a particular level. Thus, a monetary value can be assigned to GHG emissions, enabling a single-objective optimization approach to be used. This raises the question of whether the introduction of carbon pricing under an emission trading scheme will make the use of a multiobjective optimization approach obsolete or whether such an approach can provide additional insights that are useful in a decision-making context. In this paper, the above questions are explored via two case studies. The optimization results obtained for the two case studies using both single-objective and multiobjective approaches are analyzed. The analyses show that the single-objective approach results in a loss of trade-off information between the two objectives. In contrast, the multiobjective approach provides decision makers with more insight into the trade-offs between the two objectives. As a result, a multiobjective approach is recommended for the optimization of WDSs accounting for GHG emissions when considering carbon pricing.",83,Greenhouse gas; Multi-objective optimization; Context (archaeology); Emissions trading; Environmental economics,0.417,Include,Include,Matches 5 inclusion term(s).
https://openalex.org/W4252306408,https://doi.org/10.1596/978-1-4648-1728-1,State and Trends of Carbon Pricing 2021,2021.0,World Bank,The World Bank eBooks,"This report provides an up-to-date overview of existing and emerging carbon pricing instruments around the world, including international, national and subnational initiatives. It also investigates trends surrounding the development and implementation of carbon pricing instruments and how they could accelerate the delivery of long-term mitigation goals. Specifically, this includes the use of carbon taxes, emissions trading systems and crediting mechanisms. International cooperation on carbon pricing and the status of work surrounding Article 6 of the Paris Agreement is also canvassed.",243,State (computer science); Economics; Environmental science; Computer science; Algorithm,0.417,Include,Include,Matches 5 inclusion term(s).
https://openalex.org/W2108387609,https://doi.org/10.1111/j.1477-9552.2010.00268.x,Marginal Abatement Cost Curves for UK Agricultural Greenhouse Gas Emissions,2010.0,Dominic Moran; Michael MacLeod; E. Wall; Vera Eory; Alistair McVittie,Journal of Agricultural Economics,"Abstract This article addresses the challenge of developing a ‘bottom‐up’ marginal abatement cost curve (MACC) for greenhouse gas (GHG) emissions from UK agriculture. An MACC illustrates the costs of specific crop, soil and livestock abatement measures against a ‘business as usual’ scenario. The results indicate that in 2022 under a specific policy scenario, around 5.38 Mt CO 2 equivalent (e) could be abated at negative or zero cost. A further 17% of agricultural GHG emissions (7.85 Mt CO 2 e) could be abated at a lower unit cost than the UK Government’s 2022 shadow price of carbon [£34 (tCO 2 e) −1 ]. The article discusses a range of methodological hurdles that complicate cost‐effectiveness appraisal of abatement in agriculture relative to other sectors.",129,Marginal abatement cost; Greenhouse gas; Agriculture; Shadow price; Marginal cost,0.417,Include,Include,Matches 5 inclusion term(s).
https://openalex.org/W2914509255,https://doi.org/10.1016/j.erss.2019.02.001,It starts at home? Climate policies targeting household consumption and behavioral decisions are key to low-carbon futures,2019.0,Ghislain Dubois; Benjamin K. Sovacool; Carlo Aall; Maria Nilsson; Carine Barbier,Energy Research & Social Science,"Through their consumption behavior, households are responsible for 72% of global greenhouse gas emissions. Thus, they are key actors in reaching the 1.5 °C goal under the Paris Agreement. However, the possible contribution and position of households in climate policies is neither well understood, nor do households receive sufficiently high priority in current climate policy strategies. This paper investigates how behavioral change can achieve a substantial reduction in greenhouse gas emissions in European high-income countries. It uses theoretical thinking and some core results from the HOPE research project, which investigated household preferences for reducing emissions in four European cities in France, Germany, Norway and Sweden. The paper makes five major points: First, car and plane mobility, meat and dairy consumption, as well as heating are the most dominant components of household footprints. Second, household living situations (demographics, size of home) greatly influence the household potential to reduce their footprint, even more than country or city location. Third, household decisions can be sequential and temporally dynamic, shifting through different phases such as childhood, adulthood, and illness. Fourth, short term voluntary efforts will not be sufficient by themselves to reach the drastic reductions needed to achieve the 1.5 °C goal; instead, households need a regulatory framework supporting their behavioral changes. Fifth, there is a mismatch between the roles and responsibilities conveyed by current climate policies and household perceptions of responsibility. We then conclude with further recommendations for research and policy.",603,Greenhouse gas; Consumption (sociology); Futures contract; Climate change; Carbon footprint,0.417,Include,Include,Matches 5 inclusion term(s).
https://openalex.org/W2803333083,https://doi.org/10.7916/d8-w2nc-4103,Report of the High-Level Commission on Carbon Prices,2017.0,"Joseph E. Stiglitz; Nicholas Stern; Duan, Maosheng; Edenhofer, Ottmar; Giraud, Gaël",,"The purpose of this Commission is to explore explicit carbon-pricing options and levels that would induce the change in behaviors— particularly in those driving the investments in infrastructure, technology, and equipment—needed to deliver on the temperature objective of the Paris Agreement, in a way that fosters economic growth and development, as expressed in the Sustainable Development Goals (SDGs). This report does not focus on the estimation and evaluation of the climate change impacts that would be avoided by reducing carbon emissions. While the Commission also covers other policies relevant and important to carbon-pricing design and delivery on the Paris agreement, its primary focus is on pricing. This report has been prepared based on the Commission’s assessment of the available evidence and literature as well as on its members’ judgment, developed through their extensive international policy experience. While the commissioners are in broad agreement on the overall thrust of the arguments presented in the report, they may not necessarily support every single assertion and conclusion.",640,Commission; Conference of the parties; United Nations Framework Convention on Climate Change; Convention; Climate change,0.417,Include,Include,Matches 5 inclusion term(s).
https://openalex.org/W4220773259,https://doi.org/10.3389/fenrg.2021.743114,Sustainable Energy Transition for Renewable and Low Carbon Grid Electricity Generation and Supply,2022.0,Moses Jeremiah Barasa Kabeyi; Oludolapo Akanni Olanrewaju,Frontiers in Energy Research,"The greatest sustainability challenge facing humanity today is the greenhouse gas emissions and the global climate change with fossil fuels led by coal, natural gas and oil contributing 61.3% of global electricity generation in the year 2020. The cumulative effect of the Stockholm, Rio, and Johannesburg conferences identified sustainable energy development (SED) as a very important factor in the sustainable global development. This study reviews energy transition strategies and proposes a roadmap for sustainable energy transition for sustainable electricity generation and supply in line with commitments of the Paris Agreement aimed at reducing greenhouse gas emissions and limiting the rise in global average temperature to 1.5°C above the preindustrial level. The sustainable transition strategies typically consist of three major technological changes namely, energy savings on the demand side, generation efficiency at production level and fossil fuel substitution by various renewable energy sources and low carbon nuclear. For the transition remain technically and economically feasible and beneficial, policy initiatives are necessary to steer the global electricity transition towards a sustainable energy and electricity system. Large-scale renewable energy adoption should include measures to improve efficiency of existing nonrenewable sources which still have an important cost reduction and stabilization role. A resilient grid with advanced energy storage for storage and absorption of variable renewables should also be part of the transition strategies. From this study, it was noted that whereas sustainable development has social, economic, and environmental pillars, energy sustainability is best analysed by five-dimensional approach consisting of environmental, economic, social, technical, and institutional/political sustainability to determine resource sustainability. The energy transition requires new technology for maximum use of the abundant but intermittent renewable sources a sustainable mix with limited nonrenewable sources optimized to minimize cost and environmental impact but maintained quality, stability, and flexibility of an electricity supply system. Technologies needed for the transition are those that use conventional mitigation, negative emissions technologies which capture and sequester carbon emissions and finally technologies which alter the global atmospheric radiative energy budget to stabilize and reduce global average temperature. A sustainable electricity system needs facilitating technology, policy, strategies and infrastructure like smart grids, and models with an appropriate mix of both renewable and low carbon energy sources.",1042,Renewable energy; Greenhouse gas; Energy transition; Natural resource economics; Sustainability,0.417,Include,Include,Matches 5 inclusion term(s).
https://openalex.org/W2961989711,https://doi.org/10.1080/14693062.2019.1639490,Perceived fairness and public acceptability of carbon pricing: a review of the literature,2019.0,Sara Maestre‐Andrés; Stefan Drews; Jeroen C.J.M. van den Bergh,Climate Policy,"ABSTRACT While carbon pricing is widely seen as a crucial element of climate policy and has been implemented in many countries, it also has met with strong resistance. We provide a comprehensive overview of public perceptions of the fairness of carbon pricing and how these affect policy acceptability. To this end, we review evidence from empirical studies on how individuals judge personal, distributional and procedural aspects of carbon taxes and cap-and-trade. In addition, we examine preferences for particular redistributive and other uses of revenues generated by carbon pricing and their role in instrument acceptability. Our results indicate a high concern over distributional effects, particularly in relation to policy impacts on poor people, in turn reducing policy acceptability. In addition, people show little trust in the capacities of governments to put the revenues of carbon pricing to good use. Somewhat surprisingly, most studies do not indicate clear public preferences for using revenues to ensure fairer policy outcomes, notably by reducing its regressive effects. Instead, many people prefer using revenues for ‘environmental projects’ of various kinds. We end by providing recommendations for improving public acceptability of carbon pricing. One suggestion to increase policy acceptability is combining the redistribution of revenue to vulnerable groups with the funding for environmental projects, such as on renewable energy. Key policy insights If people perceive carbon pricing instruments as fair, this increases policy acceptability and support. People’s satisfaction with information provided by the government about the policy instrument increases acceptability. While people express high concern over uneven distribution of the policy burden, they often prefer using carbon pricing revenues for environmental projects instead of compensation for inequitable outcomes. Recent studies find that people’s preferences shift to using revenues for making policy fairer if they better understand the functioning of carbon pricing, notably that relatively high prices of CO2-intensive goods and services reduce their consumption. Combining the redistribution of revenue to support both vulnerable groups and environmental projects, such as on renewable energy, seems to most increase policy acceptability.",445,Public economics; Economics; Business; Environmental economics; Microeconomics,0.417,Include,Include,Matches 5 inclusion term(s).
https://openalex.org/W2549877311,https://doi.org/10.1002/wcc.438,Consumption‐based carbon accounting: does it have a future?,2016.0,Stavros Afionis; Marco Sakai; Kate Scott; John Barrett; Andy Gouldson,Wiley Interdisciplinary Reviews Climate Change,"Internationally, allocation of responsibility for reducing greenhouse gas emissions is currently based on the production‐based ( PB ) accounting method, which measures emissions generated in the place where goods and services are produced. However, the growth of emissions embodied in trade has raised the question whether we should switch to, or amalgamate PB accounting, with other accounting approaches. Consumption‐based ( CB ) accounting has so far emerged as the most prominent alternative. This approach accounts for emissions at the point of consumption, attributing all the emissions that occurred in the course of production and distribution to the final consumers of goods and services. This review has a fourfold objective. First, it provides an account of the logic behind attributing responsibility for emissions on the basis of consumption instead of production. Issues of equity and justice, increased emissions coverage, encouragement of cleaner production practices, and political benefits are considered. Second, it discusses the counterarguments, focusing in particular on issues of technical complexity, mitigation effectiveness, and political acceptability. Third, it presents the spectrum of implementation possibilities—ranging from the status quo to more transformative options—and considers the implications for international climate policy that would accrue under various scenarios of adopting CB accounting in practice. Fourth, it looks at how CB accounting may be adjusted to fit with current political realities and it identifies policy mechanisms that could potentially be utilized to directly or indirectly address CB emissions. Such an approach could unlock new opportunities for climate policy innovation and for climate mitigation. WIREs Clim Change 2017, 8:e438. doi: 10.1002/wcc.438 This article is categorized under: Climate Economics &gt; Economics of Mitigation",226,Climate justice; Greenhouse gas; Carbon accounting; Equity (law); Consumption (sociology),0.417,Include,Include,Matches 5 inclusion term(s).
https://openalex.org/W2795806946,https://doi.org/10.3390/su10041105,Blockchain Enhanced Emission Trading Framework in Fashion Apparel Manufacturing Industry,2018.0,Bailu Fu; Zhan Shu; Xiaogang Liu,Sustainability,"Motivated by the recent blockchain technology originally built for bitcoin transactions, various industries are exploring the opportunities to redefine their existing operational systems. In this study, an innovative environmentally sustainable solution is proposed for the fashion apparel manufacturing industry (FAMI), which is energized by blockchain. Incorporating the Emission Trading Scheme (ETS), and a novel “emission link” system, the proposed framework exposes carbon emission to the public and establishes a feature to reduce the emissions for all key steps of clothing making. Fully compatible with Industry 4.0, blockchain provides decentralization, transparency, automation, and immutability characteristics to the proposed framework. Specifically, the blockchain supported ETS framework, the carbon emissions of clothing manufacturing life cycle, and the emission link powered procedures are introduced in detail. A case study is provided to demonstrate the carbon emission evaluation procedure. Finally, a multi-criteria evaluation is performed to demonstrate the benefits and drawbacks of the proposed system.",190,Blockchain; Transparency (behavior); Emissions trading; Clothing; Immutability,0.417,Include,Include,Matches 5 inclusion term(s).
https://openalex.org/W2058887402,https://doi.org/10.1007/s10584-011-0034-8,Household perceptions of climate change and preferences for mitigation action: the case of the Carbon Pollution Reduction Scheme in Australia,2011.0,Sonia Akter; Jeff Bennett,Climatic Change,"The study aims to reveal Australian households’ perceptions of climate change and their preferences for mitigation action. A web-based survey was conducted in November 2008 in which over 600 households from the state of New South Wales were asked for their willingness to bear extra household expenditure to support the ‘Carbon Pollution Reduction Scheme’, an emissions trading scheme proposed by the Australian government. The results of the study can be summarized in four key findings. First, respondents’ willingness to pay for climate change mitigation is significantly influenced by their beliefs of future temperature rise. Support for the policy increased at a decreasing rate as the perceived temperature change rose. Second, perceptions of policy failure have a significant negative impact on respondents’ support for the proposed mitigation measure. The higher the perceived likelihood that the measure would not deliver any outcome, the lower was the likelihood that respondents would support the policy. Third, respondent preferences for the proposed policy are influenced by the possibility of reaching a global agreement on emissions reduction. Sample respondents stated significantly higher values for the policy when the biggest polluting countries implement a similar scheme. Finally, respondents’ willingness to take action against climate change, both at the national and household level, is found to be influenced by their level of mass-media exposure. Particularly, those respondents who watched ‘An Inconvenient Truth’ were significantly more likely to act for climate change mitigation than others.",136,Respondent; Climate change; Government (linguistics); Willingness to pay; Public economics,0.417,Include,Include,Matches 5 inclusion term(s).
https://openalex.org/W3135966012,https://doi.org/10.1007/s10640-021-00548-y,Trade in Carbon and Carbon Tariffs,2021.0,Christoph Böhringer; Jan Schneider; Emmanuel Asane-Otoo,Environmental and Resource Economics,"Abstract Carbon-based import tariffs are proposed as a policy measure to reduce carbon leakage and increase the global cost-effectiveness of unilateral CO 2 emission pricing. We investigate the case for carbon tariffs. For our assessment, we combine multi-region input–output and computable general equilibrium analyses based on data from the World Input–Output Database for the period 2000–2014. The multi-region input–output analysis confirms that carbon embodied in trade has increased during this period, but trade flows from Non-OECD to OECD countries became less important in relative terms since the 2007–2008 financial crisis. The computable general equilibrium analysis suggests that carbon tariffs’ efficacy in combating leakage increases in periods when trade in carbon increases. However, its potential to improve the global-cost effectiveness of unilateral emission pricing remains modest. On the other hand, we find that the potential of carbon tariffs to shift the economic burden of CO 2 emission reduction from abating developed regions to non-abating developing regions increases sharply between 2000 and 2007, but declines after the financial crisis.",73,Computable general equilibrium; Carbon leakage; Economics; Carbon fibers; International economics,0.417,Include,Include,Matches 5 inclusion term(s).
https://openalex.org/W2128584547,https://doi.org/10.1073/pnas.1308044111,Climate change mitigation through livestock system transitions,2014.0,Peter Havlík; Hugo Valin; Mario Herrero; Michael Obersteiner; Erwin Schmid,Proceedings of the National Academy of Sciences,"Livestock are responsible for 12% of anthropogenic greenhouse gas emissions. Sustainable intensification of livestock production systems might become a key climate mitigation technology. However, livestock production systems vary substantially, making the implementation of climate mitigation policies a formidable challenge. Here, we provide results from an economic model using a detailed and high-resolution representation of livestock production systems. We project that by 2030 autonomous transitions toward more efficient systems would decrease emissions by 736 million metric tons of carbon dioxide equivalent per year (MtCO2e⋅y(-1)), mainly through avoided emissions from the conversion of 162 Mha of natural land. A moderate mitigation policy targeting emissions from both the agricultural and land-use change sectors with a carbon price of US$10 per tCO2e could lead to an abatement of 3,223 MtCO2e⋅y(-1). Livestock system transitions would contribute 21% of the total abatement, intra- and interregional relocation of livestock production another 40%, and all other mechanisms would add 39%. A comparable abatement of 3,068 MtCO2e⋅y(-1) could be achieved also with a policy targeting only emissions from land-use change. Stringent climate policies might lead to reductions in food availability of up to 200 kcal per capita per day globally. We find that mitigation policies targeting emissions from land-use change are 5 to 10 times more efficient--measured in ""total abatement calorie cost""--than policies targeting emissions from livestock only. Thus, fostering transitions toward more productive livestock production systems in combination with climate policies targeting the land-use change appears to be the most efficient lever to deliver desirable climate and food availability outcomes.",628,Livestock; Greenhouse gas; Climate change; Natural resource economics; Climate change mitigation,0.417,Include,Include,Matches 5 inclusion term(s).
https://openalex.org/W2589135874,,"The Social Cost of Carbon and the Shadow Price of Carbon: what they are, and how to use them in economic appraisal in the UK",2007.0,Richard Price; Simeon Thornton; Stephen T. Nelson,Munich Personal RePEc Archive (Ludwig Maximilian University of Munich),"This paper sets out:&#13;\n- a definition of the social cost of carbon, hitherto used in UK government appraisals to reflect the external costs of greenhouse gas emissions;&#13;\n- the rationale for adopting a shadow price of carbon (SPC) for use in policy and investment appraisals across UK government; and the factors which the SPC reflects which the social cost of carbon (SCC) does not;&#13;\n- our approach to setting the appropriate level for the shadow price of carbon (SPC), now and in the future; and&#13;\n- how the SPC should be used in policy advice, and why it differs from other carbon price and cost concepts.&#13;\nOur conclusion is that we should adopt as our starting point an SPC based on an SCC consistent with range of atmospheric concentrations of carbon identified by the Stern Review as the target for global action. Consideration will also be given to adjusting the SPC in the future in order to bring it progressively in line with the level of marginal abatement costs (MAC) consistent with our abatement goal. It will become possible to do this as our knowledge of UK and global MACs improves over the next couple of years.",125,Greenhouse gas; Shadow price; Social discount rate; Shadow (psychology); Government (linguistics),0.417,Include,Include,Matches 5 inclusion term(s).
https://openalex.org/W2509016426,https://doi.org/10.1111/1468-2346.12708,The Paris Agreement and the new logic of international climate politics,2016.0,Robert Falkner,International Affairs,"countries reached agreement on a new climate treaty that UN Secretary-General Ban Ki-moon described as 'a monumental triumph for people and our planet'. 1 The Paris Agreement represented a remarkable reversal of fortune for the UN-sponsored climate negotiations. After adopting the UN Framework Convention on Climate Change (UNFCCC) in 1992, which established the objective of preventing dangerous human-induced climate change by stabilizing greenhouse gas (GHG) concentrations in the atmosphere, the international community spent over two decades negotiating legally binding rules on how to rein in global emissions. But despite the creation of the 1997 Kyoto Protocol and instruments such as the Clean Development Mechanism, emissions of the main GHGs (carbon dioxide, methane and nitrous oxide) rose steadily over this period. The 2009 Copenhagen conference, intended to create a more effective successor treaty to the Kyoto Protocol, collapsed in acrimony, leading many observers to conclude that multilateral climate diplomacy had reached a dead end. Has the Paris Agreement successfully broken the 'global warming gridlock'? 2 And does it stand a chance of bringing global GHG emissions under control? This article reviews and assesses the outcome of the 21st Conference of the Parties (COP-21) to the UNFCCC, held in Paris in December 2015. It argues that the Paris Agreement does indeed break new ground in international climate policy. COP-21 brought to an end over 20 years of UN negotiations focused on a misguided approach of establishing mandatory emission reductions. Instead, the Paris Agreement acknowledges the primacy of domestic politics in climate change and allows countries to set their own level of ambition for climate change mitigation. It creates a framework for making voluntary pledges that can be compared and reviewed internationally, in the hope that global ambition can be increased through a process of 'naming and shaming'. By sidestepping the 1 'COP-21: UN chief hails new climate change agreement as ""monumental triumph""', UN News Centre, 12 Dec. 2015, http://www.un.",1189,Pledge; Treaty; Politics; Political science; Climate change,0.417,Include,Include,Matches 5 inclusion term(s).
https://openalex.org/W3019288480,https://doi.org/10.3390/land9050130,Agricultural Greenhouse Gas Emissions: Knowledge and Positions of German Farmers,2020.0,Kerstin Jantke; Martina J. Hartmann; Livia Rasche; Benjamin Blanz; Uwe A. Schneider,Land,"Climate mitigation targets must involve the agricultural sector, which contributes 10%–14% of global anthropogenic greenhouse gas (GHG) emissions. To evaluate options for implementing mitigation measures in the agricultural sector, farmers’ knowledge, positions, and attitudes towards agricultural GHG emissions, their accounting, and reduction need to be understood. Using an online survey, we asked 254 German farmers about their motivation to reduce GHG emissions and their acceptance of possible regulation schemes. We examined differences between relevant farming sectors, i.e., conventional versus organic and livestock keeping versus crop-cultivating farms. Results show that German farmers are aware of climatic changes and feel a general commitment to reducing GHG emissions but lack sufficient information. We identified agricultural magazines as the most effective tool for disseminating relevant knowledge. German farmers would feel motivated to adopt climate-friendly farming styles if products were labeled accordingly and if they received subsidies and public acknowledgment for their effort. As long as there is no regulation of agricultural GHGs through taxes or subsidies, personal motivation is yet the strongest motivation for voluntary emission reduction. Our findings are timely for the further development of strategies and instruments that reduce agricultural GHG emission and account for the farmers’ views. The dataset is available for further investigations.",66,Greenhouse gas; Agriculture; Subsidy; German; Business,0.417,Include,Include,Matches 5 inclusion term(s).
https://openalex.org/W4281664985,https://doi.org/10.1186/s40854-022-00359-0,The impact of carbon emission trading policy on firms’ green innovation in China,2022.0,Hongxin Yu; Yaohui Jiang; Zhaowen Zhang; Wen‐Long Shang; Chunjia Han,Financial Innovation,"Abstract This study aims to examine the green innovation effect of the carbon emissions pilot policy in China. First, using the difference-in-differences method and regressions of instrumental variables using the data from Chinese listed firms, we verify that the policy promotes green innovation among regulated firms and is more pronounced among state-owned enterprises, firms in the eastern region, and those with lower financing constraints. Furthermore, this positive effect spreads downstream relative to the regulated firms through input–output linkages, but reduces green innovation to upstream firms. Accordingly, such diffusion of innovation is achieved through the price mechanism. The results necessitate the introduction of various derivatives to mobilize the market to reduce the speculative volatility of carbon prices. In addition, relevant supporting policies must be established to encourage corporate innovation to reduce the crowding-out effect owing to emission reduction and the nonmarket factors.",121,China; Volatility (finance); Upstream (networking); Industrial organization; Green innovation,0.417,Include,Include,Matches 5 inclusion term(s).
https://openalex.org/W2965291775,https://doi.org/10.3389/fclim.2019.00004,Beyond “Net-Zero”: A Case for Separate Targets for Emissions Reduction and Negative Emissions,2019.0,Duncan McLaren; David Tyfield; Rebecca Willis; Bronislaw Szerszynski; Nils Markusson,Frontiers in Climate,"• Targets and accounting for negative emissions should be explicitly set and managed separately from existing and future targets for emissions reduction. • Failure to make such a separation has already hampered climate policy, exaggerating the expected future contribution of negative emissions in climate models, while also obscuring the extent and pace of the investment needed to deliver negative emissions. • Separation would help minimise the negative impacts that promises and deployments of negative emissions could have on emissions reduction, arising from effects such as temporal trade-offs, excessive offsetting, and technological lock-in. • Benefits for international, national, local, organisational and sectoral planning would arise from greater clarity over the role and timing of negative emissions alongside accelerated emissions reduction.",195,Greenhouse gas; Natural resource economics; CLARITY; Pace; Reduction (mathematics),0.333,Include,Include,Matches 4 inclusion term(s).
https://openalex.org/W2971578311,https://doi.org/10.1038/s41467-019-12213-6,Low-carbon innovation induced by emissions trading in China,2019.0,Junming Zhu; Yichun Fan; Xinghua Deng; Lan Xue,Nature Communications,"Emissions trading scheme (ETS) has been adopted by an increasing number of countries and regions for carbon mitigation, but its actual effect depends on specific program design and institutional context. Before launching the world largest ETS, China experimented with seven independent regional pilots, whose effects are only indirectly explored. Here we provide firm-level evidence of the innovation effect directly from China's pilot emissions trading, based on latest patenting information and a quasi-experimental design. China's pilots increase low-carbon innovation of ETS firms by 5-10% without crowding out their other technology innovation. The increase from ETS firms accounts for about 1% increase of the regional low-carbon patents, while a similar increase from large non-ETS firms is also induced by the ETS. Most importantly, the effect is not associated with permit price, auction, or firm characteristics, but is driven by mass-based allowance allocation. A rate-based approach, however, is adopted by China's national market.",447,China; Emissions trading; Allowance (engineering); Context (archaeology); Business,0.333,Include,Include,Matches 4 inclusion term(s).
https://openalex.org/W2982515141,https://doi.org/10.1007/s10018-020-00271-w,The impact of the Tokyo emissions trading scheme on office buildings: what factor contributed to the emission reduction?,2020.0,Toshi H. Arimura; Tatsuya Abe,Environmental Economics and Policy Studies,"Abstract Tokyo ETS is the first emissions trading scheme to control GHG emissions from office buildings. Although the Tokyo government claimed that Tokyo ETS had been successful, some argued that the emission reduction under Tokyo ETS was actually the result of electricity price increases triggered by the Great East Japan Earthquake in 2011. Using a facility-level data set for Japanese office buildings, we conducted an econometric analysis to examine the impact of Tokyo ETS. We found that half of the emission reduction is a result of the ETS, while the rest of the reduction is due to the electricity price increase. Another unique feature of Tokyo ETS is that an accurate permit price is not publicly available due to its design. Using our estimated model, we found that the price is approximately $50 per ton of CO 2 in the early phase.",66,Emissions trading; Electricity; Greenhouse gas; Reduction (mathematics); Government (linguistics),0.333,Include,Include,Matches 4 inclusion term(s).
https://openalex.org/W4295749484,https://doi.org/10.1146/annurev-environ-120820-053625,"Carbon Leakage, Consumption, and Trade",2022.0,Michael Grubb; Nino David Jordan; Edgar G. Hertwich; Karsten Neuhoff; Kasturi Das,Annual Review of Environment and Resources,"We review the state of knowledge concerning international CO 2 emission transfers associated particularly with trade in energy-intensive goods and concerns about carbon leakage arising from climate policies. The historical increase in aggregate emission transfers from developing to developed countries peaked around 2006 and declined since. Studies find no evidence that climate policies lead to carbon leakage, but this is partly due to shielding of key industrial sectors, which is incompatible with deep decarbonization. Alternative or complementary consumption-based approaches areneeded. Private sector initiatives to trace and address carbon emissions throughout supply chains have grown substantially but cannot compensate for inadequate policy. Three main price-based approaches to tackling carbon leakage are potentially compatible with international trade rules: border adjustments on imports, carbon consumption charges, and climate excise contributions combined with emissions trading. We also consider standards and public procurement options to tackle embodied emissions. Finally, we discuss proposals for carbon clubs involving cooperation among a limited set of countries.",159,Carbon leakage; Greenhouse gas; Economics; Natural resource economics; Excise,0.333,Include,Include,Matches 4 inclusion term(s).
https://openalex.org/W2978107983,https://doi.org/10.1038/s41467-019-12176-8,Australian vegetated coastal ecosystems as global hotspots for climate change mitigation,2019.0,Óscar Serrano; Catherine E. Lovelock; Trisha B. Atwood; Peter I. Macreadie; Robert Canto,Nature Communications,"Abstract Policies aiming to preserve vegetated coastal ecosystems (VCE; tidal marshes, mangroves and seagrasses) to mitigate greenhouse gas emissions require national assessments of blue carbon resources. Here, we present organic carbon (C) storage in VCE across Australian climate regions and estimate potential annual CO 2 emission benefits of VCE conservation and restoration. Australia contributes 5–11% of the C stored in VCE globally (70–185 Tg C in aboveground biomass, and 1,055–1,540 Tg C in the upper 1 m of soils). Potential CO 2 emissions from current VCE losses are estimated at 2.1–3.1 Tg CO 2 -e yr -1 , increasing annual CO 2 emissions from land use change in Australia by 12–21%. This assessment, the most comprehensive for any nation to-date, demonstrates the potential of conservation and restoration of VCE to underpin national policy development for reducing greenhouse gas emissions.",1163,Blue carbon; Environmental science; Greenhouse gas; Climate change; Ecosystem,0.333,Include,Include,Matches 4 inclusion term(s).
https://openalex.org/W2171357716,https://doi.org/10.1007/s10584-006-9172-9,Stabilizing greenhouse gas concentrations at low levels: an assessment of reduction strategies and costs,2007.0,Detlef P. van Vuuren; Michel den Elzen; Paul Lucas; B. Eickhout; Bart J. Strengers,Climatic Change,"On the basis of the IPCC B2, A1b and B1 baseline scenarios, mitigation scenarios were developed that stabilize greenhouse gas concentrations at 650, 550 and 450 and – subject to specific assumptions – 400 ppm CO2-eq. The analysis takes into account a large number of reduction options, such as reductions of non-CO2 gases, carbon plantations and measures in the energy system. The study shows stabilization as low as 450 ppm CO2-eq. to be technically feasible, even given relatively high baseline scenarios. To achieve these lower concentration levels, global emissions need to peak within the first two decades. The net present value of abatement costs for the B2 baseline scenario (a medium scenario) increases from 0.2% of cumulative GDP to 1.1% as the shift is made from 650 to 450 ppm. On the other hand, the probability of meeting a two-degree target increases from 0%–10% to 20%–70%. The mitigation scenarios lead to lower emissions of regional air pollutants but also to increased land use. The uncertainty in the cost estimates is at least in the order of 50%, with the most important uncertainties including land-use emissions, the potential for bio-energy and the contribution of energy efficiency. Furthermore, creating the right socio-economic and political conditions for mitigation is more important than any of the technical constraints.",773,Greenhouse gas; Baseline (sea); Environmental science; Pollutant; Reduction (mathematics),0.333,Include,Include,Matches 4 inclusion term(s).
https://openalex.org/W3132315939,https://doi.org/10.1016/j.rser.2021.110759,"Climate change and industrial F-gases: A critical and systematic review of developments, sociotechnical systems and policy options for reducing synthetic greenhouse gas emissions",2021.0,Benjamin K. Sovacool; Steve Griffiths; Jinsoo Kim; Morgan Bazilian,Renewable and Sustainable Energy Reviews,"Humanity has come to depend on synthetic, factory made gases that have extremely significant global warming potential. Fluorinated greenhouse gases, or F-gases, such as hydrofluorocarbons (HFCs), perfluorocarbons (PFCs), sulfur hexafluoride (SF6), and nitrogen trifluoride (NF3) have been termed “super pollutants” and “super greenhouse gases” given their severe and powerful impact on the climate. They are the most potent greenhouse gases known to modern science, with global warming potentials far greater than carbon dioxide, some up to almost 24,000 times more so. Troublingly, they are also the fastest growing class of greenhouse gas emissions around the world, especially in developing countries. Research suggest that almost 40% of their emissions by 2050 will fall outside the scope of international agreements such as the Paris Accord, Montreal Protocol and Kigali Amendment. Without comprehensive and sustained interventions, uncontrolled growth in F-gas emissions could offset all of the gains made by the Clean Development Mechanism of the Kyoto Protocol, or the cornerstone of existing international climate governance, the Nationally Determined Contributions of the 2015 Paris Accord. This review asks: What options are available to mitigate the environmental impacts of F-gases and thus make their manufacturing or disposal far more sustainable? What technical solutions and innovations exist to make their industrial usage low to zero carbon? What benefits will accrue from F-gas mitigation, and what barriers will need addressed? It undertakes a comprehensive and critical review of more than 140,000 sources of evidence, and a short list of 855 studies on the topic. It utilizes a sociotechnical lens that examines the manufacturing and use of F-gases across multiple sectors (including refrigeration, electronics manufacturing, non-ferrous metals processing, and applications in consumer goods) and components of its lifecycle (including not only manufacturing, but also use, disposal and destruction). We find that there are several policies and regulations that can be employed to address this already serious and growing climate change challenge.",442,Sociotechnical system; Greenhouse gas; Climate change; Environmental science; Climate policy,0.333,Include,Include,Matches 4 inclusion term(s).
https://openalex.org/W1484458823,,CO2 price dynamics. The implications of EU emissions trading for the price of electricity,2005.0,Jos Sijm; Stefan Bakker; Hanne Harmsen; Wietze Lise; Yuanru Chen,TNO Repository,"The present study analyses the relationship between EU emissions trading and power prices, notably the implications of free allocation of emissions allowances for the price of electricity in countries of North-western Europe. To study this impact, it uses a variety of analytical approaches, including interviews with stakeholders, empirical and statistical analyses, theoretical explorations, and analyses by means of the COMPETES model. The study shows that a significant part of the costs of freely allocated allowances is passed through to power price and discusses its implications in terms of higher electricity prices for consumers and windfall profits for producers. It concludes that free allocation of emission allowances is a highly questionable policy option for a variety of reasons and suggests that auctioning might offer a better perspective.",96,Windfall gain; Emissions trading; Electricity; Variety (cybernetics); Economics,0.333,Include,Include,Matches 4 inclusion term(s).
https://openalex.org/W3176375818,https://doi.org/10.1016/j.respol.2021.104293,"Innovation, growth and the transition to net-zero emissions",2021.0,Nicholas Stern; Anna Valero,Research Policy,"The climate crisis and the global economic impact of the Covid-19 crisis occur against a background of slowing growth and widening inequalities, which together imply an urgent need for a new environmentally sustainable and inclusive approach to growth. Investments in ""clean"" innovation and its diffusion are key to shaping this, accompanied by investments in complementary assets including sustainable infrastructure, and human, natural and social capital which will not only help achieve net-zero greenhouse gas emissions, but will also improve productivity, living standards and the prospects of individuals. In this article, we draw on the theoretical and empirical evidence on the opportunities, drivers and policies for innovation-led sustainable growth. We highlight the importance of a coordinated set of long-term policies and institutions that can enable and foster private sector investments in clean innovation and assets quickly and at scale. In doing so, we draw inspiration from Chris Freeman's work on the system-wide drivers of innovation, and his early vision of achieving environmental sustainability by reorienting growth.",337,Sustainability; Green growth; Clean technology; Productivity; Greenhouse gas,0.333,Include,Include,Matches 4 inclusion term(s).
https://openalex.org/W4390954339,https://doi.org/10.1093/rfs/hhad097,The Effect of Carbon Pricing on Firm Emissions: Evidence from the Swedish CO2 Tax,2024.0,Gustav Martinsson; László Sajtos; Per Strömberg; Christian Thomann,Review of Financial Studies,"Abstract Sweden was one of the first countries to introduce a carbon tax back in 1991. We assemble a unique data set tracking CO2 emissions from Swedish manufacturing firms over 26 years to estimate the impact of carbon pricing on firm-level emission intensities. We estimate an emission-to-pricing elasticity of around two, with substantial heterogeneity across subsectors and firms, where higher abatement costs and tighter financial constraints are associated with lower elasticities. A simple calibration suggests that 2015 CO2 emissions from Swedish manufacturing would have been roughly 30% higher without carbon pricing.",105,Economics; Carbon tax; Greenhouse gas; Carbon fibers; Econometrics,0.333,Include,Include,Matches 4 inclusion term(s).
https://openalex.org/W2982067284,https://doi.org/10.1111/gcb.14887,"Afforestation for climate change mitigation: Potentials, risks and trade‐offs",2019.0,Jonathan Doelman; Elke Stehfest; Detlef P. van Vuuren; Andrzej Tabeau; Andries F. Hof,Global Change Biology,"Abstract Afforestation is considered a cost‐effective and readily available climate change mitigation option. In recent studies afforestation is presented as a major solution to limit climate change. However, estimates of afforestation potential vary widely. Moreover, the risks in global mitigation policy and the negative trade‐offs with food security are often not considered. Here we present a new approach to assess the economic potential of afforestation with the IMAGE 3.0 integrated assessment model framework. In addition, we discuss the role of afforestation in mitigation pathways and the effects of afforestation on the food system under increasingly ambitious climate targets. We show that afforestation has a mitigation potential of 4.9 GtCO 2 /year at 200 US$/tCO 2 in 2050 leading to large‐scale application in an SSP2 scenario aiming for 2°C (410 GtCO 2 cumulative up to 2100). Afforestation reduces the overall costs of mitigation policy. However, it may lead to lower mitigation ambition and lock‐in situations in other sectors. Moreover, it bears risks to implementation and permanence as the negative emissions are increasingly located in regions with high investment risks and weak governance, for example in Sub‐Saharan Africa. Afforestation also requires large amounts of land (up to 1,100 Mha) leading to large reductions in agricultural land. The increased competition for land could lead to higher food prices and an increased population at risk of hunger. Our results confirm that afforestation has substantial potential for mitigation. At the same time, we highlight that major risks and trade‐offs are involved. Pathways aiming to limit climate change to 2°C or even 1.5°C need to minimize these risks and trade‐offs in order to achieve mitigation sustainably.",361,Climate change; Afforestation; Environmental science; Environmental resource management; Climate change mitigation,0.333,Include,Include,Matches 4 inclusion term(s).
https://openalex.org/W2098411094,https://doi.org/10.2307/3147147,Estimating Leakage from Forest Carbon Sequestration Programs,2004.0,Brian C. Murray; Bruce A. McCarl; Heng‐Chi Lee,Land Economics,"<i>Leakage from forest carbon sequestration—the amount of a program’s direct carbon benefits undermined by carbon releases else-where—depends critically on demanders’ ability to substitute non-reserved timber for timber targeted by the program. A nalytic, econometric, and sector-level optimization models are combined to estimate leakage from different forest carbon sequestration activities. Empirical estimates for the United States show leakage ranges from minimal (&lt; 10%) to enormous (&gt; 90%), depending on the activity and region. These results suggest that leakage effects should not be ignored in accounting for the net level of greenhouse gas offsets from land use and forestry mitigation activities.</i> (JEL Q25, Q32)",285,Carbon sequestration; Carbon leakage; Greenhouse gas; Leakage (economics); Natural resource economics,0.333,Include,Include,Matches 4 inclusion term(s).
https://openalex.org/W2491715504,https://doi.org/10.1007/s10018-016-0144-7,"Effectiveness, Earmarking, and Labeling: Testing the Acceptability of Carbon Taxes with Survey Data",2016.0,"Barranzini, Andrea; Stefano Carattini",London School of Economics and Political Science Research Online (London School of Economics and Political Science),"This paper analyzes the drivers of carbon taxes acceptability with survey data and a randomized labeling treatment. Based on a sample of more than 300individuals, it assesses the effect on acceptability of specific policy designs and individuals’ perceptions of carbon taxes advantages and disadvantages. We find that the lack of perception of primary and ancillary benefits is one of the main barriers to the acceptability of carbon taxes. In addition, policy design matters for acceptability and in particular earmarking fiscal revenues for environmental purposes can lead to larger support. We also find an effect of labeling, comparing the wording ‘‘climate contribution’’ with ‘‘carbon tax’’. We argue that proper policy design coupled with effective communication on the effects of carbon taxes may lead to a substantial improvement in acceptability.",231,Social policy; Economics; Public economics; Econometrics; Actuarial science,0.333,Include,Include,Matches 4 inclusion term(s).
https://openalex.org/W3046476263,https://doi.org/10.1007/s10311-020-01059-w,Strategies for mitigation of climate change: a review,2020.0,Samer Fawzy; Ahmed I. Osman; John Doran; David W. Rooney,Environmental Chemistry Letters,"Abstract Climate change is defined as the shift in climate patterns mainly caused by greenhouse gas emissions from natural systems and human activities. So far, anthropogenic activities have caused about 1.0 °C of global warming above the pre-industrial level and this is likely to reach 1.5 °C between 2030 and 2052 if the current emission rates persist. In 2018, the world encountered 315 cases of natural disasters which are mainly related to the climate. Approximately 68.5 million people were affected, and economic losses amounted to $131.7 billion, of which storms, floods, wildfires and droughts accounted for approximately 93%. Economic losses attributed to wildfires in 2018 alone are almost equal to the collective losses from wildfires incurred over the past decade, which is quite alarming. Furthermore, food, water, health, ecosystem, human habitat and infrastructure have been identified as the most vulnerable sectors under climate attack. In 2015, the Paris agreement was introduced with the main objective of limiting global temperature increase to 2 °C by 2100 and pursuing efforts to limit the increase to 1.5 °C. This article reviews the main strategies for climate change abatement, namely conventional mitigation, negative emissions and radiative forcing geoengineering. Conventional mitigation technologies focus on reducing fossil-based CO 2 emissions. Negative emissions technologies are aiming to capture and sequester atmospheric carbon to reduce carbon dioxide levels. Finally, geoengineering techniques of radiative forcing alter the earth’s radiative energy budget to stabilize or reduce global temperatures. It is evident that conventional mitigation efforts alone are not sufficient to meet the targets stipulated by the Paris agreement; therefore, the utilization of alternative routes appears inevitable. While various technologies presented may still be at an early stage of development, biogenic-based sequestration techniques are to a certain extent mature and can be deployed immediately.",1442,Climate change; Ecotoxicology; Environmental science; Environmental planning; Environmental resource management,0.333,Include,Include,Matches 4 inclusion term(s).
https://openalex.org/W3113656055,https://doi.org/10.1038/s41467-021-22256-3,Policy assessments for the carbon emission flows and sustainability of Bitcoin blockchain operation in China,2021.0,Shangrong Jiang; Yuze Li; Quanying Lu; Yongmiao Hong; Dabo Guan,Nature Communications,"The growing energy consumption and associated carbon emission of Bitcoin mining could potentially undermine global sustainable efforts. By investigating carbon emission flows of Bitcoin blockchain operation in China with a simulation-based Bitcoin blockchain carbon emission model, we find that without any policy interventions, the annual energy consumption of the Bitcoin blockchain in China is expected to peak in 2024 at 296.59 Twh and generate 130.50 million metric tons of carbon emission correspondingly. Internationally, this emission output would exceed the total annualized greenhouse gas emission output of the Czech Republic and Qatar. Domestically, it ranks in the top 10 among 182 cities and 42 industrial sectors in China. In this work, we show that moving away from the current punitive carbon tax policy to a site regulation policy which induces changes in the energy consumption structure of the mining activities is more effective in limiting carbon emission of Bitcoin blockchain operation.",246,Greenhouse gas; Blockchain; Tonne; China; Consumption (sociology),0.333,Include,Include,Matches 4 inclusion term(s).
https://openalex.org/W4375851812,https://doi.org/10.3386/w31221,The Unequal Economic Consequences of Carbon Pricing,2023.0,Diego R. Känzig,National Bureau of Economic Research,"This paper studies how carbon pricing affects emissions, economic aggregates and inequality. Exploiting institutional features of the European carbon market and high-frequency data, I identify a carbon policy shock. I find that a tighter carbon pricing regime leads to a significant increase in energy prices, a persistent fall in emissions and an uptick in green innovation. This comes at the cost of a temporary fall in economic activity, which is not borne equally across society: poorer households lower their consumption significantly while richer households are less affected. Not only are the poor more exposed because of their higher energy share, they also experience a larger fall in their income. These indirect effects account for over 80 percent of the aggregate effect on consumption. A climate-economy model with heterogeneity in households' energy shares, income incidence and marginal propensities to consume is able to account for these facts.",168,Economics; Carbon fibers; Environmental science; Natural resource economics; Computer science,0.333,Include,Include,Matches 4 inclusion term(s).
https://openalex.org/W3108603965,https://doi.org/10.1007/s10311-020-01133-3,Recent advances in carbon capture storage and utilisation technologies: a review,2020.0,Ahmed I. Osman; Mahmoud Hefny; M. I. A. Abdel Maksoud; Ahmed M. Elgarahy; David W. Rooney,Environmental Chemistry Letters,"Abstract Human activities have led to a massive increase in $$\hbox {CO}_{2}$$ <mml:math xmlns:mml=""http://www.w3.org/1998/Math/MathML""> <mml:msub> <mml:mtext>CO</mml:mtext> <mml:mn>2</mml:mn> </mml:msub> </mml:math> emissions as a primary greenhouse gas that is contributing to climate change with higher than $$1\,^{\circ }\hbox {C}$$ <mml:math xmlns:mml=""http://www.w3.org/1998/Math/MathML""> <mml:mrow> <mml:mn>1</mml:mn> <mml:msup> <mml:mspace/> <mml:mo>∘</mml:mo> </mml:msup> <mml:mtext>C</mml:mtext> </mml:mrow> </mml:math> global warming than that of the pre-industrial level. We evaluate the three major technologies that are utilised for carbon capture: pre-combustion, post-combustion and oxyfuel combustion. We review the advances in carbon capture, storage and utilisation. We compare carbon uptake technologies with techniques of carbon dioxide separation. Monoethanolamine is the most common carbon sorbent; yet it requires a high regeneration energy of 3.5 GJ per tonne of $$\hbox {CO}_{2}$$ <mml:math xmlns:mml=""http://www.w3.org/1998/Math/MathML""> <mml:msub> <mml:mtext>CO</mml:mtext> <mml:mn>2</mml:mn> </mml:msub> </mml:math> . Alternatively, recent advances in sorbent technology reveal novel solvents such as a modulated amine blend with lower regeneration energy of 2.17 GJ per tonne of $$\hbox {CO}_{2}$$ <mml:math xmlns:mml=""http://www.w3.org/1998/Math/MathML""> <mml:msub> <mml:mtext>CO</mml:mtext> <mml:mn>2</mml:mn> </mml:msub> </mml:math> . Graphene-type materials show $$\hbox {CO}_{2}$$ <mml:math xmlns:mml=""http://www.w3.org/1998/Math/MathML""> <mml:msub> <mml:mtext>CO</mml:mtext> <mml:mn>2</mml:mn> </mml:msub> </mml:math> adsorption capacity of 0.07 mol/g, which is 10 times higher than that of specific types of activated carbon, zeolites and metal–organic frameworks. $$\hbox {CO}_{2}$$ <mml:math xmlns:mml=""http://www.w3.org/1998/Math/MathML""> <mml:msub> <mml:mtext>CO</mml:mtext> <mml:mn>2</mml:mn> </mml:msub> </mml:math> geosequestration provides an efficient and long-term strategy for storing the captured $$\hbox {CO}_{2}$$ <mml:math xmlns:mml=""http://www.w3.org/1998/Math/MathML""> <mml:msub> <mml:mtext>CO</mml:mtext> <mml:mn>2</mml:mn> </mml:msub> </mml:math> in geological formations with a global storage capacity factor at a Gt-scale within operational timescales. Regarding the utilisation route, currently, the gross global utilisation of $$\hbox {CO}_{2}$$ <mml:math xmlns:mml=""http://www.w3.org/1998/Math/MathML""> <mml:msub> <mml:mtext>CO</mml:mtext> <mml:mn>2</mml:mn> </mml:msub> </mml:math> is lower than 200 million tonnes per year, which is roughly negligible compared with the extent of global anthropogenic $$\hbox {CO}_{2}$$ <mml:math xmlns:mml=""http://www.w3.org/1998/Math/MathML""> <mml:msub> <mml:mtext>CO</mml:mtext> <mml:mn>2</mml:mn> </mml:msub> </mml:math> emissions, which is higher than 32,000 million tonnes per year. Herein, we review different $$\hbox {CO}_{2}$$ <mml:math xmlns:mml=""http://www.w3.org/1998/Math/MathML""> <mml:msub> <mml:mtext>CO</mml:mtext> <mml:mn>2</mml:mn> </mml:msub> </mml:math> utilisation methods such as direct routes, i.e. beverage carbonation, food packaging and oil recovery, chemical industries and fuels. Moreover, we investigated additional $$\hbox {CO}_{2}$$ <mml:math xmlns:mml=""http://www.w3.org/1998/Math/MathML""> <mml:msub> <mml:mtext>CO</mml:mtext> <mml:mn>2</mml:mn> </mml:msub> </mml:math> utilisation for base-load power generation, seasonal energy storage, and district cooling and cryogenic direct air $$\hbox {CO}_{2}$$ <mml:math xmlns:mml=""http://www.w3.org/1998/Math/MathML""> <mml:msub> <mml:mtext>CO</mml:mtext> <mml:mn>2</mml:mn> </mml:msub> </mml:math> capture using geothermal energy. Through bibliometric mapping, we identified the research gap in the literature within this field which requires future investigations, for instance, designing new and stable ionic liquids, pore size and selectivity of metal–organic frameworks and enhancing the adsorption capacity of novel solvents. Moreover, areas such as techno-economic evaluation of novel solvents, process design and dynamic simulation require further effort as well as research and development before pilot- and commercial-scale trials.",807,Algorithm; Carbon fibers; Sorbent; Combustion; Materials science,0.333,Include,Include,Matches 4 inclusion term(s).
https://openalex.org/W2180032795,https://doi.org/10.1080/09613218.2016.1086872,Construction sector views on low carbon building materials,2015.0,Jannik Giesekam; John Barrett; Peter Taylor,Building Research & Information,"As is the case in a number of countries, the UK construction industry faces the challenge of expanding production whilst making ambitious greenhouse gas emission reductions. Embodied carbon constitutes a growing proportion of whole-life carbon emissions and accounts for a significant share of total UK emissions. A key mitigation strategy is increasing the use of alternative materials with lower embodied carbon. The economic, technical, practical and cultural barriers to the uptake of these alternatives are explored through a survey of construction professionals and interviews with industry leaders. Perceptions of high cost, ineffective allocation of responsibility, industry culture, and the poor availability of product and building-level carbon data and benchmarks constitute significant barriers. Opportunities to overcome these barriers include earlier engagement of professionals along the supply chain, effective use of whole-life costing, and changes to contract and tender documents. A mounting business case exists for addressing embodied carbon, but has yet to be effectively disseminated. In the meantime, the moral convictions of individual clients and practitioners have driven early progress. However, this research underscores the need for new regulatory drivers to complement changing attitudes if embodied carbon is to be established as a mainstream construction industry concern.",263,Greenhouse gas; Mainstream; Embodied cognition; Business; Supply chain,0.333,Include,Include,Matches 4 inclusion term(s).
https://openalex.org/W2970663908,https://doi.org/10.1111/gcb.14844,"Characterising the biophysical, economic and social impacts of soil carbon sequestration as a greenhouse gas removal technology",2019.0,Alasdair J. Sykes; Michael MacLeod; Vera Eory; Robert M. Rees; Florian Thomas Payen,Global Change Biology,"To limit warming to well below 2°C, most scenario projections rely on greenhouse gas removal technologies (GGRTs); one such GGRT uses soil carbon sequestration (SCS) in agricultural land. In addition to their role in mitigating climate change, SCS practices play a role in delivering agroecosystem resilience, climate change adaptability and food security. Environmental heterogeneity and differences in agricultural practices challenge the practical implementation of SCS, and our analysis addresses the associated knowledge gap. Previous assessments have focused on global potentials, but there is a need among policymakers to operationalise SCS. Here, we assess a range of practices already proposed to deliver SCS, and distil these into a subset of specific measures. We provide a multidisciplinary summary of the barriers and potential incentives towards practical implementation of these measures. First, we identify specific practices with potential for both a positive impact on SCS at farm level and an uptake rate compatible with global impact. These focus on: (a) optimising crop primary productivity (e.g. nutrient optimisation, pH management, irrigation); (b) reducing soil disturbance and managing soil physical properties (e.g. improved rotations, minimum till); (c) minimising deliberate removal of C or lateral transport via erosion processes (e.g. support measures, bare fallow reduction); (d) addition of C produced outside the system (e.g. organic manure amendments, biochar addition); (e) provision of additional C inputs within the cropping system (e.g. agroforestry, cover cropping). We then consider economic and non-cost barriers and incentives for land managers implementing these measures, along with the potential externalised impacts of implementation. This offers a framework and reference point for holistic assessment of the impacts of SCS. Finally, we summarise and discuss the ability of extant scientific approaches to quantify the technical potential and externalities of SCS measures, and the barriers and incentives to their implementation in global agricultural systems.",128,Carbon sequestration; Greenhouse gas; Environmental science; Greenhouse gas removal; Soil carbon,0.333,Include,Include,Matches 4 inclusion term(s).
https://openalex.org/W2240034294,https://doi.org/10.1016/j.ecolecon.2015.03.020,Beyond carbon pricing: The role of banking and monetary policy in financing the transition to a low-carbon economy,2016.0,Emanuele Campiglio,Archivio istituzionale della ricerca (Alma Mater Studiorum Università di Bologna),"It is widely acknowledged that introducing a price on carbon represents a crucial precondition for filling the current gap in low-carbon investment. However, as this paper argues, carbon pricing in itself may not be sufficient. This is due to the existence of market failures in the process of creation and allocation of credit that may lead commercial banks the most important source of external finance for firms not to respond as expected to price signals. Under certain economic conditions, banks would shy away from lending to low-carbon activities even in the presence of a carbon price. This possibility calls for the implementation of additional policies not based on prices. In particular, the paper discusses the potential role of monetary policies and macroprudential financial regulation: modifying the incentives and constraints that banks face when deciding their lending strategy through, for instance, a differentiation of reserve requirements according to the destination of lending may fruitfully expand credit creation directed towards low-carbon sectors. This seems to be especially feasible in emerging economies, where the central banking framework usually allows for a stronger public control on credit allocation and a wider range of monetary policy instruments than the sole interest rate. (C) 2015 Elsevier B.V. All rights reserved.",754,Incentive; Economics; Monetary policy; Monetary economics; Investment (military),0.25,Include,Include,Matches 3 inclusion term(s).
https://openalex.org/W4318992452,https://doi.org/10.1111/1475-679x.12473,Greenhouse Gas Disclosure and Emissions Benchmarking,2023.0,Sorabh Tomar,Journal of Accounting Research,"ABSTRACT I examine the effects of the U.S. Greenhouse Gas (GHG) Reporting Program, which requires thousands of industrial facilities to measure and report their GHG emissions. I show that facilities reduce their GHG emissions by 7.9% following the disclosure of emissions data. The evidence indicates that benchmarking—whereby facilities use the disclosures of their peers to assess their own relative GHG performance—spurs emission reductions. Firms' concerns about future legislation appear to motivate this behavior and measurement alone (without disclosure) seems not to reduce emissions. My study highlights how mandatory GHG disclosure can create real effects for peers.",227,Greenhouse gas; Benchmarking; Business; Legislation; Accounting,0.25,Include,Include,Matches 3 inclusion term(s).
https://openalex.org/W2908553138,https://doi.org/10.3390/su11020497,"The Relationship between Economic Complexity, Energy Consumption Structure and Greenhouse Gas Emission: Heterogeneous Panel Evidence from the EU Countries",2019.0,Olimpia Neagu; Mircea Constantin Teodoru,Sustainability,"The aim of the paper is to examine the long-term relationship between economic complexity, energy consumption structure, and greenhouse gas emission, within a panel of European Union countries and two subpanels: (i) European economies with higher economic complexity and (ii) European economies with a lower level of economic complexity. Taking into consideration the heterogeneity among European countries, the heterogeneous panel technique is used, including panel estimation through fully modified least squares (FMOLS) and dynamic ordinary least squares (DOLS). The empirical findings indicate a long-term equilibrium relationship between economic complexity, energy consumption structure and greenhouse gas emission within all three panels. Economic complexity and energy consumption structure have a statistically significant impact on greenhouse gas emission within all panels, but the influence is higher within the subpanel of countries with a lower level of economic complexity, suggesting a higher risk of pollution as the economic complexity grows and as the energy balance inclines in favor of non-renewable energy consumption. Our paper suggests that the economic complexity is a variable that must be taken into consideration when national economic and energy policies are shaped. Finally, policy implications for each panel of countries are discussed.",373,Greenhouse gas; Economics; European union; Energy consumption; Panel data,0.25,Include,Include,Matches 3 inclusion term(s).
https://openalex.org/W3011249697,https://doi.org/10.1002/bse.2495,"Board gender diversity, environmental committee and greenhouse gas voluntary disclosures",2020.0,Ishmael Tingbani; Lyton Chithambo; Venancio Tauringana; Nikolaos I. Papanikolaou,Business Strategy and the Environment,"Abstract We explore the impact of gender diversity and environmental committees on greenhouse gas (GHG) voluntary disclosures utilising a sample of 215 firms, which are listed on the London Stock Exchange market. We provide strong evidence for a strong positive association between GHG voluntary disclosures and gender diversity, which constitutes an important input to the ongoing debate about the role of women in the boardroom. The governance mechanism of environmental committees is not found to significantly affect GHG disclosures. This adds to the growing empirical evidence in the literature that questions the effectiveness of the current board structures in serving the wider needs of stakeholders and in addressing the relevant issues on climate change. Overall, our results suggest that by being diverse and open to a mixed‐gender governance approach, a firm can better serve the demands of stakeholders and legitimise their green credentials, thus gaining more trust from a broad range of stakeholders other than their shareholders. The noneffectiveness of the environmental committees in enhancing GHG voluntary disclosures demonstrates that firms may not have to directly link the relevant governance mechanism to their disclosure decisions and practices.",311,Gender diversity; Greenhouse gas; Corporate governance; Shareholder; Accounting,0.25,Include,Include,Matches 3 inclusion term(s).
https://openalex.org/W2036224599,https://doi.org/10.2527/af.2011-0012,Livestock production and greenhouse gas emissions: Defining the problem and specifying solutions,2011.0,Dominic Moran; E. Wall,Animal Frontiers,Global livestock production contributes an estimated 18% of anthropogenic greenhouse gas (GHG) emissions mainly in terms of methane and nitrous oxide. Enteric fermentation from livestock amounts to 6.2 Gt of CO2 equivalents (4.4% of global emissions). These emissions are coming under scrutiny as countries improve emissions inventories and seek to include more sectors in binding emissions reductions.,81,Greenhouse gas; Livestock; Nitrous oxide; Environmental science; Methane,0.25,Include,Include,Matches 3 inclusion term(s).
https://openalex.org/W2139243186,https://doi.org/10.5194/bg-9-1845-2012,A synthesis of carbon dioxide emissions from fossil-fuel combustion,2012.0,R. J. Andres; T. A. Boden; François‐Marie Bréon; Philippe Ciais; Steven J. Davis,Biogeosciences,"Abstract. This synthesis discusses the emissions of carbon dioxide from fossil-fuel combustion and cement production. While much is known about these emissions, there is still much that is unknown about the details surrounding these emissions. This synthesis explores our knowledge of these emissions in terms of why there is concern about them; how they are calculated; the major global efforts on inventorying them; their global, regional, and national totals at different spatial and temporal scales; how they are distributed on global grids (i.e., maps); how they are transported in models; and the uncertainties associated with these different aspects of the emissions. The magnitude of emissions from the combustion of fossil fuels has been almost continuously increasing with time since fossil fuels were first used by humans. Despite events in some nations specifically designed to reduce emissions, or which have had emissions reduction as a byproduct of other events, global total emissions continue their general increase with time. Global total fossil-fuel carbon dioxide emissions are known to within 10 % uncertainty (95 % confidence interval). Uncertainty on individual national total fossil-fuel carbon dioxide emissions range from a few percent to more than 50 %. This manuscript concludes that carbon dioxide emissions from fossil-fuel combustion continue to increase with time and that while much is known about the overall characteristics of these emissions, much is still to be learned about the detailed characteristics of these emissions.",412,Carbon dioxide; Environmental science; Combustion; Fossil fuel; Negative carbon dioxide emission,0.25,Include,Include,Matches 3 inclusion term(s).
https://openalex.org/W4385234482,https://doi.org/10.3390/agriculture13071464,Agricultural Greenhouses: Resource Management Technologies and Perspectives for Zero Greenhouse Gas Emissions,2023.0,Chrysanthos Maraveas; Christos‐Spyridon Karavas; Dimitrios Loukatos; Thomas Bartzanas; Konstantinos G. Arvanitis,Agriculture,"Resource management in agriculture is considered a pivotal issue because greenhouse farming and agriculture-related activities generate about 10–29% of all global greenhouse gas emissions. The problem of high greenhouse gas emissions is still unresolved due to the rapid expansion of arable land to meet global food demand. The purpose of this systematic literature review was to generate new perspectives and insights regarding the development of resource management and optimized environments in greenhouses, thereby lowering energy requirements and CO2 emissions. This review sought to answer what technologies and inventions could be used to achieve zero greenhouse gas emissions through efficient energy-saving mechanisms while considering their technical and economic viability. The synthesis of the findings led to several themes which included energy-saving techniques for greenhouses, systems that reduced unfavorable external conditions and renewable energy systems. Other themes identified regarded energy storage systems, systems for managing conditions in greenhouses, carbon capture and storage, and factors influencing the performance of different technologies to enhance resource management and ensure zero carbon emissions. The findings also revealed various technologies used in the design of energy-saving techniques in greenhouses including proportional–integral–derivatives (PID), fuzzy, artificial neural networks, and other intelligent algorithms. Additionally, technologies that were a combination of these algorithms were also examined. The systems that reduced unfavorable external conditions included the use of insulation panels and intelligent shading systems. Greenhouse covers were also optimized by smart glass systems, sensors, Internet of Things (IoT), and Artificial Intelligence (AI) systems. Renewable energy systems included PV (solar) panels, wind turbines, and geothermal electricity. Some of the thermal energy storage systems widely studied in recent research included underground thermal energy storage (UTES) (for seasonal storage), phase-change materials (PCMs), and water tanks, which are used to address short-term shortages and peak loads. The adoption of the various technologies to achieve the above purposes was constrained by the fact that there was no isolated technology that could enable agricultural producers to achieve zero energy, zero emissions, and optimal resource utilization in the short term. Future research studies should establish whether it is economical for large agricultural companies to install smart glass systems and infrastructure for slow fertilizer release and carbon capture in greenhouse structures to offset the carbon footprint.",136,Greenhouse gas; Greenhouse; Renewable energy; Environmental economics; Resource (disambiguation),0.25,Include,Include,Matches 3 inclusion term(s).
https://openalex.org/W2157573515,https://doi.org/10.22004/ag.econ.10536,The Effect of Allowance Allocation on the Cost of Carbon Emission Trading,2001.0,"Dallas Burtraw; Karen Palmer; Ranjit Bharvirkar; Anthony Paul; Burtraw, Dallas","AgEcon Search (University of Minnesota, USA)","We investigate the cost-effectiveness and distributional effects of a revenue-raising auction, grandfathering, and a generation performance standard as alternative approaches for distributing carbon emission allowances in the electricity sector. We solve a detailed national electricity market model and find the auction is roughly one-half the societal cost of the other approaches. This result holds under a variety of assumptions about the future state of economic regulation and competition in the electricity sector. The differences in the cost of the approaches flow from the effect of each approach on electricity price. Grandfathering is the best for producers but it imposes a substantial cost on consumers. The generation performance standard yields the lowest electricity price but highest natural gas price. The auction does better than the generation performance standard at protecting households and at preserving asset values for producers. It also yields revenues that can help meet other efficiency and distributional goals.",148,Allowance (engineering); Electricity; Revenue; Economics; Microeconomics,0.25,Include,Include,Matches 3 inclusion term(s).
https://openalex.org/W3192184667,https://doi.org/10.1007/s11142-021-09611-x,The impact of carbon disclosure mandates on emissions and financial operating performance,2021.0,Benedikt Downar; Jürgen Ernstberger; Stefan Reichelstein; Sebastian Schwenen; Aleksandar Zaklan,Review of Accounting Studies,"Abstract We examine the impact of a disclosure mandate for greenhouse gas emissions on firms’ subsequent emission levels and financial operating performance. For UK-incorporated listed firms a carbon disclosure mandate was adopted in 2013. Our difference-in-differences design shows that firms affected by the mandate reduced their emissions by about 8% relative to a control group of European firms. At the same time, our tests indicate that the treated firms experienced no significant changes in their gross margins. Taken together, our findings indicate that the reporting mandate had a real effect on the variable to be disclosed without adversely affecting the financial operating performance of the treated firms.",376,Mandate; Public finance; Greenhouse gas; Corporate finance; Business,0.25,Include,Include,Matches 3 inclusion term(s).
https://openalex.org/W3124367753,https://doi.org/10.1257/aer.104.8.2482,Industry Compensation under Relocation Risk: A Firm-Level Analysis of the EU Emissions Trading Scheme,2014.0,Ralf Martin; Mirabelle Muûls; Laure de Preux; Ulrich J. Wagner,American Economic Review,"When regulated firms are offered compensation to prevent them from relocating, efficiency requires that payments be distributed across firms so as to equalize marginal relocation probabilities, weighted by the damage caused by relocation. We formalize this fundamental economic logic and apply it to analyzing compensation rules proposed under the EU Emissions Trading Scheme, where emission permits are allocated free of charge to carbon-intensive and trade-exposed industries. We show that this practice results in substantial overcompensation for given carbon leakage risk. Efficient permit allocation reduces the aggregate risk of job loss by more than half without increasing aggregate compensation. (JEL H23, Q52, Q53, Q54, Q58)",312,Relocation; Emissions trading; Compensation (psychology); Carbon leakage; Greenhouse gas,0.25,Include,Include,Matches 3 inclusion term(s).
https://openalex.org/W2510495224,https://doi.org/10.5194/acp-17-2795-2017,Global emissions of fluorinated greenhouse gases 2005–2050 with abatement potentials and costs,2017.0,Pallav Purohit; Lena Höglund-Isaksson,Atmospheric chemistry and physics,"Abstract. This study uses the GAINS model framework to estimate current and future emissions of fluorinated greenhouse gases (F-gases), their abatement potentials, and costs for twenty source sectors and 162 countries and regions, which are aggregated to produce global estimates. Global F-gas (HFCs, PFCs, and SF6) emissions are estimated at 0.7 Pg CO2 eq. in 2005 with an expected increase to 3.7 Pg CO2 eq. in 2050 if application of control technology remains at the current level. There are extensive opportunities to reduce emissions using existing technology and alternative substances with low global warming potential. Estimates show that it would be technically feasible to reduce cumulative F-gas emissions from 81 to 11 Pg CO2 eq. between 2018 and 2050. A reduction in cumulative emissions to 23 Pg CO2 eq. is estimated to be possible at a marginal abatement cost below 10 EUR t−1 CO2 eq. We also find that future F-gas abatement is expected to become relatively more costly for developing than developed countries due to differences in the sector contribution to emissions and abatement potentials.",121,Greenhouse gas; Environmental science; Marginal abatement cost; Global-warming potential; Global warming,0.25,Include,Include,Matches 3 inclusion term(s).
https://openalex.org/W2946327737,https://doi.org/10.1007/s11027-019-09867-4,Quantifying greenhouse gas emissions,2019.0,M. Jonas; Rostyslav Bun; Zbigniew Nahorski; Gregg Marland; Mykola Gusti,Mitigation and Adaptation Strategies for Global Change,"The assessment of greenhouse gases (GHGs) and air pollutants emitted to and removed from the atmosphere ranks high on international political and scientific agendas. Growing international concern and cooperation regarding the climate change problem have increased the need to consider the uncertainty in inventories of GHG emissions. The approaches to address uncertainty discussed in this special issue reflect attempts to improve national inventories, not only for their own sake but also from a wider, system analytic perspective. They seek to strengthen the usefulness of national emission inventories under a compliance and/or global monitoring and reporting framework. The papers in this special issue demonstrate the benefits of including inventory uncertainty in policy analyses. The issues raised by the authors and featured in their papers, along with the role that uncertainty analysis plays in many of their arguments, highlight the challenges and the importance of dealing with uncertainty. While the Intergovernmental Panel on Climate Change (IPCC) clearly stresses the value of conducting uncertainty analyses and offers guidance on executing them, the arguments made here in favor of performing these studies go well beyond any suggestions made by the IPCC to date. Improving and conducting uncertainty analyses are needed to develop a clear understanding and informed policy. Uncertainty matters and is key to many issues related to inventorying and reducing emissions. Considering uncertainty helps to avoid situations that can create a false sense of certainty or lead to invalid views of subsystems. Dealing proactively with uncertainty allows for the generation of useful knowledge that the international community should have to hand while strengthening the 2015 Paris Agreement, which had been agreed at the 21st Conference of the Parties to the United Nations Framework Convention on Climate Change (UNFCCC). However, considering uncertainty does not come free. Proper treatment of uncertainty is demanding because it forces us to take the step from “simple to complex” and to grasp a holistic system view. Only, thereafter, can we consider potential simplifications. That is, comprehensive treatment of uncertainty does not necessarily offer quick or easy solutions for policymakers. This special issue brings together 13 papers that resulted from the 2015 (4th) International Workshop on Uncertainty in Atmospheric Emissions, in Cracow, Poland. While they deal with many different aspects of the uncertainty in emission estimates, they are guided by the same principal question: “What GHGs shall be verified at what spatio-temporal scale to support conducive legislation at local and national scales, while ensuring effective governance at the global scale?” This question is at the heart of mitigation and adaptation. It requires an understanding of the entire system of GHG sources and sinks, their spatial characteristics and the temporal scales at which they react and interact, the uncertainty (accuracy and/or precision) with which fluxes can be measured, and last but not least, the consequences that follow from all of the aforementioned aspects, for policy actors to frame compliance and/or global monitoring and reporting agreements. This bigger system context serves as a reference for the papers in the special issue, irrespective of their spatio-temporal focus, and is used as a guide for the reader.",62,Greenhouse gas; Uncertainty; Climate change; Certainty; Precautionary principle,0.25,Include,Include,Matches 3 inclusion term(s).
https://openalex.org/W3121585668,https://doi.org/10.1007/s10657-009-9098-6,Energy prices and emissions trading: windfall profits from grandfathering?,2009.0,Edwin Woerdman; O. Couwenberg; A. Nentjes,European Journal of Law and Economics,"The greenhouse gas emissions trading scheme in the European Union primarily uses grandfathering until 2012, which means that polluters get emission rights free of charge based on their historical emissions. Energy consumers accuse energy producers of making windfall profits by incorporating the market value of those free rights into the energy prices. However, we develop a numerical example to illustrate that the reasoning of the producers is correct. We also explain why this market value is only partly passed on to consumers. We consider various measures and conclude that only auctioning the rights after 2012 nullifies the additional profits.",83,Windfall gain; Emissions trading; Economics; Value (mathematics); Greenhouse gas,0.25,Include,Include,Matches 3 inclusion term(s).
https://openalex.org/W3205739644,https://doi.org/10.3390/ma14206094,"A Review of Carbon Footprint Reduction in Construction Industry, from Design to Operation",2021.0,Banu Sızırıcı; Yohanna Haile Fseha; Chung-Suk Cho; İbrahim Yıldız; Young-Ji Byon,Materials,"Construction is among the leading industries/activities contributing the largest carbon footprint. This review paper aims to promote awareness of the sources of carbon footprint in the construction industry, from design to operation and management during manufacturing, transportation, construction, operations, maintenance and management, and end-of-life deconstruction phases. In addition, it summarizes the latest studies on carbon footprint reduction strategies in different phases of construction by the use of alternative additives in building materials, improvements in design, recycling construction waste, promoting the utility of alternative water resources, and increasing efficiencies of water technologies and other building systems. It was reported that the application of alternative additives/materials or techniques/systems can reduce up to 90% of CO2 emissions at different stages in the construction and building operations. Therefore, this review can be beneficial at the stage of conceptualization, design, and construction to assist clients and stakeholders in selecting materials and systems; consequently, it promotes consciousness of the environmental impacts of fabrication, transportation, and operation.",305,Carbon footprint; Deconstruction (building); Conceptualization; Reduction (mathematics); Construction engineering,0.25,Include,Include,Matches 3 inclusion term(s).
https://openalex.org/W2803435903,https://doi.org/10.1088/1748-9326/aabf9b,Negative emissions—Part 1: Research landscape and synthesis,2018.0,Jan C. Minx; William F. Lamb; Max Callaghan; Sabine Fuss; Jérôme Hilaire,Environmental Research Letters,"With the Paris Agreement's ambition of limiting climate change to well below 2 C, negative emission technologies (NETs) have moved into the limelight of discussions in climate science and policy. Despite several assessments, the current knowledge on NETs is still diffuse and incomplete, but also growing fast. Here, we synthesize a comprehensive body of NETs literature, using scientometric tools and performing an in-depth assessment of the quantitative and qualitative evidence therein. We clarify the role of NETs in climate change mitigation scenarios, their ethical implications, as well as the challenges involved in bringing the various NETs to the market and scaling them up in time. There are six major findings arising from our assessment: first, keeping warming below 1.5 C requires the large-scale deployment of NETs, but this dependency can still be kept to a minimum for the 2 C warming limit. Second, accounting for economic and biophysical limits, we identify relevant potentials for all NETs except ocean fertilization. Third, any single NET is unlikely to sustainably achieve the large NETs deployment observed in many 1.5 C and 2 C mitigation scenarios. Yet, portfolios of multiple NETs, each deployed at modest scales, could be invaluable for reaching the climate goals. Fourth, a substantial gap exists between the upscaling and rapid diffusion of NETs implied in scenarios and progress in actual innovation and deployment. If NETs are required at the scales currently discussed, the resulting urgency of implementation is currently neither reflected in science nor policy. Fifth, NETs face severe barriers to implementation and are only weakly incentivized so far. Finally, we identify distinct ethical discourses relevant for NETs, but highlight the need to root them firmly in the available evidence in order to render such discussions relevant in practice.",869,Software deployment; Climate change; Sustainability; Scale (ratio); Computer science,0.25,Include,Include,Matches 3 inclusion term(s).
https://openalex.org/W208849816,https://doi.org/10.1515/9780295741406-058,Stern Review on the Economics of Climate Change (2006),2017.0,Nicholas Stern,University of Washington Press eBooks,"The Review's executive summary states that ""the Review first examines the evidence on the economic impacts of climate change itself, and explores the economics of stabilizing greenhouse gases in the atmosphere. The second half of the Review considers the complex policy challenges involved in managing the transition to a low-carbon economy and in ensuring that societies can adapt to the consequences of climate change that can no longer be avoided"". The report's main conclusion is that the benefits of strong, early action on climate change considerably outweigh the costs.",1388,Climate change; Greenhouse gas; Natural resource economics; Action (physics); Stern,0.25,Include,Include,Matches 3 inclusion term(s).
https://openalex.org/W3084298360,https://doi.org/10.1111/gcb.15310,Mapping the effectiveness of nature‐based solutions for climate change adaptation,2020.0,Alexandre Chausson; Beth Turner; Dan Seddon; Nicole Chabaneix; Cécile Girardin,Global Change Biology,"Nature-based solutions (NbS) to climate change currently have considerable political traction. However, national intentions to deploy NbS have yet to be fully translated into evidence-based targets and action on the ground. To enable NbS policy and practice to be better informed by science, we produced the first global systematic map of evidence on the effectiveness of nature-based interventions for addressing the impacts of climate change and hydrometeorological hazards on people. Most of the interventions in natural or semi-natural ecosystems were reported to have ameliorated adverse climate impacts. Conversely, interventions involving created ecosystems (e.g., afforestation) were associated with trade-offs; such studies primarily reported reduced soil erosion or increased vegetation cover but lower water availability, although this evidence was geographically restricted. Overall, studies reported more synergies than trade-offs between reduced climate impacts and broader ecological, social, and climate change mitigation outcomes. In addition, nature-based interventions were most often shown to be as effective or more so than alternative interventions for addressing climate impacts. However, there were substantial gaps in the evidence base. Notably, there were few studies of the cost-effectiveness of interventions compared to alternatives and few integrated assessments considering broader social and ecological outcomes. There was also a bias in evidence toward the Global North, despite communities in the Global South being generally more vulnerable to climate impacts. To build resilience to climate change worldwide, it is imperative that we protect and harness the benefits that nature can provide, which can only be done effectively if informed by a strengthened evidence base.",643,Climate change; Climate change adaptation; Adaptation (eye); Environmental resource management; Geography,0.25,Include,Include,Matches 3 inclusion term(s).
https://openalex.org/W3080074869,https://doi.org/10.1002/wcc.671,Negative emissions and the long history of carbon removal,2020.0,Wim Carton; Adeniyi Asiyanbi; Silke Beck; Holly Jean Buck; Jens Friis Lund,Wiley Interdisciplinary Reviews Climate Change,"Abstract Recent IPCC assessments highlight a key role for large‐scale carbon removal in meeting the objectives of the Paris Agreement. This focus on removal, also referred to as negative emissions, is suggestive of novel opportunities, risks, and challenges in addressing climate change, but tends to build on the narrow techno‐economic framings that characterize integrated assessment modeling. While the discussion on negative emissions bears important parallels to a wider and older literature on carbon sequestration and carbon sinks, this earlier scholarship—particularly from the critical social sciences—is seldom engaged with by the negative emissions research community. In this article, we survey this “long history” of carbon removal and seek to draw out lessons for ongoing research and the emerging public debate on negative emissions. We argue that research and policy on negative emissions should proceed not just from projections of the future, but also from an acknowledgement of past controversies, successes and failures. In particular, our review calls attention to the irreducibly political character of carbon removal imaginaries and accounting practices and urges acknowledgement of past experiences with the implementation of (small‐scale) carbon sequestration projects. Our review in this way highlights the importance of seeing continuity in the carbon removal discussion and calls for more engagement with existing social science scholarship on the subject. Acknowledging continuity and embracing an interdisciplinary research agenda on carbon removal are important aspects in making climate change mitigation research more responsible, and a precondition to avoid repeating past mistakes and failures. This article is categorized under: The Carbon Economy and Climate Mitigation &gt; Benefits of Mitigation",218,Carbon fibers; Greenhouse gas; Geography; Environmental science; Geology,0.25,Include,Include,Matches 3 inclusion term(s).
https://openalex.org/W4307479757,https://doi.org/10.1007/s10311-022-01532-8,"Cost, environmental impact, and resilience of renewable energy under a changing climate: a review",2022.0,Ahmed I. Osman; Lin Chen; Mingyu Yang; Goodluck Msigwa; Mohamed Farghali,Environmental Chemistry Letters,"Abstract Energy derived from fossil fuels contributes significantly to global climate change, accounting for more than 75% of global greenhouse gas emissions and approximately 90% of all carbon dioxide emissions. Alternative energy from renewable sources must be utilized to decarbonize the energy sector. However, the adverse effects of climate change, such as increasing temperatures, extreme winds, rising sea levels, and decreased precipitation, may impact renewable energies. Here we review renewable energies with a focus on costs, the impact of climate on renewable energies, the impact of renewable energies on the environment, economy, and on decarbonization in different countries. We focus on solar, wind, biomass, hydropower, and geothermal energy. We observe that the price of solar photovoltaic energy has declined from $0.417 in 2010 to $0.048/kilowatt-hour in 2021. Similarly, prices have declined by 68% for onshore wind, 60% for offshore wind, 68% for concentrated solar power, and 14% for biomass energy. Wind energy and hydropower production could decrease by as much as 40% in some regions due to climate change, whereas solar energy appears the least impacted energy source. Climate change can also modify biomass productivity, growth, chemical composition, and soil microbial communities. Hydroelectric power plants are the most damaging to the environment; and solar photovoltaics must be carefully installed to reduce their impact. Wind turbines and biomass power plants have a minimal environmental impact; therefore, they should be implemented extensively. Renewable energy sources could decarbonize 90% of the electricity industry by 2050, drastically reducing carbon emissions, and contributing to climate change mitigation. By establishing the zero carbon emission decarbonization concept, the future of renewable energy is promising, with the potential to replace fossil fuel-derived energy and limit global temperature rise to 1.5 °C by 2050.",927,Renewable energy; Environmental science; Greenhouse gas; Climate change mitigation; Energy development,0.25,Include,Include,Matches 3 inclusion term(s).
https://openalex.org/W3122357789,https://doi.org/10.1002/bse.2727,Board gender diversity and carbon emissions: European evidence on curvilinear relationships and critical mass,2021.0,Claudio Nuber; Patrick Velte,Business Strategy and the Environment,"Abstract The role of European businesses in addressing environmental issues and climate change has taken center stage with the European Green Deal. With increasing attention to the effect of board gender diversity (BGD) on firms' environmental performance, the question arises whether BGD has any influence on carbon emissions. Based on legitimacy and critical mass theory, this study empirically investigates the impact of BGD on firms' carbon performance (CP), based on total carbon emissions intensity. The paper relies on two‐stage least squares (2SLS) regressions with instrumental variable (IV) and a two‐step generalized method of moments (GMM) system approach to analyze a cross‐country sample of 3123 observations from non‐financial firms in the European STOXX600 index over the 2009–2018 period. Our findings add to the growing empirical evidence twofold: (1) there is a robust linear and positive relationship between BGD and CP, whereas some indication of a U‐shaped relationship is found; and (2) we find that a critical mass of at least two women directors needs to be reached to increase CP. Our research results contribute to the current discussion on sustainable corporate governance, especially in the European capital market, and have implications for researchers, business practice, and regulatory issues alike.",336,Critical mass (sociodynamics); Corporate governance; Gender diversity; Legitimacy; Greenhouse gas,0.25,Include,Include,Matches 3 inclusion term(s).
https://openalex.org/W2580610811,https://doi.org/10.1016/j.pecs.2017.01.001,Removal of non-CO 2 greenhouse gases by large-scale atmospheric solar photocatalysis,2017.0,Renaud de Richter; Tingzhen Ming; P.A. Davies; Wei Liu; Sylvain Caillol,Progress in Energy and Combustion Science,"Large-scale atmospheric removal of greenhouse gases (GHGs) including methane, nitrous oxide and ozone-depleting halocarbons could reduce global warming more quickly than atmospheric removal of CO2. Photocatalysis of methane oxidizes it to CO2, effectively reducing its global warming potential (GWP) by at least 90%. Nitrous oxide can be reduced to nitrogen and oxygen by photocatalysis; meanwhile halocarbons can be mineralized by red-ox photocatalytic reactions to acid halides and CO2. Photocatalysis avoids the need for capture and sequestration of these atmospheric components. Here review an unusual hybrid device combining photocatalysis with carbon-free electricity with no-intermittency based on the solar updraft chimney. Then we review experimental evidence regarding photocatalytic transformations of non-CO2 GHGs. We propose to combine TiO2-photocatalysis with solar chimney power plants (SCPPs) to cleanse the atmosphere of non-CO2 GHGs. Worldwide installation of 50,000 SCPPs, each of capacity 200 MW, would generate a cumulative 34 PWh of renewable electricity by 2050, taking into account construction time. These SCPPs equipped with photocatalyst would process 1 atmospheric volume each 14–16 years, reducing or stopping the atmospheric growth rate of the non-CO2 GHGs and progressively reducing their atmospheric concentrations. Removal of methane, as compared to other GHGs, has enhanced efficacy in reducing radiative forcing because it liberates more °OH radicals to accelerate the cleaning of the troposphere. The overall reduction in non-CO2 GHG concentration would help to limit global temperature rise. By physically linking greenhouse gas removal to renewable electricity generation, the hybrid concept would avoid the moral hazard associated with most other climate engineering proposals.",172,Solar chimney; Greenhouse gas; Greenhouse gas removal; Environmental science; Methane,0.25,Include,Include,Matches 3 inclusion term(s).
https://openalex.org/W3124980740,https://doi.org/10.1038/s41598-020-79883-x,"Crop nutrient management using Nutrient Expert improves yield, increases farmers’ income and reduces greenhouse gas emissions",2021.0,Tek B. Sapkota; M.L. Jat; D.S. RANA; Arun Khatri‐Chhetri; H.S. Jat,Scientific Reports,"Abstract Reduction of excess nutrient application and balanced fertilizer use are the key mitigation options in agriculture. We evaluated Nutrient Expert (NE) tool-based site-specific nutrient management (SSNM) in rice and wheat crops by establishing 1594 side-by-side comparison trials with farmers’ fertilization practices (FFP) across the Indo-Gangetic Plains (IGP) of India. We found that NE-based fertilizer management can lower global warming potential (GWP) by about 2.5% in rice, and between 12 and 20% in wheat over FFP. More than 80% of the participating farmers increased their crop yield and farm income by applying the NE-based fertilizer recommendation. We also observed that increased crop yield and reduced fertilizer consumption and associated greenhouse gas (GHG) emissions by using NE was significantly influenced by the crop type, agro-ecology, soil properties and farmers’ current level of fertilization. Adoption of NE-based fertilizer recommendation practice in all rice and wheat acreage in India would translate into 13.92 million tonnes (Mt) more rice and wheat production with 1.44 Mt less N fertilizer use, and a reduction in GHG of 5.34 Mt CO 2 e per year over farmers’ current practice. Our study establishes the utility of NE to help implement SSNM in smallholder production systems for increasing crop yields and farmers’ income while reducing GHG emissions.",146,Greenhouse gas; Nutrient; Yield (engineering); Nutrient management; Environmental science,0.25,Include,Include,Matches 3 inclusion term(s).
https://openalex.org/W2806991010,https://doi.org/10.1002/wcc.531,Overcoming public resistance to carbon taxes,2018.0,Stefano Carattini; Maria Carvalho; Samuel Fankhauser,Wiley Interdisciplinary Reviews Climate Change,"Carbon taxes represent a cost-effective way to steer the economy toward a greener future. In the real world, their application has however been limited. In this paper, we address one of the main obstacles to carbon taxes: public opposition. We identify drivers of and barriers to public support, and, under the form of stylized facts, provide general lessons on the acceptability of carbon taxes. We derive our lessons from a growing literature, as well as from a combination of policy ""failures"" and ""successes."" Based on our stylized facts, we formulate a set of suggestions concerning the design of carbon taxes. We consider the use of trial periods, tax escalators, environmental earmarking, lump-sum transfers, tax rebates, and advanced communication strategies, among others. This paper contributes to the policy debate about carbon taxes, hopefully leading to more success stories and fewer policy failures. This article is categorized under: Climate Economics > Economics of Mitigation.",424,Stylized fact; Carbon tax; Opposition (politics); Economics; Public economics,0.25,Include,Include,Matches 3 inclusion term(s).
https://openalex.org/W3092544811,https://doi.org/10.1002/bse.2661,"Mandatory disclosure, greenhouse gas emissions and the cost of equity capital: UK evidence of a U‐shaped relationship",2020.0,Ali Meftah Gerged; Lane Matthews; Mohamed Elheddad,Business Strategy and the Environment,"Abstract This paper examines the effects of disclosing greenhouse gas (GHG) information mandatorily on the cost of equity capital (COC) using a longitudinal unbalanced panel database of the United Kingdom's FTSE 350 firms for the period 2011–2016. We use a nonlinear panel quantile regression (PQR) model to examine the relationship between GHG disclosure (GHGD) and COC in the United Kingdom. This technique was supplemented by conducting a two‐step generalised method of moment (GMM) estimation to address any concerns related to the potential existence of endogeneity problems. Our findings suggest that high‐level GHGD appeared to be negatively associated with COC up to a certain level, which is known as the turning point; then, any increase in GHGD is likely to increase the COC. This means that the nonlinear association between GHGD and COC is evidenced in our study and takes a U shape. Likewise, our findings are associative of a moderating effect of the 2013 carbon disclosure regulation (CDR) on the GHGD–COC nexus. We argue that mandatory GHGD and GHG risk are linked so that those companies that are associated with higher GHG risk have a tendency to be better disclosers. Consequently, we urge regulators to design GHGD regulations in a way that mirrors corporate environmental risk and leads to a lower COC in order to align the interests of corporations with those of the society at large.",115,Greenhouse gas; Endogeneity; Panel data; Nexus (standard); Economics,0.25,Include,Include,Matches 3 inclusion term(s).
https://openalex.org/W2768324256,,"Grazed and confused? : Ruminating on cattle, grazing systems, methane, nitrous oxide, the soil carbon sequestration question - and what it all means for greenhouse gas emissions",2017.0,Tara Garnett; Cécile Godde; Adrian Müller; Elin Röös; Pete Smith,Socio-Environmental Systems Modeling,"In the context of planetary boundaries on the one hand and the need for human development (in its widest sense) on the other, what role – if any – do farmed animals play in a sustainable food system? If they do have a role, which systems and species are to be preferred, in which contexts, at what scale and at what level of overall production and consumption? How could the required changes happen?",119,Greenhouse gas; Ruminating; Grazing; Environmental science; Context (archaeology),0.25,Include,Include,Matches 3 inclusion term(s).
https://openalex.org/W3211123614,https://doi.org/10.1038/s41467-021-26509-z,Deep mitigation of CO2 and non-CO2 greenhouse gases toward 1.5 °C and 2 °C futures,2021.0,Yang Ou; Christopher Roney; Jameel Alsalam; Katherine Calvin; Jared Creason,Nature Communications,"Abstract Stabilizing climate change well below 2 °C and towards 1.5 °C requires comprehensive mitigation of all greenhouse gases (GHG), including both CO 2 and non-CO 2 GHG emissions. Here we incorporate the latest global non-CO 2 emissions and mitigation data into a state-of-the-art integrated assessment model GCAM and examine 90 mitigation scenarios pairing different levels of CO 2 and non-CO 2 GHG abatement pathways. We estimate that when non-CO 2 mitigation contributions are not fully implemented, the timing of net-zero CO 2 must occur about two decades earlier. Conversely, comprehensive GHG abatement that fully integrates non-CO 2 mitigation measures in addition to a net-zero CO 2 commitment can help achieve 1.5 °C stabilization. While decarbonization-driven fuel switching mainly reduces non-CO 2 emissions from fuel extraction and end use, targeted non-CO 2 mitigation measures can significantly reduce fluorinated gas emissions from industrial processes and cooling sectors. Our integrated modeling provides direct insights in how system-wide all GHG mitigation can affect the timing of net-zero CO 2 for 1.5 °C and 2 °C climate change scenarios.",202,Greenhouse gas; Environmental science; Climate change mitigation; Climate change; Futures contract,0.25,Include,Include,Matches 3 inclusion term(s).
https://openalex.org/W4286504548,https://doi.org/10.1038/s41598-022-15983-0,Greenhouse gases emission reduction for electric power generation sector by efficient dispatching of thermal plants integrated with renewable systems,2022.0,Ijaz Ahmed; Muhammad Rehan; Abdul Basit; Keum‐Shik Hong,Scientific Reports,"This research aims to contribute in developing a mathematical model for the composite probabilistic energy emissions dispatch (CPEED) with renewable energy systems, and it proposes a novel framework, based on an existing astute black widow optimization (ABWO) algorithm. Renewable energy power generation technology has contributed to pollution reduction and sustainable development. Therefore, this research aims to explore the CPEED problem in the context of renewable energy generation systems to enhance the energy and climate benefits of the power systems. Five benchmark test systems, combined with conventional thermal power plants and renewable energy sources such as wind and solar, are considered herein to obtain the optimum solution for cost and pollutant emission by using the ABWO approach. The ascendancy is not limited to environmental impacts, but it also provides the diversification of energy supply and reduction of reliance on imported fuels. As a result, the research findings contribute in lowering the cost of fuel and pollutant emissions, correlated with electricity generation systems, while increasing the renewable energy usage and penetration. Finally, the performance and efficacy of the designed scheme have been fully validated by comprehensive experimental results and statistical analyses.",101,Renewable energy; Environmental economics; Electricity generation; Environmental science; Electric power system,0.25,Include,Include,Matches 3 inclusion term(s).
https://openalex.org/W1595948665,https://doi.org/10.1002/sys.21291,Bitcoin‐Based Decentralized Carbon Emissions Trading Infrastructure Model,2014.0,Enas Al Kawasmi; Edin Arnautović; Davor Svetinović,Systems Engineering,"ABSTRACT This paper presents a system‐of‐systems architecture model for a Decentralized Carbon Emissions Trading Infrastructure (D‐CETI) with focus on privacy and system security goals. The structure and behavior are implemented as a solution to the problem of trading carbon emissions anonymously among the trading agents. Privacy and security of the trading agents and their carbon credits are the main requirements behind the architecture of D‐CETI. The decentralized structure of multiple systems and distributed behavior are the two main features of D‐CETI that distinguish it from the traditional carbon trading schemes and protocols. D‐CETI is based on Bitcoin, a peer‐to‐peer digital currency with no central authority, and Open Transactions, a system that simplifies the use of cryptography in financial transactions. The architecture of D‐CETI is evaluated and compared with the architecture of five other carbon emissions trading platforms.",94,Architecture; Digital currency; Computer science; Environmental economics; Emissions trading,0.25,Include,Include,Matches 3 inclusion term(s).
https://openalex.org/W2971982243,https://doi.org/10.1038/s41467-019-11693-w,The future of Blue Carbon science,2019.0,Peter I. Macreadie; Andrea Antón; John A. Raven; Nicola Beaumont; Rod M. Connolly,Nature Communications,"The term Blue Carbon (BC) was first coined a decade ago to describe the disproportionately large contribution of coastal vegetated ecosystems to global carbon sequestration. The role of BC in climate change mitigation and adaptation has now reached international prominence. To help prioritise future research, we assembled leading experts in the field to agree upon the top-ten pending questions in BC science. Understanding how climate change affects carbon accumulation in mature BC ecosystems and during their restoration was a high priority. Controversial questions included the role of carbonate and macroalgae in BC cycling, and the degree to which greenhouse gases are released following disturbance of BC ecosystems. Scientists seek improved precision of the extent of BC ecosystems; techniques to determine BC provenance; understanding of the factors that influence sequestration in BC ecosystems, with the corresponding value of BC; and the management actions that are effective in enhancing this value. Overall this overview provides a comprehensive road map for the coming decades on future research in BC science.",956,Carbon fibers; Data science; Computational biology; Computer science; Biology,0.167,Include,Include,Matches 2 inclusion term(s).
https://openalex.org/W3016891790,https://doi.org/10.1039/c9se00479c,A life cycle assessment of greenhouse gas emissions from direct air capture and Fischer–Tropsch fuel production,2020.0,Caroline M. Liu; Navjot Sandhu; Sean McCoy; Joule Bergerson,Sustainable Energy & Fuels,Direct air capture chemically separates CO<sub>2</sub> from ambient air for synthetic fuel production with renewable H<sub>2</sub>.,175,Greenhouse gas; Environmental science; Fischer–Tropsch process; Fugitive emissions; Renewable energy,0.167,Include,Include,Matches 2 inclusion term(s).
https://openalex.org/W2053278496,https://doi.org/10.1007/s13437-012-0030-5,Market-based measures for greenhouse gas emissions from ships: a review,2012.0,Harilaos N. Psaraftis,WMU Journal of Maritime Affairs,"Abstract The purpose of this paper is to review several distinct proposals for market-based measures (MBMs) that are under consideration by the International Maritime Organization (IMO) for greenhouse gases (GHGs). Thus far, some ten distinct MBM proposals have been submitted to the IMO. The paper discusses the general concept of an MBM, the mechanisms used by MBMs, and attempts to discuss the pros and cons of the submitted proposals, according to some specific criteria.",138,Greenhouse gas; Environmental economics; Business; Environmental science; Economics,0.167,Include,Include,Matches 2 inclusion term(s).
https://openalex.org/W2021512467,https://doi.org/10.1038/srep00479,Carbon Emission Flow in Networks,2012.0,Chongqing Kang; Tianrui Zhou; Qixin Chen; Qianyao Xu; Qing Xia,Scientific Reports,"As the human population increases and production expands, energy demand and anthropogenic carbon emission rates have been growing rapidly, and the need to decrease carbon emission levels has drawn increasing attention. The link between energy production and consumption has required the large-scale transport of energy within energy transmission networks. Within this energy flow, there is a virtual circulation of carbon emissions. To understand this circulation and account for the relationship between energy consumption and carbon emissions, this paper introduces the concept of ""carbon emission flow in networks"" and establishes a method to calculate carbon emission flow in networks. Using an actual analysis of China's energy pattern, the authors discuss the significance of this new concept, not only as a feasible approach but also as an innovative theoretical perspective.",200,Energy consumption; Carbon fibers; Energy flow; Greenhouse gas; Production (economics),0.167,Include,Include,Matches 2 inclusion term(s).
https://openalex.org/W2201445025,https://doi.org/10.1145/2755977,The impact of information technology on energy consumption and carbon emissions,2015.0,Erol Gelenbe; Yves Caseau,Ubiquity,"In this article the authors evaluate the impact of different sectors of information and communication technologies (ICT) on energy consumption and CO2 emissions. ICT is understood to cover computer and peripheral equipment including local area networks, telecommunication equipment and networks, and data centers.",278,Information and Communications Technology; Energy consumption; Cover (algebra); Consumption (sociology); Telecommunications,0.167,Include,Include,Matches 2 inclusion term(s).
https://openalex.org/W2838486576,https://doi.org/10.1002/bse.2193,The influence of carbon cost pass through on the link between carbon emission and corporate financial performance in the context of the European Union Emission Trading Scheme,2018.0,Roel Brouwers; Frederiek Schoubben; Cynthia Van Hulle,Business Strategy and the Environment,"Abstract In this study we examine, within the context of the European Union Emission Trading Scheme, whether firms' ability to pass through carbon costs affects the link between carbon emission and corporate financial performance. Our results, controlling for the endogenous relationship between carbon emission and financial performance, and robust to a number of alternative financial performance measures, demonstrate that good carbon emission performance does not always pay off. In fact, we find that lower levels of carbon emission are only rewarded if firms are not able to pass on carbon costs to consumers, either due to industry characteristics or firm‐specific carbon efficiency. Our results are in line with the view that as pollution is associated with increasing environmental costs, this negative impact of pollution on financial performance is mitigated for “carbon cost pass through” firms.",114,Emissions trading; Context (archaeology); Business; European union; Carbon fibers,0.167,Include,Include,Matches 2 inclusion term(s).
https://openalex.org/W4388735708,https://doi.org/10.59117/20.500.11822/43922,"Emissions Gap Report 2023: Broken Record – Temperatures hit new highs, yet world fails to cut emissions (again)",2023.0,United Nations Environment Programme,United Nations Environment Programme eBooks,This report provides the leading science-based assessment of the emissions gap between commitments made by governments to reduce greenhouse gas (GHG) emissions and those needed to achieve the global temperature goal of the Paris Agreement.,311,Greenhouse gas; Environmental science; Natural resource economics; Business; Economics,0.167,Include,Include,Matches 2 inclusion term(s).
https://openalex.org/W2578817043,,Methodology used in FeedPrint: a tool quantifying greenhouse gas emissions of feed production and utilization,2013.0,Th.V. Vellinga; Hans Blonk; M.P.J.C. Marinussen; W.J. van Zeist; D.A.J. Starmans,Socio-Environmental Systems Modeling,"The methodology for calculating greenhouse gas emissions of the feed production chain is described in detail. Beside using existing guidelines, flexibility is realised by a systematic breakdown of the feed production chain into stages and a standardised method to calculate transport emissions, improved allocation is realized by detailed analysis of industrial processes. The calculation tool FeedPrint covers the complete Dutch Feed list, over 300 feed materials, sourced from countries all over the globe. Animal nutrition is incorporated in the tool to evaluate the ultimate effect of changing rations.",153,Greenhouse gas; Production (economics); Environmental science; Flexibility (engineering); Environmental economics,0.167,Include,Include,Matches 2 inclusion term(s).
