ID,DOI,Title,Year,Authors,Venue,Abstract,Citations,Concepts,Relevance_Score,AL_Decision,LLM_Decision,LLM_Justification
41931358,10.1097/md.0000000000048134,"Effectiveness of mindfulness-based stress reduction in managing fatigue, anxiety, and depression among non-small cell lung cancer patients receiving surgery and adjuvant chemotherapy: A randomized controlled trial.",2026.0,"Liu X, Chen H, Cheng Y, Xu X, Shixing H, He M, Luo Y.",,"<h4>Background</h4>Non-small cell lung cancer (NSCLC) patients undergoing surgery and adjuvant chemotherapy often experience debilitating physical and psychological symptoms, including cancer-related fatigue, anxiety, and depression. Mindfulness-based stress reduction (MBSR) has emerged as a complementary intervention to alleviate these burdens and enhance quality of life, but evidence in NSCLC populations remains limited.<h4>Methods</h4>This randomized controlled trial enrolled 80 NSCLC patients, evenly divided into an MBSR group and a Control group. The MBSR group underwent an 8-week mindfulness program, while the Control group received standard care. Outcomes, including fatigue (Piper Fatigue Scale), anxiety (Self-Rating Anxiety Scale), depression (Self-Rating Depression Scale), self-efficacy (General Self-Efficacy Scale), and mindfulness awareness (Mindful Attention Awareness Scale), were assessed at 4 time points: baseline (before surgery), at the fourth week (before chemotherapy), and at 1 and 3 months post-intervention. Statistical analyses included repeated-measures ANOVA and t tests to evaluate group differences.<h4>Results</h4>The MBSR group demonstrated significant improvements across all outcomes compared to the Control group. Fatigue levels in the MBSR group peaked at the fourth week but returned close to baseline levels by 3 months post-intervention, while the Control group maintained elevated fatigue scores (P < .05). Anxiety (Self-Rating Anxiety Scale) and depression (Self-Rating Depression Scale) scores significantly decreased in the MBSR group by the fourth week and continued to improve at subsequent time points (P < .01). Self-efficacy (General Self-Efficacy Scale) and mindfulness awareness (Mindful Attention Awareness Scale) showed consistent improvements in the MBSR group, with significant differences evident at 1 and 3 months post-intervention (P < .01).<h4>Conclusions</h4>Mindfulness-based stress reduction effectively reduced fatigue, anxiety, and depression while enhancing self-efficacy and mindfulness awareness in NSCLC patients undergoing surgery and chemotherapy. These findings support the integration of mindfulness-based interventions into routine care to improve patient well-being during and after treatment.",0,,0.667,Include,Include,Matches 8 inclusion term(s).
42133556,10.2196/84328,A Self-Guided App-Based Mindfulness Intervention for Racially and Ethnically Minoritized Individuals Who Experience Discrimination-Related Mental Health Symptoms: Randomized Controlled Trial.,2026.0,"Ramos G, Montoya AK, Aguilera A, Lau AS, Enders CK, Wen Y, Chavira DA.",,"<h4>Background</h4>Racially and ethnically minoritized individuals (REMs) who experience discrimination are at risk of developing stress, anxiety, and depression, and digital mental health interventions (DMHIs) can make evidence-based treatments such as mindfulness available to these groups. However, REMs are significantly underrepresented in the overall DMHI and mindfulness-based DMHI literature, limiting our understanding of the effectiveness and feasibility of these digital tools to advance mental health equity for these populations.<h4>Objective</h4>This randomized controlled trial evaluated the effectiveness of a 4-week self-guided app-based mindfulness DMHI versus treatment as usual (TAU) in reducing discrimination-related stress, anxiety, and depressive symptoms among REMs, while assessing feasibility metrics, including uptake, engagement, dropout, and program satisfaction.<h4>Methods</h4>A total of 155 participants (mean age 27.28, SD 9.6 years) were randomized to either receive the DMHI (n=80) or TAU (n=75). Participants in the DMHI group underwent an onboarding procedure and were asked to complete 1 meditation daily for 4 weeks. Participants in the TAU group were encouraged to seek mental health services on their own. The racial and ethnic composition of the sample was 38.7% (60/155) Latinx, 37.4% (58/155) Asian, 11.6% (18/155) Black, 10.3% (16/155) Multiracial, and 2% (3/155) Native American. Mean differences between groups were examined using multilevel regression models, applying a false discovery rate (FDR) correction across all fixed effects. Treatment effect sizes and clinical significance were calculated using pseudo-R2s and the percentage of participants who achieved a minimal clinically significant difference (MCID), respectively. Feasibility outcomes were examined descriptively and included the percentage of participants who accessed the DMHI, days using it, meditations completed, total time meditated, the percentage of participants who dropped out of the study, and self-reported treatment satisfaction.<h4>Results</h4>Compared with participants in the TAU group, participants in the DMHI group experienced greater reductions in stress (β=-4.52, 95% CI -6.54 to -2.51; FDR-adjusted P<.001; pseudo-R2=.41; MCID=61%, 49/80), anxiety (β=-3.31, 95% CI -4.89 to -1.74; FDR-adjusted P<.001; pseudo-R2=.45; MCID=48%, 38/80), and depression (β=-2.84, 95% CI -4.57 to -1.12; FDR-adjusted P=.004; pseudo-R2=.53; MCID=54%, 43/80) by the end of the program. All participants in the DMHI group downloaded the app (80/80, 100%) and used it, on average, 16.83 (SD 7.8) days, completed 24.85 (SD 23.3) mediations, and meditated 238.67 (SD 260.7) minutes. Of all participants, 12 (12/155, 8%) dropped out of this study. Most dropouts occurred in the intervention group (11/80, 14%). Participants perceived the DMHI program as satisfactory by the end of treatment (mean treatment satisfaction 23.14, SD 4.9).<h4>Conclusions</h4>These findings position this self-guided app-based mindfulness DMHI as an effective and feasible strategy for mitigating the deleterious mental health consequences of exposure to discrimination among REMs.",0,,0.667,Include,Include,Matches 8 inclusion term(s).
42189223,10.1080/20008066.2026.2664277,Effects of virtual reality mindfulness interventions on depression and anxiety: a meta-analysis.,2026.0,"He X, Ren Y, Bian Q, Wang Y, Wang X.",,"<b>Background:</b> Depression and anxiety are common mental health problems that frequently co-occur with trauma-related disorders and often develop following traumatic or stressful events, substantially impairing quality of life. Mindfulness-based interventions have been shown to reduce these symptoms; however, their widespread implementation is often limited by poor accessibility and low adherence. Virtual reality (VR) may enhance mindfulness delivery through immersive experiences, but the overall efficacy of VR-based mindfulness interventions and the factors influencing their effectiveness remain unclear.<b>Objective:</b> This exploratory meta-analysis aimed to evaluate the effectiveness of VR-based mindfulness interventions in reducing depressive and anxiety symptoms and to explore potential moderators (population, region, immersion level, and intervention duration).<b>Methods:</b> A systematic literature search was conducted in PubMed, Web of Science and other databases up to 2025. Randomized controlled trials (RCTs) investigating VR-based mindfulness interventions for depression and/or anxiety were included. Meta-analyses were conducted using RevMan 5.4, calculating standardized mean differences (SMDs) with 95% confidence intervals (CIs).<b>Results:</b> Fifteen RCTs involving 864 participants were included. VR-based mindfulness interventions were associated with significant reductions in depressive and anxiety symptoms. Subgroup analyses indicated larger effect sizes among older adults (SMD = -1.40, <i>p</i> = .005) and in studies conducted in Eastern regions (SMD = -1.07, <i>p</i> < .00001). Both immersive and semi-immersive VR formats were effective. Interventions of short duration (≤4 weeks) and moderate duration (>6 to ≤8 weeks) showed benefits, and session lengths of ≤30 min were associated with greater symptom reduction (SMD = -0.93, <i>p</i> = .005).<b>Conclusions:</b> This exploratory meta-analysis suggests that VR-based mindfulness interventions are associated with reductions in depression and anxiety symptoms, moderated by intervention duration and regional cultural context. These findings support the potential of VR-based mindfulness as an accessible adjunctive approach, though high-quality studies with longer follow-up are needed to confirm sustained effects and improve generalizability.",0,,0.667,Include,Include,Matches 8 inclusion term(s).
42205961,10.3389/fpsyg.2026.1821354,The effect of mindfulness-based intervention on depression in family caregivers of dementia patients: a meta-analysis and GRADE evaluation.,2026.0,"Zhang X, Zhang X, Wang H, Wang X, Meng J, Yang Y, Zhang C.",,"<h4>Objective</h4>To evaluate the efficacy of MBI on depression among family caregivers of dementia patients, and to analyze the impact of intervention duration, follow-up period, and intervention methods on treatment outcomes.<h4>Methods</h4>Search Embase, The Cochrane Library, CINAHL, PubMed, SinoMed, CNKI, Wanfang, and VIP databases for randomized controlled trials on MBI for depression in family caregivers of dementia patients. The search period spans from the inception of each journal to November 10, 2025. Meta-analysis, Egger's test, and sensitivity analysis were performed using RevMan 5.4 and Stata 12.0 software.<h4>Results</h4>A total of 10 RCTs involving 563 participants were included. Meta-analysis results indicated that MBI effectively improved depressive symptoms among family caregivers of dementia patients (SMD = -0.66, 95% CI (-0.83, -0.49), <i>Z</i> = 7.57, <i>p</i> < 0.00001); Follow-up analysis indicated that the intervention remained effective at 3 months post-intervention (SMD = -0.32, 95% CI (-0.62, -0.03), <i>Z</i> = 2.13, <i>p</i> < 0.05), but no therapeutic effect was observed 6 months after the intervention (SMD = -0.89, 95% CI (-1.88, 0.09), <i>Z</i> = 1.78, <i>p</i> > 0.05). Subgroup analysis revealed that 8-week MBSR, mindfulness meditation, and ACT were effective (SMD = -0.62, 95% CI (-0.85, -0.39), <i>Z</i> = 5.24, <i>p</i> < 0.00001), while 10-week MBCT did not demonstrate efficacy (SMD = -0.69, 95% CI (-1.42, 0.03), <i>Z</i> = 1.88, <i>p</i> > 0.05). GRADE assessment indicated moderate certainty of the evidence.<h4>Conclusion</h4>MBI can improve depressive symptoms among family caregivers of dementia patients. The format of mindfulness, treatment duration, and follow-up timing influence the effectiveness of such interventions. Clinicians should prioritize selecting appropriate MBI protocols and formats, along with ensuring continuity of care and follow-up, to safeguard the sustained mental health of this vulnerable population.<h4>Systematic review registration</h4>This systematic review was registered with PROSPERO (registration number: CRD420251208383, registration date: November 10, 2025).",0,,0.667,Include,Include,Matches 8 inclusion term(s).
42247657,10.2196/91751,Self-Guided Internet-Based Mindfulness-Informed Stress Management for Generalized Anxiety Disorder: Randomized Controlled Trial With Longitudinal Network Analysis.,2026.0,"Wang Z, Tong HQ, Yue J, Wu S, Xia Y, Zhang H, Yang Y.",,"<h4>Background</h4>Generalized anxiety disorder (GAD) is characterized by stress-anxiety reinforcement cycles. Evidence for brief, self-guided, internet-based stress management as an adjunct to pharmacotherapy remains limited.<h4>Objective</h4>This study aimed to evaluate the efficacy of an 8-week self-guided, internet-based stress management program (iSM) incorporating mindfulness techniques as an adjunct to treatment as usual (TAU) in adults with GAD and to examine individual predictors of response and symptom dynamics.<h4>Methods</h4>A single-blind, parallel-group, superiority randomized controlled trial was conducted at Tongji Hospital, Wuhan, China. A total of 140 adults with GAD were randomly assigned to iSM+TAU (n=73) or TAU (n=67). Outcome assessors were blinded to group allocation. The iSM intervention consisted of 8 weekly self-guided online modules integrating mindfulness-based training and Baduanjin-based stretching exercises. TAU comprised routine pharmacotherapy. Primary outcomes were posttreatment changes in anxiety and depressive symptoms. Secondary outcomes included sleep quality, somatic symptoms, social functioning, mindfulness, rumination, and perceived stress. Exploratory cross-lagged panel network (CLPN) and random-intercept cross-lagged panel modeling (RI-CLPM) analyses were used to examine temporal symptom dynamics.<h4>Results</h4>All 140 randomized participants were included in the intention-to-treat analysis. Compared with TAU, iSM+TAU showed greater reductions at posttreatment in anxiety (Cohen d=-0.277, 95% CI -0.521 to -0.033) and depressive symptoms (Cohen d=-0.309, 95% CI -0.592 to -0.026). Significant between-group differences were also observed in somatic symptoms (Cohen d=-0.340, 95% CI -0.604 to -0.077), state anxiety (Cohen d=-0.537, 95% CI -0.849 to -0.224), mindfulness (Cohen d=0.666, 95% CI 0.327-1.006), rumination (Cohen d=-0.344, 95% CI -0.626 to -0.062), and perceived stress (Cohen d=-0.429, 95% CI -0.725 to -0.133), but not in sleep quality or social functioning. No serious adverse events were reported. Median session completion was 7 of 8. In exploratory analyses, higher baseline acting with awareness predicted greater treatment response (standardized β=0.167; 95% CI 0.031-0.335), whereas higher trait anxiety predicted poorer outcomes (standardized β=-0.150; 95% CI -0.234 to -0.002). CLPN and RI-CLPM identified 2 key within-person pathways, a bidirectional association between perceived stress (mean β=0.219; P<.001) and state anxiety (mean β=0.165; P=.02), and a unidirectional effect of mindfulness on subsequent anxiety reduction (mean β=-0.285; P<.001).<h4>Conclusions</h4>To our knowledge, this is the first trial to evaluate a brief, self-guided, culturally adapted digital mindfulness intervention as an adjunct to pharmacotherapy in Chinese adults with GAD. The intervention showed clinically meaningful benefits and practical potential as a scalable, resource-efficient approach. Unlike prior studies focused mainly on symptom outcomes alone, this trial combined a randomized design with CLPN and RI-CLPM analyses to provide preliminary insight into symptom change processes over time, adding a more process-oriented analytic perspective that may inform future intervention refinement.",0,,0.667,Include,Include,Matches 8 inclusion term(s).
41975444,10.1186/s13063-026-09697-1,Effect of brief online mindfulness-based cognitive therapy in patients with digital replantation: a study protocol for a randomized controlled trial.,2026.0,"Huang F, Wang W, Miao X, You M, Liu M, Tang W, Lu J.",,"<h4>Background</h4>Traumatic amputations are common traumatic injuries that require digital replantation to restore the form, function, and sensation of the hand. The post-surgical survival of replanted digits is influenced by multiple factors, including psychological factors such as posttraumatic stress disorder (PTSD), anxiety, and depression. Mindfulness-based cognitive therapy (MBCT) is considered a potential intervention to address such emotional distress. Traditionally, MBCT involves an 8-week face-to-face group format. Due to feasibility concerns regarding implementation and patient adherence, this study proposes a modified 4-week online version, referred to as brief online MBCT (eMBCT).<h4>Methods</h4>This study is a two-arm randomized controlled clinical trial. The control group will receive standard postoperative nursing care, while the intervention group will receive the eMBCT for 4 weeks. The primary outcome measure is PTSD symptom severity, assessed using the Stanford Acute Stress Reaction Questionnaire (SASRQ). Secondary outcomes include the Connor-Davidson Resilience Scale (CD-RISC), the General Self-Efficacy Scale (GSES), the EuroQol Five-Dimensional Health Scale (EQ-5D), and postoperative recovery status.<h4>Discussion</h4>This study aims to investigate the effects of a brief eMBCT program on PTSD symptoms, psychological resilience, self-efficacy, and clinical outcomes-specifically the incidence of vascular crisis and hand function recovery-in patients undergoing digital replantation.<h4>Trial registration</h4>ChiCTR2500101285 [Chinese Clinical Trial Registry; registered on 23 April 2025].",0,,0.583,Include,Include,Matches 7 inclusion term(s).
41934439,10.1002/cpp.70266,Mindfulness in Technology: Feasibility and Preliminary Efficacy of VR-Assisted Meditation Among Veterans With Disabilities.,2026.0,"Doğan U, Kuo HJ.",,"Veterans with physical disabilities may experience substantial psychological burden (e.g., PTSD symptoms) and practical barriers to accessing conventional mental health services. VR-assisted meditation could offer a low-threshold alternative, but evidence in this population remains limited. The objective of this study was to examine the feasibility, acceptability and preliminary efficacy of a VR-assisted meditation programme for veterans with disabilities. In a randomized controlled trial, 40 US veterans (mean age = 42 years) were assigned to either (a) weekly VR-assisted meditation sessions or (b) a no-intervention control condition. Psychological well-being (WHO-5), mindfulness (SMS), system usability (SUS) and user satisfaction (QUEST 2.0) were measured at baseline, post-intervention and follow-up. Compared with controls, the VR group showed higher post-intervention scores, with the clearest gains observed for psychological well-being and perceived system usability. Scores decreased slightly at follow-up but remained above the control condition. The pattern of benefits did not appear to differ by baseline anxiety level. VR-assisted meditation may be a feasible and acceptable approach for supporting well-being in veterans with disabilities. High perceived usability may support short-term engagement; however, the present findings are preliminary and do not establish clinical effectiveness or durability.",0,,0.583,Include,Include,Matches 7 inclusion term(s).
41894522,10.1371/journal.pone.0345784,Efficacy of a combined diving and mindfulness program on emotional eating in adults with obesity: Randomised controlled trial with standard care.,2026.0,"Griffiths K, Markarian T, Meurice V, Muzellec M, Lannoy F, Beneton F, Michelet P.",,"<h4>Background</h4>Emotional eating is considered as a mediator between depression and obesity. Combining mindfulness and sport activities can improve obesity-related psychological disorders but inconsistencies in effect and duration have been reported. We aimed to evaluate the effects of a combined mindfulness-diving Bathysmed® program on emotional eating scores in participants with obesity.<h4>Methods</h4>This unblinded randomized controlled trial was performed in the community setting, Montpellier, France. Adults with a BMI > 30 kg/m2 were randomly assigned (1:1) to a Bathysmed® 2-month program (intervention group) therapeutic scuba-diving protocol with mindfulness exercises plus standard care, or stand-alone standard care including dietary and psychological support (control group). The primary outcome was the mean change in the emotional eating subscale of the Dutch Eating Behaviour Questionnaire (DEBQ-EE) at 2-months as intention to treat.<h4>Findings</h4>Between July-August 2022, 63 participants were randomised, with 31 in the intervention group. One participant from each group were excluded. Fifty-five (87·3%) were female, median age 46 [35.5;54] and BMI 35.46 [33.45;39.48]. There was a statistically significant reduction of DEBQ-EE at 2 months in the intervention group (-0·82 (SD 0·81)) versus control group (-0·27 (SD 0·61) p = 0·004). This effect was maintained at 5 and 8-month follow up. There was a significant reduction in weight self-stigma, stress, and quality of life change scores in the intervention group.<h4>Interpretation</h4>This combined diving and mindfulness program effectively reduces emotional eating, self-stigma and quality of life scores in participants with obesity, with sustained benefits. Health policies should integrate physical activity and psychological therapies for obesity management.<h4>Trial registration</h4>Clinicaltrials NCT06882200.",0,,0.583,Include,Include,Matches 7 inclusion term(s).
42109285,10.3389/fpsyt.2026.1810049,Mindfulness-based intervention for patients with generalized anxiety disorder: a randomized controlled trial.,2026.0,"Zhang C, Zhang J, Sun L.",,"<h4>Background</h4>Despite growing interest in mindfulness-based interventions (MBI) for Generalized Anxiety Disorder (GAD), robust evidence for their adjunctive use alongside first-line pharmacotherapy is scarce. This study aimed to evaluate the efficacy of MBI as adjunct to pharmacotherapy in adults with GAD, assessing multidimensional outcomes.<h4>Methods</h4>In this randomized controlled trial, 106 adults diagnosed with DSM-5 GAD and on stable pharmacotherapy were randomly assigned to intervention group or control group (n=53). The intervention group received an 8-week, group-based MBI adapted from Mindfulness-Based Cognitive Therapy in addition to their ongoing pharmacotherapy. The control group received pharmacotherapy plus an active control condition consisting of structured psychoeducation (n=53). The primary outcome was the change in clinician-rated anxiety severity on the Hamilton Anxiety Rating Scale (HAMA). Secondary outcomes included self-reported anxiety (Self-Rating Anxiety Scale, SAS), mindfulness skills (Five Facet Mindfulness Questionnaire, FFMQ), sleep quality (Pittsburgh Sleep Quality Index, PSQI), negative cognitive bias (Negative Cognitive Processing Bias Questionnaire, NCPBQ), and psychosocial functioning (Global Assessment of Functioning-Modified, GAF-M). Linear mixed-effects model was used for analysis.<h4>Results</h4>The intervention group demonstrated a significantly greater reduction in HAMA scores post-intervention compared to the control group (18.6 vs. 22.5; <i>P</i> < 0.05), with a significant group × time interaction (Estimate = -3.68, <i>P</i> < 0.05). Significant between-group improvements favoring the intervention group were also confirmed across all secondary outcomes: SAS (Estimate = -4.29, <i>P</i> < 0.05), FFMQ (Estimate = 20.25, <i>P</i> < 0.05), PSQI (Estimate = -2.36, <i>P</i> < 0.05), NCPBQ (Estimate = -6.75, <i>P</i> < 0.05), and GAF-M (Estimate = 6.98, <i>P</i> < 0.05).<h4>Conclusion</h4>An adjunctive, 8-week MBI significantly reduces anxiety and enhances mindfulness, sleep, cognitive function, and psychosocial well-being in medicated GAD patients. These findings support integrating structured MBI into standard care to optimize functional recovery alongside symptom management.<h4>Trial registration</h4>The study was registered prior to conducting the research in the Chinese Clinical Trial Registry (https://www.chictr.org.cn) on September 26, 2024 with the trial identification number ChiCTR2400090284.",0,,0.583,Include,Include,Matches 7 inclusion term(s).
41637431,10.2196/79639,Mindfulness-Based Self-Management Program Using a Mobile App for Patients With Pulmonary Hypertension: Single-Arm Feasibility Study.,2026.0,"Takita Y, Morishita J, Park S, Goda A, Inami T, Kikuchi H, Kohno T, Kataoka M, Fujisawa D.",,"<h4>Background</h4>Mindfulness-based interventions have been applied across various chronic illnesses, but no tailored program exists for individuals with pulmonary hypertension (PH).<h4>Objective</h4>This study aimed to develop and evaluate the feasibility of a mindfulness-based self-management program for patients with PH, delivered online to accommodate their limited mobility.<h4>Methods</h4>A single-arm pre-post study was conducted using an 8-session, weekly videoconference program incorporating PH self-management education and elements of mindfulness-based cognitive therapy. A mobile app linked to an Apple Watch was used to support symptom monitoring and mindfulness awareness. Outcomes included PH-related symptoms, quality of life (emPHasis-10), depression (Patient Health Questionnaire-9 [PHQ-9]), anxiety (Generalized Anxiety Disorder 7-item scale [GAD-7]), resilience (Connor-Davidson Resilience Scale [CD-RISC]), and loneliness (UCLA Loneliness Scale-short version). Assessments occurred at baseline, week 4, and program completion. Exit interviews explored perceived changes and experiences.<h4>Results</h4>Twelve participants (mean age 41.8, SD 10.5 years; range 26-56 years) were enrolled, and 9 completed the program (75% retention). Participants valued the online format and Apple Watch integration, while noting a need for optional on-demand sessions. Qualitative analysis identified themes such as increased self-awareness, use of meditation for pain management, and enhanced self-compassion. Quantitative analysis showed significant changes across 3 time points (baseline, week 4, and week 8) for emPHasis-10 (χ²₂=9.74; P=.008) and CD-RISC (χ²₂=7.27; P=.03). Trends toward change were observed for PHQ-9 (χ²₂=4.75; P=.09) and GAD-7 (χ²₂=5.07; P=.08), but week 12 data were limited (n=5). No significant changes in loneliness were observed.<h4>Conclusions</h4>The program appeared to support patients with PH in managing symptoms and emotions and suggested potential improvements in quality of life. These preliminary findings warrant evaluation in a future randomized controlled trial.",0,,0.583,Include,Include,Matches 7 inclusion term(s).
41843792,10.2196/79991,Effects of Self-Compassion and Mindfulness Interventions on Mental Health and Work-Related Outcomes Among Japanese Workers: Randomized Controlled Trial.,2026.0,"Kurosawa T, Adachi K, Takizawa R.",,"<h4>Background</h4>Mental health problems among workers are a significant global concern, leading to substantial economic losses, particularly due to presenteeism. While mindfulness and self-compassion practices have shown promise in improving psychological well-being and occupational outcomes, traditional interventions often require a high time commitment. Low-intensity digital interventions remain underexplored, especially in the context of occupational health.<h4>Objective</h4>This study aimed to develop and evaluate the effectiveness of a smartphone-based self-care app that enables independent practice of mindfulness and self-compassion without facilitator support. Specifically, it assessed the effects of self-compassion meditation (SCM) and mindfulness meditation (MM) on mental health and work-related outcomes among nonclinical Japanese workers.<h4>Methods</h4>This open-label, 3-arm randomized controlled trial recruited 300 working adults in Japan, who were randomly assigned to SCM (n=101), MM (n=100), or a waitlist control group (n=99). Participants in the SCM and MM groups engaged in daily guided meditation via a custom-built smartphone app over 4 weeks. Primary outcomes included psychological distress (Kessler Psychological Distress Scale-6) and work performance (World Health Organization Health and Work Performance Questionnaire and the Stanford Presenteeism Scale), while secondary outcomes encompassed cognitive flexibility, self-compassion, perceived stress, work engagement, psychological safety, and self-perceived creativity. Assessments were conducted at baseline, postintervention (4 wk), and 1-month follow-up (8 wk). Recruitment occurred in 2 waves (November 2022-December 2022 and June 2023), with follow-up assessments completed by September 2023.<h4>Results</h4>A total of 300 participants (mean age of 35.44, SD 9.14 y; n=180, 60% female) were randomized. Adherence was high in both intervention groups (mean completed days: SCM 23.30, SD 5.58; MM 22.95, SD 6.25), with an overall dropout rate of 21.4%. No significant group × time interactions were detected for most outcomes, although significant main effects of time were observed for several measures, including work performance and self-compassion, with small effect sizes. Within-group analyses suggested broader improvements in the SCM group, whereas changes in the MM group were more limited. In sensitivity analyses using linear mixed-effects models, a significant group × time interaction was detected for work performance, with a larger pre-post improvement in SCM.<h4>Conclusions</h4>This low-intensity, fully self-guided, smartphone-based meditation program demonstrated good feasibility, as reflected by high adherence and relatively low attrition. Between-group effects were limited; therefore, the findings should be interpreted as preliminary and do not support strong causal claims of intervention superiority. Clinical significance remains unclear in this nonclinical sample and should be evaluated in future studies.",0,,0.5,Include,Include,Matches 6 inclusion term(s).
41946514,10.1080/10615806.2026.2655786,Brief mindfulness meditation based on Buddhist Anapanasati regulates stress response in young Chinese males.,2026.0,"Zhou XN, Liu JL, Guo JH, Ge QQ, Zhong SY, Jiang CL.",,"<h4>Objectives</h4>This study aimed to evaluate the efficacy and mechanisms of a two-week Brief Mindfulness Meditation (BMM) intervention for stress and emotion dysregulation in young Chinese men.<h4>Design and method</h4>In a randomized controlled trial, with 85 male participants (aged 20-30) were assigned to either a two-week BMM intervention (15 min daily) or a control group with neutral audio interventions. Pre- and post-intervention assessments included physiological (HRV, cortisol), psychological (PSS, PANAS) and mindfulness-related outcomes (FFMQ).<h4>Results</h4>Compared with the control group, the BMM group showed significant reductions in perceived stress (-5.00, 95% CI [-9.50, -0.52]) and LF/HF ratio (-0.65, 95% CI [-1.16, -0.13]), as well as significant increases in positive affect (7.39, 95% CI [3.81, 10.97]) and Acting with Awareness. Mediation analyses further indicated that the effect on positive affect was fully mediated by a reduction in perceived stress, whereas the effect on negative affect was partially mediated by an enhancement in Acting with Awareness.<h4>Conclusions</h4>BMM effectively reduces stress and promotes emotional well-being in young men through distinct mechanisms: it enhances positive affect by lowering perceived stress and mitigates negative affect by cultivating an awareness-based approach to acting.",0,,0.5,Include,Include,Matches 6 inclusion term(s).
42247631,10.2196/93627,Evaluating an Abbreviated Version of Mindfulness-Based Cognitive Therapy Delivered via Telephone or Videoconferencing Compared to Enhanced Usual Care-Treatment for Migraine and Mood (TEAM-M) Study: Protocol for a Three-Arm Multisite Randomized Controlled Feasibility Trial.,2026.0,"Siwik CJ, Tankha H, Hill JD, Visvanathan P, Gaskins D, DeSciscio M, McCarty N, O'Brien H, Salvaterra M, Wang C, Lipton R, Wells RE, Seng E, Shallcross AJ.",,"<h4>Background</h4>Migraine ranks among the leading causes of disability worldwide. Comorbid depressive symptoms are highly prevalent in patients with migraine and are associated with worsened pain severity, greater migraine-related disability, and poorer migraine prognosis. Despite this burdensome comorbidity, the treatment of these co-occurring disorders has rarely been studied. While mindfulness-based cognitive therapy (MBCT) shows promise for addressing both migraine-related disability and depressive symptoms, its traditional format-8 weekly 2-hour sessions in person-creates substantial access barriers, particularly for patients who experience frequent debilitating migraine and mood symptoms.<h4>Objective</h4>The objective of the Treatment for Migraine and Mood (TEAM-M) trial is to evaluate the feasibility of an abbreviated MBCT intervention (MBCT-Brief) delivered via telephone or videoconferencing in adults with migraine and elevated depressive symptoms.<h4>Methods</h4>TEAM-M is a 3-site trial with a goal sample size of 145 adults with episodic migraine and elevated depressive symptoms randomized to MBCT-Brief telephone, MBCT-Brief videoconferencing, or enhanced usual care (EUC). To be eligible, participants must meet the criteria for migraine as defined by the International Classification of Headache Disorders 3rd edition, have ≥1 year of migraine history, and have mild to moderate depressive symptoms (scores 5-19 on the Patient Health Questionnaire-9).<h4>Results</h4>Our primary outcomes include treatment feasibility, acceptability, and fidelity. Our secondary outcomes include headache disability, migraine-specific quality of life, and depressive symptoms. This trial was funded in May 2021. We began recruitment in November 2023 and completed enrollment in January 2026. As of May 2026, we have randomized 145 participants, of which 104 have completed the intervention and provided data for our primary outcomes. Data analysis is currently in progress, and primary outcome results are expected to be submitted for publication in spring 2027.<h4>Conclusions</h4>The TEAM-M trial addresses a gap in clinical care by evaluating an abbreviated version of MBCT that has scalability and accessibility advantages over full-length MBCT and the potential to address both migraine and depressive symptoms. By reducing the time commitment while maintaining the core MBCT components, MBCT-Brief can potentially address significant access barriers that often prevent patients from receiving evidence-based health care for comorbid physical and mental health symptoms. The remote delivery model offers enhanced scalability. This trial will also yield information about potential differences in telephone versus videoconferencing delivery, which will inform optimal integration into existing primary care and mental health clinic workflows, allowing for improved access to specialized care for mental health and migraine across diverse health care settings.",0,,0.5,Include,Include,Matches 6 inclusion term(s).
42094090,10.1155/ogi/1249143,Effect of Online Mindfulness-Based Stress Reduction on Psychological Distress and Pregnancy Rate in Infertile Women Undergoing In Vitro Fertilization.,2026.0,"Shiraly R, Valizadeh AK, Amooee S, Moghtaderi M, Nabavizadeh SH, Nazaraghaie F, Mostafavi S.",,"<h4>Objectives</h4>This study evaluated whether an online mindfulness-based stress reduction (MBSR) program could reduce psychological distress and improve pregnancy rates in women undergoing in vitro fertilization (IVF).<h4>Methodology</h4>A total of 133 infertile women were randomized to an online MBSR intervention or a control group. The intervention included twice-weekly mindfulness sessions over 3 months. Primary outcomes were anxiety and depression, and the ultrasound-confirmed intrauterine pregnancy rate was a secondary outcome.<h4>Results</h4>The intervention group showed significant reductions in anxiety and a significant borderline decrease in depression compared to controls. Participation in MBSR was also associated with a higher rate of ultrasound-confirmed intrauterine pregnancy. Online MBSR may effectively reduce psychological distress in women undergoing IVF, with potential benefits for pregnancy outcomes.<h4>Conclusion</h4>This study suggests that online MBSR may serve as an effective complementary approach for alleviating emotional distress and potentially enhancing pregnancy outcomes in women undergoing IVF. Online MBSR programs appear to be a valuable tool for supporting women in managing infertility-related psychological challenges. <b>Trial Registration:</b> Iranian Registry of Clinical Trials (IRCT): IRCT20241002063238N1.",0,,0.5,Include,Include,Matches 6 inclusion term(s).
41774215,10.1007/s10552-026-02129-0,A pilot randomized controlled trial of an online mindfulness-based intervention to reduce patient anxiety before a first-time screening colonoscopy.,2026.0,"Emerson B, Reiter PL, Shoben AB, Klatt M, Chakraborty S, Katz ML.",,"<h4>Purpose</h4>Anxiety before a first-time screening colonoscopy is a commonly reported patient-level barrier to completing colorectal cancer (CRC) screening. This pilot study evaluated the feasibility, acceptability, and preliminary efficacy of ""For peace of mind. Get Screened,"" a brief online mindfulness-based intervention (MBI) to reduce anxiety before a first-time screening colonoscopy.<h4>Methods</h4>Participants (n = 100) were randomized (October 2023-July 2024) to usual care or the MBI (daily CRC screening infographics guided by the Protection Motivation Theory, mindfulness infographics, and brief mindfulness meditations based on Monitor and Acceptance Theory) starting five days before their scheduled colonoscopy. Anxiety was assessed using the State-Trait Anxiety Inventory-State Subscale (STAI-S) in the endoscopy suite's waiting room.<h4>Results</h4>Participant retention was 83% due to patient and health system issues. Participant satisfaction with the MBI was high (mean: 6.40 out of 7). The MBI group had an average STAI-S score 2.54 points lower than the usual care group, though this difference was not statistically significant (32.24 vs. 34.78; p = 0.21). However, among participants not lost to follow up (n = 83), the MBI group had significantly lower waiting room STAI-S scores compared to the usual care group (31.52 vs. 35.21; p = 0.02). Clinical outcomes did not differ between groups.<h4>Conclusion</h4>Feasibility of the MBI was partially limited due to logistical issues. Findings support MBI acceptability and suggest that a brief MBI has the potential to decrease anxiety prior to a first-time colonoscopy. A larger randomized controlled trial is needed to further examine the efficacy of this intervention.<h4>Clinical trial registration</h4>ClinicalTrials.gov NCT06233253.",0,,0.5,Include,Include,Matches 6 inclusion term(s).
41917434,10.1038/s41746-026-02577-7,"A randomized trial of a digitally delivered, home-based neuromodulation and mindfulness intervention for pain management in older adults with knee osteoarthritis.",2026.0,"Park J, Lee C, Lin L, Fain MJ, Telkes I, Dahmer S, Park L, Hoang J, Miao H, Ahn H.",,"Knee osteoarthritis (OA) is a major cause of chronic pain and disability in older adults, yet scalable home-based interventions remain limited, partly due to the lack of clinically effective digital solutions. This study is the first fully powered randomized, double-blind, sham-controlled trial to test a digitally delivered, home-based protocol combining transcranial direct current stimulation (tDCS) and mindfulness-based meditation (MBM) for knee OA pain. A total of 208 participants were randomized to active tDCS + MBM, active tDCS + sham MBM, sham tDCS + active MBM, or double sham; they completed ten 20-min sessions over 2 weeks. Knee pain intensity was measured at baseline, post treatment, and monthly for 3 months. Although both active tDCS groups improved, the difference between the combined tDCS + MBM intervention and tDCS alone was not statistically significant. Benefits were not sustained at 3 months. These findings offer the first evidence that a remotely supervised, digitally delivered tDCS + MBM intervention can rapidly reduce knee OA pain, supporting future personalized and extended treatment studies. Clinical trial registration: ClinicalTrials.gov NCT04375072 (registered May 7, 2020).",0,,0.5,Include,Include,Matches 6 inclusion term(s).
41973869,10.2196/86276,Feasibility of Internet-Based Mind-Body Training for Adults With Subjective Cognitive Decline: Protocol for a Randomized Controlled Trial.,2026.0,"Prakash RS, Phansikar M, Fisher ME, Dove S, Andridge R, Scharre D, Wright KD, Head E, O'Callaghan C, Meyerson QK, Duraney EJ, Schroeder M, Chakrapani N, Grant EK, Jones T, Teng J, Esterman M, Smyth JM, Gregoire T, Malhas R.",,"<h4>Background</h4>In the United States, the prevalence of Alzheimer disease (AD) is projected to double over the next 30 years, with associated familial and societal costs estimated at US $1 trillion annually if current trends continue. Although pharmacological treatments of AD are showing promise, the adoption of healthy lifestyle behaviors, particularly during the preclinical phase of AD, may reduce dementia rates by up to 45%. Subjective cognitive decline (SCD), defined as persistent self-perceived declines in cognitive functioning compared with previously normal cognitive abilities, has been identified as a potential preclinical stage of AD.<h4>Objective</h4>This randomized controlled trial aims to evaluate the feasibility and acceptability of an internet-based, asynchronous mindfulness-based stress reduction program compared with an active control group (an internet-based lifestyle education program). Secondary objectives include examining preliminary effects of each intervention on SCD, plasma-based biomarkers of amyloid and tau pathology, and everyday mind-wandering.<h4>Methods</h4>Sixty adults aged 50 years and older will be screened for SCD in the absence of objective cognitive impairment, based on the Uniform Data Set Neuropsychological Battery (version 3.0) from the National Alzheimer's Coordinating Center. Eligible and consenting participants will complete behavioral and imaging-based tasks of sustained attention and mind-wandering, as well as blood draws at baseline and after the 8-week intervention. After baseline assessments, participants will be randomized to either an internet-based, asynchronous mindfulness-based stress reduction program or the internet-based lifestyle education program. Both programs have been adapted from our manualized in-person programs and refined through focus group interviews with the target population.<h4>Results</h4>The study was funded in April 2024. Phase 1 focused on iterative development of the 2 programs based on focus group feedback. Recruitment for the randomized controlled trial (internet-based mind-body training trial) began in June 2025 and is ongoing. Recruitment is expected to conclude in September 2026, with data collection ending in December 2026.<h4>Conclusions</h4>Behavioral, lifestyle-based interventions that emphasize experiential practices show promise as preventative strategies to prevent decline in cognitive and brain health. Yet, there remain significant barriers to engaging with in-person programs, including limited accessibility, time and schedule constraints, and travel logistics. The internet-based mind-body training trial will evaluate the feasibility and acceptability of 2 fully online, mind-body training programs for adults at risk for AD. Future Stage II and Stage III studies will be necessary to establish the efficacy of these programs for improving AD biomarkers and cognitive outcomes and their broader dissemination to adults noticing subtle changes in cognitive functioning.",0,,0.5,Include,Include,Matches 6 inclusion term(s).
42073006,10.3390/healthcare14081106,Yoga and Mindfulness-Based Rehabilitation After Myocardial Infarction: A Systematic Review.,2026.0,"Bianchi C, Rotondo L, Bersani C, Pavasini R, Marchini F, Caglioni S, Raisi A, Campo G, Tonet E.",,"<b>Background:</b> Psychological distress, autonomic dysregulation, and unhealthy lifestyle behaviors are common after myocardial infarction (MI) and negatively affect cardiovascular outcomes. In recent years, integrative mind-body interventions, such as yoga and mindfulness-based approaches, have gained increasing attention as adjuncts to conventional cardiac rehabilitation (CR) programs. However, evidence regarding their effectiveness in post-MI populations remains fragmented. <b>Objective:</b> This systematic review aimed to synthesize the available evidence on the effects of yoga- and mindfulness-based interventions in patients following myocardial infarction. <b>Methods:</b> A systematic literature search was conducted across major electronic databases to identify randomized controlled trials and observational studies evaluating yoga- or mindfulness-based interventions in post-MI patients. Eligible studies included adult MI populations. Study selection and quality assessment were performed according to predefined criteria. <b>Results:</b> The 10 included studies suggest that yoga-based cardiac rehabilitation programs may provide benefits beyond standard care, particularly in terms of self-rated health, psychological well-being, and return to pre-infarction daily activities. Mindfulness-based interventions were associated with reductions in anxiety and perceived stress, improvements in blood pressure control, enhanced social support, and better health-related quality of life. Several studies also reported favorable effects on autonomic balance and stress-related physiological markers. Finally, a study reported benefits in terms of MACE (<i>p</i> = 0.032). However, heterogeneity in intervention protocols, outcome measures, and study designs limited direct comparisons across studies. <b>Conclusions:</b> Yoga and mindfulness-based interventions appear to be promising complementary strategies in post-MI care.",0,,0.5,Include,Include,Matches 6 inclusion term(s).
42041844,10.3390/ejihpe16040047,A Meta-Analysis Examining the Efficacy and Predictors of Change in Mindfulness- and Self-Compassion-Based Interventions (MBSCIs) in Reducing Psychological Distress Among University Students.,2026.0,"Galino Buen C, Martínez-Rubio D, González-García L, Marin AE, Vara MD, López-Pinar C.",,"<b>Introduction</b>: University students are vulnerable to psychological distress due to the academic and social demands of this life stage. Mindfulness and self-compassion are effective and adaptable strategies in an academic environment that promote emotional regulation and psychological well-being. This study aims to conduct a systematic review and meta-analysis to evaluate the combined impact of mindfulness- and self-compassion-based interventions (MBSCIs) on psychological distress. It will also analyze their role as predictors of therapeutic change, as well as the moderating influence of sociodemographic and contextual factors. <b>Method</b>: We systematically searched PubMed, Scopus and Web of Science for randomized controlled trials (RCTs) and single-group pre-post trials investigating the effect of MBSCI on anxiety, depression and stress in college students. Studies were combined using the inverse variance method in a random effects model. Additional subgroup and meta-regression analyses were performed, and risk of bias was assessed. The review was pre-registered (PROSPERO registration number: CRD420251003822). <b>Results</b>: Our review included 49 studies with a total of 5043 participants (3721 in the intervention group, and 1322 in the control group). The results provide relevant evidence on the efficacy of MBSCI in the university population, especially in reducing symptoms of stress, anxiety, and depression. The effect sizes observed were moderate-to-large for stress and small-to-moderate for anxiety and depression, supporting their clinical usefulness in university educational settings. However, these findings should be interpreted with caution, as no included study achieved low risk of bias, and heterogeneity was moderate-to-high across most outcomes. <b>Conclusions</b>: The results suggest that MBSCI could alleviate psychological distress in university students. However, these results are limited by some methodological issues (risk of bias, heterogeneity, lack of follow-ups, poor standardization). It would be advisable to integrate these practices into the university curriculum as workshops or complementary activities. Further studies are needed to confirm their effectiveness and explore sustained effects and differences according to individual characteristics.",0,,0.5,Include,Include,Matches 6 inclusion term(s).
42064366,10.1016/j.invent.2026.100947,The moderating and mediating effects of mindful compassion with body-mind-spirit therapy using a blended approach of face-to-face with online for breast cancer patients' depression during COVID-19: A randomized controlled trial.,2026.0,"Hsiao FH, Lo C, Kuo WH, Hsieh CC, Huang CS.",,"<h4>Objectives</h4>To test the effectiveness of mindful compassion integrated with body-mind-spirit (BMS) therapy delivered through a blended face-to-face and online approach for breast cancer patients.<h4>Methods</h4>This randomized controlled trial (RCT) assigned 39 breast cancer patients to either a blended group (partial face-to-face and online sessions) or an online-only group. Both received eight weeks of therapist-guided mindful compassion with BMS group therapy. Assessments were conducted at baseline (T0) and then at 2nd (T1), 5th (T2), and 8th (T3) months, covering quality of life (QOL), anxiety, depressive symptoms, and meaning in life (MLQ).<h4>Results</h4>Both the blended and online-only formats improved depressive symptoms, MLQ presence, and QOL functioning. The higher anxiety reductions were in favor of the online-only group. The blended program had a stronger impact on alleviating depression and anxiety for patients with higher initial depressive symptoms and greater breast cancer-specific distress. Increased mindfulness was linked to fewer depressive symptoms through better QOL functioning.<h4>Conclusions</h4>Both delivery formats appear feasible and may provide psychological benefits for breast cancer patients. Future research is needed to determine the optimal balance between face-to-face and online sessions and to clarify the mechanisms underlying these effects.",0,,0.5,Include,Include,Matches 6 inclusion term(s).
41488438,10.2147/jmdh.s566502,"""Exploring Psychosocial Interventions to Improve Mental Health Outcomes Among Healthcare Workers"": Scoping Review.",2025.0,"Maulana I, Shalahuddin I, Eriyani T, Pebrianti S.",,"<h4>Background</h4>Healthcare workers (HCWs) face heightened risks of stress, anxiety, depression, and burnout, particularly during and after the COVID-19 pandemic. Psychosocial interventions have been increasingly implemented, yet the evidence remains fragmented across diverse settings and modalities. This scoping review aimed to map current psychosocial interventions designed to improve mental health outcomes among HCWs.<h4>Methods</h4>Guided by the PRISMA-ScR framework, five databases (PubMed, Scopus, ScienceDirect, EBSCOhost, Google Scholar) were searched from January 2000 to September 2025. Eligible studies involved HCWs, assessed psychosocial interventions, and reported mental health outcomes. The Joanna Briggs Institute (JBI) appraisal tool was applied, and only studies scoring ≥70% were retained. Although multiple designs were eligible, only randomized controlled trials (RCTs) met the quality threshold and were included. Data were synthesized descriptively and thematically.<h4>Results</h4>Of 312 identified records, 15 RCTs (2021-2025) were included. Interventions were grouped into mindfulness and meditation programs (n=6), digital and mHealth approaches (n=5), and coaching or AI-assisted resilience training (n=4). Specifically, mindfulness interventions reduced stress and anxiety by up to 30% and consistently improved well-being. Notably, digital modalities-including mobile apps and internet-delivered cognitive behavioral therapy (CBT)-were widely used during the pandemic and demonstrated benefits for burnout, sleep quality, and resilience. Across all studies, coaching and AI-assisted interventions improved work engagement and reduced exhaustion, particularly in non-pandemic contexts.<h4>Conclusion</h4>Psychosocial interventions demonstrate strong potential to improve HCWs' mental health. Digital programs offer scalable support, while resilience-based approaches promote long-term well-being. Future research should examine implementation in low-resource settings, compare digital versus in-person modalities, and explore organizational-level strategies to complement individual interventions.",0,,0.5,Include,Include,Matches 6 inclusion term(s).
41896920,10.1186/s13063-026-09549-y,Outdoor nature-based activities for mental vitality and cognitive empowerment in older adults: a randomized controlled trial protocol.,2026.0,"Mehriyan F, Bakhtiari A, Zahedi R.",,"<h4>Background</h4>Nature exposure has been associated with mental health and cognitive benefits among older adults. However, controlled trials evaluating specific types of nature-based interventions are limited. This study aims to examine the effects of two structured outdoor activities, walking with meaningful conversation and group meditation, on mental vitality and cognitive empowerment in elderly women.<h4>Methods</h4>This is a three-arm parallel randomized controlled trial (RCT) enrolling 111 women aged ≥ 60 from 9 urban and rural health centers in Khafr County, Iran. Participants will be randomized into the following: (1) Walking with meaningful conversation group, (2) meditation in nature group, and (3) control group with no intervention. Each intervention consists of eight 2-h sessions across 8 weeks. Assessments will occur at baseline, post-intervention (week 8), and 3-month follow-up using validated questionnaires on mental vitality and cognitive empowerment. The generalized estimating equation (GEE) model will be applied to analyze changes over time.<h4>Discussion</h4>We hypothesize that both intervention groups will show significant improvements compared to the control, with walking expected to yield greater gains in mental vitality and meditation to better enhance cognitive empowerment. Findings may support the implementation of community-based, non-pharmacological programs to promote active aging.<h4>Trial registration</h4>Iranian Registry of Clinical Trials IRCT20241023063481N1. Registered on 18 February 2025.",0,,0.417,Include,Include,Matches 5 inclusion term(s).
41799771,10.7150/ijms.126415,"Effect of Virtual Reality-Based Mindfulness Program vs Audio-Guided Mindfulness on Depression, Sleep, and Quality of Life in Dementia Family Caregivers: An Exploratory Randomized Controlled Trial.",2026.0,"Bai D, Wang YH, Lin YF, Liu MF.",,"<h4>Background</h4>Family caregivers of individuals with dementia often experience significant psychological and physical burdens. While mindfulness-based interventions have shown potential in improving caregiver well-being, the effects of integrating virtual reality (VR) technology into these interventions remain underexplored.<h4>Objective</h4>This study compared a VR-based mindfulness program with an audio-guided mindfulness program on depression, sleep quality, and quality of life among family caregivers of people with dementia.<h4>Methods</h4>An exploratory randomized controlled trial was conducted with 16 dementia family caregivers. Participants were randomly assigned to a VR-based mindfulness intervention group or an audio-guided mindfulness active control group. The six-week intervention included practices such as mindful breathing, body scanning, and yoga. The primary outcome was depression (Center for Epidemiologic Studies Depression Scale, CES-D). Secondary outcomes were sleep quality (Chinese Pittsburgh Sleep Quality Index, CPSQI) and quality of life (WHOQOL-BREF Taiwan version). Outcomes were assessed at baseline and post-intervention. Within-group changes were assessed using the Wilcoxon signed-rank test, and between-group differences in change scores were compared using the Mann-Whitney U test.<h4>Results</h4>Both groups showed significant within-group improvements in depression (VR: -4.50, <i>p</i> = .012; audio: -4.00, <i>p</i> = .012), sleep quality (VR: -1.50, <i>p</i> = .012; audio: -1.50, <i>p</i> = .017), and quality of life (VR: +2.00, <i>p</i> = .012; audio: +3.00, <i>p</i> = .012). Although between-group differences were not statistically significant, no VR-related adverse symptoms were reported, and the findings support further evaluation of VR-delivered mindfulness in larger trials.<h4>Conclusions</h4>Both VR-based and audio-guided mindfulness interventions were associated with within-group improvements in depression, sleep, and quality of life in dementia caregivers. VR offers an engaging alternative for mindfulness delivery, with potential to enhance user experience. Given the small sample size, these findings should be interpreted cautiously, and larger studies are needed to examine VR's added benefits.",0,,0.417,Include,Include,Matches 5 inclusion term(s).
42020858,10.1007/s00520-026-10660-8,Online self-compassion-based interventions on patient outcomes in patients with cancer: a systematic review.,2026.0,"Çetiner E, Turan Kavradım S.",,"<h4>Purpose</h4>This systematic review investigates the effectiveness of online self-compassion-based interventions and their impact on the outcomes of cancer patients.<h4>Methods</h4>A comprehensive search was carried out in the Web of Science Core Collection, Cochrane Library, CINAHL, PubMed, ScienceDirect, Scopus, Ovid, and SpringerLink databases without any year limitation until January 01, 2026. Cochrane and PRISMA guidelines were used for systematic review and reporting. RoB2 and Joanna Briggs Institute guidelines were utilized to assess the risk of bias.<h4>Results</h4>Eight studies included in the systematic review were conducted between 2017 and 2025 in Australia, the USA, the Netherlands, China, and Türkiye. The self-compassion interventions applied in the studies included mindful self-compassion, self-compassion-focused writing, compassion mind training, and kindness interventions. Online self-compassion-based interventions have been found to increase patients' levels of self-compassion, mindfulness, body image appreciation, well-being, self-acceptance, posttraumatic growth, and positive affect while reduce their levels of self-criticism, social isolation, anxiety, stress, and depression, body image distress.<h4>Conclusions</h4>Studies have shown the positive effects of self-compassion-based interventions on patient outcomes. A sensitivity analysis that included only randomized controlled trials demonstrated robustness in all outcomes except anxiety; however, some research results were obtained from a single randomized controlled trial. Since some study results were derived solely from quasi-experimental studies, they were not included in the analysis. Therefore, more randomized controlled research is required to integrate these interventions into clinical patient care. Online self-compassion interventions can contribute to the planning of holistic nursing interventions for patient outcomes.",0,,0.417,Include,Include,Matches 5 inclusion term(s).
41857743,10.1186/s13063-026-09611-9,Smoking cessation with CBT and mindfulness: study protocol for a randomized controlled trial.,2026.0,"Chen R, Ye R, Liao Y.",,"<h4>Introduction</h4>Tobacco smoking remains a significant global health issue, contributing to preventable morbidity and mortality. Smoking cessation is often hindered by cravings and emotional distress. Cognitive behavioral therapy (CBT) has shown promise in addressing these issues, and the integration of mindfulness techniques, such as audio-guided exercises, may further enhance its effectiveness by coping with cravings, boosting self-awareness and emotional regulation. We aim to determine the efficacy of the combined program of CBT text with mindfulness audio support.<h4>Methods</h4>This study is a parallel-group, assessor-blinded randomized controlled trial (RCT) conducted via an online WeChat-integrated platform in China, with participants randomly assigned to one of two groups: group A (CBT text only) or group B (CBT text + mindfulness audio). The study will enroll approximately 2000 adult smokers aged 18-65 who smoke at least five cigarettes per day and express a desire to quit. The intervention will last for 8 weeks, with follow-up assessments conducted at various intervals up to 26 weeks. Primary outcomes include reductions in smoking frequency and craving intensity, as well as improvements in emotional regulation. Secondary outcomes include changes in sleep quality, nicotine dependence, and weight. Data will be collected through online questionnaires and biological verification (cotinine tests) for participants who report abstinence. Statistical analyses will include logistic regression for group comparisons of primary outcomes and mixed-effects models for secondary outcomes.<h4>Ethics and dissemination</h4>The study has received ethical approval (No. 2024-2068-01), and participants will provide digital informed consent. All data will be anonymized and stored securely. Results will be disseminated through peer-reviewed publications and may contribute to the development of more effective digital health interventions for smoking cessation.<h4>Trial registration</h4>Trial registration number: 2024-2068-01.<h4>Clinicaltrials</h4>gov identifier: NCT06901713. Registered on March 30, 2025.",0,,0.417,Include,Include,Matches 5 inclusion term(s).
42058068,10.3389/fpubh.2026.1788887,"Effects of mindfulness yoga intervention on physical function, anxiety, inflammatory response, and relapse intention in methamphetamine addicts: a 24-week randomized controlled trial.",2026.0,"Chen SX, Lyu ZX, Hao ZJ, Tang Q, Li WJ.",,"<h4>Background</h4>Methamphetamine (MA) addiction is a chronic relapsing disorder that impairs physical health, induces mental distress (e.g., anxiety), and triggers abnormal inflammatory and neurotransmitter responses, all contributing to high relapse rates. Mindfulness and yoga interventions may alleviate psychological distress and improve physical well-being in substance users; however, few studies have systematically investigated their comprehensive effects on physical function, inflammatory markers, neurotransmitter balance, and relapse intention in MA addicts, leaving a gap in non-pharmacological interventions for this population.<h4>Objective</h4>This randomized controlled trial aimed to investigate the effects of a 24-week yoga intervention integrated with mindfulness components on multiple health outcomes among individuals with methamphetamine use disorder, ncluding physical function (assessed by Functional Movement Screening [FMS], reaction time, sleep quality, subjective fatigue, and creatine kinase [CK]), anxiety, inflammatory response (tumor necrosis factor-<i>α</i> [TNF-α], interleukin-6 [IL-6], and interleukin-10 [IL-10]), heart rate variability (HRV), relapse-related neurotransmitters (dopamine [DA], serotonin [5-HT], and norepinephrine [NE]), and relapse intention.<h4>Methods</h4>Eighty MA addicts meeting DSM-5 criteria were randomly assigned to an experimental group (<i>n</i> = 41; 40-min mindfulness yoga sessions, three times weekly for 24 weeks) or a control group (<i>n</i> = 39; no additional intervention). Assessments were conducted at baseline and post-intervention for all outcomes, with additional measurements at 4 and 12 weeks for fatigue, CK, and inflammatory markers.<h4>Results</h4>Following the 24-week intervention, the experimental group demonstrated significant improvements in sleep quality (PSQI score reduced from 14.32 to 8.41), anxiety levels (BAI score decreased), FMS total score (increased from 9.24 to 12.12), and reaction time (improved from 0.59 s to 0.48 s) compared to baseline and controls (<i>p</i> < 0.01). Relapse intention (OCDS score reduced from 29.12 to 18.45) and NE levels significantly decreased, while DA and 5-HT levels significantly increased (<i>p</i> < 0.01). The experimental group also showed enhanced parasympathetic activity (higher HF index, lower LF/HF ratio; both <i>p</i> < 0.01), reduced CK, TNF-<i>α</i>, IL-6, and subjective fatigue, and elevated IL-10 levels (<i>p</i> < 0.05).<h4>Conclusion</h4>Compared with a traditional relaxation and stretching control condition, mindfulness yoga intervention demonstrated superior efficacy in improving physical function, sleep quality, and reaction ability of MA addicts. These findings support mindfulness yoga as a promising non-pharmacological intervention for MA addiction rehabilitation.<h4>Clinical trial registration</h4>https://www.chictr.org.cn/showproj.html?proj=40393, Unique Identifier is ChiCTR1900024439.",0,,0.417,Include,Include,Matches 5 inclusion term(s).
41199275,10.1186/s12912-025-04063-z,The effect of mindfulness-based stress reduction on anxiety and sleep quality in informal family caregivers of cancer patients: a randomized controlled trial.,2025.0,"Safavi SF, Vahedparast H, Amiri B, Gharibi T, Hosseinnejad A.",,,0,,0.417,Include,Include,Matches 5 inclusion term(s).
42057149,10.1186/s40359-026-04631-1,"""StudiCare Mindfulness"": effects of an online mindfulness-based intervention on mindfulness, stress, and interoception in university students - a randomized controlled trial.",2026.0,"Schillings CM, Schultchen D, Küchler AM, Mack M, Baumeister H, Pollatos O.",,"<h4>Background</h4>University students experience elevated stress levels that increase the risk for developing mental disorders. Online mindfulness-based interventions (MBIs) represent a promising low-threshold approach to improve health-related variables. However, evidence regarding their effects on psychobiological stress markers and interoceptive abilities remains limited.<h4>Methods</h4>This randomized controlled trial investigated the efficacy of an 8-week guided online MBI (StudiCare Mindfulness) in university students (n = 60) compared to a waitlist control group (n = 61). Assessments were conducted at baseline (T0), after eight weeks (T1), and 6-month follow-up (T2). Primary outcome was mindfulness (Freiburg Mindfulness Inventory). Secondary outcomes included perceived stress (Perceived Stress Scale-4), psychobiological stress (hair cortisol), interoceptive accuracy (heartbeat perception task), and interoceptive sensibility (confidence ratings, Body Perception Questionnaire). Hierarchical linear models were employed for data analysis.<h4>Results</h4>Significant time × group interactions demonstrated that the intervention group significantly improved in mindfulness (β = 3.137, p = .002) and showed reductions in perceived stress (β = - 0.989, p < .001) compared to controls, with effects maintained at follow-up. No significant intervention effects were observed for psychobiological stress and interoceptive abilities.<h4>Conclusions</h4>The guided online MBI effectively enhanced mindfulness and reduced perceived stress in university students, with sustained effects at 6-month follow-up. However, the intervention did not significantly affect psychobiological stress markers or interoceptive processing, suggesting differential sensitivity of psychological versus psychobiological stress dimensions to online MBIs. At the same time, the absence of effects on psychobiological measures should be interpreted with caution, as these outcomes may have been subject to additional uncontrolled sources of variability.<h4>Trial registration</h4>German Clinical Studies Trial Register TRN: DRKS00014701, trial registration date: 07.05.2018.",0,,0.417,Include,Include,Matches 5 inclusion term(s).
41988624,10.7759/cureus.105263,Feasibility and Acceptability of Transcendental Meditation for Indian Healthcare Professionals in a Tertiary Care Hospital: A Pilot Randomized Controlled Feasibility Trial.,2026.0,"Niraj S, Niraj G, Naithani R.",,"Healthcare professionals in India are vulnerable to experiencing a high level of burnout, which has consequences for individuals and organizations. This prospective pilot randomized controlled feasibility study examined, for the first time, the feasibility and acceptability of practicing the Transcendental Meditation (TM) technique among healthcare professionals in India. A total of 76 healthcare professionals were randomized to either a TM intervention group or a control group using a stratified randomization method. The feasibility and acceptability measures were designed to assess whether the practice of TM was feasible and acceptable. Secondary outcomes were assessed using validated questionnaires, including the Generalized Anxiety Disorder-7 (GAD-7), the Perceived Stress Scale-4 (PSS-4), the Copenhagen Burnout Inventory (CBI), and the Short Warwick-Edinburgh Mental Well-Being Scale (SWEMWBS). Outcome measures were collected at baseline and 12 weeks post-intervention. Feasibility and acceptability outcomes indicated good engagement with the intervention. All participants assigned to the TM group attended the individual TM instruction session, and 34 of 38 participants (90%) attended at least four of the five follow-up sessions. Approximately two-thirds of participants reported that practicing TM was feasible or very feasible, and the overall self-reported adherence to TM practice was 79%. With respect to secondary outcomes, participants in the TM group demonstrated reductions in anxiety and burnout scores and improvements in well-being at the 12-week follow-up compared with the control group. However, no statistically significant change in perceived stress levels was observed, as measured by the PSS-4. The findings of this pilot randomized controlled feasibility trial demonstrated that TM can be considered as a feasible and acceptable intervention for healthcare professionals in rural India. Preliminary improvements were observed in anxiety, burnout, and well-being. However, these findings should be interpreted cautiously given the exploratory nature of this trial. Substantive studies are recommended to confirm these findings.",0,,0.417,Include,Include,Matches 5 inclusion term(s).
41677086,10.1002/cnr2.70494,Positive Psychology Interventions in Patients With Prostate Cancer: A Systematic Review.,2026.0,"Xu E, Phung QH, Runcie K, Liu MA.",,"<h4>Background</h4>Prostate cancer is the most common malignancy in men and may often result in psychiatric symptoms due to the direct disease effects, hormonal treatments, functional losses, and psychological responses of patients to the cancer. Positive psychology interventions have shown promise in alleviating psychological symptoms in patients with chronic diseases but are infrequently studied in patients with prostate cancer.<h4>Aims</h4>Our systematic review aimed to examine the benefits of positive psychology interventions for patients with prostate cancer.<h4>Methods and results</h4>We searched the PubMed/Medline, Embase, and PsycInfo databases yielding 1078 initial studies, 10 of which met inclusion criteria. The methodological quality of included studies was formally assessed. Positive psychology interventions consisted of mindfulness-based therapies, meditation, hope and resilience therapies, and well-being therapies. Most studies showed a positive effect on outcomes for patients with early to advanced stage prostate cancers, including psychological distress, mood disorders, anxiety, quality of life, happiness, and life satisfaction. However, most studies were limited by small sample size, qualitative findings, and loss to follow-up.<h4>Conclusion</h4>This systematic review demonstrates that positive psychology approaches may have benefit in patients with prostate cancer. Hormonal changes and inflammatory biomarkers are potential pathways through which positive psychology interventions influence this population.",0,,0.417,Include,Include,Matches 5 inclusion term(s).
41000340,10.3389/fpsyt.2025.1519670,Digital resilience interventions for healthcare workers: a systematic review.,2025.0,"Larsson M, Ho DM, Kirschner M, Seifritz E, Manoliu A.",,"<h4>Introduction</h4>Burnout among healthcare professionals is rising, exacerbated by increased workloads and the Covid-19 pandemic. Affected individuals face stress, depression, and anxiety, adversely impacting both personal well-being and patient care. Resilience has emerged as a key focus for targeted interventions, with online delivery gaining relevance due to the digital transformation and the need for flexibility in busy healthcare schedules.<h4>Methods</h4>A systematic review was conducted by searching PubMed, Embase, and Web of Science for eligible studies from April 2014 to April 2024, using search terms related to resilience, online/blended interventions, and healthcare professionals. A total of 7,619 records were identified and screened by two independent reviewers (ML, AM). Final inclusion was based on predefined criteria for online or blended interventions aimed at enhancing resilience in healthcare professionals. The Effective Public Health Practice Project (EPHPP) assessed risk of bias. PRISMA guidelines were followed.<h4>Results</h4>Fifty-five studies were selected, employing various interventions such as psychoeducation, meditation, mindfulness, and elements of cognitive-behavioral therapy (CBT) and acceptance and commitment therapy (ACT). Interventions were delivered online through websites, apps, audio files, etc. or in blended formats complementing in-person sessions. Most studies reported significant improvements in resilience, alongside reductions in stress, burnout, depression, and anxiety. However, only three studies in the online group involving mindfulness or CBT interventions received a strong global rating in the risk of bias assessment by fulfilling the methodological quality criteria. Among these, mindfulness, compared to a waitlist control or a psychoeducational brochure, significantly improved resilience and reduced burnout, while the CBT intervention, compared to bibliotherapy, led to a significant reduction in stress. Compared to the other studies, these three stood out due to minimal selection bias, low attrition rates, a robust study design, and at least partial blinding.<h4>Discussion</h4>This review indicates that digital interventions may enhance resilience and associated factors in healthcare personnel. However, caution is advised due to the heterogeneity of interventions and varied measurement methods. Only three studies met methodological quality criteria, limiting the reliability of other findings. Future research should standardize resilience concepts and adhere to methodological criteria to ensure valid conclusions.<h4>Systematic review registration</h4>https://www.crd.york.ac.uk/PROSPERO/view/CRD42024542758 PROSPERO, identifier CRD42024542758.",2,,0.417,Include,Include,Matches 5 inclusion term(s).
42179864,10.1016/j.conctc.2026.101646,Efficacy of Cognitively-based compassion training for Veterans with chronic pain with psychological Comorbidity: Protocol for a randomized clinical trial.,2026.0,"Malaktaris A, Afari N, Casmar P, Herbert MS, Raver R, Kangas J, Liu L, Zeidan F, Lang AJ.",,"Chronic pain with psychological comorbidity, especially posttraumatic stress disorder (PTSD) and/or depression, is a prevalent and costly problem, especially among Veterans. Compassion meditation (CM) is a meditative practice that focuses on developing attentional regulation and the intention to assuage suffering. CM-based approaches show promise in ameliorating physical and mental health problems as well as improving quality of life. The objective of this study, a randomized clinical trial, is to compare the efficacy of Cognitively-Based Compassion Training® for Chronic Pain with Psychological Comorbidity (CBCT-CP+) to Health Education while Living with Pain (H.E.L.P.; health psychoeducation control), among 142 Veterans with chronic pain and psychological comorbidity (PTSD and/or depression). Veterans in both groups will participate in 10 weekly, 90-min virtual group sessions, and will be assessed at baseline (0 weeks), weekly during intervention (weeks 1-10), mid-treatment (between weeks 4 and 5), posttreatment (10 weeks), 3-month and 6-month follow-up. The primary aim is to evaluate the efficacy of CBCT-CP + compared to H.E.L.P. in reducing 1) pain interference (measured with Brief Pain Inventory (BPI)) and 2) severity of comorbid psychopathology (PTSD and/or depression; assessed with the Clinical Global Impression scale (CGI)). We hypothesize that CBCT-CP + will be associated with larger reductions in pain interference and severity of comorbid psychopathology (co-primary outcomes) compared to control. We also hypothesize that CBCT-CP + will be associated with greater improvements in life satisfaction and quality of life (secondary outcomes). If efficacious, CBCT-CP + could be further evaluated via multi-site or hybrid effectiveness trials and, ultimately, could improve treatment outcomes for Veterans with chronic pain (CP) and PTSD and/or depression. This randomized clinical trial is registered at clinicaltrials.gov (ID: NCT04651296).",0,,0.333,Include,Include,Matches 4 inclusion term(s).
42192796,10.3390/brainsci16050483,"Mindfulness Practice and Increases in Gray Matter Density, Gray Matter Volume, and Cortical Thickness: A Scoping Review.",2026.0,"Rafter C, McCarthy E, Stilp C, Brumitt J.",,"<b>Background/Objectives</b>: Mindfulness-based interventions (MBIs) have been linked to psychological and cognitive benefits, yet evidence for their impact on brain structure remains sparse. Neuroimaging suggests MBIs may alter gray matter volume (GMV), density (GMD), and cortical thickness (CT). The purpose of this scoping review was to investigate structural neuroplasticity following MBIs. <b>Methods</b>: Following PRISMA-ScR guidelines, databases were searched for studies published between 2010 and 2023 that used structural MRI to assess structural brain changes in subjects after receiving MBIs. Nine studies met inclusion criteria, including five randomized controlled trials. <b>Results</b>: Mindfulness interventions ranged from 10 h of training to long-term practice spanning decades. Structural changes were most consistently observed in the insula, prefrontal cortex, hippocampus, posterior cingulate, and temporoparietal junction, regions tied to interoception, executive control, and self-referential processing. The greatest structural changes were reported in studies implementing multi-month interventions or long-term meditative practice. <b>Conclusions</b>: MBIs are associated with structural brain changes across a limited and heterogeneous body of literature, but current evidence is insufficient to draw firm conclusions regarding causality or consistency of effect. Larger, diverse, and more methodologically rigorous trials with extended follow-up are needed to clarify the durability and significance of observed changes.",0,,0.333,Include,Include,Matches 4 inclusion term(s).
41897236,10.3390/healthcare14060783,Systematic Review of Artificial Intelligence in Positive and Existential Psychiatry: Advancing Mental and Emotional Health Through Metacompetency Development.,2026.0,"Mitsea E, Drigas A, Skianis C.",,"<b>Background</b>: Positive and existential psychiatry are approaches to mental health that emphasize the promotion of well-being, resilience, and optimal functioning alongside the conventional management of mental illness. Research suggests that the development of self-regulatory metacompetencies is associated with positive mental health and well-being outcomes. Artificial intelligence (AI) technologies are increasingly being used as assistive tools in psychiatry. However, the integration of AI in therapeutic interventions remains underexplored. <b>Objectives</b>: Thus, this systematic review aimed to synthesize evidence from randomized controlled trials evaluating whether AI-based positive and existential psychiatry interventions contribute to improvements in mental and emotional health. A second objective was to examine whether the therapeutic components and psychological processes implemented in these interventions conceptually relate to self-regulatory metacompetencies that underpin sustainable mental health and human flourishing. <b>Methods</b>: The review was conducted according to PRISMA 2020 guidelines. Only experimental studies including randomized controlled trials (RCTs) published from 2015 to 2025 were included. Twenty-four studies met the inclusion criteria. <b>Results</b>: Across interventions using conversational AI chatbots, generative AI and AI-augmented reflective systems, embodied conversational agents, social and humanoid AI robots, consistent improvements were observed in depression, anxiety, negative affect, and loneliness. The interventions enhanced various metacompetencies such as emotional regulation, emotional awareness, self-reflection, and cognitive reappraisal. <b>Conclusions</b>: The findings suggest that AI-based positive and existential psychiatry interventions can support mental and emotional health, especially when fostering key metacompetencies. Although promising, further high-quality trials are needed to clarify long-term effects. The findings of this study can contribute to the discussion about the ways AI-supported interventions may promote sustainable mental health.",0,,0.333,Include,Include,Matches 4 inclusion term(s).
42041807,10.3390/brainsci16040398,Existing and Potential Therapies for Post-Traumatic Stress Disorder and Persistent Post-Concussion Symptoms in Intimate Partner Violence: A Narrative Review.,2026.0,"Copas C, Astridge AD, Makovec Knight J, McDonald SJ, Shultz SR, Symons GF.",,"<b>Background:</b> Intimate partner violence (IPV) is a pervasive medical concern affecting millions of people worldwide, with the majority being women. IPV is linked to a number of long-term physical and mental health consequences, including brain injuries and associated persistent post-concussion symptoms (PPCS) and post-traumatic stress disorder (PTSD). Despite the high prevalence of these conditions, there is sparse literature assessing accessible and effective therapeutic avenues specific to IPV victim-survivors. <b>Methods:</b> This narrative review had two aims: to identify therapeutic studies addressing PTSD and PPCS in women IPV survivors, and to provide a narrative overview of potential therapeutic categories, including psychotherapy, mindfulness and meditation, exercise, and pharmacotherapy. A comprehensive literature search was conducted using PubMed and Google Scholar. Inclusion criteria required full-text, peer-reviewed articles published in English, conducted in women with a history of IPV, reporting treatment outcomes related to PTSD or PPCS. Where no IPV-specific evidence was identified, findings from closely related populations including military veterans, athletes, and general TBI samples were narratively reviewed to inform potential therapeutic implications. <b>Results:</b> Nineteen studies addressing PTSD in women IPV survivors were identified, predominantly utilizing psychotherapeutic or mindfulness and meditation-based interventions. No intervention studies targeting PPCS specifically in IPV survivors were identified. Consequently, results for PPCS are largely extrapolated from adjacent populations. Although potential therapeutic avenues were narratively identified across psychotherapy, mindfulness and meditation, exercise, and pharmacotherapy, IPV-specific evidence remains limited, and validation for PTSD and PPCS in this population is needed before clinical recommendations can be made. <b>Conclusions:</b> While 19 studies identified promising therapeutic options for IPV-related PTSD, no IPV-specific PPCS interventions were identified, and implications for PPCS management remain largely inferential. Validation and integrated trauma-informed approaches addressing the intersection of PTSD and PPCS are needed for this understudied population.",0,,0.333,Include,Include,Matches 4 inclusion term(s).
42116281,10.1097/md.0000000000048585,The impact of psychological interventions on anxiety and depression in cancer pain patients: A meta-analysis.,2026.0,"Wu XP, Zheng SC, Huang YT, Wang Y, Wu Y, Yang SH, Li S, Tang JL, Qing C, Jiang Y, Lu W, Bao CX, Zhang QZ, Luo J, Kong JL.",,"<h4>Background</h4>Cancer pain is frequently accompanied by anxiety and depression, which severely impair patients' quality of life. Although psychological interventions are widely applied in clinical practice, their overall effect on alleviating anxiety and depression among cancer pain patients remains to be systematically evaluated.<h4>Methods</h4>This meta-analysis strictly followed the Preferred Reporting Items for Systematic Reviews and Meta-Analyses 2020 guidelines. Randomized controlled trials of psychological intervention for anxiety and depression in cancer pain patients were searched across PubMed, Web of Science, Embase, the Cochrane Library, Wanfang, China national knowledge infrastructure, VIP, and China Biomedical Literature Database from inception to May 21, 2025. According to the Cochrane systematic assessment method, literature screening, quality evaluation, and information extraction were carried out by 2 independent reviewers. Meta-analysis was conducted with RevMan 5.3 software, including heterogeneity test, effect size pooling, sensitivity analysis, subgroup analysis, and publication bias assessment.<h4>Results</h4>A total of 11 randomized controlled trials involving 879 patients (440 in the intervention group and 439 in the control group) were included. Pooled analysis showed that psychological interventions significantly reduced anxiety scores (weighted mean difference = -8.82, 95% confidence interval [-10.52, -7.12], P < .001) and depression scores (weighted mean difference = -9.39, 95% confidence interval [-11.79, -6.98], P < .001) in cancer pain patients compared with conventional care. Sensitivity analysis confirmed the robustness of the results, and prespecified subgroup analyses (by intervention duration, mean age, sex ratio) failed to identify significant sources of heterogeneity. Funnel plots combined with Begg and Egger tests indicated no significant publication bias.<h4>Conclusion</h4>Psychological intervention can effectively improve the anxiety and depression of cancer patients during chemotherapy, and future studies need to pay attention to the impact of factors such as the type of cancer, cancer pain, patient population, and specific psychological interventions.",0,,0.333,Include,Include,Matches 4 inclusion term(s).
41981191,10.1038/s41598-026-48457-8,"A three-week mindfulness intervention on mental skills, internal-load regulation, and performance in youth swimmers: a randomized controlled trial.",2026.0,"Sifi MA, Marzouki H, Selmi O, Sdira B, Cherni B, Hagan JE, Alexe DI, Băltean AI, Geantă VA, Douzi W, Bouassida A.",,,0,,0.333,Include,Include,Matches 4 inclusion term(s).
42183495,10.3389/fpsyg.2026.1738053,Mindfulness-based therapy for chronic tinnitus: a narrative review.,2026.0,"Zhang Z, Xu Q, Wang J, Luo Y, Shao Q, Li YJ, Lu H, Lu J.",,"Chronic tinnitus is often accompanied by considerable psychological burden, including anxiety, depression, and impaired quality of life. Mindfulness-based therapy has attracted growing attention as a potential psychological intervention for tinnitus management. This narrative review examines the current literature on the rationale, clinical application, reported efficacy, limitations, and future directions of mindfulness-based therapy in chronic tinnitus. Current evidence suggests that mindfulness-based interventions may help reduce tinnitus-related distress, improve emotional regulation, and enhance quality of life, while evidence for direct effects on tinnitus loudness remains limited. Although findings from existing studies are encouraging, the literature is heterogeneous with respect to intervention types, comparator conditions, and outcome measures. Mindfulness-based therapy may therefore represent a useful adjunctive option for some patients with chronic tinnitus, but further rigorous research is required to better define its clinical role.",0,,0.25,Include,Include,Matches 3 inclusion term(s).
42060610,10.1371/journal.pone.0347871,Effects of mindful breathing meditation on stereotype expression in two randomized controlled double-blinded trials.,2026.0,"Vieth E, von Stockhausen L.",,"Models of stereotypes and discrimination propose the involvement of attentional control and executive functioning in successfully suppressing discriminatory behavior. A practice that has been shown to improve cognitive control, potentially even after short training durations, is mindfulness meditation, and beneficial effects on stereotype activation and the expression of discriminatory behavior have been reported. In two randomized controlled double-blinded trials, the effects of short mindful breathing meditation trainings (45 minutes in total in Experiment 1, 80 minutes in Experiment 2) on the expression of stereotype-biased behavior were contrasted with relaxation trainings of equal length (progressive muscle relaxation; active control) and listening to podcasts (passive control). Stereotype expression was assessed with the Shooter Task in Experiment 1 and with the Avoidance Task in Experiment 2. Joined analyses of response latencies and accuracy by drift diffusion modeling showed that breathing meditation increased the effect of stereotype bias on decision-making in both experiments by heightening response conflict in stereotype-incongruent trials. At the same time, relaxation reduced biased decision-making in stereotype-incongruent trials. Contrary to our hypothesis, the findings suggested that short trainings in mindful breathing meditation were not beneficial for reducing the effect of stereotype-bias on decision making and that mechanisms outside of cognitive control affected response behavior following the meditation as well as relaxation training. Implications for research in the field are discussed.",0,,0.25,Include,Include,Matches 3 inclusion term(s).
PMC12984114,,Mindfulness Interventions on Mental Health in Working Adults: A Scoping Review,2026.0,"Vásquez-Carrasco E, Bruna V, Barraza J, Escobar N, Sepúlveda L, Bastidas F, González B, Hernandez-Martinez J, Sandoval-Vásquez C, Carmine-Peña E, Lorca C, Sánchez-Gómez C, Valdés-Badilla P, Marcone-Dapelo P.",,,0,,0.25,Include,Include,Matches 3 inclusion term(s).
42191951,10.1007/s00520-026-10781-0,Effectiveness of eHealth interventions in long-term follow-up care for breast and gynecological cancer survivors: a systematic review.,2026.0,"Kuhn NBL, Maukel LM, Tibubos AN.",,"<h4>Purpose</h4>As survival rates for breast and gynecological cancers improve, many survivors experience persistent long-term challenges, including fatigue, psychological distress, and reduced health-related quality of life (HRQoL). eHealth interventions may offer a scalable and accessible approach to support survivorship care. This systematic review aimed to evaluate the effectiveness of eHealth interventions in long-term follow-up care for breast and gynecological cancer survivors.<h4>Methods</h4>A systematic literature search was conducted across six databases (PubMed, PsycINFO, Web of Science, Cochrane Library, MedRxiv, and PsyArXiv) for studies published between January 2010 and February 2026. Eligible studies included adult breast or gynecological cancer survivors and evaluated eHealth interventions in follow-up care compared with usual care. Outcomes included outcomes such as burden of treatment, HRQoL, self-management, hospital readmissions, complications, infections, fatigue, or malnutrition. Data were extracted, synthesized narratively, and methodological quality was assessed using established risk-of-bias tools.<h4>Results</h4>A total of 41 studies were included, predominantly involving breast cancer survivors, with very limited representation of gynecological cancer populations. Overall, methodological quality ranged from low to moderate, with higher risk of bias observed in nonrandomized studies. eHealth interventions were associated with small to moderate improvements in fatigue, anxiety, depression, HRQoL, and treatment adherence, particularly among breast cancer survivors. However, effect sizes were generally smaller in studies with lower risk of bias. Evidence for gynecological cancer survivors was scarce and inconclusive, with only one study exclusively focusing on this population. Long-term outcomes were rarely assessed, and no studies evaluated the defined outcomes infections, malnutrition and unplanned hospital admissions.<h4>Conclusions</h4>eHealth interventions show potential to support long-term survivorship care, particularly in improving psychological outcomes and quality of life among breast cancer survivors. However, the overall evidence base is limited by methodological heterogeneity, short follow-up periods, and the underrepresentation of gynecological cancer populations. Further high-quality, long-term, and cancer-specific research is needed to better establish the effectiveness and generalizability of these interventions in survivorship care.<h4>Implications for cancer survivors</h4>As survivorship care needs continue to increase, eHealth interventions may contribute to more accessible, scalable, and patient-centered models of follow-up care. However, their long-term effectiveness and applicability across diverse cancer populations remain unclear. More rigorous, long-term, and cancer-specific research is required to better define their role in survivorship care.",0,,0.25,Include,Include,Matches 3 inclusion term(s).
41809576,10.1007/s12671-026-02787-w,Sitting and Active Meditation Practice: Utilization and Associations with Outcomes in Naturalistic and Clinical Trial Data.,2026.0,"Goldberg SB, Jiwani Z, Dahl CJ, Tatar R, Dunne JD, Davidson RJ, Hirshberg MJ.",,"<h4>Objectives</h4>Digital technology opens the possibility of providing meditation instruction in the midst of daily activities. This study explores the use of ""active"" meditation practices which involve meditating while completing daily activities (e.g., folding laundry).<h4>Method</h4>We use data from public users of the Healthy Minds Program (HMP) meditation app (<i>N</i> = 26,532, Sample 1) and from a recently completed trial testing the HMP app (<i>N</i> = 248, Sample 2). We examine associations between the proportion of practices completed as active practices (Active Proportion) with participant demographics, baseline psychological distress, patterns of app utilization, and changes in psychological distress.<h4>Results</h4>Although sitting practice was used more commonly than active practices, active practices were frequently used (38% and 28% in Samples 1 and 2, respectively). Identifying as a woman or other gender was associated with a higher Proportion Active in Sample 1 (but not Sample 2). Associations with utilization differed across samples. Sample 1 showed a positive quadratic association where participants who primarily used active or sitting practices, rather than a combination, showed greater utilization. The opposite pattern was observed in Sample 2 (i.e., negative quadratic). Results were fairly consistent across sensitivity analyses. Use of active practice was not associated with poorer clinical effects.<h4>Conclusions</h4>Active practices are commonly used when offered as a viable form of meditation and may be non-inferior to sitting practices. Further research manipulating practice posture (i.e., sitting versus active) is warranted.<h4>Preregistration</h4>The randomized controlled trial from which Sample 2 was drawn was preregistered through clinicaltrials.gov (https://clinicaltrials.gov/ct2/show/NCT04426318). All analyses reported here were not preregistered.",0,,0.25,Include,Include,Matches 3 inclusion term(s).
41850046,10.1016/j.jaim.2025.101312,The neurophysiological effects of yogic meditation observed in electroencephalography patterns and neurotransmitter levels: A narrative review of scientific evidence.,2026.0,"Yadav SS, Mittal S, Somanadhapai S, Thapa R, Yadav S, Buoli M, Singh T, Alka.",,"Yogic meditation, involving focused awareness, is gaining scientific attention for its impact on brain function and neurochemical balance. It enhances autonomic control and influences neurotransmitters related to emotional and cognitive health. This narrative review explored scientific studies on the effects of yogic meditation on EEG patterns and neurotransmitter levels. 21 peer-reviewed articles were selected through a structured search of PubMed, PubMed Central, and Google Scholar. The findings indicate that yogic meditation promotes coherent brainwave activity and modulates neurotransmitters, such as gamma-aminobutyric acid, thereby reducing anxiety, improving emotional regulation, and providing pain relief and autonomic stability. The studies literature suggest that yogic meditation may enhance brain function and emotional well-being, but these findings remain preliminary and require more well-designed confirmation.",0,,0.167,Include,Include,Matches 2 inclusion term(s).
PMC12984691,,Mindfulness-Based Interventions for Bereavement: A Systematized Narrative Review,2026.0,"D’Antoni F, Mattiussi F, Crescentini C.",,,0,,0.167,Include,Include,Matches 2 inclusion term(s).
42196649,10.3390/ijerph23050556,Effectiveness of Organizational Interventions to Reduce Burnout in the Workplace: A Systematic Review.,2026.0,"Araújo D, Bártolo A, Fernandes C, Pereira A, Monteiro S.",,"<h4>Background</h4>Burnout is an occupational phenomenon that has adverse effects on the health and work outcomes of employees. In this sense, there is greater emphasis on understanding and addressing this problem. In this regard, organizations play a significant role in preventing burnout, and organizational interventions have been shown to be more effective at reducing burnout than individual-focused interventions. This study aims to systematically review organizational interventions to prevent burnout in the workplace.<h4>Methods</h4>A search was conducted in three databases: Scopus, Web of Science, and PubMed, reviewing studies published from 2013 to 2025. Following the PRISMA model, 11 studies meeting eligibility criteria were selected. The methodological quality of included studies was assessed using the Joanna Briggs Institute (JBI) checklist.<h4>Results</h4>Of the eligible articles, 1669 participants were identified, predominantly female healthcare professionals. Some strategies that proved to be effective in preventing burnout in the workplace were workshops, discussion groups, psychoeducation and training programs. Concerning psychotherapeutic interventions, third-generation therapies are the most used, such as ACT or mindfulness.<h4>Conclusions</h4>These findings suggest that organizational-level interventions, particularly those combining psychoeducational strategies with third-generation therapeutic approaches, represent promising avenues for burnout prevention in the workplace, although effectiveness varies across interventions and contexts, and the most positive effects were limited to the short term. Future research should focus on evaluating long-term outcomes, exploring understudied occupational sectors beyond healthcare, and examining the role of organizational culture and leadership in sustaining intervention effects.",0,,0.167,Include,Include,Matches 2 inclusion term(s).
41595402,10.3390/healthcare14020266,Integrating Immersive Virtual Reality Meditation into Palliative Oncology: A Randomized Trial Protocol for Evaluating Pain Relief and Quality of Life.,2026.0,"Montarroyos ES, Lima S, Barreto R, Moysés R, Cardenas LZ.",,"<b>Background/Objectives</b>: Cancer is a disabling, challenging, and growing global disease. Although early diagnosis and adequate treatment of cancer are developing rapidly, a large part of the population remains without access to specialized services and routinely progresses to uncontrolled pain, poorer quality of life, and suffering. Complementary therapies for pain management and the well-being of patients under palliative care are fundamental tools of integrative oncological medicine. This first version of the protocol was created in August 2023 to structure the aim of this study to investigate the effectiveness of the experimental protocol which uses immersive virtual reality as a meditation tool in patients followed at the Pain Therapy and Palliative Care Service of the CECON Foundation. <b>Methods</b>: This randomized clinical trial, conducted at the Pain Therapy and Palliative Care Service (STDCP) of the FCECON, explores the use of immersive virtual reality to promote regular meditation practice among cancer patients as an effective means of managing pain and improving quality of life. <b>Discussion</b>: The present study has the potential to evaluate the effectiveness of immersive virtual reality as a meditation tool for patients undergoing palliative care, in addition to contributing scientific evidence that supports better decisions in healthcare for the management of cancer pain. Trial registration: Brazilian Registry of Clinical Trials (ReBEC) and ClinicalTrials.gov/NCT06328751/Universal Trial Number (UTN) U1111-1304-3752.",0,,0.167,Include,Include,Matches 2 inclusion term(s).
PMC13083115,,The neurobiological synergy of transcranial magnetic stimulation and mindfulness-based interventions in treatment-resistant depression: a narrative review,,"Yun S, Figee M.",,,0,,0.167,Include,Include,Matches 2 inclusion term(s).
PMC13226303,,Mind–Body Interventions as Modulators of Neural Connectivity and Cognition in Individuals at Risk for Alzheimer’s Disease: A Systematic Review,2026.0,"Krishna D, Pandey A, Nilesh S, Ananda S, Singh J, Singh A.",,,0,,0.083,Include,Include,Matches 1 inclusion term(s).
41809163,10.5662/wjm.v16.i1.110410,Role of lifestyle modifications in glaucoma: A systematic review.,2026.0,"Aggarwal S, Morya AK, Kaur R, Gurnani B, Kaur K.",,"<h4>Background</h4>Glaucoma is a group of eye diseases that lead to irreversible damage to the optic nerve and gradual vision loss. Although it can occur at any age, it is most commonly seen in people over 40. Globally, around 60.5 million people are currently affected, and this number is expected to rise to over 110 million by 2040. Often called the ""silent thief of sight"", glaucoma typically progresses without noticeable symptoms until significant vision has already been lost, making it a major cause of visual disability worldwide. Despite advancements in research, lowering intraocular pressure (IOP) remains the only proven way to slow or halt disease progression.<h4>Aim</h4>To explore the potential role of lifestyle modifications in the prevention and management of glaucoma, particularly as complementary strategies alongside traditional IOP-lowering treatments.<h4>Methods</h4>An extensive review of existing literature was carried out to examine the effects of various lifestyle factors-including diet, physical activity, yoga practices, sleep posture, and the use of nutritional supplements-on the development and progression of glaucoma.<h4>Results</h4>Several studies suggest that lifestyle changes may have a positive impact on glaucoma outcomes. Regular physical exercise, balanced nutrition, certain yoga postures, and proper sleep positioning have been associated with benefits for eye health. Additionally, some supplements may support the optic nerve and contribute to slowing disease progression. These approaches, which are already recognized in the management of other chronic conditions like diabetes and hypertension, show promise in glaucoma care as well.<h4>Conclusion</h4>While lowering IOP remains the cornerstone of glaucoma treatment, there is growing interest in the role of lifestyle choices in influencing disease progression. Adopting healthier habits may serve as a valuable addition to existing treatment plans. More clinical research is needed to better understand these connections and to guide practical recommendations for patients and clinicians alike.",0,,0.083,Include,Include,Matches 1 inclusion term(s).
41994438,10.3389/fmed.2026.1824821,Editorial: Digital mindfulness in primary care: enhancing health through technology.,2026.0,"Chen H, Tu Y, Zeng S, Liu C.",,,0,,0.0,Include,Include,Matches 1 inclusion term(s).
