sample_id,case_id,record_id,source_row_number,field_name,field_class,declared_type,extracted_null_status,historical_evaluator_verdict,stratum_population,stratum_sample,selection_probability,master_seed
EXT-01-ed5aa669382f,1,7db7d2cfc923d99a30dbd0af,15,country,categorical,categorical,nonnull,CORRECT,95,10,0.10526315789473684,20260919
EXT-01-88d69f9f616a,1,027daea78e93335270016a02,11,study_design,categorical,categorical,nonnull,CORRECT,95,10,0.10526315789473684,20260919
EXT-01-930e194a7cab,1,02f24e6814adb18437f4899e,19,study_design,categorical,categorical,nonnull,CORRECT,95,10,0.10526315789473684,20260919
EXT-01-ef6739a42108,1,a287c5c84cdb3218b4baa147,23,comparison,categorical,categorical,nonnull,CORRECT,95,10,0.10526315789473684,20260919
EXT-01-70e6c594ef22,1,a2a540a3512d12ae90cc0f09,17,study_design,categorical,categorical,nonnull,CORRECT,95,10,0.10526315789473684,20260919
EXT-01-37ce4aba66fb,1,6f16ee62063f51e6b5f3fa0f,14,study_design,categorical,categorical,nonnull,CORRECT,95,10,0.10526315789473684,20260919
EXT-01-6fa3cc87f226,1,d6824dea8373c7c39889346f,8,intervention,categorical,categorical,nonnull,CORRECT,95,10,0.10526315789473684,20260919
EXT-01-6c4628b565fa,1,965915a3c80d45270b158223,21,outcome,categorical,categorical,nonnull,CORRECT,95,10,0.10526315789473684,20260919
EXT-01-007543d6b2a8,1,dfeaee932b7d4005121d89a9,20,population,categorical,categorical,nonnull,CORRECT,95,10,0.10526315789473684,20260919
EXT-01-6ad370713099,1,97628de7bcf71ce3ce231eec,13,population,categorical,categorical,nonnull,CORRECT,95,10,0.10526315789473684,20260919
EXT-01-e43ecc1b169f,1,db2bb999628f291b6b95448e,6,country,categorical,categorical,nonnull,INCORRECT,3,3,1.0,20260919
EXT-01-c90084204630,1,15a19c866720bbc831acf698,22,intervention,categorical,categorical,nonnull,INCORRECT,3,3,1.0,20260919
EXT-01-74ff18794044,1,97628de7bcf71ce3ce231eec,13,country,categorical,categorical,nonnull,INCORRECT,3,3,1.0,20260919
EXT-01-08c1b359c821,1,027daea78e93335270016a02,11,comparison,categorical,categorical,null,UNVERIFIABLE,34,10,0.29411764705882354,20260919
EXT-01-c4a471eaa496,1,a2a540a3512d12ae90cc0f09,17,comparison,categorical,categorical,null,UNVERIFIABLE,34,10,0.29411764705882354,20260919
EXT-01-83b7f91fb02b,1,b27e5bd42be96c9e7d4bdd08,2,comparison,categorical,categorical,null,UNVERIFIABLE,34,10,0.29411764705882354,20260919
EXT-01-bf4ee96d12f4,1,7db7d2cfc923d99a30dbd0af,15,study_design,categorical,categorical,null,UNVERIFIABLE,34,10,0.29411764705882354,20260919
EXT-01-2b34646099d7,1,d6824dea8373c7c39889346f,8,comparison,categorical,categorical,null,UNVERIFIABLE,34,10,0.29411764705882354,20260919
EXT-01-8169af27df40,1,0551306e8e3a3a795601bb61,18,study_design,categorical,categorical,null,UNVERIFIABLE,34,10,0.29411764705882354,20260919
EXT-01-be33396abce8,1,d0dee34630b0123c25aaae04,12,study_design,categorical,categorical,null,UNVERIFIABLE,34,10,0.29411764705882354,20260919
EXT-01-2244ff325100,1,dfeaee932b7d4005121d89a9,20,comparison,categorical,categorical,null,UNVERIFIABLE,34,10,0.29411764705882354,20260919
EXT-01-6e569ed84a54,1,99d77290142dc30a2810755b,10,country,categorical,categorical,null,UNVERIFIABLE,34,10,0.29411764705882354,20260919
EXT-01-3b14f3a6cd35,1,7db7d2cfc923d99a30dbd0af,15,comparison,categorical,categorical,null,UNVERIFIABLE,34,10,0.29411764705882354,20260919
EXT-01-1269051f5ac6,1,22219d5fb45fc7383c6d75ef,3,sample_size,potentially_synthesis_critical,numeric,nonnull,CORRECT,15,10,0.6666666666666666,20260919
EXT-01-5ec223c39b66,1,547d74855be7453d53410176,7,sample_size,potentially_synthesis_critical,numeric,nonnull,CORRECT,15,10,0.6666666666666666,20260919
EXT-01-f3a986476ff8,1,02f24e6814adb18437f4899e,19,sample_size,potentially_synthesis_critical,numeric,nonnull,CORRECT,15,10,0.6666666666666666,20260919
EXT-01-54c3614ca241,1,02f24e6814adb18437f4899e,19,effect_size,potentially_synthesis_critical,numeric,nonnull,CORRECT,15,10,0.6666666666666666,20260919
EXT-01-9cef78ed6c7d,1,97628de7bcf71ce3ce231eec,13,sample_size,potentially_synthesis_critical,numeric,nonnull,CORRECT,15,10,0.6666666666666666,20260919
EXT-01-ca3da2ba3627,1,15a19c866720bbc831acf698,22,ci_upper,potentially_synthesis_critical,numeric,nonnull,CORRECT,15,10,0.6666666666666666,20260919
EXT-01-5f4bcd06cdd7,1,cb7423be7042e9ae626131fb,9,sample_size,potentially_synthesis_critical,numeric,nonnull,CORRECT,15,10,0.6666666666666666,20260919
EXT-01-6cfc68d6fab1,1,02f24e6814adb18437f4899e,19,ci_lower,potentially_synthesis_critical,numeric,nonnull,CORRECT,15,10,0.6666666666666666,20260919
EXT-01-3e7effe3d288,1,15a19c866720bbc831acf698,22,ci_lower,potentially_synthesis_critical,numeric,nonnull,CORRECT,15,10,0.6666666666666666,20260919
EXT-01-4f22f8bf0a39,1,965915a3c80d45270b158223,21,sample_size,potentially_synthesis_critical,numeric,nonnull,CORRECT,15,10,0.6666666666666666,20260919
EXT-01-45b0d1d16071,1,15a19c866720bbc831acf698,22,sample_size,potentially_synthesis_critical,numeric,nonnull,INCORRECT,1,1,1.0,20260919
EXT-01-7896be00e53d,1,b27e5bd42be96c9e7d4bdd08,2,ci_lower,potentially_synthesis_critical,numeric,null,UNVERIFIABLE,72,10,0.1388888888888889,20260919
EXT-01-95a115fe7504,1,0551306e8e3a3a795601bb61,18,ci_lower,potentially_synthesis_critical,numeric,null,UNVERIFIABLE,72,10,0.1388888888888889,20260919
EXT-01-e3532b460812,1,5a87503ef2c4355a53599f40,16,ci_upper,potentially_synthesis_critical,numeric,null,UNVERIFIABLE,72,10,0.1388888888888889,20260919
EXT-01-4d3f8bc82b5e,1,cb7423be7042e9ae626131fb,9,effect_size,potentially_synthesis_critical,numeric,null,UNVERIFIABLE,72,10,0.1388888888888889,20260919
EXT-01-d16ca2d03009,1,dfeaee932b7d4005121d89a9,20,effect_size,potentially_synthesis_critical,numeric,null,UNVERIFIABLE,72,10,0.1388888888888889,20260919
EXT-01-72278b1c4df3,1,99d77290142dc30a2810755b,10,ci_lower,potentially_synthesis_critical,numeric,null,UNVERIFIABLE,72,10,0.1388888888888889,20260919
EXT-01-26b44893be5f,1,a2a540a3512d12ae90cc0f09,17,sample_size,potentially_synthesis_critical,numeric,null,UNVERIFIABLE,72,10,0.1388888888888889,20260919
EXT-01-dea01b31ef80,1,7db7d2cfc923d99a30dbd0af,15,ci_lower,potentially_synthesis_critical,numeric,null,UNVERIFIABLE,72,10,0.1388888888888889,20260919
EXT-01-e8ff500847c7,1,d0dee34630b0123c25aaae04,12,sample_size,potentially_synthesis_critical,numeric,null,UNVERIFIABLE,72,10,0.1388888888888889,20260919
EXT-01-363dd55b0b25,1,d6824dea8373c7c39889346f,8,sample_size,potentially_synthesis_critical,numeric,null,UNVERIFIABLE,72,10,0.1388888888888889,20260919
EXT-02-f7e33f154aa4,2,328796da525434324d346141,72,outcome,categorical,categorical,nonnull,CORRECT,291,10,0.03436426116838488,20260919
EXT-02-c65840da4bb7,2,a0fb9e540a8d04a051316d01,48,population,categorical,categorical,nonnull,CORRECT,291,10,0.03436426116838488,20260919
EXT-02-4d564f331512,2,6b1e81bd7df30fe7d08c224c,42,outcome,categorical,categorical,nonnull,CORRECT,291,10,0.03436426116838488,20260919
EXT-02-46fc406a6ab2,2,f3721d5fbf6a6fcff48fff34,17,outcome,categorical,categorical,nonnull,CORRECT,291,10,0.03436426116838488,20260919
EXT-02-52c29dd15375,2,25ba6a12cc23f80b09d3f3a2,61,intervention,categorical,categorical,nonnull,CORRECT,291,10,0.03436426116838488,20260919
EXT-02-0eb3dbf62aa3,2,99311276900bf0077319b642,41,study_design,categorical,categorical,nonnull,CORRECT,291,10,0.03436426116838488,20260919
EXT-02-cd58cc5a4348,2,5928c5bb4e4e40757de3b0dc,25,outcome,categorical,categorical,nonnull,CORRECT,291,10,0.03436426116838488,20260919
EXT-02-acca206e0c1a,2,7efff99410c500cf4eb2fa7a,12,study_design,categorical,categorical,nonnull,CORRECT,291,10,0.03436426116838488,20260919
EXT-02-00303e36b5eb,2,f68004eb2644bb8a166d3fbe,32,outcome,categorical,categorical,nonnull,CORRECT,291,10,0.03436426116838488,20260919
EXT-02-fb36b35e98dc,2,ac071d72157ff8b7d2a524a3,6,population,categorical,categorical,nonnull,CORRECT,291,10,0.03436426116838488,20260919
EXT-02-4ad14c40e8b6,2,0b47d3a34016e32154b877ac,35,country,categorical,categorical,nonnull,UNVERIFIABLE,3,3,1.0,20260919
EXT-02-393a850bd7a6,2,0fc78e1d535975c5df8effed,21,study_design,categorical,categorical,nonnull,UNVERIFIABLE,3,3,1.0,20260919
EXT-02-5397bb74fea5,2,6b1e81bd7df30fe7d08c224c,42,study_design,categorical,categorical,nonnull,UNVERIFIABLE,3,3,1.0,20260919
EXT-02-d6b3b6dc609a,2,68560ad54cc15ea3dc9f1c71,19,country,categorical,categorical,null,UNVERIFIABLE,66,10,0.15151515151515152,20260919
EXT-02-02d3cbb9f24b,2,d49f54d8f8ab237a5f2181fd,7,country,categorical,categorical,null,UNVERIFIABLE,66,10,0.15151515151515152,20260919
EXT-02-a640bf716768,2,69dd1deb9ab62d6928078820,43,country,categorical,categorical,null,UNVERIFIABLE,66,10,0.15151515151515152,20260919
EXT-02-a6b324611891,2,f68004eb2644bb8a166d3fbe,32,country,categorical,categorical,null,UNVERIFIABLE,66,10,0.15151515151515152,20260919
EXT-02-fd3ed22c8a46,2,0e4d872a858c49ed47fecdc7,67,country,categorical,categorical,null,UNVERIFIABLE,66,10,0.15151515151515152,20260919
EXT-02-fba15fa47f9a,2,25ba6a12cc23f80b09d3f3a2,61,country,categorical,categorical,null,UNVERIFIABLE,66,10,0.15151515151515152,20260919
EXT-02-bb927eff742d,2,2317cfa5e6dca8368853d6ab,13,country,categorical,categorical,null,UNVERIFIABLE,66,10,0.15151515151515152,20260919
EXT-02-3230599bdeb2,2,7ee71bc8ad2032aaae23862f,8,country,categorical,categorical,null,UNVERIFIABLE,66,10,0.15151515151515152,20260919
EXT-02-2129103436b8,2,7efff99410c500cf4eb2fa7a,12,country,categorical,categorical,null,UNVERIFIABLE,66,10,0.15151515151515152,20260919
EXT-02-b4f820f0c41f,2,5f69fe10a5877e8b5e6aaef9,47,country,categorical,categorical,null,UNVERIFIABLE,66,10,0.15151515151515152,20260919
EXT-02-07e41b582148,2,f3721d5fbf6a6fcff48fff34,17,ci_upper,potentially_synthesis_critical,numeric,nonnull,CORRECT,128,10,0.078125,20260919
EXT-02-896f6c57a84e,2,2317cfa5e6dca8368853d6ab,13,sample_size,potentially_synthesis_critical,numeric,nonnull,CORRECT,128,10,0.078125,20260919
EXT-02-47cf2e521b4c,2,0bbd8b33fcf24855e75475c3,10,sample_size,potentially_synthesis_critical,numeric,nonnull,CORRECT,128,10,0.078125,20260919
EXT-02-421431934a72,2,68560ad54cc15ea3dc9f1c71,19,sample_size,potentially_synthesis_critical,numeric,nonnull,CORRECT,128,10,0.078125,20260919
EXT-02-3c608f4bd9d9,2,51312b4ad013618512cb5d93,38,sample_size,potentially_synthesis_critical,numeric,nonnull,CORRECT,128,10,0.078125,20260919
EXT-02-1ef48ce79305,2,d49f54d8f8ab237a5f2181fd,7,sample_size,potentially_synthesis_critical,numeric,nonnull,CORRECT,128,10,0.078125,20260919
EXT-02-82487210b1d9,2,ed598ef5ac180e68d02b5634,55,sample_size,potentially_synthesis_critical,numeric,nonnull,CORRECT,128,10,0.078125,20260919
EXT-02-15ec72e1a207,2,1f8f7dcab1f1dd8811d04530,39,effect_size,potentially_synthesis_critical,numeric,nonnull,CORRECT,128,10,0.078125,20260919
EXT-02-8f70af6699e9,2,6a0d8c62e57b10993c4cb73f,60,sample_size,potentially_synthesis_critical,numeric,nonnull,CORRECT,128,10,0.078125,20260919
EXT-02-6830204d657a,2,7d489fec1b87e3abd9c6bc09,22,effect_size,potentially_synthesis_critical,numeric,nonnull,CORRECT,128,10,0.078125,20260919
EXT-02-889204475651,2,d0907aadbe73b450b014d28c,24,effect_size,potentially_synthesis_critical,numeric,nonnull,INCORRECT,3,3,1.0,20260919
EXT-02-0d5b77f6c757,2,51986e5337a49bbc34aec064,69,effect_size,potentially_synthesis_critical,numeric,nonnull,INCORRECT,3,3,1.0,20260919
EXT-02-9f8ddf1d5c5e,2,6bc98e8c5c41666908457292,23,sample_size,potentially_synthesis_critical,numeric,nonnull,INCORRECT,3,3,1.0,20260919
EXT-02-954b3d790b91,2,0b47d3a34016e32154b877ac,35,ci_upper,potentially_synthesis_critical,numeric,null,UNVERIFIABLE,157,10,0.06369426751592357,20260919
EXT-02-c72f40e8b6df,2,9888a479b8b5ee50cb903b1a,20,effect_size,potentially_synthesis_critical,numeric,null,UNVERIFIABLE,157,10,0.06369426751592357,20260919
EXT-02-9821b0278546,2,e2f6c26871fbee5787fa0c4f,62,ci_lower,potentially_synthesis_critical,numeric,null,UNVERIFIABLE,157,10,0.06369426751592357,20260919
EXT-02-80c57fb772f7,2,80af749bb54dce2f8d52d4e3,73,ci_lower,potentially_synthesis_critical,numeric,null,UNVERIFIABLE,157,10,0.06369426751592357,20260919
EXT-02-2ec0d1ff2ee0,2,6a0d8c62e57b10993c4cb73f,60,effect_size,potentially_synthesis_critical,numeric,null,UNVERIFIABLE,157,10,0.06369426751592357,20260919
EXT-02-627ec7e54ea0,2,6b1e81bd7df30fe7d08c224c,42,effect_size,potentially_synthesis_critical,numeric,null,UNVERIFIABLE,157,10,0.06369426751592357,20260919
EXT-02-e9a99d543316,2,5928c5bb4e4e40757de3b0dc,25,ci_upper,potentially_synthesis_critical,numeric,null,UNVERIFIABLE,157,10,0.06369426751592357,20260919
EXT-02-fe951dbb9109,2,813f9c8f0fa5b20af5a739b9,14,ci_lower,potentially_synthesis_critical,numeric,null,UNVERIFIABLE,157,10,0.06369426751592357,20260919
EXT-02-3323c83d9bb4,2,d423c28b016bfc2e0e549e99,29,ci_upper,potentially_synthesis_critical,numeric,null,UNVERIFIABLE,157,10,0.06369426751592357,20260919
EXT-02-0e5db8c82011,2,ac2af664f2c84993c488944a,52,ci_upper,potentially_synthesis_critical,numeric,null,UNVERIFIABLE,157,10,0.06369426751592357,20260919
EXT-03-bc28bdfd6187,3,d5e8c907cde6a458c6725898,289,study_design,categorical,categorical,nonnull,CORRECT,2499,10,0.004001600640256103,20260919
EXT-03-d67822e58f77,3,c94ffe924a0d543cda4fb4d7,187,study_design,categorical,categorical,nonnull,CORRECT,2499,10,0.004001600640256103,20260919
EXT-03-295d4df77287,3,67ec02751ce2648fb2ee74f8,448,outcome,categorical,categorical,nonnull,CORRECT,2499,10,0.004001600640256103,20260919
EXT-03-645cfe977fd9,3,f4930d9c2f2dc9760a047fb2,795,country,categorical,categorical,nonnull,CORRECT,2499,10,0.004001600640256103,20260919
EXT-03-e85051d5d730,3,2a44ab2dd3fc9ce6315ddb13,352,study_design,categorical,categorical,nonnull,CORRECT,2499,10,0.004001600640256103,20260919
EXT-03-3815dc5193a4,3,c2bf2f966081d5d0ec0c85b8,494,study_design,categorical,categorical,nonnull,CORRECT,2499,10,0.004001600640256103,20260919
EXT-03-09f77f3db035,3,82d763e911bbb5542acd59f1,796,drug,categorical,categorical,nonnull,CORRECT,2499,10,0.004001600640256103,20260919
EXT-03-6e0a2418d8d9,3,71bad8720c1815b63b096486,250,outcome,categorical,categorical,nonnull,CORRECT,2499,10,0.004001600640256103,20260919
EXT-03-1571c555476c,3,887b116a6e0b81428828b764,348,outcome,categorical,categorical,nonnull,CORRECT,2499,10,0.004001600640256103,20260919
EXT-03-f2885f3fdd55,3,0d20c9df0b94b99d12b989df,117,outcome,categorical,categorical,nonnull,CORRECT,2499,10,0.004001600640256103,20260919
EXT-03-6469f793925c,3,4e06e9015cc4d7a864f0f48e,686,outcome,categorical,categorical,nonnull,INCORRECT,24,10,0.4166666666666667,20260919
EXT-03-0395076d83df,3,4f5aef53ec7ec16ee04e33e6,341,drug,categorical,categorical,nonnull,INCORRECT,24,10,0.4166666666666667,20260919
EXT-03-a247207faf6e,3,c9768ebefba0ca50851e28be,149,outcome,categorical,categorical,nonnull,INCORRECT,24,10,0.4166666666666667,20260919
EXT-03-e994df94c0e6,3,5127150b951c831180cdccac,737,study_design,categorical,categorical,nonnull,INCORRECT,24,10,0.4166666666666667,20260919
EXT-03-684f8675e98e,3,868eb70b90e9eb29331044ae,592,study_design,categorical,categorical,nonnull,INCORRECT,24,10,0.4166666666666667,20260919
EXT-03-07d596f5d843,3,f6aea31c623a9ada280986d2,399,outcome,categorical,categorical,nonnull,INCORRECT,24,10,0.4166666666666667,20260919
EXT-03-1d6a35304333,3,e4b8ad022807b2cb81df7fc9,197,outcome,categorical,categorical,nonnull,INCORRECT,24,10,0.4166666666666667,20260919
EXT-03-273234bab299,3,c96c5837a1e9f2ebce6b1fb6,673,outcome,categorical,categorical,nonnull,INCORRECT,24,10,0.4166666666666667,20260919
EXT-03-6cb4ab172fb8,3,c39216734e6ccd83ef02d798,298,outcome,categorical,categorical,nonnull,INCORRECT,24,10,0.4166666666666667,20260919
EXT-03-5e35b52b4ec5,3,89a33b3ee52bb3d88de7143f,460,study_design,categorical,categorical,nonnull,INCORRECT,24,10,0.4166666666666667,20260919
EXT-03-84a873cd6a73,3,1beaf05029f86969f781cd2f,577,study_design,categorical,categorical,nonnull,UNVERIFIABLE,3,3,1.0,20260919
EXT-03-dc2d0c7f9803,3,f3a536fd0d4555ecd195f72e,24,drug,categorical,categorical,nonnull,UNVERIFIABLE,3,3,1.0,20260919
EXT-03-3d4ff3ac2077,3,cb3bcf18da24480a2622ae57,778,country,categorical,categorical,nonnull,UNVERIFIABLE,3,3,1.0,20260919
EXT-03-6f31e497f313,3,316177273e91c182b91d761b,359,drug,categorical,categorical,null,CORRECT,5,5,1.0,20260919
EXT-03-48ab78d9a77e,3,bbf555738081b28ab3c9a40b,443,drug,categorical,categorical,null,CORRECT,5,5,1.0,20260919
EXT-03-86d0e5166426,3,40f4668c197a35e89f99a0ad,64,country,categorical,categorical,null,CORRECT,5,5,1.0,20260919
EXT-03-2c463888b2fa,3,dc2c39d6da425846e5491cde,838,drug,categorical,categorical,null,CORRECT,5,5,1.0,20260919
EXT-03-0aed91fae3f9,3,bbb035a59a52fa2e6cbc278a,758,drug,categorical,categorical,null,CORRECT,5,5,1.0,20260919
EXT-03-fba559d7b933,3,adaa93032b954352e89e0bfe,522,country,categorical,categorical,null,UNVERIFIABLE,833,10,0.012004801920768308,20260919
EXT-03-99d268186ed5,3,b1768b0f7dab875cdd5ad76b,805,country,categorical,categorical,null,UNVERIFIABLE,833,10,0.012004801920768308,20260919
EXT-03-87bc7621460d,3,6974bd494af51fa4de1b83ff,136,country,categorical,categorical,null,UNVERIFIABLE,833,10,0.012004801920768308,20260919
EXT-03-d347430ed50e,3,ab902e5a9cd8b7a0f18c2f3c,76,country,categorical,categorical,null,UNVERIFIABLE,833,10,0.012004801920768308,20260919
EXT-03-3340e6122354,3,33edde2d2d37c3e852be6ceb,151,country,categorical,categorical,null,UNVERIFIABLE,833,10,0.012004801920768308,20260919
EXT-03-e0b6682b4065,3,b33320c930f1f537db4b368b,7,country,categorical,categorical,null,UNVERIFIABLE,833,10,0.012004801920768308,20260919
EXT-03-b12e96d27575,3,5fc36ebaba3fdd019ebabb28,148,country,categorical,categorical,null,UNVERIFIABLE,833,10,0.012004801920768308,20260919
EXT-03-fb3ac32bf1aa,3,a2e1552b25ec75cef33308bd,663,country,categorical,categorical,null,UNVERIFIABLE,833,10,0.012004801920768308,20260919
EXT-03-8b8f2db9beb8,3,f0bf380571376b596015c124,99,country,categorical,categorical,null,UNVERIFIABLE,833,10,0.012004801920768308,20260919
EXT-03-8bf5a22d1f3a,3,a351460b2ad3f27f8b360bda,3,country,categorical,categorical,null,UNVERIFIABLE,833,10,0.012004801920768308,20260919
EXT-03-bc690ed51bd1,3,f1efbdeb6f57ce0703eadd8a,132,follow_up_years,other_numeric,numeric,nonnull,CORRECT,282,10,0.03546099290780142,20260919
EXT-03-e7baff387104,3,6640482241b894050a535f87,526,follow_up_years,other_numeric,numeric,nonnull,CORRECT,282,10,0.03546099290780142,20260919
EXT-03-0ffcb0ef0cdf,3,84246bf88e4cd1555d88cb15,176,follow_up_years,other_numeric,numeric,nonnull,CORRECT,282,10,0.03546099290780142,20260919
EXT-03-b10de1c1f7ab,3,cdcc7763ac4ac239dcfb2ed4,307,follow_up_years,other_numeric,numeric,nonnull,CORRECT,282,10,0.03546099290780142,20260919
EXT-03-ea19803730cb,3,4bbd75feaebfba4cead44c01,372,follow_up_years,other_numeric,numeric,nonnull,CORRECT,282,10,0.03546099290780142,20260919
EXT-03-c698d92d6890,3,3e5d191fde46f286065cf8a8,262,follow_up_years,other_numeric,numeric,nonnull,CORRECT,282,10,0.03546099290780142,20260919
EXT-03-b1516f9a8ff0,3,b33320c930f1f537db4b368b,7,follow_up_years,other_numeric,numeric,nonnull,CORRECT,282,10,0.03546099290780142,20260919
EXT-03-e24f38058d7e,3,6475e389933a9590e8712594,234,follow_up_years,other_numeric,numeric,nonnull,CORRECT,282,10,0.03546099290780142,20260919
EXT-03-242c123e6910,3,596b86de0f1bd7dd99975ecf,367,follow_up_years,other_numeric,numeric,nonnull,CORRECT,282,10,0.03546099290780142,20260919
EXT-03-55a60dbb5df2,3,5b24a8864a51988fa7138f72,84,follow_up_years,other_numeric,numeric,nonnull,CORRECT,282,10,0.03546099290780142,20260919
EXT-03-1511a97782d0,3,c84ed712e79bd2b8e199f1b7,195,follow_up_years,other_numeric,numeric,nonnull,INCORRECT,23,10,0.43478260869565216,20260919
EXT-03-848330fd8252,3,9922e298e66b8f4a5f016b55,182,follow_up_years,other_numeric,numeric,nonnull,INCORRECT,23,10,0.43478260869565216,20260919
EXT-03-65fba8ca28ca,3,b3ef9524dc51f7c814fffdac,78,follow_up_years,other_numeric,numeric,nonnull,INCORRECT,23,10,0.43478260869565216,20260919
EXT-03-e92cb1d6a948,3,c9b148f8195c4857107458bd,77,follow_up_years,other_numeric,numeric,nonnull,INCORRECT,23,10,0.43478260869565216,20260919
EXT-03-d7baa0f5ea47,3,e5005fb13e9246b2d6766420,681,follow_up_years,other_numeric,numeric,nonnull,INCORRECT,23,10,0.43478260869565216,20260919
EXT-03-a2ad92ccfd2d,3,2664dda6d2400f42fb20ae0e,292,follow_up_years,other_numeric,numeric,nonnull,INCORRECT,23,10,0.43478260869565216,20260919
EXT-03-996328e92301,3,c587880afec906d441dfa8fb,98,follow_up_years,other_numeric,numeric,nonnull,INCORRECT,23,10,0.43478260869565216,20260919
EXT-03-aeab3405099f,3,60b78f22bde738f3b5a13522,310,follow_up_years,other_numeric,numeric,nonnull,INCORRECT,23,10,0.43478260869565216,20260919
EXT-03-14098b9e7fbf,3,63802cbd36f03bfa78c43e7e,523,follow_up_years,other_numeric,numeric,nonnull,INCORRECT,23,10,0.43478260869565216,20260919
EXT-03-7312e77ef871,3,6021a8294b88b96cdb3766cd,377,follow_up_years,other_numeric,numeric,nonnull,INCORRECT,23,10,0.43478260869565216,20260919
EXT-03-b22d81552d9d,3,0f3b73cdaae8987cb280c731,108,follow_up_years,other_numeric,numeric,nonnull,UNVERIFIABLE,1,1,1.0,20260919
EXT-03-a24f3b902011,3,dc2c39d6da425846e5491cde,838,follow_up_years,other_numeric,numeric,null,CORRECT,2,2,1.0,20260919
EXT-03-2c9091a76207,3,d2e3249bfda217dd587c43d6,157,follow_up_years,other_numeric,numeric,null,CORRECT,2,2,1.0,20260919
EXT-03-fa3a129f572b,3,1db11f16d679ed78fd1d6bfa,832,follow_up_years,other_numeric,numeric,null,INCORRECT,7,7,1.0,20260919
EXT-03-952a7220fb78,3,363dcd943a4c0a51c5b75750,133,follow_up_years,other_numeric,numeric,null,INCORRECT,7,7,1.0,20260919
EXT-03-58d9977210af,3,c58d50ea2caa38c8dc5ab33f,418,follow_up_years,other_numeric,numeric,null,INCORRECT,7,7,1.0,20260919
EXT-03-d361f499e4a9,3,695ff9306af797bc44d29a43,617,follow_up_years,other_numeric,numeric,null,INCORRECT,7,7,1.0,20260919
EXT-03-b8546f9becfc,3,87bb65a555e4cb7bd7755822,311,follow_up_years,other_numeric,numeric,null,INCORRECT,7,7,1.0,20260919
EXT-03-957efdc4e352,3,0ed6b26d67b8e8f3c9ae47fa,30,follow_up_years,other_numeric,numeric,null,INCORRECT,7,7,1.0,20260919
EXT-03-11fcc1740721,3,c32e55e4afe94dfef10a14f6,200,follow_up_years,other_numeric,numeric,null,INCORRECT,7,7,1.0,20260919
EXT-03-baf1ae7fae3a,3,d47d0159b79c62937b4a5369,665,follow_up_years,other_numeric,numeric,null,UNVERIFIABLE,526,10,0.019011406844106463,20260919
EXT-03-7de1716c45ca,3,6839bf6a59a9573f35aa0b02,386,follow_up_years,other_numeric,numeric,null,UNVERIFIABLE,526,10,0.019011406844106463,20260919
EXT-03-13af57ad855b,3,d325f720c727f95f56166c6b,48,follow_up_years,other_numeric,numeric,null,UNVERIFIABLE,526,10,0.019011406844106463,20260919
EXT-03-905c9db636a2,3,47a1fe75ffa045ae14835712,433,follow_up_years,other_numeric,numeric,null,UNVERIFIABLE,526,10,0.019011406844106463,20260919
EXT-03-ac9939d590f4,3,b3ca4deebeccfe6cd6a33d81,297,follow_up_years,other_numeric,numeric,null,UNVERIFIABLE,526,10,0.019011406844106463,20260919
EXT-03-2378a557ef46,3,975576f6599bd98d001f3bf6,380,follow_up_years,other_numeric,numeric,null,UNVERIFIABLE,526,10,0.019011406844106463,20260919
EXT-03-60221cd2694a,3,6f0a756f32325caa96699e76,454,follow_up_years,other_numeric,numeric,null,UNVERIFIABLE,526,10,0.019011406844106463,20260919
EXT-03-04a54a244522,3,c5905f8086583ad68bfa2eaf,286,follow_up_years,other_numeric,numeric,null,UNVERIFIABLE,526,10,0.019011406844106463,20260919
EXT-03-948d23884219,3,f2b7919e4295e37f7beae3fc,229,follow_up_years,other_numeric,numeric,null,UNVERIFIABLE,526,10,0.019011406844106463,20260919
EXT-03-687a1bdc2d26,3,edc0ba87710e26b275e9a87b,164,follow_up_years,other_numeric,numeric,null,UNVERIFIABLE,526,10,0.019011406844106463,20260919
EXT-03-3371d815fb4c,3,036e3968668464a5f99b924e,152,sample_size,potentially_synthesis_critical,numeric,nonnull,CORRECT,1642,10,0.0060901339829476245,20260919
EXT-03-388c7a2a05cc,3,27a2c26c9bbb74ce505f4bc0,391,ci_upper,potentially_synthesis_critical,numeric,nonnull,CORRECT,1642,10,0.0060901339829476245,20260919
EXT-03-6115e1583c83,3,b8e44d50eb009a7ec822f026,389,hazard_ratio,potentially_synthesis_critical,numeric,nonnull,CORRECT,1642,10,0.0060901339829476245,20260919
EXT-03-e592d68d7a5d,3,0bce658c2eeb03b2b625d8a1,554,ci_lower,potentially_synthesis_critical,numeric,nonnull,CORRECT,1642,10,0.0060901339829476245,20260919
EXT-03-d71666b67610,3,64b28a88ce997f5071f8146e,257,ci_upper,potentially_synthesis_critical,numeric,nonnull,CORRECT,1642,10,0.0060901339829476245,20260919
EXT-03-a0ce31d0050c,3,0373fea02687a3fa200085c8,613,ci_lower,potentially_synthesis_critical,numeric,nonnull,CORRECT,1642,10,0.0060901339829476245,20260919
EXT-03-0f172c90a692,3,6fe138293b57ff0be2a6c1b4,105,ci_upper,potentially_synthesis_critical,numeric,nonnull,CORRECT,1642,10,0.0060901339829476245,20260919
EXT-03-e40bce090ea2,3,f830824d37cce5f0d75dd84e,217,sample_size,potentially_synthesis_critical,numeric,nonnull,CORRECT,1642,10,0.0060901339829476245,20260919
EXT-03-511cc5a928b5,3,48b04b838a2d675ec8b7df8e,473,ci_lower,potentially_synthesis_critical,numeric,nonnull,CORRECT,1642,10,0.0060901339829476245,20260919
EXT-03-25e3cd14cd7a,3,3d3c45221578fe697e8ec4cd,73,ci_upper,potentially_synthesis_critical,numeric,nonnull,CORRECT,1642,10,0.0060901339829476245,20260919
EXT-03-8b849356bf19,3,b5074f8847598134ac0b8b8b,649,sample_size,potentially_synthesis_critical,numeric,nonnull,INCORRECT,19,10,0.5263157894736842,20260919
EXT-03-84df453b42e7,3,f1a2c1d9a9e01c5e718b0448,445,sample_size,potentially_synthesis_critical,numeric,nonnull,INCORRECT,19,10,0.5263157894736842,20260919
EXT-03-08d0eef7d91a,3,de561f41a3ea5eb00ed4727e,578,sample_size,potentially_synthesis_critical,numeric,nonnull,INCORRECT,19,10,0.5263157894736842,20260919
EXT-03-7d049dc728c7,3,673de73792d0a0772e769b36,201,hazard_ratio,potentially_synthesis_critical,numeric,nonnull,INCORRECT,19,10,0.5263157894736842,20260919
EXT-03-38bdeb52138a,3,c861585c8217d226c2aff47c,116,sample_size,potentially_synthesis_critical,numeric,nonnull,INCORRECT,19,10,0.5263157894736842,20260919
EXT-03-a23a6f363e03,3,980a3d68e10fcd83fc606e83,447,sample_size,potentially_synthesis_critical,numeric,nonnull,INCORRECT,19,10,0.5263157894736842,20260919
EXT-03-75a97af99a58,3,26a5798eb510bfd71a908676,840,sample_size,potentially_synthesis_critical,numeric,nonnull,INCORRECT,19,10,0.5263157894736842,20260919
EXT-03-e3cf9ae32f71,3,f4930d9c2f2dc9760a047fb2,795,sample_size,potentially_synthesis_critical,numeric,nonnull,INCORRECT,19,10,0.5263157894736842,20260919
EXT-03-1a7c766a7b93,3,77bdfe56f2f98929bdc61368,719,sample_size,potentially_synthesis_critical,numeric,nonnull,INCORRECT,19,10,0.5263157894736842,20260919
EXT-03-9212eda1b6ab,3,a644c38bded778bb46c6bd2f,821,sample_size,potentially_synthesis_critical,numeric,nonnull,INCORRECT,19,10,0.5263157894736842,20260919
EXT-03-a966c137afcc,3,2b75d61b789cd5f74a317851,782,hazard_ratio,potentially_synthesis_critical,numeric,nonnull,UNVERIFIABLE,1,1,1.0,20260919
EXT-03-f8eead658f33,3,39f5bcf7a039ce0b489d549c,405,sample_size,potentially_synthesis_critical,numeric,null,CORRECT,15,10,0.6666666666666666,20260919
EXT-03-e76d263258dd,3,d2e3249bfda217dd587c43d6,157,hazard_ratio,potentially_synthesis_critical,numeric,null,CORRECT,15,10,0.6666666666666666,20260919
EXT-03-01a9cb7284c9,3,dc2c39d6da425846e5491cde,838,sample_size,potentially_synthesis_critical,numeric,null,CORRECT,15,10,0.6666666666666666,20260919
EXT-03-6123a5b6bcd3,3,6289e3c3f4405a6ecca2a43d,185,ci_upper,potentially_synthesis_critical,numeric,null,CORRECT,15,10,0.6666666666666666,20260919
EXT-03-74aaf5f1d00a,3,ea9b764c0e2700bc696c8362,397,sample_size,potentially_synthesis_critical,numeric,null,CORRECT,15,10,0.6666666666666666,20260919
EXT-03-e13cc41a071a,3,dc2c39d6da425846e5491cde,838,hazard_ratio,potentially_synthesis_critical,numeric,null,CORRECT,15,10,0.6666666666666666,20260919
EXT-03-597bf1705cf5,3,599d58b5bb2ebcd076962a2a,425,sample_size,potentially_synthesis_critical,numeric,null,CORRECT,15,10,0.6666666666666666,20260919
EXT-03-7da72ad6c81a,3,5ed63bf9b6d7aef837311dbe,715,sample_size,potentially_synthesis_critical,numeric,null,CORRECT,15,10,0.6666666666666666,20260919
EXT-03-4556112b615b,3,6289e3c3f4405a6ecca2a43d,185,ci_lower,potentially_synthesis_critical,numeric,null,CORRECT,15,10,0.6666666666666666,20260919
EXT-03-6b8e3861b427,3,c9768ebefba0ca50851e28be,149,sample_size,potentially_synthesis_critical,numeric,null,CORRECT,15,10,0.6666666666666666,20260919
EXT-03-585c38c94fba,3,14a666b7a8ffc79eb38e62af,667,hazard_ratio,potentially_synthesis_critical,numeric,null,INCORRECT,11,10,0.9090909090909091,20260919
EXT-03-bf815637434a,3,e3cca4f75abf8f78492795e9,56,ci_lower,potentially_synthesis_critical,numeric,null,INCORRECT,11,10,0.9090909090909091,20260919
EXT-03-773cb77b1166,3,c58d50ea2caa38c8dc5ab33f,418,ci_upper,potentially_synthesis_critical,numeric,null,INCORRECT,11,10,0.9090909090909091,20260919
EXT-03-2a07e4c0cb0d,3,c58d50ea2caa38c8dc5ab33f,418,ci_lower,potentially_synthesis_critical,numeric,null,INCORRECT,11,10,0.9090909090909091,20260919
EXT-03-dd56ceba3d24,3,edc0ba87710e26b275e9a87b,164,hazard_ratio,potentially_synthesis_critical,numeric,null,INCORRECT,11,10,0.9090909090909091,20260919
EXT-03-f909fd591fef,3,0701fa0162f2c87ec5556535,575,hazard_ratio,potentially_synthesis_critical,numeric,null,INCORRECT,11,10,0.9090909090909091,20260919
EXT-03-2c8ee064afaa,3,c58d50ea2caa38c8dc5ab33f,418,hazard_ratio,potentially_synthesis_critical,numeric,null,INCORRECT,11,10,0.9090909090909091,20260919
EXT-03-4e9149df7a56,3,e3cca4f75abf8f78492795e9,56,hazard_ratio,potentially_synthesis_critical,numeric,null,INCORRECT,11,10,0.9090909090909091,20260919
EXT-03-416674a813bf,3,438738637abd4479ebdcb729,266,hazard_ratio,potentially_synthesis_critical,numeric,null,INCORRECT,11,10,0.9090909090909091,20260919
EXT-03-c1e9749d1431,3,e3cca4f75abf8f78492795e9,56,ci_upper,potentially_synthesis_critical,numeric,null,INCORRECT,11,10,0.9090909090909091,20260919
EXT-03-d93cbeb3ad18,3,b0efc5b2d463100f8cfe21d3,404,hazard_ratio,potentially_synthesis_critical,numeric,null,UNVERIFIABLE,1676,10,0.0059665871121718375,20260919
EXT-03-831283b1c0a7,3,62e8591ab890a84760543ca3,733,ci_lower,potentially_synthesis_critical,numeric,null,UNVERIFIABLE,1676,10,0.0059665871121718375,20260919
EXT-03-e70a84d94a3f,3,2602f7618bcd69e48944e319,513,ci_lower,potentially_synthesis_critical,numeric,null,UNVERIFIABLE,1676,10,0.0059665871121718375,20260919
EXT-03-3dcee191cd01,3,a8972cc53e2aa305b880d445,478,hazard_ratio,potentially_synthesis_critical,numeric,null,UNVERIFIABLE,1676,10,0.0059665871121718375,20260919
EXT-03-e97ec928b95f,3,fd4c2acb343748cce38254b4,516,ci_lower,potentially_synthesis_critical,numeric,null,UNVERIFIABLE,1676,10,0.0059665871121718375,20260919
EXT-03-61eb807e2b25,3,20b10a2ec78d16a5345fd235,128,ci_upper,potentially_synthesis_critical,numeric,null,UNVERIFIABLE,1676,10,0.0059665871121718375,20260919
EXT-03-b0b70693df08,3,aa9d8b9c85f0ac122d51a7f8,553,ci_upper,potentially_synthesis_critical,numeric,null,UNVERIFIABLE,1676,10,0.0059665871121718375,20260919
EXT-03-c19c7dbae355,3,2258f2c2fb83caba77a8424e,533,ci_lower,potentially_synthesis_critical,numeric,null,UNVERIFIABLE,1676,10,0.0059665871121718375,20260919
EXT-03-5e0cca8325eb,3,3ffd9d28e4712f04ec4db159,327,ci_upper,potentially_synthesis_critical,numeric,null,UNVERIFIABLE,1676,10,0.0059665871121718375,20260919
EXT-03-399aec1c34c1,3,a32f0077fa5eaad79cfa64a2,140,ci_lower,potentially_synthesis_critical,numeric,null,UNVERIFIABLE,1676,10,0.0059665871121718375,20260919
EXT-04-968d1449ac53,4,f48df0651ce5eb94e4aedd0b,1564,study_design,categorical,categorical,nonnull,CORRECT,8291,10,0.0012061271257990593,20260919
EXT-04-d8984dac21b3,4,fee0e63f8247bdcae9175d13,341,imaging_modality,categorical,categorical,nonnull,CORRECT,8291,10,0.0012061271257990593,20260919
EXT-04-44cd7bd81a75,4,64aa2fb0370b133b94cc054a,1621,imaging_modality,categorical,categorical,nonnull,CORRECT,8291,10,0.0012061271257990593,20260919
EXT-04-757a1d2dc53d,4,6b746d031a49051aaf177b9c,1392,imaging_modality,categorical,categorical,nonnull,CORRECT,8291,10,0.0012061271257990593,20260919
EXT-04-46e3ad3d3b31,4,0f02f82be4259334c77e7863,1195,ai_model_type,categorical,categorical,nonnull,CORRECT,8291,10,0.0012061271257990593,20260919
EXT-04-ecfa3f13175d,4,1873522538630df7433004a0,1351,study_design,categorical,categorical,nonnull,CORRECT,8291,10,0.0012061271257990593,20260919
EXT-04-d552020099cf,4,d3acc4e9003bbd55df8c8728,991,ai_model_type,categorical,categorical,nonnull,CORRECT,8291,10,0.0012061271257990593,20260919
EXT-04-2b623c7c9fd3,4,218acdc38f334c5e921d4ca8,1312,study_design,categorical,categorical,nonnull,CORRECT,8291,10,0.0012061271257990593,20260919
EXT-04-310eeddfd082,4,b67051318f7b9fd22b29998c,1284,ai_model_type,categorical,categorical,nonnull,CORRECT,8291,10,0.0012061271257990593,20260919
EXT-04-79863f65efee,4,a815924d6754b1de80677490,477,task,categorical,categorical,nonnull,CORRECT,8291,10,0.0012061271257990593,20260919
EXT-04-dd082f4506ba,4,1b04a948356dd289a892211d,1465,study_design,categorical,categorical,nonnull,INCORRECT,58,10,0.1724137931034483,20260919
EXT-04-82b011e15661,4,8d8f67af94022e820c91b2ba,1501,study_design,categorical,categorical,nonnull,INCORRECT,58,10,0.1724137931034483,20260919
EXT-04-d5dcf9052ad5,4,187e95e61484a6abcfd8a397,1135,imaging_modality,categorical,categorical,nonnull,INCORRECT,58,10,0.1724137931034483,20260919
EXT-04-d065628e8133,4,d67fec022dec4f12f7b3610d,2415,task,categorical,categorical,nonnull,INCORRECT,58,10,0.1724137931034483,20260919
EXT-04-6829e4672995,4,07860cf175d7b3e23d2bd627,2162,ai_model_type,categorical,categorical,nonnull,INCORRECT,58,10,0.1724137931034483,20260919
EXT-04-dddfc69ee433,4,6e8f42c54a08c8f6fe934877,1103,task,categorical,categorical,nonnull,INCORRECT,58,10,0.1724137931034483,20260919
EXT-04-e0e81e756ba5,4,f4f146c7b2639001405b3342,138,study_design,categorical,categorical,nonnull,INCORRECT,58,10,0.1724137931034483,20260919
EXT-04-49a224d22bc8,4,1401345a56470c6c6b5e7887,322,study_design,categorical,categorical,nonnull,INCORRECT,58,10,0.1724137931034483,20260919
EXT-04-c6a09326b430,4,e9c8053fdd1c14d3471f6bf0,2214,imaging_modality,categorical,categorical,nonnull,INCORRECT,58,10,0.1724137931034483,20260919
EXT-04-ae3c12e26242,4,0d70e24a2062dabaa58576f2,1088,study_design,categorical,categorical,nonnull,INCORRECT,58,10,0.1724137931034483,20260919
EXT-04-5b4020448f47,4,35b318a67c9a541d9f6f1e8b,609,study_design,categorical,categorical,nonnull,UNVERIFIABLE,119,10,0.08403361344537816,20260919
EXT-04-b6f20dfd08c6,4,f9193d1dba6409007874b276,1046,study_design,categorical,categorical,nonnull,UNVERIFIABLE,119,10,0.08403361344537816,20260919
EXT-04-b1f231600eb7,4,7252e3362402c509e8587bdf,1688,study_design,categorical,categorical,nonnull,UNVERIFIABLE,119,10,0.08403361344537816,20260919
EXT-04-998a3ac8cef0,4,e9c6677be22fc55dbfbb11b4,176,study_design,categorical,categorical,nonnull,UNVERIFIABLE,119,10,0.08403361344537816,20260919
EXT-04-3d418d77d008,4,a274d57098626f1fabd5321f,1701,study_design,categorical,categorical,nonnull,UNVERIFIABLE,119,10,0.08403361344537816,20260919
EXT-04-570a7a60b4e3,4,8795d30660377189e05864a6,556,study_design,categorical,categorical,nonnull,UNVERIFIABLE,119,10,0.08403361344537816,20260919
EXT-04-08fb77f68ac9,4,baadb968dc5ee0d41b0d7a8e,676,study_design,categorical,categorical,nonnull,UNVERIFIABLE,119,10,0.08403361344537816,20260919
EXT-04-f9c32ee363c5,4,8fab3c824c9a91b45ae82eee,1376,study_design,categorical,categorical,nonnull,UNVERIFIABLE,119,10,0.08403361344537816,20260919
EXT-04-931bd5afdc4b,4,e1123847e27f0a4c89bde4d1,1963,study_design,categorical,categorical,nonnull,UNVERIFIABLE,119,10,0.08403361344537816,20260919
EXT-04-6e6ef8276fba,4,c1cf584164988c5b60cddece,1613,study_design,categorical,categorical,nonnull,UNVERIFIABLE,119,10,0.08403361344537816,20260919
EXT-04-4d532c5adda0,4,d99903cdae5ae9e30ea925eb,1036,ai_model_type,categorical,categorical,null,CORRECT,9,9,1.0,20260919
EXT-04-39f3d9934a7c,4,1672c5e92aa07d509ecd24e7,1713,imaging_modality,categorical,categorical,null,CORRECT,9,9,1.0,20260919
EXT-04-323adbfdb612,4,941949dac9b16875e164bf09,1901,imaging_modality,categorical,categorical,null,CORRECT,9,9,1.0,20260919
EXT-04-b4f9ff10b33a,4,45d36c23f6f9cc9e682a79db,521,imaging_modality,categorical,categorical,null,CORRECT,9,9,1.0,20260919
EXT-04-e57014208fe7,4,3cebff19fea2252e4983ba78,2129,imaging_modality,categorical,categorical,null,CORRECT,9,9,1.0,20260919
EXT-04-1d99bd1fcab1,4,f2f881819790ee3d7e322654,647,imaging_modality,categorical,categorical,null,CORRECT,9,9,1.0,20260919
EXT-04-a22d04483be3,4,98461a3d42461404d2ccd247,182,imaging_modality,categorical,categorical,null,CORRECT,9,9,1.0,20260919
EXT-04-f3f150bd4d8e,4,c9dcb4a5f433d72ccb54f3ab,1601,imaging_modality,categorical,categorical,null,CORRECT,9,9,1.0,20260919
EXT-04-c53e63fb243c,4,d99903cdae5ae9e30ea925eb,1036,imaging_modality,categorical,categorical,null,CORRECT,9,9,1.0,20260919
EXT-04-c35977eedc13,4,1e79c86153f03acbc967dc1b,399,study_design,categorical,categorical,null,UNVERIFIABLE,1299,10,0.007698229407236336,20260919
EXT-04-d43c2d3b09bf,4,0dac5549ffe50c7456366c87,1836,study_design,categorical,categorical,null,UNVERIFIABLE,1299,10,0.007698229407236336,20260919
EXT-04-6330234820c4,4,5a0e30871eccf72d49d22b6e,1321,study_design,categorical,categorical,null,UNVERIFIABLE,1299,10,0.007698229407236336,20260919
EXT-04-09d0594e9d04,4,ecc017b1cb0842701ead0d3a,1174,study_design,categorical,categorical,null,UNVERIFIABLE,1299,10,0.007698229407236336,20260919
EXT-04-e950b319e821,4,4693c1a64433485539d10a8d,1401,study_design,categorical,categorical,null,UNVERIFIABLE,1299,10,0.007698229407236336,20260919
EXT-04-e1d709cff760,4,74e16ed6bf840258daeef295,2146,study_design,categorical,categorical,null,UNVERIFIABLE,1299,10,0.007698229407236336,20260919
EXT-04-74e692ba4583,4,80b5e5388d918680a8413753,897,study_design,categorical,categorical,null,UNVERIFIABLE,1299,10,0.007698229407236336,20260919
EXT-04-4df228fe6eb3,4,a66b38dc1a4a159327588f8a,1230,study_design,categorical,categorical,null,UNVERIFIABLE,1299,10,0.007698229407236336,20260919
EXT-04-0ff71d3bf7e0,4,2ae799f3ca5cc49a3dc9e739,655,study_design,categorical,categorical,null,UNVERIFIABLE,1299,10,0.007698229407236336,20260919
EXT-04-8017700eb531,4,a466294b8442a7bbaa9c23f4,86,study_design,categorical,categorical,null,UNVERIFIABLE,1299,10,0.007698229407236336,20260919
EXT-04-acb6dae24a6c,4,42ff83d774476b4e4fe821e8,1313,sensitivity,potentially_synthesis_critical,numeric,nonnull,CORRECT,4436,10,0.002254283137962128,20260919
EXT-04-5dddceedd63e,4,5a866ef1403fde42499c1e76,1048,sample_size,potentially_synthesis_critical,numeric,nonnull,CORRECT,4436,10,0.002254283137962128,20260919
EXT-04-c67fe025ad71,4,8612805e2f6742a67fe0d4b7,2332,sample_size,potentially_synthesis_critical,numeric,nonnull,CORRECT,4436,10,0.002254283137962128,20260919
EXT-04-a125df42d0e1,4,3c7f87fdbb3454d56da96cf0,2049,sample_size,potentially_synthesis_critical,numeric,nonnull,CORRECT,4436,10,0.002254283137962128,20260919
EXT-04-fee9c5e667fd,4,685d2923b1f8125a8219a55f,2238,sample_size,potentially_synthesis_critical,numeric,nonnull,CORRECT,4436,10,0.002254283137962128,20260919
EXT-04-81c2b05ac8cd,4,4049f6ad81d50e9793afb929,1252,specificity,potentially_synthesis_critical,numeric,nonnull,CORRECT,4436,10,0.002254283137962128,20260919
EXT-04-75c7b4e5ad53,4,506cc28e79ddc5d82dd9192e,1602,auc,potentially_synthesis_critical,numeric,nonnull,CORRECT,4436,10,0.002254283137962128,20260919
EXT-04-75796a55df74,4,98188db5f17c0149cad45e55,28,auc,potentially_synthesis_critical,numeric,nonnull,CORRECT,4436,10,0.002254283137962128,20260919
EXT-04-1f2eca02cfc9,4,f21f0f6ec35bc8679064e293,1769,sample_size,potentially_synthesis_critical,numeric,nonnull,CORRECT,4436,10,0.002254283137962128,20260919
EXT-04-ecd2a398a99c,4,35b318a67c9a541d9f6f1e8b,609,specificity,potentially_synthesis_critical,numeric,nonnull,CORRECT,4436,10,0.002254283137962128,20260919
EXT-04-756b98f937cd,4,737f0e25416dd0a911c7daed,1216,auc,potentially_synthesis_critical,numeric,nonnull,INCORRECT,252,10,0.03968253968253968,20260919
EXT-04-e1ab37341e56,4,1d1cf82eddcff14cd38e959c,2048,auc,potentially_synthesis_critical,numeric,nonnull,INCORRECT,252,10,0.03968253968253968,20260919
EXT-04-4aefca325252,4,e1f2c1eb3e4f70bcf335dfa4,1592,auc,potentially_synthesis_critical,numeric,nonnull,INCORRECT,252,10,0.03968253968253968,20260919
EXT-04-4c9771372cda,4,83bc33c586cddc29ff5da5c6,271,auc,potentially_synthesis_critical,numeric,nonnull,INCORRECT,252,10,0.03968253968253968,20260919
EXT-04-afea95721746,4,559e1c7706a19a4aab2cf88d,1571,sample_size,potentially_synthesis_critical,numeric,nonnull,INCORRECT,252,10,0.03968253968253968,20260919
EXT-04-b9613c15090e,4,3138d0ccd1eb85bee9299bfe,1220,auc,potentially_synthesis_critical,numeric,nonnull,INCORRECT,252,10,0.03968253968253968,20260919
EXT-04-47f20670b2ed,4,ee80724961a25f817d81d937,1863,sensitivity,potentially_synthesis_critical,numeric,nonnull,INCORRECT,252,10,0.03968253968253968,20260919
EXT-04-d92f9e6e7bb5,4,5213f25157231e3797395267,1411,specificity,potentially_synthesis_critical,numeric,nonnull,INCORRECT,252,10,0.03968253968253968,20260919
EXT-04-23e86adcc371,4,53fb0ff92d3210330bcf5b15,1741,auc,potentially_synthesis_critical,numeric,nonnull,INCORRECT,252,10,0.03968253968253968,20260919
EXT-04-2c76d2e8b830,4,35b318a67c9a541d9f6f1e8b,609,auc,potentially_synthesis_critical,numeric,nonnull,INCORRECT,252,10,0.03968253968253968,20260919
EXT-04-474db75c2055,4,b5f0c61606c07959d57e1a6c,2310,sensitivity,potentially_synthesis_critical,numeric,nonnull,UNVERIFIABLE,26,10,0.38461538461538464,20260919
EXT-04-b2165454f1b6,4,0a8505baa9bb67a59b9e00cd,465,auc,potentially_synthesis_critical,numeric,nonnull,UNVERIFIABLE,26,10,0.38461538461538464,20260919
EXT-04-152ad96fc064,4,ea3c127a6762ac9943509e36,299,auc,potentially_synthesis_critical,numeric,nonnull,UNVERIFIABLE,26,10,0.38461538461538464,20260919
EXT-04-797362e3c264,4,50ffd2862e3caa30ee1db3d3,520,auc,potentially_synthesis_critical,numeric,nonnull,UNVERIFIABLE,26,10,0.38461538461538464,20260919
EXT-04-5000e6324ba0,4,638b07b39b67bd90ff79a675,2062,sensitivity,potentially_synthesis_critical,numeric,nonnull,UNVERIFIABLE,26,10,0.38461538461538464,20260919
EXT-04-b6fb0a4f1e3a,4,04d13d6343dcef7ba5706a25,1027,auc,potentially_synthesis_critical,numeric,nonnull,UNVERIFIABLE,26,10,0.38461538461538464,20260919
EXT-04-22d29227c921,4,afdcb90d5e8bbd420d3edaf4,344,sensitivity,potentially_synthesis_critical,numeric,nonnull,UNVERIFIABLE,26,10,0.38461538461538464,20260919
EXT-04-f6e7413bc09c,4,10f625d31c3a83e8e1d602ac,42,auc,potentially_synthesis_critical,numeric,nonnull,UNVERIFIABLE,26,10,0.38461538461538464,20260919
EXT-04-e5695d5ff84b,4,563897cf1e4ae31baf26b2d5,1238,auc,potentially_synthesis_critical,numeric,nonnull,UNVERIFIABLE,26,10,0.38461538461538464,20260919
EXT-04-b6ad8c86d58f,4,87f36397b0a5983b78231d88,1973,specificity,potentially_synthesis_critical,numeric,nonnull,UNVERIFIABLE,26,10,0.38461538461538464,20260919
EXT-04-2e049737f5f5,4,92562490b9a2bf270c1469b0,487,specificity,potentially_synthesis_critical,numeric,null,CORRECT,6,6,1.0,20260919
EXT-04-21b88f92cd4c,4,6ce00c6679bc422f5231de21,2037,auc,potentially_synthesis_critical,numeric,null,CORRECT,6,6,1.0,20260919
EXT-04-8aefa4c7146a,4,872ddf241ee5c51751558c31,1487,auc,potentially_synthesis_critical,numeric,null,CORRECT,6,6,1.0,20260919
EXT-04-9b9d5e6abd7f,4,6ce00c6679bc422f5231de21,2037,specificity,potentially_synthesis_critical,numeric,null,CORRECT,6,6,1.0,20260919
EXT-04-a7e85f15d5de,4,eb8b08456bab583449359622,400,specificity,potentially_synthesis_critical,numeric,null,CORRECT,6,6,1.0,20260919
EXT-04-5bd55c2db886,4,872ddf241ee5c51751558c31,1487,specificity,potentially_synthesis_critical,numeric,null,CORRECT,6,6,1.0,20260919
EXT-04-ce324f7330ec,4,8e8bcdc1ae71224095873c31,696,auc,potentially_synthesis_critical,numeric,null,INCORRECT,2,2,1.0,20260919
EXT-04-17e9e1a0cd19,4,5a7fbef0d3d589595c4a5ca9,2425,specificity,potentially_synthesis_critical,numeric,null,INCORRECT,2,2,1.0,20260919
EXT-04-5e75890e4f22,4,4a01e5bde0523cbea5c8e0c7,1849,sample_size,potentially_synthesis_critical,numeric,null,UNVERIFIABLE,5054,10,0.0019786307874950534,20260919
EXT-04-ed1021029710,4,37ef163c92ed09eb37bd68d5,1173,sensitivity,potentially_synthesis_critical,numeric,null,UNVERIFIABLE,5054,10,0.0019786307874950534,20260919
EXT-04-dc6c2ce84cd8,4,af0802ccbe64015fcd9f9090,697,sample_size,potentially_synthesis_critical,numeric,null,UNVERIFIABLE,5054,10,0.0019786307874950534,20260919
EXT-04-a53a27c3a390,4,dbd2ac2dbdecf5b92e65a3a6,79,sensitivity,potentially_synthesis_critical,numeric,null,UNVERIFIABLE,5054,10,0.0019786307874950534,20260919
EXT-04-b481b5181859,4,74cb305e53be373b292fc0cf,2398,sensitivity,potentially_synthesis_critical,numeric,null,UNVERIFIABLE,5054,10,0.0019786307874950534,20260919
EXT-04-0927c242c615,4,7be11c2c0cabca4c9d3cd78a,861,sample_size,potentially_synthesis_critical,numeric,null,UNVERIFIABLE,5054,10,0.0019786307874950534,20260919
EXT-04-5b5c095d9f12,4,2245f02b7c064a070b502fa1,2034,sensitivity,potentially_synthesis_critical,numeric,null,UNVERIFIABLE,5054,10,0.0019786307874950534,20260919
EXT-04-062eceedaa23,4,353dbc1b2ce90775ee01d507,1548,specificity,potentially_synthesis_critical,numeric,null,UNVERIFIABLE,5054,10,0.0019786307874950534,20260919
EXT-04-a77ff62fc493,4,911530fe3b35ec3503b219a7,39,sensitivity,potentially_synthesis_critical,numeric,null,UNVERIFIABLE,5054,10,0.0019786307874950534,20260919
EXT-04-5e2796cf2941,4,2b1b74bd6933215abe09976c,1660,sample_size,potentially_synthesis_critical,numeric,null,UNVERIFIABLE,5054,10,0.0019786307874950534,20260919
EXT-05-a87e338997f9,5,9675edf87536d115340df730,54,study_design,categorical,categorical,nonnull,CORRECT,1744,10,0.005733944954128441,20260919
EXT-05-244fbbc6839c,5,81fdef6f4c2d7f8e3b06d701,318,programme,categorical,categorical,nonnull,CORRECT,1744,10,0.005733944954128441,20260919
EXT-05-0c013bc06fc9,5,12492038f89ca7568cb4ddd2,439,country,categorical,categorical,nonnull,CORRECT,1744,10,0.005733944954128441,20260919
EXT-05-ec3b1f39db3c,5,983548635ae69aa593d6932e,409,country,categorical,categorical,nonnull,CORRECT,1744,10,0.005733944954128441,20260919
EXT-05-2cb7bcf1b967,5,0c66ee336ac97c76e137dcf5,196,programme,categorical,categorical,nonnull,CORRECT,1744,10,0.005733944954128441,20260919
EXT-05-87898bd7baf7,5,5786b81c8a7c3cac6fb04135,316,country,categorical,categorical,nonnull,CORRECT,1744,10,0.005733944954128441,20260919
EXT-05-441c3deeedc7,5,991e6e69258b6f97685018d1,421,programme,categorical,categorical,nonnull,CORRECT,1744,10,0.005733944954128441,20260919
EXT-05-897a44fc88ef,5,c67a5cd6160c8fae9228573f,270,outcome,categorical,categorical,nonnull,CORRECT,1744,10,0.005733944954128441,20260919
EXT-05-948db1d57518,5,0839077abf95464931c3d1ff,457,programme,categorical,categorical,nonnull,CORRECT,1744,10,0.005733944954128441,20260919
EXT-05-4fcbf8924ffb,5,4b7b5245fc3d2277fa868ce1,402,programme,categorical,categorical,nonnull,CORRECT,1744,10,0.005733944954128441,20260919
EXT-05-39eaadc348d4,5,7841bf04de443c6a86e57738,405,country,categorical,categorical,nonnull,INCORRECT,9,9,1.0,20260919
EXT-05-16aad6137b53,5,b38ea558140b4456a6907eee,450,study_design,categorical,categorical,nonnull,INCORRECT,9,9,1.0,20260919
EXT-05-5820ab3be0b8,5,8320de967f440c1bcf7be232,378,programme,categorical,categorical,nonnull,INCORRECT,9,9,1.0,20260919
EXT-05-3a57f4858224,5,af4b855e44afc7f8cbf69791,267,country,categorical,categorical,nonnull,INCORRECT,9,9,1.0,20260919
EXT-05-f58b6a2574d7,5,de703ac680d8713dd8928a6c,89,programme,categorical,categorical,nonnull,INCORRECT,9,9,1.0,20260919
EXT-05-8b0936d67cf6,5,01ceb7608ae86e7dc3297b0f,349,study_design,categorical,categorical,nonnull,INCORRECT,9,9,1.0,20260919
EXT-05-1f69a3fc7676,5,dc72c2ff2348d78257ebed5c,344,outcome,categorical,categorical,nonnull,INCORRECT,9,9,1.0,20260919
EXT-05-44e35db30349,5,a741913dc349f5af828aa205,326,programme,categorical,categorical,nonnull,INCORRECT,9,9,1.0,20260919
EXT-05-e4501ffb93fa,5,ab1996748334f10ee48d8380,369,outcome,categorical,categorical,nonnull,INCORRECT,9,9,1.0,20260919
EXT-05-6d017cb0d2f3,5,33f5f12afb63212f6069f704,110,study_design,categorical,categorical,nonnull,UNVERIFIABLE,4,4,1.0,20260919
EXT-05-f9bfe0b95a07,5,a84e38c50e55d91d77bf8dae,34,country,categorical,categorical,nonnull,UNVERIFIABLE,4,4,1.0,20260919
EXT-05-08f3cf6a17a0,5,62db183e042fa29663a84ff8,427,study_design,categorical,categorical,nonnull,UNVERIFIABLE,4,4,1.0,20260919
EXT-05-2a025f0c3f20,5,851243f4fdf36d63ba4adc5f,132,study_design,categorical,categorical,nonnull,UNVERIFIABLE,4,4,1.0,20260919
EXT-05-e65acb7becb4,5,53edf8e57c81d847ca2875e2,418,study_design,categorical,categorical,null,UNVERIFIABLE,119,10,0.08403361344537816,20260919
EXT-05-659fcdc73144,5,32c27e553a7063a379eb6399,437,study_design,categorical,categorical,null,UNVERIFIABLE,119,10,0.08403361344537816,20260919
EXT-05-092c48557335,5,dd9c4f1807539eda9adaf081,30,study_design,categorical,categorical,null,UNVERIFIABLE,119,10,0.08403361344537816,20260919
EXT-05-6ba0c0de56d6,5,784044119931eac9b1e612f1,293,country,categorical,categorical,null,UNVERIFIABLE,119,10,0.08403361344537816,20260919
EXT-05-8831ecc61e3e,5,15623848a590192c03969455,395,study_design,categorical,categorical,null,UNVERIFIABLE,119,10,0.08403361344537816,20260919
EXT-05-b89db85709a0,5,dd8e0f83f0e5de3eb15dc7c0,68,country,categorical,categorical,null,UNVERIFIABLE,119,10,0.08403361344537816,20260919
EXT-05-48777f8abe42,5,f8a765999f07cdea5ee7b89e,454,study_design,categorical,categorical,null,UNVERIFIABLE,119,10,0.08403361344537816,20260919
EXT-05-02b9ad7f99ec,5,1c49904b1081528f92c857d7,404,study_design,categorical,categorical,null,UNVERIFIABLE,119,10,0.08403361344537816,20260919
EXT-05-861c4d5f6070,5,8802dcb7a795d128820cadeb,91,country,categorical,categorical,null,UNVERIFIABLE,119,10,0.08403361344537816,20260919
EXT-05-e78e614068e1,5,75a5aa4ac4d0e96383729440,355,country,categorical,categorical,null,UNVERIFIABLE,119,10,0.08403361344537816,20260919
EXT-05-b76c259f0d5c,5,0e00bdf81dbf9571eb05be8d,177,sample_size,potentially_synthesis_critical,numeric,nonnull,CORRECT,193,10,0.05181347150259067,20260919
EXT-05-7b5c8eed08ac,5,391aa9be908d61918324f04d,136,effect_size,potentially_synthesis_critical,numeric,nonnull,CORRECT,193,10,0.05181347150259067,20260919
EXT-05-8cdaeb9c913f,5,1b989a923be71f23d50c5990,147,ci_lower,potentially_synthesis_critical,numeric,nonnull,CORRECT,193,10,0.05181347150259067,20260919
EXT-05-68430b2e7c32,5,ac343cbd2d77a80f8790eead,182,sample_size,potentially_synthesis_critical,numeric,nonnull,CORRECT,193,10,0.05181347150259067,20260919
EXT-05-d6f9f4c32598,5,ac343cbd2d77a80f8790eead,182,ci_upper,potentially_synthesis_critical,numeric,nonnull,CORRECT,193,10,0.05181347150259067,20260919
EXT-05-6e3e7f2a2f10,5,8e46700d4d85be86d946ce5f,220,ci_lower,potentially_synthesis_critical,numeric,nonnull,CORRECT,193,10,0.05181347150259067,20260919
EXT-05-2eb9d1385523,5,6a81957780fb048501713224,445,sample_size,potentially_synthesis_critical,numeric,nonnull,CORRECT,193,10,0.05181347150259067,20260919
EXT-05-fe89b6679e81,5,3a5e703645d775213c71d78b,341,ci_lower,potentially_synthesis_critical,numeric,nonnull,CORRECT,193,10,0.05181347150259067,20260919
EXT-05-36c808825472,5,0e00bdf81dbf9571eb05be8d,177,effect_size,potentially_synthesis_critical,numeric,nonnull,CORRECT,193,10,0.05181347150259067,20260919
EXT-05-56438086a368,5,8e46700d4d85be86d946ce5f,220,sample_size,potentially_synthesis_critical,numeric,nonnull,CORRECT,193,10,0.05181347150259067,20260919
EXT-05-694aebc6fb78,5,d5456859f52116cba750f408,5,sample_size,potentially_synthesis_critical,numeric,nonnull,INCORRECT,6,6,1.0,20260919
EXT-05-4176629a5677,5,1b56fcbd358027c53fff344f,210,sample_size,potentially_synthesis_critical,numeric,nonnull,INCORRECT,6,6,1.0,20260919
EXT-05-2396170d23fc,5,5506b90cc16f7db46d96a101,57,sample_size,potentially_synthesis_critical,numeric,nonnull,INCORRECT,6,6,1.0,20260919
EXT-05-4dbf23906104,5,89313f05b1458a6f43ba0216,424,effect_size,potentially_synthesis_critical,numeric,nonnull,INCORRECT,6,6,1.0,20260919
EXT-05-b2cbf4828b1b,5,f25c6fbdb055f837605eba30,166,sample_size,potentially_synthesis_critical,numeric,nonnull,INCORRECT,6,6,1.0,20260919
EXT-05-5189522cf1d4,5,fbb5beda525923d7c6353311,99,sample_size,potentially_synthesis_critical,numeric,nonnull,INCORRECT,6,6,1.0,20260919
EXT-05-fc91c259dd10,5,b7844990cc696c7228635a1a,442,ci_lower,potentially_synthesis_critical,numeric,null,UNVERIFIABLE,1677,10,0.005963029218843173,20260919
EXT-05-6f58ec798bb5,5,5cdbd40614f111722c5a1169,108,effect_size,potentially_synthesis_critical,numeric,null,UNVERIFIABLE,1677,10,0.005963029218843173,20260919
EXT-05-6fdb150ab941,5,0c7c9b1a4de9adefd55247ea,375,effect_size,potentially_synthesis_critical,numeric,null,UNVERIFIABLE,1677,10,0.005963029218843173,20260919
EXT-05-7e15f192e386,5,6c4aae52b2502a6647e463fc,87,sample_size,potentially_synthesis_critical,numeric,null,UNVERIFIABLE,1677,10,0.005963029218843173,20260919
EXT-05-e3e15a0dafce,5,94dd302467dae2f68590a2c4,335,effect_size,potentially_synthesis_critical,numeric,null,UNVERIFIABLE,1677,10,0.005963029218843173,20260919
EXT-05-18ec989334c2,5,6a5ae39590fea7619df8f814,225,ci_lower,potentially_synthesis_critical,numeric,null,UNVERIFIABLE,1677,10,0.005963029218843173,20260919
EXT-05-77fdd0746048,5,b38ea558140b4456a6907eee,450,effect_size,potentially_synthesis_critical,numeric,null,UNVERIFIABLE,1677,10,0.005963029218843173,20260919
EXT-05-e2867319ea99,5,bbb9e499aad44cb1aa605ba8,95,ci_upper,potentially_synthesis_critical,numeric,null,UNVERIFIABLE,1677,10,0.005963029218843173,20260919
EXT-05-9803e77ac62e,5,b376123a245bff0fac5cc8b5,385,ci_lower,potentially_synthesis_critical,numeric,null,UNVERIFIABLE,1677,10,0.005963029218843173,20260919
EXT-05-02cddead594b,5,914fcd262cc9015b530214a3,224,ci_lower,potentially_synthesis_critical,numeric,null,UNVERIFIABLE,1677,10,0.005963029218843173,20260919
EXT-06-353eba32b199,6,99c21df5af17d750fdb18970,95,outcome,categorical,categorical,nonnull,CORRECT,2444,10,0.004091653027823241,20260919
EXT-06-606ff4d70664,6,7768d8fd35ec24d92a03150a,71,age_group,categorical,categorical,nonnull,CORRECT,2444,10,0.004091653027823241,20260919
EXT-06-178a9357c13e,6,406f57eb116a133a6f13aac0,362,study_design,categorical,categorical,nonnull,CORRECT,2444,10,0.004091653027823241,20260919
EXT-06-5b968b845d78,6,43c3ee0e0c07f4a1f0d5ad79,262,outcome,categorical,categorical,nonnull,CORRECT,2444,10,0.004091653027823241,20260919
EXT-06-7528ed36aea0,6,ef2ffb9342782f8d30895c7f,465,country,categorical,categorical,nonnull,CORRECT,2444,10,0.004091653027823241,20260919
EXT-06-2db25c8bb412,6,3b2cf86b4c0d3a5afa649081,530,outcome,categorical,categorical,nonnull,CORRECT,2444,10,0.004091653027823241,20260919
EXT-06-9fc3ae002429,6,ae7b464b9e5a93791ee73c5a,313,outcome,categorical,categorical,nonnull,CORRECT,2444,10,0.004091653027823241,20260919
EXT-06-02ea72ee2776,6,8545931359330f2fefe0e325,139,country,categorical,categorical,nonnull,CORRECT,2444,10,0.004091653027823241,20260919
EXT-06-ae5373050960,6,7b80f058051176d77b16dd28,572,platform,categorical,categorical,nonnull,CORRECT,2444,10,0.004091653027823241,20260919
EXT-06-9b9569d6e744,6,6700d0164295bc2542aec93e,411,platform,categorical,categorical,nonnull,CORRECT,2444,10,0.004091653027823241,20260919
EXT-06-68c0dfc0be26,6,54b783955c1890fbab77a53c,493,platform,categorical,categorical,nonnull,INCORRECT,27,10,0.37037037037037035,20260919
EXT-06-cfd084389dc1,6,a89447dc86050cbcebb69293,489,platform,categorical,categorical,nonnull,INCORRECT,27,10,0.37037037037037035,20260919
EXT-06-9195e828429d,6,78345a4714c982d6fb7d8bec,464,platform,categorical,categorical,nonnull,INCORRECT,27,10,0.37037037037037035,20260919
EXT-06-67e87c1a46ac,6,0d5e4a3d04bd32d0d2252352,358,age_group,categorical,categorical,nonnull,INCORRECT,27,10,0.37037037037037035,20260919
EXT-06-5d2087418c99,6,d2b152184977bebbb4bb705d,70,platform,categorical,categorical,nonnull,INCORRECT,27,10,0.37037037037037035,20260919
EXT-06-2e48f2684d43,6,605807a664701edcb5550a93,580,study_design,categorical,categorical,nonnull,INCORRECT,27,10,0.37037037037037035,20260919
EXT-06-7ba165ac84a7,6,1505aee8b146fcd40e7cb873,51,platform,categorical,categorical,nonnull,INCORRECT,27,10,0.37037037037037035,20260919
EXT-06-def9b68b34a5,6,95066ff082d441a55474080a,522,age_group,categorical,categorical,nonnull,INCORRECT,27,10,0.37037037037037035,20260919
EXT-06-e1976a0accda,6,d7d53991dfc6c94489d1ab16,564,age_group,categorical,categorical,nonnull,INCORRECT,27,10,0.37037037037037035,20260919
EXT-06-a327db2f78b5,6,6245f4799c410c5813d4192d,505,country,categorical,categorical,nonnull,INCORRECT,27,10,0.37037037037037035,20260919
EXT-06-9f68a4a962dc,6,8752ee410727cd553911ea3b,273,study_design,categorical,categorical,nonnull,UNVERIFIABLE,46,10,0.21739130434782608,20260919
EXT-06-625ab9cc5ea3,6,64ce2c68fd234806786875a2,369,study_design,categorical,categorical,nonnull,UNVERIFIABLE,46,10,0.21739130434782608,20260919
EXT-06-9b7334a8f190,6,fc643918d4768ca1ab7fdafb,192,platform,categorical,categorical,nonnull,UNVERIFIABLE,46,10,0.21739130434782608,20260919
EXT-06-89f897b6c350,6,122d58633725c6d376784920,509,study_design,categorical,categorical,nonnull,UNVERIFIABLE,46,10,0.21739130434782608,20260919
EXT-06-3a96c50e327e,6,e2e93c04ba3940892df8b289,207,study_design,categorical,categorical,nonnull,UNVERIFIABLE,46,10,0.21739130434782608,20260919
EXT-06-adac8c5524e2,6,b3d3ebc64ceb755c74a34e0b,63,study_design,categorical,categorical,nonnull,UNVERIFIABLE,46,10,0.21739130434782608,20260919
EXT-06-e98d2e956598,6,90842d4b9546672a7f18b808,290,study_design,categorical,categorical,nonnull,UNVERIFIABLE,46,10,0.21739130434782608,20260919
EXT-06-a9c787c7096e,6,36d6e006577ca669d3fee65a,35,study_design,categorical,categorical,nonnull,UNVERIFIABLE,46,10,0.21739130434782608,20260919
EXT-06-414d597a242d,6,3a18c75880712b76803632b0,305,study_design,categorical,categorical,nonnull,UNVERIFIABLE,46,10,0.21739130434782608,20260919
EXT-06-174f30128708,6,5211635d849596f5b533f2e8,511,study_design,categorical,categorical,nonnull,UNVERIFIABLE,46,10,0.21739130434782608,20260919
EXT-06-228b2404c98d,6,6959509bc8f721921b4e86c3,301,country,categorical,categorical,null,CORRECT,3,3,1.0,20260919
EXT-06-badad4c3306f,6,46994fa4289e662aebada423,32,country,categorical,categorical,null,CORRECT,3,3,1.0,20260919
EXT-06-9f41c4818f66,6,c1baae0b81bdf024d3e57eec,30,country,categorical,categorical,null,CORRECT,3,3,1.0,20260919
EXT-06-a143dbcccf16,6,f6cfb8b20ac1f90e5bac929c,404,country,categorical,categorical,null,UNVERIFIABLE,400,10,0.025,20260919
EXT-06-e55ea5b984bc,6,a3aff2624ced1f86f1d0d45a,36,country,categorical,categorical,null,UNVERIFIABLE,400,10,0.025,20260919
EXT-06-78914cfd80e1,6,f3ba59e22aede62d1b3ea083,211,country,categorical,categorical,null,UNVERIFIABLE,400,10,0.025,20260919
EXT-06-a531d842137f,6,aac78f56b1a26d217b1c03eb,44,country,categorical,categorical,null,UNVERIFIABLE,400,10,0.025,20260919
EXT-06-c737dc4d2e06,6,42fb3fc37066f37dc371c200,384,study_design,categorical,categorical,null,UNVERIFIABLE,400,10,0.025,20260919
EXT-06-620a8e475878,6,3f5dff1f12d699e99e8f3680,107,platform,categorical,categorical,null,UNVERIFIABLE,400,10,0.025,20260919
EXT-06-c5046c35f1c1,6,da4bfdfa39552342c9e3fd31,89,country,categorical,categorical,null,UNVERIFIABLE,400,10,0.025,20260919
EXT-06-7cd996cfdf49,6,1697c20806f21f24a1e5bcb7,96,platform,categorical,categorical,null,UNVERIFIABLE,400,10,0.025,20260919
EXT-06-44a1a840e14a,6,27f516cf6f6089f0e5a03fb7,318,country,categorical,categorical,null,UNVERIFIABLE,400,10,0.025,20260919
EXT-06-ebfc3bacabfe,6,d4f4326dc443027432b2439f,260,platform,categorical,categorical,null,UNVERIFIABLE,400,10,0.025,20260919
EXT-06-839d3b5abf4a,6,d61e3bfa7465e25da83834cf,449,ci_lower,potentially_synthesis_critical,numeric,nonnull,CORRECT,781,10,0.012804097311139564,20260919
EXT-06-3cd6ea7118fd,6,2d21032142d78fb9be970326,47,ci_lower,potentially_synthesis_critical,numeric,nonnull,CORRECT,781,10,0.012804097311139564,20260919
EXT-06-5c903d300ffa,6,a0da7b96c4220a689f0947b4,55,sample_size,potentially_synthesis_critical,numeric,nonnull,CORRECT,781,10,0.012804097311139564,20260919
EXT-06-1d5794616cf9,6,00adbc10d7b7ef3e9b9850c1,378,effect_size,potentially_synthesis_critical,numeric,nonnull,CORRECT,781,10,0.012804097311139564,20260919
EXT-06-b2aaccfc53e8,6,e1170eece10acb77164210a2,254,ci_lower,potentially_synthesis_critical,numeric,nonnull,CORRECT,781,10,0.012804097311139564,20260919
EXT-06-fcab6804f838,6,4681d3b7a3e2d3e1e33b85a4,471,ci_lower,potentially_synthesis_critical,numeric,nonnull,CORRECT,781,10,0.012804097311139564,20260919
EXT-06-06a2a5ecf202,6,ec1c61ced690d230f52e6d29,311,sample_size,potentially_synthesis_critical,numeric,nonnull,CORRECT,781,10,0.012804097311139564,20260919
EXT-06-bb13e25694c6,6,6683b0e92efe8cce573e96f2,210,sample_size,potentially_synthesis_critical,numeric,nonnull,CORRECT,781,10,0.012804097311139564,20260919
EXT-06-47f967673f2e,6,aaf3e93b7d2e276dc9f97c51,488,sample_size,potentially_synthesis_critical,numeric,nonnull,CORRECT,781,10,0.012804097311139564,20260919
EXT-06-c7ce86cbd945,6,1db82cfa4eca00ccde1693cb,229,sample_size,potentially_synthesis_critical,numeric,nonnull,CORRECT,781,10,0.012804097311139564,20260919
EXT-06-da15b8a5d97c,6,27c13ddf49e3ecf3206a8d4c,28,ci_upper,potentially_synthesis_critical,numeric,nonnull,INCORRECT,8,8,1.0,20260919
EXT-06-4703f98477d9,6,27c13ddf49e3ecf3206a8d4c,28,ci_lower,potentially_synthesis_critical,numeric,nonnull,INCORRECT,8,8,1.0,20260919
EXT-06-1d233be8ea42,6,db37282a36f57ea54fe1d747,379,sample_size,potentially_synthesis_critical,numeric,nonnull,INCORRECT,8,8,1.0,20260919
EXT-06-6aa9033293b4,6,0ecd710d26c02d99009f1810,302,sample_size,potentially_synthesis_critical,numeric,nonnull,INCORRECT,8,8,1.0,20260919
EXT-06-e70ff91766b5,6,aa233256432ba82921d256ea,2,sample_size,potentially_synthesis_critical,numeric,nonnull,INCORRECT,8,8,1.0,20260919
EXT-06-b912e4d4ea6d,6,f967d37e00e768a32133e36d,193,sample_size,potentially_synthesis_critical,numeric,nonnull,INCORRECT,8,8,1.0,20260919
EXT-06-582e59329bbb,6,ccd96dad5d949adb13417230,317,sample_size,potentially_synthesis_critical,numeric,nonnull,INCORRECT,8,8,1.0,20260919
EXT-06-ea316088f125,6,b438658a7f63146be54c1fa9,224,sample_size,potentially_synthesis_critical,numeric,nonnull,INCORRECT,8,8,1.0,20260919
EXT-06-ca53023aa243,6,d90a75f250bcb5857974a9a4,338,sample_size,potentially_synthesis_critical,numeric,nonnull,UNVERIFIABLE,1,1,1.0,20260919
EXT-06-edb62528c3f7,6,7d8b41d05d196c89f7cffa63,337,effect_size,potentially_synthesis_critical,numeric,null,CORRECT,1,1,1.0,20260919
EXT-06-cfb6a8742ae4,6,09d33a131313433241ab1639,289,effect_size,potentially_synthesis_critical,numeric,null,UNVERIFIABLE,1545,10,0.006472491909385114,20260919
EXT-06-a424e9aa6b37,6,a3c3a7648261b066f97b1ebe,17,ci_upper,potentially_synthesis_critical,numeric,null,UNVERIFIABLE,1545,10,0.006472491909385114,20260919
EXT-06-518ebffb9251,6,7be50b72a11c75691031710b,282,ci_lower,potentially_synthesis_critical,numeric,null,UNVERIFIABLE,1545,10,0.006472491909385114,20260919
EXT-06-94f04238a3da,6,3b2cf86b4c0d3a5afa649081,530,ci_lower,potentially_synthesis_critical,numeric,null,UNVERIFIABLE,1545,10,0.006472491909385114,20260919
EXT-06-7ea088b2d1b7,6,9a0fac8e2130a08c8a375237,135,effect_size,potentially_synthesis_critical,numeric,null,UNVERIFIABLE,1545,10,0.006472491909385114,20260919
EXT-06-7b4043c6ad89,6,56e276cb51bc0f005c5b871c,109,ci_lower,potentially_synthesis_critical,numeric,null,UNVERIFIABLE,1545,10,0.006472491909385114,20260919
EXT-06-745f8879dbdf,6,9db5325ea6a7fa7a1d476eb6,578,ci_lower,potentially_synthesis_critical,numeric,null,UNVERIFIABLE,1545,10,0.006472491909385114,20260919
EXT-06-6f020cee8292,6,277f8d7ed1c68a4da77e5482,38,ci_upper,potentially_synthesis_critical,numeric,null,UNVERIFIABLE,1545,10,0.006472491909385114,20260919
EXT-06-60e43eab3c98,6,9639f377925ef1b46c7737c6,46,effect_size,potentially_synthesis_critical,numeric,null,UNVERIFIABLE,1545,10,0.006472491909385114,20260919
EXT-06-09952d574800,6,72696e98dc3eb7c62e478213,526,effect_size,potentially_synthesis_critical,numeric,null,UNVERIFIABLE,1545,10,0.006472491909385114,20260919
EXT-07-e3d2430116f9,7,6cebc0f7c47101f4e69de2d9,53,study_design,categorical,categorical,nonnull,CORRECT,252,10,0.03968253968253968,20260919
EXT-07-3b8632e5fe7c,7,ab59285c1fddd8c58f34f8da,28,programme_type,categorical,categorical,nonnull,CORRECT,252,10,0.03968253968253968,20260919
EXT-07-bc03728bc3fd,7,07834512071c050c1993d24a,41,study_design,categorical,categorical,nonnull,CORRECT,252,10,0.03968253968253968,20260919
EXT-07-86aba6896713,7,dc6738a45f789b1109411593,47,country,categorical,categorical,nonnull,CORRECT,252,10,0.03968253968253968,20260919
EXT-07-ef2ab604e3f3,7,1fe69c4916dbc0f1f2c486b6,38,country,categorical,categorical,nonnull,CORRECT,252,10,0.03968253968253968,20260919
EXT-07-86c6d572f7d4,7,039e09c89689ea204e793cab,59,outcome,categorical,categorical,nonnull,CORRECT,252,10,0.03968253968253968,20260919
EXT-07-0ad30186fdb3,7,5ef944abd2676e88394a7fa6,3,study_design,categorical,categorical,nonnull,CORRECT,252,10,0.03968253968253968,20260919
EXT-07-8a1cc108922c,7,c082dbaa95879afafb792a48,43,study_design,categorical,categorical,nonnull,CORRECT,252,10,0.03968253968253968,20260919
EXT-07-98419af07cb1,7,4c03e5720be564292c5097fa,71,study_design,categorical,categorical,nonnull,CORRECT,252,10,0.03968253968253968,20260919
EXT-07-684ad565297c,7,c0ae33b87599fe5fd57cca49,26,country,categorical,categorical,nonnull,CORRECT,252,10,0.03968253968253968,20260919
EXT-07-f3f9863ff5a8,7,ab59285c1fddd8c58f34f8da,28,country,categorical,categorical,nonnull,INCORRECT,2,2,1.0,20260919
EXT-07-617056d489da,7,2235851857b8532b2a18d57a,65,country,categorical,categorical,nonnull,INCORRECT,2,2,1.0,20260919
EXT-07-8d142e3f52b0,7,740060bd4c476bb70ca0ab51,72,outcome,categorical,categorical,nonnull,UNVERIFIABLE,1,1,1.0,20260919
EXT-07-dd51a89670f9,7,c2788f3b1f9a2ae0168f52f6,51,study_design,categorical,categorical,null,UNVERIFIABLE,53,10,0.18867924528301888,20260919
EXT-07-cbd2a2412fc7,7,fe7696cdfa0c13f42a968480,17,study_design,categorical,categorical,null,UNVERIFIABLE,53,10,0.18867924528301888,20260919
EXT-07-d3b19f14dde7,7,050a4c46a976c569cd2f840a,21,country,categorical,categorical,null,UNVERIFIABLE,53,10,0.18867924528301888,20260919
EXT-07-d95ac826bd7c,7,945ada6b1bb93a23ac224c25,54,study_design,categorical,categorical,null,UNVERIFIABLE,53,10,0.18867924528301888,20260919
EXT-07-fd0246db9354,7,b78f6eeff1a19fb4cdb5f0a3,11,study_design,categorical,categorical,null,UNVERIFIABLE,53,10,0.18867924528301888,20260919
EXT-07-77a49c0f19e7,7,452a0d031fc66e159b2e4c70,8,study_design,categorical,categorical,null,UNVERIFIABLE,53,10,0.18867924528301888,20260919
EXT-07-71abea0dcfe2,7,36fef2b5315d729b4c445c01,4,country,categorical,categorical,null,UNVERIFIABLE,53,10,0.18867924528301888,20260919
EXT-07-fbacdd3dac0c,7,039e09c89689ea204e793cab,59,country,categorical,categorical,null,UNVERIFIABLE,53,10,0.18867924528301888,20260919
EXT-07-85ab2c629370,7,f2a7ca0987f92241220c12e9,35,study_design,categorical,categorical,null,UNVERIFIABLE,53,10,0.18867924528301888,20260919
EXT-07-804e8e129f93,7,fe7696cdfa0c13f42a968480,17,country,categorical,categorical,null,UNVERIFIABLE,53,10,0.18867924528301888,20260919
EXT-07-a8f3a7f5ecfe,7,1b10d82cf4fdd0f8b26b0896,64,follow_up_months,other_numeric,numeric,nonnull,CORRECT,23,10,0.43478260869565216,20260919
EXT-07-2a3a5896aeaa,7,0fb3ed3b538dad44e508d24f,9,follow_up_months,other_numeric,numeric,nonnull,CORRECT,23,10,0.43478260869565216,20260919
EXT-07-6f441aca3027,7,98a69c570bafbd702b38bbeb,19,follow_up_months,other_numeric,numeric,nonnull,CORRECT,23,10,0.43478260869565216,20260919
EXT-07-0c95d108b924,7,6f37bf10ae11c9008a16799b,33,follow_up_months,other_numeric,numeric,nonnull,CORRECT,23,10,0.43478260869565216,20260919
EXT-07-62383501d439,7,d7de6205ffc05f7a6abcfeb7,2,follow_up_months,other_numeric,numeric,nonnull,CORRECT,23,10,0.43478260869565216,20260919
EXT-07-35fd291da63f,7,86467976f9e659f4d7fe3adf,18,follow_up_months,other_numeric,numeric,nonnull,CORRECT,23,10,0.43478260869565216,20260919
EXT-07-8e6e17e002f9,7,f2a7ca0987f92241220c12e9,35,follow_up_months,other_numeric,numeric,nonnull,CORRECT,23,10,0.43478260869565216,20260919
EXT-07-6d201c71d4e1,7,b01826cbb9096a17a81dbed3,36,follow_up_months,other_numeric,numeric,nonnull,CORRECT,23,10,0.43478260869565216,20260919
EXT-07-12e746d15ba3,7,ff7f0570d5e10186cfdcc29b,5,follow_up_months,other_numeric,numeric,nonnull,CORRECT,23,10,0.43478260869565216,20260919
EXT-07-e8935ce627e3,7,5ef944abd2676e88394a7fa6,3,follow_up_months,other_numeric,numeric,nonnull,CORRECT,23,10,0.43478260869565216,20260919
EXT-07-61009398b667,7,8d299beca75b9eda25ebff8f,67,follow_up_months,other_numeric,numeric,nonnull,UNVERIFIABLE,1,1,1.0,20260919
EXT-07-c15fe9c55253,7,dc6738a45f789b1109411593,47,follow_up_months,other_numeric,numeric,null,UNVERIFIABLE,53,10,0.18867924528301888,20260919
EXT-07-72325ef3e6d8,7,4e82dd129bedf9f6f1a72f63,16,follow_up_months,other_numeric,numeric,null,UNVERIFIABLE,53,10,0.18867924528301888,20260919
EXT-07-49b3f69904bc,7,6d7bc7c6fa53768f7ccdc87b,7,follow_up_months,other_numeric,numeric,null,UNVERIFIABLE,53,10,0.18867924528301888,20260919
EXT-07-bdfee6512a49,7,07834512071c050c1993d24a,41,follow_up_months,other_numeric,numeric,null,UNVERIFIABLE,53,10,0.18867924528301888,20260919
EXT-07-f86ab4ecb079,7,3ab7685b3d8c92d210630dcc,62,follow_up_months,other_numeric,numeric,null,UNVERIFIABLE,53,10,0.18867924528301888,20260919
EXT-07-630d5dff72df,7,15a828444f1e8d9b4cec884f,57,follow_up_months,other_numeric,numeric,null,UNVERIFIABLE,53,10,0.18867924528301888,20260919
EXT-07-edc9a8145653,7,4b27c1d18c133d2feea65140,34,follow_up_months,other_numeric,numeric,null,UNVERIFIABLE,53,10,0.18867924528301888,20260919
EXT-07-cf1fdf987616,7,c2788f3b1f9a2ae0168f52f6,51,follow_up_months,other_numeric,numeric,null,UNVERIFIABLE,53,10,0.18867924528301888,20260919
EXT-07-1dc99f36609f,7,f2ea0fee3637fe6c1e11498d,77,follow_up_months,other_numeric,numeric,null,UNVERIFIABLE,53,10,0.18867924528301888,20260919
EXT-07-aaaa30155468,7,f6ad2758db026a98f0206856,31,follow_up_months,other_numeric,numeric,null,UNVERIFIABLE,53,10,0.18867924528301888,20260919
EXT-07-c293ca2c2c21,7,fb86341b1c455ded8828bfc2,60,sample_size,potentially_synthesis_critical,numeric,nonnull,CORRECT,42,10,0.23809523809523808,20260919
EXT-07-167f3ad9e708,7,b01826cbb9096a17a81dbed3,36,sample_size,potentially_synthesis_critical,numeric,nonnull,CORRECT,42,10,0.23809523809523808,20260919
EXT-07-612d3b4c739b,7,24232b49ed757bd307e81948,45,recidivism_rate_treatment,potentially_synthesis_critical,numeric,nonnull,CORRECT,42,10,0.23809523809523808,20260919
EXT-07-4f0dcdd42b91,7,1e0ae1e8f13ef4e0ee013c9d,29,sample_size,potentially_synthesis_critical,numeric,nonnull,CORRECT,42,10,0.23809523809523808,20260919
EXT-07-8c8404805548,7,5ef944abd2676e88394a7fa6,3,sample_size,potentially_synthesis_critical,numeric,nonnull,CORRECT,42,10,0.23809523809523808,20260919
EXT-07-91b3f2bb0f51,7,6d7bc7c6fa53768f7ccdc87b,7,sample_size,potentially_synthesis_critical,numeric,nonnull,CORRECT,42,10,0.23809523809523808,20260919
EXT-07-47b793b956cd,7,8a926a481f20e4ac48cacc6c,23,sample_size,potentially_synthesis_critical,numeric,nonnull,CORRECT,42,10,0.23809523809523808,20260919
EXT-07-9d256c233083,7,8d299beca75b9eda25ebff8f,67,sample_size,potentially_synthesis_critical,numeric,nonnull,CORRECT,42,10,0.23809523809523808,20260919
EXT-07-f3c9feed7bd0,7,ff7f0570d5e10186cfdcc29b,5,recidivism_rate_control,potentially_synthesis_critical,numeric,nonnull,CORRECT,42,10,0.23809523809523808,20260919
EXT-07-2b9f3517a9b9,7,6f37bf10ae11c9008a16799b,33,sample_size,potentially_synthesis_critical,numeric,nonnull,CORRECT,42,10,0.23809523809523808,20260919
EXT-07-ace6eabc2afe,7,fa9756f00bd3a816f0beb41c,13,sample_size,potentially_synthesis_critical,numeric,nonnull,INCORRECT,1,1,1.0,20260919
EXT-07-04b2b96cec9e,7,9fd78d09663ee1f4caa9bb56,42,recidivism_rate_control,potentially_synthesis_critical,numeric,null,UNVERIFIABLE,188,10,0.05319148936170213,20260919
EXT-07-a582f45d1759,7,686eb952df44028ba4ab2a7f,6,recidivism_rate_treatment,potentially_synthesis_critical,numeric,null,UNVERIFIABLE,188,10,0.05319148936170213,20260919
EXT-07-a05dec363006,7,fa9756f00bd3a816f0beb41c,13,recidivism_rate_control,potentially_synthesis_critical,numeric,null,UNVERIFIABLE,188,10,0.05319148936170213,20260919
EXT-07-eef9fa584fd9,7,c2788f3b1f9a2ae0168f52f6,51,recidivism_rate_treatment,potentially_synthesis_critical,numeric,null,UNVERIFIABLE,188,10,0.05319148936170213,20260919
EXT-07-83529bf09bf9,7,e5a33a41241105982cf69715,25,recidivism_rate_control,potentially_synthesis_critical,numeric,null,UNVERIFIABLE,188,10,0.05319148936170213,20260919
EXT-07-05296fa6662c,7,740060bd4c476bb70ca0ab51,72,recidivism_rate_treatment,potentially_synthesis_critical,numeric,null,UNVERIFIABLE,188,10,0.05319148936170213,20260919
EXT-07-1b7fb2bb46ca,7,8a926a481f20e4ac48cacc6c,23,recidivism_rate_treatment,potentially_synthesis_critical,numeric,null,UNVERIFIABLE,188,10,0.05319148936170213,20260919
EXT-07-e1cc2455d107,7,04c0a543c0002a811bd12fbe,58,recidivism_rate_control,potentially_synthesis_critical,numeric,null,UNVERIFIABLE,188,10,0.05319148936170213,20260919
EXT-07-0f31b7e9b44e,7,bac800a5b8197f8d63143e53,70,recidivism_rate_treatment,potentially_synthesis_critical,numeric,null,UNVERIFIABLE,188,10,0.05319148936170213,20260919
EXT-07-6e5887e5a32c,7,6a40cfe49e82eb2eee27f93d,63,sample_size,potentially_synthesis_critical,numeric,null,UNVERIFIABLE,188,10,0.05319148936170213,20260919
EXT-08-362c635b55e3,8,d51dd235269e8d379c33a9e9,96,gap_measure,categorical,categorical,nonnull,CORRECT,832,10,0.01201923076923077,20260919
EXT-08-86300d76090b,8,28846d9e52a0e8e684b0e135,59,gap_measure,categorical,categorical,nonnull,CORRECT,832,10,0.01201923076923077,20260919
EXT-08-4d1b9848e196,8,06134aefea254f63aeb5ce15,91,gap_measure,categorical,categorical,nonnull,CORRECT,832,10,0.01201923076923077,20260919
EXT-08-512737a36db8,8,a2053899344c70907a7bff77,187,study_design,categorical,categorical,nonnull,CORRECT,832,10,0.01201923076923077,20260919
EXT-08-d5edce340c26,8,f788c0eb9cf08f73bcacc7cd,20,gap_measure,categorical,categorical,nonnull,CORRECT,832,10,0.01201923076923077,20260919
EXT-08-52a53767b750,8,ee29210f0eb3d0f725064393,285,country,categorical,categorical,nonnull,CORRECT,832,10,0.01201923076923077,20260919
EXT-08-4570fbe12d14,8,6309c134ac88f22e440a0ea9,138,country,categorical,categorical,nonnull,CORRECT,832,10,0.01201923076923077,20260919
EXT-08-33988613e0eb,8,9a68da6ad0e4780751ed5af6,264,gap_measure,categorical,categorical,nonnull,CORRECT,832,10,0.01201923076923077,20260919
EXT-08-6b7aafaa6aac,8,6deb88b681379e11275393d6,299,country,categorical,categorical,nonnull,CORRECT,832,10,0.01201923076923077,20260919
EXT-08-385e1fbfc16d,8,802b0beebec26e8f750c7eca,192,gap_measure,categorical,categorical,nonnull,CORRECT,832,10,0.01201923076923077,20260919
EXT-08-9e23ac053d00,8,3115d82c136544820c076a5c,160,country,categorical,categorical,nonnull,INCORRECT,15,10,0.6666666666666666,20260919
EXT-08-baece4783cd1,8,ae3ade5080814cbbc60c4f10,171,sector,categorical,categorical,nonnull,INCORRECT,15,10,0.6666666666666666,20260919
EXT-08-e2534ace0680,8,b545e8cfd8a6e5a9f9e0ce95,67,country,categorical,categorical,nonnull,INCORRECT,15,10,0.6666666666666666,20260919
EXT-08-0a2772d64f01,8,9aeb1c982c6762571ef4a0a4,133,country,categorical,categorical,nonnull,INCORRECT,15,10,0.6666666666666666,20260919
EXT-08-d2d5723c076e,8,c841f85e4280355a92f887f3,87,country,categorical,categorical,nonnull,INCORRECT,15,10,0.6666666666666666,20260919
EXT-08-1e379c89094c,8,b7b1232a826d17ff93fc15cb,155,country,categorical,categorical,nonnull,INCORRECT,15,10,0.6666666666666666,20260919
EXT-08-815ccb07bb04,8,b748e39c3549534df6c7e6ae,183,country,categorical,categorical,nonnull,INCORRECT,15,10,0.6666666666666666,20260919
EXT-08-d6c6ab8a6cac,8,7ab8f7a0a7e1252f216b6096,110,country,categorical,categorical,nonnull,INCORRECT,15,10,0.6666666666666666,20260919
EXT-08-7e2bc9ebc2a7,8,7399552c26ca70d6480cb686,141,country,categorical,categorical,nonnull,INCORRECT,15,10,0.6666666666666666,20260919
EXT-08-2c3ee8f1a744,8,3a395b954eff41e46bcad80d,246,country,categorical,categorical,nonnull,INCORRECT,15,10,0.6666666666666666,20260919
EXT-08-d5a3f5c850da,8,eae6eff79b243d25704073bc,82,study_design,categorical,categorical,nonnull,UNVERIFIABLE,8,8,1.0,20260919
EXT-08-bc6981a0a6a9,8,396e3833fe108cd757157af7,33,study_design,categorical,categorical,nonnull,UNVERIFIABLE,8,8,1.0,20260919
EXT-08-ef2470e14401,8,31f099dc494f311cfd28da4b,99,study_design,categorical,categorical,nonnull,UNVERIFIABLE,8,8,1.0,20260919
EXT-08-a550fc124757,8,20dc809826f1bf9d97fbb22a,166,study_design,categorical,categorical,nonnull,UNVERIFIABLE,8,8,1.0,20260919
EXT-08-ba5070c57678,8,feb4e5b61ad23ba65342a5a1,289,study_design,categorical,categorical,nonnull,UNVERIFIABLE,8,8,1.0,20260919
EXT-08-5333995b044f,8,e722913a26ba3670d01a7743,288,study_design,categorical,categorical,nonnull,UNVERIFIABLE,8,8,1.0,20260919
EXT-08-e267b7a3cc65,8,35857dbea07adb3fa1b51908,168,study_design,categorical,categorical,nonnull,UNVERIFIABLE,8,8,1.0,20260919
EXT-08-fb286566ad9d,8,7679d2a52fa2268086346628,142,study_design,categorical,categorical,nonnull,UNVERIFIABLE,8,8,1.0,20260919
EXT-08-aa6fba7298de,8,e868e4a791ad39affe070b28,303,country,categorical,categorical,null,CORRECT,29,10,0.3448275862068966,20260919
EXT-08-128c043c7510,8,fb70da80d5f92b615fd4fab0,205,country,categorical,categorical,null,CORRECT,29,10,0.3448275862068966,20260919
EXT-08-f2f44e888522,8,68db5cadd6aa9f24fa47ddb9,270,country,categorical,categorical,null,CORRECT,29,10,0.3448275862068966,20260919
EXT-08-3b971226cd11,8,22eb39e4dd9499a670fed527,3,country,categorical,categorical,null,CORRECT,29,10,0.3448275862068966,20260919
EXT-08-9acd1f8c7df1,8,a72fe156b6a5ca2a607f1161,17,country,categorical,categorical,null,CORRECT,29,10,0.3448275862068966,20260919
EXT-08-4622f8b7597f,8,feb4e5b61ad23ba65342a5a1,289,country,categorical,categorical,null,CORRECT,29,10,0.3448275862068966,20260919
EXT-08-e799eb9a2b38,8,55a89d28d29d79754426f533,294,country,categorical,categorical,null,CORRECT,29,10,0.3448275862068966,20260919
EXT-08-49c0f2a7cfcf,8,2b18044ee68448eecb0e123c,12,country,categorical,categorical,null,CORRECT,29,10,0.3448275862068966,20260919
EXT-08-763a4eaec94b,8,46b0ecedb1d8f6e17742a4bc,177,country,categorical,categorical,null,CORRECT,29,10,0.3448275862068966,20260919
EXT-08-2c21409a6c07,8,93db5095bbcc1a60da1d78f4,286,country,categorical,categorical,null,CORRECT,29,10,0.3448275862068966,20260919
EXT-08-eb882ea7e448,8,c6bb3226ef25e776fa83a03d,14,sector,categorical,categorical,null,UNVERIFIABLE,348,10,0.028735632183908046,20260919
EXT-08-5806ee029a17,8,b1445abb5c22220edd973109,23,sector,categorical,categorical,null,UNVERIFIABLE,348,10,0.028735632183908046,20260919
EXT-08-17a022d52620,8,e7ad689d576c53b43c467171,146,sector,categorical,categorical,null,UNVERIFIABLE,348,10,0.028735632183908046,20260919
EXT-08-b36fadd72562,8,9cc41976ad2c1751d06a1e66,297,country,categorical,categorical,null,UNVERIFIABLE,348,10,0.028735632183908046,20260919
EXT-08-fb8005880008,8,bb779d23e9f0ce7710700a11,69,sector,categorical,categorical,null,UNVERIFIABLE,348,10,0.028735632183908046,20260919
EXT-08-8d15ceec2e12,8,0e75273c43377c72b7b665dd,8,sector,categorical,categorical,null,UNVERIFIABLE,348,10,0.028735632183908046,20260919
EXT-08-a0bd9a3fe7e4,8,629feb4d9f31be65519ee48b,220,sector,categorical,categorical,null,UNVERIFIABLE,348,10,0.028735632183908046,20260919
EXT-08-4cbacf67c9fb,8,a947548bd4833909314a7256,2,sector,categorical,categorical,null,UNVERIFIABLE,348,10,0.028735632183908046,20260919
EXT-08-1773230962a1,8,cfa0bb4990b0fc06e133841d,68,study_design,categorical,categorical,null,UNVERIFIABLE,348,10,0.028735632183908046,20260919
EXT-08-c108c90c626f,8,fe3219377cf3f10abf1a9da5,89,study_design,categorical,categorical,null,UNVERIFIABLE,348,10,0.028735632183908046,20260919
EXT-08-49880e2b1c53,8,47df35048913b4d78112bbeb,111,year,other_numeric,numeric,nonnull,CORRECT,116,10,0.08620689655172414,20260919
EXT-08-c959efb8a149,8,ed4b9a0e15d5317b702a4787,84,year,other_numeric,numeric,nonnull,CORRECT,116,10,0.08620689655172414,20260919
EXT-08-80394914a590,8,6b7786fbf91f9b955a4a8aaa,60,year,other_numeric,numeric,nonnull,CORRECT,116,10,0.08620689655172414,20260919
EXT-08-41c270b428cf,8,43c6fcdd318434a635efb4e9,45,year,other_numeric,numeric,nonnull,CORRECT,116,10,0.08620689655172414,20260919
EXT-08-dda0b2266f88,8,9dfc335881ca57d20f611f90,98,year,other_numeric,numeric,nonnull,CORRECT,116,10,0.08620689655172414,20260919
EXT-08-657fd46026e2,8,a341cd4a046596badd75858a,214,year,other_numeric,numeric,nonnull,CORRECT,116,10,0.08620689655172414,20260919
EXT-08-625f705407b3,8,f95145128b8fbe3f56288ce7,101,year,other_numeric,numeric,nonnull,CORRECT,116,10,0.08620689655172414,20260919
EXT-08-9569682dbef8,8,b75b3479f5a8e49fcd2a5416,30,year,other_numeric,numeric,nonnull,CORRECT,116,10,0.08620689655172414,20260919
EXT-08-c0ea8bf41e19,8,f8367548ad8e56a54f7e31ac,278,year,other_numeric,numeric,nonnull,CORRECT,116,10,0.08620689655172414,20260919
EXT-08-b6d41cdf5e51,8,7dcb96635cb93cc99c1bbf0e,238,year,other_numeric,numeric,nonnull,CORRECT,116,10,0.08620689655172414,20260919
EXT-08-cc48e27b10bd,8,36cd47c2f0e6ba8cdb958a49,219,year,other_numeric,numeric,nonnull,INCORRECT,12,10,0.8333333333333334,20260919
EXT-08-810694f3d2be,8,2d8a1c4fd7a92dddccdd29fa,7,year,other_numeric,numeric,nonnull,INCORRECT,12,10,0.8333333333333334,20260919
EXT-08-5f713f69b2db,8,89d9ab3ca044f6e922feb1cb,108,year,other_numeric,numeric,nonnull,INCORRECT,12,10,0.8333333333333334,20260919
EXT-08-176ad75497e6,8,d78d09feb58fa00acfc3539d,242,year,other_numeric,numeric,nonnull,INCORRECT,12,10,0.8333333333333334,20260919
EXT-08-7c1e29978501,8,bc6d6421f954becc0ae7144a,196,year,other_numeric,numeric,nonnull,INCORRECT,12,10,0.8333333333333334,20260919
EXT-08-6912b4b58308,8,ea61044ed6040b26d9ad79ec,103,year,other_numeric,numeric,nonnull,INCORRECT,12,10,0.8333333333333334,20260919
EXT-08-27beb7121ac0,8,87ca9c8e45e21ae62cd6517f,50,year,other_numeric,numeric,nonnull,INCORRECT,12,10,0.8333333333333334,20260919
EXT-08-38e531e41338,8,a5f893268ec6e4e542e420b9,180,year,other_numeric,numeric,nonnull,INCORRECT,12,10,0.8333333333333334,20260919
EXT-08-640fc5fce3d7,8,afcb868895d079dacbbcd841,197,year,other_numeric,numeric,nonnull,INCORRECT,12,10,0.8333333333333334,20260919
EXT-08-7977d857fd61,8,6920899e6976ddfa1c338593,245,year,other_numeric,numeric,nonnull,INCORRECT,12,10,0.8333333333333334,20260919
EXT-08-92263a607f1c,8,7b35a79c69cd710c9786c922,165,year,other_numeric,numeric,nonnull,UNVERIFIABLE,4,4,1.0,20260919
EXT-08-69831d159695,8,eae6eff79b243d25704073bc,82,year,other_numeric,numeric,nonnull,UNVERIFIABLE,4,4,1.0,20260919
EXT-08-e4b0ddd7a8ac,8,44a030ba2f9200c7a32ef891,35,year,other_numeric,numeric,nonnull,UNVERIFIABLE,4,4,1.0,20260919
EXT-08-48e700df5ed9,8,46fba8d1c9140b82c166f82a,97,year,other_numeric,numeric,nonnull,UNVERIFIABLE,4,4,1.0,20260919
EXT-08-ebc839f14dad,8,512697f9b4eedadcdf0b3757,124,year,other_numeric,numeric,null,CORRECT,3,3,1.0,20260919
EXT-08-948d87417b96,8,da4bf4feeb94af820be8518c,229,year,other_numeric,numeric,null,CORRECT,3,3,1.0,20260919
EXT-08-6c1d9c4e03ea,8,fb70da80d5f92b615fd4fab0,205,year,other_numeric,numeric,null,CORRECT,3,3,1.0,20260919
EXT-08-89e223467957,8,97f4b8974a4645b6ae6a7f42,253,year,other_numeric,numeric,null,UNVERIFIABLE,173,10,0.057803468208092484,20260919
EXT-08-cc774269b88b,8,46a7e01c80c66dbad2275558,105,year,other_numeric,numeric,null,UNVERIFIABLE,173,10,0.057803468208092484,20260919
EXT-08-0403aabbd690,8,35857dbea07adb3fa1b51908,168,year,other_numeric,numeric,null,UNVERIFIABLE,173,10,0.057803468208092484,20260919
EXT-08-bc05627f981f,8,d6aac4bd3122a7d9c849de06,249,year,other_numeric,numeric,null,UNVERIFIABLE,173,10,0.057803468208092484,20260919
EXT-08-c00d02657469,8,0b044aeb5bdad9fc596de607,244,year,other_numeric,numeric,null,UNVERIFIABLE,173,10,0.057803468208092484,20260919
EXT-08-713d4c34712b,8,42a75080143badd40e8da710,90,year,other_numeric,numeric,null,UNVERIFIABLE,173,10,0.057803468208092484,20260919
EXT-08-c0c788701d20,8,b17b41c2ef07db4acfec2392,190,year,other_numeric,numeric,null,UNVERIFIABLE,173,10,0.057803468208092484,20260919
EXT-08-df25d02c530c,8,896d677a10c5a97f495d8308,237,year,other_numeric,numeric,null,UNVERIFIABLE,173,10,0.057803468208092484,20260919
EXT-08-8877a115ae9c,8,d4dd639e62bfee46950458c4,266,year,other_numeric,numeric,null,UNVERIFIABLE,173,10,0.057803468208092484,20260919
EXT-08-5d761b1b5e2e,8,816cd337bb2d0ad2ae842b75,122,year,other_numeric,numeric,null,UNVERIFIABLE,173,10,0.057803468208092484,20260919
EXT-08-b744cad601cc,8,cbf0a3fbb68cf07e18768b17,206,gap_percent,potentially_synthesis_critical,numeric,nonnull,CORRECT,68,10,0.14705882352941177,20260919
EXT-08-c5606bfb36f2,8,cbbbaca32720a93dbc5f3b16,209,gap_percent,potentially_synthesis_critical,numeric,nonnull,CORRECT,68,10,0.14705882352941177,20260919
EXT-08-55bdbd1da423,8,7ab8f7a0a7e1252f216b6096,110,sample_size,potentially_synthesis_critical,numeric,nonnull,CORRECT,68,10,0.14705882352941177,20260919
EXT-08-2d2f423a7f52,8,ef32c6c6f83202974cc25a2c,179,gap_percent,potentially_synthesis_critical,numeric,nonnull,CORRECT,68,10,0.14705882352941177,20260919
EXT-08-edde8e5c3f52,8,a2d898d7df04f7f1822832fd,64,gap_percent,potentially_synthesis_critical,numeric,nonnull,CORRECT,68,10,0.14705882352941177,20260919
EXT-08-78020f34ae8f,8,3348dd46efb622de3df86046,137,gap_percent,potentially_synthesis_critical,numeric,nonnull,CORRECT,68,10,0.14705882352941177,20260919
EXT-08-e712ae7e6c42,8,4dea5c3f26e6a4f006c7998c,44,gap_percent,potentially_synthesis_critical,numeric,nonnull,CORRECT,68,10,0.14705882352941177,20260919
EXT-08-289c5c2b8fbe,8,bc6d6421f954becc0ae7144a,196,gap_percent,potentially_synthesis_critical,numeric,nonnull,CORRECT,68,10,0.14705882352941177,20260919
EXT-08-4ae1299bdf1f,8,3a3678acf67f85a515c94d72,199,gap_percent,potentially_synthesis_critical,numeric,nonnull,CORRECT,68,10,0.14705882352941177,20260919
EXT-08-afd69d5bc58a,8,b75b3479f5a8e49fcd2a5416,30,gap_percent,potentially_synthesis_critical,numeric,nonnull,CORRECT,68,10,0.14705882352941177,20260919
EXT-08-47c67df9f969,8,155b89c3e5b873997488796e,19,gap_percent,potentially_synthesis_critical,numeric,nonnull,INCORRECT,2,2,1.0,20260919
EXT-08-2d6484ae12f6,8,44a030ba2f9200c7a32ef891,35,gap_percent,potentially_synthesis_critical,numeric,nonnull,INCORRECT,2,2,1.0,20260919
EXT-08-0661122c8f18,8,906f63fd973d0df1e1873a0d,235,gap_percent,potentially_synthesis_critical,numeric,null,CORRECT,1,1,1.0,20260919
EXT-08-9ee3a1d22eb6,8,bc3cfd739a60f4761fe280c8,56,gap_percent,potentially_synthesis_critical,numeric,null,UNVERIFIABLE,545,10,0.01834862385321101,20260919
EXT-08-88848585ebe9,8,1c6b310f38c779b749bdc5a4,255,sample_size,potentially_synthesis_critical,numeric,null,UNVERIFIABLE,545,10,0.01834862385321101,20260919
EXT-08-e7c3b0c78b11,8,495bc91a5139fbe45f1d4400,276,sample_size,potentially_synthesis_critical,numeric,null,UNVERIFIABLE,545,10,0.01834862385321101,20260919
EXT-08-dcdf262f9014,8,06134aefea254f63aeb5ce15,91,gap_percent,potentially_synthesis_critical,numeric,null,UNVERIFIABLE,545,10,0.01834862385321101,20260919
EXT-08-97ddf9333c96,8,03039b059fd3acd4fa3746a4,144,gap_percent,potentially_synthesis_critical,numeric,null,UNVERIFIABLE,545,10,0.01834862385321101,20260919
EXT-08-f5aac0eeec6b,8,79d4450b62bf3b2bc0041b8f,202,sample_size,potentially_synthesis_critical,numeric,null,UNVERIFIABLE,545,10,0.01834862385321101,20260919
EXT-08-49a4c37d57df,8,7679d2a52fa2268086346628,142,gap_percent,potentially_synthesis_critical,numeric,null,UNVERIFIABLE,545,10,0.01834862385321101,20260919
EXT-08-b8bbfd78e2bf,8,6920899e6976ddfa1c338593,245,sample_size,potentially_synthesis_critical,numeric,null,UNVERIFIABLE,545,10,0.01834862385321101,20260919
EXT-08-5139d609690b,8,d31b133768db0c8ea7496f66,32,sample_size,potentially_synthesis_critical,numeric,null,UNVERIFIABLE,545,10,0.01834862385321101,20260919
EXT-08-dcbed51bd0e5,8,4c38f3d556f5578a70b29f21,194,gap_percent,potentially_synthesis_critical,numeric,null,UNVERIFIABLE,545,10,0.01834862385321101,20260919
EXT-09-e3bfd5f8bf0d,9,16ca6e0b166ffb01af534ee5,52,system_name,categorical,categorical,nonnull,CORRECT,1907,10,0.005243838489774515,20260919
EXT-09-663809e707ef,9,560d2d001b46fcce611c09a4,82,subject,categorical,categorical,nonnull,CORRECT,1907,10,0.005243838489774515,20260919
EXT-09-f9f917a7abe4,9,f0d7a29ac0975d568881d81a,65,subject,categorical,categorical,nonnull,CORRECT,1907,10,0.005243838489774515,20260919
EXT-09-f48356fe74eb,9,3ce9a98b9b94de3787d34154,405,subject,categorical,categorical,nonnull,CORRECT,1907,10,0.005243838489774515,20260919
EXT-09-8ebea6c841cd,9,9ff9de40f4ad0f286b4e827e,392,study_design,categorical,categorical,nonnull,CORRECT,1907,10,0.005243838489774515,20260919
EXT-09-a1a80b9ed5e9,9,266fe0144e8b2df66127bc6b,294,system_name,categorical,categorical,nonnull,CORRECT,1907,10,0.005243838489774515,20260919
EXT-09-a2b32280421c,9,cfb887bd9e6ec638e49863ca,520,study_design,categorical,categorical,nonnull,CORRECT,1907,10,0.005243838489774515,20260919
EXT-09-bfdd95d98acc,9,5757fc7760d9cb3f0e53c251,257,subject,categorical,categorical,nonnull,CORRECT,1907,10,0.005243838489774515,20260919
EXT-09-58a1069a75cd,9,7910a472d38f7b6ceebf61d5,560,system_name,categorical,categorical,nonnull,CORRECT,1907,10,0.005243838489774515,20260919
EXT-09-37d18eaec316,9,7adb30367cf0449aeb986ba1,269,subject,categorical,categorical,nonnull,CORRECT,1907,10,0.005243838489774515,20260919
EXT-09-6addaa4f1ae3,9,eac6c5e8e3e8ad66bb8147f4,255,system_name,categorical,categorical,nonnull,INCORRECT,8,8,1.0,20260919
EXT-09-c03a9b13fb56,9,c8c03b1e9f29e8fe629b1045,349,grade_level,categorical,categorical,nonnull,INCORRECT,8,8,1.0,20260919
EXT-09-1da09f37c4c6,9,5ab9011adda160c3209bd2ad,67,system_name,categorical,categorical,nonnull,INCORRECT,8,8,1.0,20260919
EXT-09-3e368d1768e1,9,437eaf354dbd4caf2bf6aea1,90,grade_level,categorical,categorical,nonnull,INCORRECT,8,8,1.0,20260919
EXT-09-56c2a664a743,9,946d02683375bcb9ccee1ef9,270,subject,categorical,categorical,nonnull,INCORRECT,8,8,1.0,20260919
EXT-09-21d1da1f3527,9,93db5d0db91ed108369016fa,500,system_name,categorical,categorical,nonnull,INCORRECT,8,8,1.0,20260919
EXT-09-8cb65399082f,9,c37c08955a925acd634a184e,6,system_name,categorical,categorical,nonnull,INCORRECT,8,8,1.0,20260919
EXT-09-897b2cb02b8b,9,8955f23203cabe1a4c89342e,408,subject,categorical,categorical,nonnull,INCORRECT,8,8,1.0,20260919
EXT-09-26bffd3b8758,9,ab14e3dcf024fc2cb39395eb,562,country,categorical,categorical,nonnull,UNVERIFIABLE,5,5,1.0,20260919
EXT-09-fb35622ea8a1,9,3ae20b1710810930647435a7,456,country,categorical,categorical,nonnull,UNVERIFIABLE,5,5,1.0,20260919
EXT-09-0b69cad6e811,9,7e08d0578721b6b75edc6f76,247,country,categorical,categorical,nonnull,UNVERIFIABLE,5,5,1.0,20260919
EXT-09-276595074f03,9,295130c71e5b74455f71cc32,534,grade_level,categorical,categorical,nonnull,UNVERIFIABLE,5,5,1.0,20260919
EXT-09-b3c6c5c0bea9,9,7607d750277c5f46521ac9ea,406,country,categorical,categorical,nonnull,UNVERIFIABLE,5,5,1.0,20260919
EXT-09-9d6b14d742e2,9,26a6084cb17cc60498810dbd,285,subject,categorical,categorical,null,UNVERIFIABLE,980,10,0.01020408163265306,20260919
EXT-09-0905a5c68a7c,9,692ae91af6ef81aa0e4696e8,305,subject,categorical,categorical,null,UNVERIFIABLE,980,10,0.01020408163265306,20260919
EXT-09-b787f76021bb,9,4aa40d190d29b1f871a2eb45,233,country,categorical,categorical,null,UNVERIFIABLE,980,10,0.01020408163265306,20260919
EXT-09-fd5b452d5761,9,89cd276837345d675c2bfad6,435,country,categorical,categorical,null,UNVERIFIABLE,980,10,0.01020408163265306,20260919
EXT-09-6c50c58c2f6f,9,d81729ef8fe9d0f1d0b639ac,241,system_name,categorical,categorical,null,UNVERIFIABLE,980,10,0.01020408163265306,20260919
EXT-09-cb2d2ad8751a,9,3ce9a98b9b94de3787d34154,405,system_name,categorical,categorical,null,UNVERIFIABLE,980,10,0.01020408163265306,20260919
EXT-09-d7f3949b777d,9,bd6f50e7da7d2628ca85626d,193,grade_level,categorical,categorical,null,UNVERIFIABLE,980,10,0.01020408163265306,20260919
EXT-09-e2717ce51f5c,9,5fc8e2a1fcb0f276ad203f4c,259,subject,categorical,categorical,null,UNVERIFIABLE,980,10,0.01020408163265306,20260919
EXT-09-b15c7f27b980,9,77f0c364eadcbeb8e147ea59,506,country,categorical,categorical,null,UNVERIFIABLE,980,10,0.01020408163265306,20260919
EXT-09-89096519c343,9,e4370d2d8240b0e93d657604,165,system_name,categorical,categorical,null,UNVERIFIABLE,980,10,0.01020408163265306,20260919
EXT-09-dc9744e22af5,9,392b6818c239819d7c0a225b,348,sample_size,potentially_synthesis_critical,numeric,nonnull,CORRECT,419,10,0.02386634844868735,20260919
EXT-09-397892f527bd,9,b6fc10bb8ce83c30a162863d,252,sample_size,potentially_synthesis_critical,numeric,nonnull,CORRECT,419,10,0.02386634844868735,20260919
EXT-09-1e9c078a94cd,9,540afcf0d1074c99f696e1dc,53,sample_size,potentially_synthesis_critical,numeric,nonnull,CORRECT,419,10,0.02386634844868735,20260919
EXT-09-2882e874b33b,9,efe1b17e8ede1ba7d50d1b6a,537,effect_size,potentially_synthesis_critical,numeric,nonnull,CORRECT,419,10,0.02386634844868735,20260919
EXT-09-06a3ca217ece,9,37f618789f06538646dc3fd2,320,sample_size,potentially_synthesis_critical,numeric,nonnull,CORRECT,419,10,0.02386634844868735,20260919
EXT-09-d3394a1d6d60,9,87c234a3bdf05f56738719df,457,effect_size,potentially_synthesis_critical,numeric,nonnull,CORRECT,419,10,0.02386634844868735,20260919
EXT-09-e79f00a44f7a,9,982b8c91e6bef5c386d213c6,373,sample_size,potentially_synthesis_critical,numeric,nonnull,CORRECT,419,10,0.02386634844868735,20260919
EXT-09-c120edbebf18,9,512e2a1a32db17284821c0ab,128,ci_upper,potentially_synthesis_critical,numeric,nonnull,CORRECT,419,10,0.02386634844868735,20260919
EXT-09-0776ffb3680c,9,e4bd6bfd9122ea716ab1cab8,365,sample_size,potentially_synthesis_critical,numeric,nonnull,CORRECT,419,10,0.02386634844868735,20260919
EXT-09-b9824b1e72fe,9,dbe6d33e3d27847df38e4468,316,sample_size,potentially_synthesis_critical,numeric,nonnull,CORRECT,419,10,0.02386634844868735,20260919
EXT-09-31c7e1bda209,9,884e56623c38c1d522711ef3,448,sample_size,potentially_synthesis_critical,numeric,nonnull,INCORRECT,3,3,1.0,20260919
EXT-09-f22c65747fd9,9,1e669114560ece140d6f769a,433,sample_size,potentially_synthesis_critical,numeric,nonnull,INCORRECT,3,3,1.0,20260919
EXT-09-2933dfbd2118,9,64f782f75a3c2658146f2ca6,323,effect_size,potentially_synthesis_critical,numeric,nonnull,INCORRECT,3,3,1.0,20260919
EXT-09-937b48543a47,9,266fe0144e8b2df66127bc6b,294,ci_upper,potentially_synthesis_critical,numeric,null,UNVERIFIABLE,1898,10,0.005268703898840885,20260919
EXT-09-07a1d4ac07b2,9,ffea0ecdcdf8b957db8b43af,87,effect_size,potentially_synthesis_critical,numeric,null,UNVERIFIABLE,1898,10,0.005268703898840885,20260919
EXT-09-e01be39ca2f3,9,725a4815144e6ad74bbab117,200,ci_lower,potentially_synthesis_critical,numeric,null,UNVERIFIABLE,1898,10,0.005268703898840885,20260919
EXT-09-06dc086cca03,9,72b48f49f2199c3d9a31ddc1,428,effect_size,potentially_synthesis_critical,numeric,null,UNVERIFIABLE,1898,10,0.005268703898840885,20260919
EXT-09-3063c496e71f,9,e565ce6a50fadc0fa547894c,10,effect_size,potentially_synthesis_critical,numeric,null,UNVERIFIABLE,1898,10,0.005268703898840885,20260919
EXT-09-fbcd6f449501,9,d21ba45125a38e8134c781c6,273,ci_upper,potentially_synthesis_critical,numeric,null,UNVERIFIABLE,1898,10,0.005268703898840885,20260919
EXT-09-97061c177eb4,9,db45c34889aff69845059bc0,464,ci_lower,potentially_synthesis_critical,numeric,null,UNVERIFIABLE,1898,10,0.005268703898840885,20260919
EXT-09-245442873dca,9,cb9026738b0f4e109d1c659d,412,ci_upper,potentially_synthesis_critical,numeric,null,UNVERIFIABLE,1898,10,0.005268703898840885,20260919
EXT-09-300473af1c2e,9,253735b4f980998caffd9cda,539,ci_upper,potentially_synthesis_critical,numeric,null,UNVERIFIABLE,1898,10,0.005268703898840885,20260919
EXT-09-bd1904493cc3,9,2e3d5c9a0ce9daafd7d11156,442,ci_lower,potentially_synthesis_critical,numeric,null,UNVERIFIABLE,1898,10,0.005268703898840885,20260919
EXT-10-5fdec03ec15f,10,2cfdbca7b6cb84ac66ae6ca1,263,game_type,categorical,categorical,nonnull,CORRECT,1410,10,0.0070921985815602835,20260919
EXT-10-1fdcd428c1c7,10,3a749ab363671f5dc33f4ff9,135,outcome_measure,categorical,categorical,nonnull,CORRECT,1410,10,0.0070921985815602835,20260919
EXT-10-a37c258e1c98,10,3ad57e32cbfe6f72bf5cc6c4,29,study_design,categorical,categorical,nonnull,CORRECT,1410,10,0.0070921985815602835,20260919
EXT-10-40942d6ce984,10,7cd100f0a91825ee0ac2c124,172,outcome_measure,categorical,categorical,nonnull,CORRECT,1410,10,0.0070921985815602835,20260919
EXT-10-215dddd8d3a7,10,f874d036ebbb12a2f9f22e7d,255,outcome_measure,categorical,categorical,nonnull,CORRECT,1410,10,0.0070921985815602835,20260919
EXT-10-5b95b9e2cf17,10,84fb140cd6a36891a16ee4db,183,education_level,categorical,categorical,nonnull,CORRECT,1410,10,0.0070921985815602835,20260919
EXT-10-1e9db67f1aa0,10,1f2b838bded01a1b0c5ebb55,340,outcome_measure,categorical,categorical,nonnull,CORRECT,1410,10,0.0070921985815602835,20260919
EXT-10-6f929c8c5233,10,4e18db6043821ae3022061eb,200,game_type,categorical,categorical,nonnull,CORRECT,1410,10,0.0070921985815602835,20260919
EXT-10-00c853daffd5,10,3864d8adeddbec94a8124db7,328,outcome_measure,categorical,categorical,nonnull,CORRECT,1410,10,0.0070921985815602835,20260919
EXT-10-3abd3a15cb75,10,b6848283487254883854161f,127,study_design,categorical,categorical,nonnull,CORRECT,1410,10,0.0070921985815602835,20260919
EXT-10-2185941d4cab,10,0a51da362ec4db92b832b002,212,game_type,categorical,categorical,nonnull,INCORRECT,12,10,0.8333333333333334,20260919
EXT-10-798447b46315,10,5f6f16d8d0735ac3ab5340c6,164,outcome_measure,categorical,categorical,nonnull,INCORRECT,12,10,0.8333333333333334,20260919
EXT-10-0ab5d484e4fc,10,d78a2f4150930e7208976d89,160,outcome_measure,categorical,categorical,nonnull,INCORRECT,12,10,0.8333333333333334,20260919
EXT-10-56209e82670a,10,11a36e9ac79ae6d30b18bc92,177,education_level,categorical,categorical,nonnull,INCORRECT,12,10,0.8333333333333334,20260919
EXT-10-22d6e5008fd3,10,2967286defe004745686804e,137,education_level,categorical,categorical,nonnull,INCORRECT,12,10,0.8333333333333334,20260919
EXT-10-bdd697357a06,10,7d9feb569a4c484e8d5ddc86,36,outcome_measure,categorical,categorical,nonnull,INCORRECT,12,10,0.8333333333333334,20260919
EXT-10-a7403e725a2d,10,c7f7f7f81f109193ac689348,301,country,categorical,categorical,nonnull,INCORRECT,12,10,0.8333333333333334,20260919
EXT-10-cb19e90865dd,10,790f61b6e3fa9eb803003a81,161,game_type,categorical,categorical,nonnull,INCORRECT,12,10,0.8333333333333334,20260919
EXT-10-3b388c5e1659,10,e93315b38979f38e1af68cc2,70,game_type,categorical,categorical,nonnull,INCORRECT,12,10,0.8333333333333334,20260919
EXT-10-e4a8b6922e0a,10,104da5dde7ba71fb1afddd88,7,outcome_measure,categorical,categorical,nonnull,INCORRECT,12,10,0.8333333333333334,20260919
EXT-10-297c527e1814,10,7a68c3b44a2680b74484c928,30,education_level,categorical,categorical,nonnull,UNVERIFIABLE,9,9,1.0,20260919
EXT-10-082fec0a07ba,10,7cd100f0a91825ee0ac2c124,172,study_design,categorical,categorical,nonnull,UNVERIFIABLE,9,9,1.0,20260919
EXT-10-8e1f69f237f0,10,fa6bacd2f27dc55dc9901ded,12,education_level,categorical,categorical,nonnull,UNVERIFIABLE,9,9,1.0,20260919
EXT-10-e2dcf141c17c,10,9af1ef51514d0c5f0b2abf12,143,country,categorical,categorical,nonnull,UNVERIFIABLE,9,9,1.0,20260919
EXT-10-7d2f5988a31d,10,088ac61d7a828ce47f6ed614,298,country,categorical,categorical,nonnull,UNVERIFIABLE,9,9,1.0,20260919
EXT-10-c108881af85c,10,9dc0c663c89d69cb8f8ee2ee,139,education_level,categorical,categorical,nonnull,UNVERIFIABLE,9,9,1.0,20260919
EXT-10-fcbde872081f,10,cb42e1ce0e7765ba0ab40234,322,study_design,categorical,categorical,nonnull,UNVERIFIABLE,9,9,1.0,20260919
EXT-10-3a5d77ddd5fe,10,74e236a45bc3272a97081f8c,196,education_level,categorical,categorical,nonnull,UNVERIFIABLE,9,9,1.0,20260919
EXT-10-b7c77a819ccc,10,4af6682cb497be8c494650ad,32,country,categorical,categorical,nonnull,UNVERIFIABLE,9,9,1.0,20260919
EXT-10-8448c06d9859,10,8c7b50b28ba7a1adf352ac54,252,country,categorical,categorical,null,CORRECT,2,2,1.0,20260919
EXT-10-e48de936c22f,10,ddc9428f573da42becadc36d,291,country,categorical,categorical,null,CORRECT,2,2,1.0,20260919
EXT-10-b64d764b913c,10,80a7790c05683b78c98e291f,230,study_design,categorical,categorical,null,UNVERIFIABLE,337,10,0.02967359050445104,20260919
EXT-10-efbd0de23ab3,10,e892ceab23c0c14fb0123803,228,country,categorical,categorical,null,UNVERIFIABLE,337,10,0.02967359050445104,20260919
EXT-10-5dfe3747c6fb,10,88662ecfefac89a4d9b4dee2,316,country,categorical,categorical,null,UNVERIFIABLE,337,10,0.02967359050445104,20260919
EXT-10-b325da68c502,10,bd7b58db7375449d6c65e305,221,country,categorical,categorical,null,UNVERIFIABLE,337,10,0.02967359050445104,20260919
EXT-10-028389a44e75,10,e4369ed45549455afdc57f66,345,study_design,categorical,categorical,null,UNVERIFIABLE,337,10,0.02967359050445104,20260919
EXT-10-411c07a7c4d8,10,3550f67f94a0080629bcd3e1,209,country,categorical,categorical,null,UNVERIFIABLE,337,10,0.02967359050445104,20260919
EXT-10-7758c4944885,10,297ec0ca6456203852dc51f6,62,country,categorical,categorical,null,UNVERIFIABLE,337,10,0.02967359050445104,20260919
EXT-10-bf7d3793fce6,10,e93315b38979f38e1af68cc2,70,country,categorical,categorical,null,UNVERIFIABLE,337,10,0.02967359050445104,20260919
EXT-10-d642da85e3a9,10,30c9d14916b9b832510873b1,142,country,categorical,categorical,null,UNVERIFIABLE,337,10,0.02967359050445104,20260919
EXT-10-e2a1b70d436d,10,2b579d011285dfc11d4996e1,116,country,categorical,categorical,null,UNVERIFIABLE,337,10,0.02967359050445104,20260919
EXT-10-fc7b8db415f5,10,3ad57e32cbfe6f72bf5cc6c4,29,sample_size,potentially_synthesis_critical,numeric,nonnull,CORRECT,238,10,0.04201680672268908,20260919
EXT-10-05d2f9f8c032,10,c6eb9c3a7d33578465d59804,215,sample_size,potentially_synthesis_critical,numeric,nonnull,CORRECT,238,10,0.04201680672268908,20260919
EXT-10-9b3e6341f113,10,fd2edd439d19f0664ea0df18,47,sample_size,potentially_synthesis_critical,numeric,nonnull,CORRECT,238,10,0.04201680672268908,20260919
EXT-10-d55863b555f5,10,aaa8ac260ac435b075841653,233,sample_size,potentially_synthesis_critical,numeric,nonnull,CORRECT,238,10,0.04201680672268908,20260919
EXT-10-8127225c8bbc,10,c92cb0fa339300cef3557b8c,119,sample_size,potentially_synthesis_critical,numeric,nonnull,CORRECT,238,10,0.04201680672268908,20260919
EXT-10-622697b543a4,10,96b26bbebf80d2f86fa93b3a,296,sample_size,potentially_synthesis_critical,numeric,nonnull,CORRECT,238,10,0.04201680672268908,20260919
EXT-10-1ef9de2b2af3,10,3e4752a8c8d125ded8696343,58,sample_size,potentially_synthesis_critical,numeric,nonnull,CORRECT,238,10,0.04201680672268908,20260919
EXT-10-d3e295b9f64f,10,297ec0ca6456203852dc51f6,62,sample_size,potentially_synthesis_critical,numeric,nonnull,CORRECT,238,10,0.04201680672268908,20260919
EXT-10-3ead7cd8d8be,10,d5b0e51baaf27daa3eba44a8,117,effect_size,potentially_synthesis_critical,numeric,nonnull,CORRECT,238,10,0.04201680672268908,20260919
EXT-10-c3ca0a2930dd,10,6fbd0d8d15f18de2c5b2d20c,272,sample_size,potentially_synthesis_critical,numeric,nonnull,CORRECT,238,10,0.04201680672268908,20260919
EXT-10-90e249fa81aa,10,f7a9248caae2622e4e3536e3,102,effect_size,potentially_synthesis_critical,numeric,nonnull,INCORRECT,5,5,1.0,20260919
EXT-10-df72d5ee125e,10,f7a9248caae2622e4e3536e3,102,ci_upper,potentially_synthesis_critical,numeric,nonnull,INCORRECT,5,5,1.0,20260919
EXT-10-72594eab9005,10,f8e40441a423b14c9d7aa11d,65,sample_size,potentially_synthesis_critical,numeric,nonnull,INCORRECT,5,5,1.0,20260919
EXT-10-68a560ffd9c5,10,a557bdcd35195cd39f3300b2,71,sample_size,potentially_synthesis_critical,numeric,nonnull,INCORRECT,5,5,1.0,20260919
EXT-10-fa84d21251d7,10,f7a9248caae2622e4e3536e3,102,ci_lower,potentially_synthesis_critical,numeric,nonnull,INCORRECT,5,5,1.0,20260919
EXT-10-4d66a63ca2d1,10,c455a0cafc898f68a8796729,73,sample_size,potentially_synthesis_critical,numeric,null,UNVERIFIABLE,1173,10,0.008525149190110827,20260919
EXT-10-ba4a40ddf967,10,f07d34772b2db32a485f1219,170,ci_lower,potentially_synthesis_critical,numeric,null,UNVERIFIABLE,1173,10,0.008525149190110827,20260919
EXT-10-1ccd1ae0590c,10,a49ffc151600a86446eb2e12,10,effect_size,potentially_synthesis_critical,numeric,null,UNVERIFIABLE,1173,10,0.008525149190110827,20260919
EXT-10-678548eb2065,10,87f541bf787a9ad375893fdd,210,effect_size,potentially_synthesis_critical,numeric,null,UNVERIFIABLE,1173,10,0.008525149190110827,20260919
EXT-10-f0f98e074531,10,5f449d90c502c60fbbab15cb,203,sample_size,potentially_synthesis_critical,numeric,null,UNVERIFIABLE,1173,10,0.008525149190110827,20260919
EXT-10-5e22bff36fc5,10,fe1384f677a5ac8a821477e0,144,ci_upper,potentially_synthesis_critical,numeric,null,UNVERIFIABLE,1173,10,0.008525149190110827,20260919
EXT-10-ce47ab91b495,10,f56a31733f0ae95d1e2a643c,91,sample_size,potentially_synthesis_critical,numeric,null,UNVERIFIABLE,1173,10,0.008525149190110827,20260919
EXT-10-0074d09a3a0f,10,2cfdbca7b6cb84ac66ae6ca1,263,ci_lower,potentially_synthesis_critical,numeric,null,UNVERIFIABLE,1173,10,0.008525149190110827,20260919
EXT-10-e05c61124201,10,a8b7d94ac51f852c320e1d26,153,ci_lower,potentially_synthesis_critical,numeric,null,UNVERIFIABLE,1173,10,0.008525149190110827,20260919
EXT-10-ae1ee4ee0331,10,8943d88b1bcc05f9c1065bb5,128,ci_upper,potentially_synthesis_critical,numeric,null,UNVERIFIABLE,1173,10,0.008525149190110827,20260919
EXT-11-823c71634bd7,11,826c70d04eb7e45ed5ad23bd,242,school_level,categorical,categorical,nonnull,CORRECT,589,10,0.01697792869269949,20260919
EXT-11-535945dfd225,11,e01bcc64978d931691ee4db4,20,study_design,categorical,categorical,nonnull,CORRECT,589,10,0.01697792869269949,20260919
EXT-11-a2fe300347fb,11,a6339931aad856d4d466aa21,115,study_design,categorical,categorical,nonnull,CORRECT,589,10,0.01697792869269949,20260919
EXT-11-ab36ce874f21,11,382986bda521c3cb10288a49,144,country,categorical,categorical,nonnull,CORRECT,589,10,0.01697792869269949,20260919
EXT-11-3a5b073a43eb,11,bbbc08aed33ca132c47fe89f,154,school_level,categorical,categorical,nonnull,CORRECT,589,10,0.01697792869269949,20260919
EXT-11-52156f8be423,11,d366a5394102d90c57a6f79f,49,country,categorical,categorical,nonnull,CORRECT,589,10,0.01697792869269949,20260919
EXT-11-6e1b3105353e,11,e910504871918d91f01a37c1,127,country,categorical,categorical,nonnull,CORRECT,589,10,0.01697792869269949,20260919
EXT-11-c4802ef351c4,11,36948de0d96119188bdeafce,44,school_level,categorical,categorical,nonnull,CORRECT,589,10,0.01697792869269949,20260919
EXT-11-c4d1e3fd1d7e,11,0fc3428e45ab1a579f003570,9,study_design,categorical,categorical,nonnull,CORRECT,589,10,0.01697792869269949,20260919
EXT-11-bd214d5f2b40,11,de0dfbd9a4631b0da84abc4f,66,school_level,categorical,categorical,nonnull,CORRECT,589,10,0.01697792869269949,20260919
EXT-11-2383a5deebe6,11,e422dbaa5d600cbc04ae6eaa,107,country,categorical,categorical,nonnull,INCORRECT,13,10,0.7692307692307693,20260919
EXT-11-227fef8d99ef,11,5c7d594fdf66eb4dcf63fb7f,56,school_level,categorical,categorical,nonnull,INCORRECT,13,10,0.7692307692307693,20260919
EXT-11-91ff825c8cea,11,90d7250faddb89f943a219c0,40,country,categorical,categorical,nonnull,INCORRECT,13,10,0.7692307692307693,20260919
EXT-11-531b7ec008a0,11,b0121a7c2d722a4c0901c277,83,country,categorical,categorical,nonnull,INCORRECT,13,10,0.7692307692307693,20260919
EXT-11-3daec9e37e26,11,267c5e9cafcc75335d4e2503,207,school_level,categorical,categorical,nonnull,INCORRECT,13,10,0.7692307692307693,20260919
EXT-11-98491da8661f,11,24413b475bea81de990d13ee,244,school_level,categorical,categorical,nonnull,INCORRECT,13,10,0.7692307692307693,20260919
EXT-11-66387b9affa4,11,69a10b4dc5498db1994418ae,111,school_level,categorical,categorical,nonnull,INCORRECT,13,10,0.7692307692307693,20260919
EXT-11-f9e12f544e58,11,3295560f80e6d348f123a09c,150,school_level,categorical,categorical,nonnull,INCORRECT,13,10,0.7692307692307693,20260919
EXT-11-25b80c04435b,11,b3888e5d646276e8a43f6926,23,country,categorical,categorical,nonnull,INCORRECT,13,10,0.7692307692307693,20260919
EXT-11-aba4d0a436ae,11,a187f404fdde1ee92360e910,24,school_level,categorical,categorical,nonnull,INCORRECT,13,10,0.7692307692307693,20260919
EXT-11-819c5240b652,11,cdc6aca70185d5d134210588,101,study_design,categorical,categorical,nonnull,UNVERIFIABLE,7,7,1.0,20260919
EXT-11-ca3b1004c2a4,11,6ad82b3b9e29e97f6bbf0002,225,study_design,categorical,categorical,nonnull,UNVERIFIABLE,7,7,1.0,20260919
EXT-11-687233112cc5,11,2b4a972b0e3abaa2b0388605,166,country,categorical,categorical,nonnull,UNVERIFIABLE,7,7,1.0,20260919
EXT-11-7c7ab04fe610,11,b5f6d3b717c3cdaf55969136,55,school_level,categorical,categorical,nonnull,UNVERIFIABLE,7,7,1.0,20260919
EXT-11-a092a415678a,11,f18225ff4bb27422157a2f16,168,study_design,categorical,categorical,nonnull,UNVERIFIABLE,7,7,1.0,20260919
EXT-11-4d585119af47,11,f54fc6771c56204258eb7eef,123,study_design,categorical,categorical,nonnull,UNVERIFIABLE,7,7,1.0,20260919
EXT-11-9da6e01c8726,11,42691f25cfc18fddd7222416,212,study_design,categorical,categorical,nonnull,UNVERIFIABLE,7,7,1.0,20260919
EXT-11-f0375d762831,11,d578bdb3bf8cc235cfc85959,165,country,categorical,categorical,null,UNVERIFIABLE,150,10,0.06666666666666667,20260919
EXT-11-523c1a7480d0,11,2ada7606f17f161a7dc5e35c,169,country,categorical,categorical,null,UNVERIFIABLE,150,10,0.06666666666666667,20260919
EXT-11-08e8e6ae3731,11,140ce0138c0e235dc2168bbf,210,school_level,categorical,categorical,null,UNVERIFIABLE,150,10,0.06666666666666667,20260919
EXT-11-0ec173167d14,11,11d23d166640850ef2751693,192,school_level,categorical,categorical,null,UNVERIFIABLE,150,10,0.06666666666666667,20260919
EXT-11-ea1bd172f3e4,11,d4daf133b8354226679138d2,11,country,categorical,categorical,null,UNVERIFIABLE,150,10,0.06666666666666667,20260919
EXT-11-c5ab59574151,11,b95bc100318b6f65a9f21a51,117,country,categorical,categorical,null,UNVERIFIABLE,150,10,0.06666666666666667,20260919
EXT-11-e81b2576af1c,11,4e0d64a041be2ded195f01c5,32,study_design,categorical,categorical,null,UNVERIFIABLE,150,10,0.06666666666666667,20260919
EXT-11-1435f356ecc7,11,42691f25cfc18fddd7222416,212,country,categorical,categorical,null,UNVERIFIABLE,150,10,0.06666666666666667,20260919
EXT-11-f213ba6962ed,11,f0ada1dc86ad1e80acf3a1ba,197,school_level,categorical,categorical,null,UNVERIFIABLE,150,10,0.06666666666666667,20260919
EXT-11-fe84739e9b63,11,62f2f936d387d2a3e8840c08,148,school_level,categorical,categorical,null,UNVERIFIABLE,150,10,0.06666666666666667,20260919
EXT-11-1b5e98c46584,11,b5f6d3b717c3cdaf55969136,55,effect_size,potentially_synthesis_critical,numeric,nonnull,CORRECT,167,10,0.059880239520958084,20260919
EXT-11-f34a53027bcc,11,13f4a515dbcbcc5b872cc9c4,157,sample_size,potentially_synthesis_critical,numeric,nonnull,CORRECT,167,10,0.059880239520958084,20260919
EXT-11-2d4c59706e6b,11,3846713e7f25560bb11f221c,246,sample_size,potentially_synthesis_critical,numeric,nonnull,CORRECT,167,10,0.059880239520958084,20260919
EXT-11-1aae41cdb9ae,11,74b6ccf90b40c6a33ef159ef,245,sample_size,potentially_synthesis_critical,numeric,nonnull,CORRECT,167,10,0.059880239520958084,20260919
EXT-11-a942f9fb8e3c,11,d4daf133b8354226679138d2,11,class_size_control,potentially_synthesis_critical,numeric,nonnull,CORRECT,167,10,0.059880239520958084,20260919
EXT-11-a1b2f8e9821d,11,3e4b32e467210f01d4f2509c,58,sample_size,potentially_synthesis_critical,numeric,nonnull,CORRECT,167,10,0.059880239520958084,20260919
EXT-11-251805ff0958,11,a7bde5cf4d20498a3962f6e7,84,class_size_treatment,potentially_synthesis_critical,numeric,nonnull,CORRECT,167,10,0.059880239520958084,20260919
EXT-11-b0a431a9ae20,11,2853cf230947611c1ec7301a,229,class_size_treatment,potentially_synthesis_critical,numeric,nonnull,CORRECT,167,10,0.059880239520958084,20260919
EXT-11-f67e748b299d,11,cdca74def7cccd3ea14a2bc5,230,sample_size,potentially_synthesis_critical,numeric,nonnull,CORRECT,167,10,0.059880239520958084,20260919
EXT-11-86f20a31f0b5,11,de0dfbd9a4631b0da84abc4f,66,class_size_control,potentially_synthesis_critical,numeric,nonnull,CORRECT,167,10,0.059880239520958084,20260919
EXT-11-6c3759baf190,11,e18545a3da71f63d97c535c2,46,class_size_treatment,potentially_synthesis_critical,numeric,nonnull,INCORRECT,6,6,1.0,20260919
EXT-11-22cb7e3dbec0,11,32c681d1d0c47c4522f6f2dc,10,class_size_control,potentially_synthesis_critical,numeric,nonnull,INCORRECT,6,6,1.0,20260919
EXT-11-95c992c6b98f,11,e18545a3da71f63d97c535c2,46,class_size_control,potentially_synthesis_critical,numeric,nonnull,INCORRECT,6,6,1.0,20260919
EXT-11-00fea0b866cc,11,32c681d1d0c47c4522f6f2dc,10,class_size_treatment,potentially_synthesis_critical,numeric,nonnull,INCORRECT,6,6,1.0,20260919
EXT-11-5888ae6f6a86,11,8139816a7b9f99b34fa88cab,37,sample_size,potentially_synthesis_critical,numeric,nonnull,INCORRECT,6,6,1.0,20260919
EXT-11-f9df6835e06d,11,cdca74def7cccd3ea14a2bc5,230,effect_size,potentially_synthesis_critical,numeric,nonnull,INCORRECT,6,6,1.0,20260919
EXT-11-ba8b72e2f6fb,11,af718748ed4157cbc9b90ab7,208,sample_size,potentially_synthesis_critical,numeric,null,CORRECT,1,1,1.0,20260919
EXT-11-4c9dacd50cb9,11,6ceb2e42edbf89295ab5dc51,78,class_size_control,potentially_synthesis_critical,numeric,null,UNVERIFIABLE,1344,10,0.00744047619047619,20260919
EXT-11-326a8355ca88,11,fcd5f884f0fd1d8f2320cb09,18,effect_size,potentially_synthesis_critical,numeric,null,UNVERIFIABLE,1344,10,0.00744047619047619,20260919
EXT-11-d6af1b5d432a,11,b11e2dd24116fe8879958782,218,class_size_treatment,potentially_synthesis_critical,numeric,null,UNVERIFIABLE,1344,10,0.00744047619047619,20260919
EXT-11-999a24dbbec0,11,ae9be44714cbce7ed8cc0905,176,effect_size,potentially_synthesis_critical,numeric,null,UNVERIFIABLE,1344,10,0.00744047619047619,20260919
EXT-11-595de35914f9,11,382986bda521c3cb10288a49,144,class_size_treatment,potentially_synthesis_critical,numeric,null,UNVERIFIABLE,1344,10,0.00744047619047619,20260919
EXT-11-0f5b06e748c0,11,36baf5af02f91c42fc8f5756,125,effect_size,potentially_synthesis_critical,numeric,null,UNVERIFIABLE,1344,10,0.00744047619047619,20260919
EXT-11-8994ce252f29,11,fc3099bf5183e1e2c165ec9b,86,class_size_control,potentially_synthesis_critical,numeric,null,UNVERIFIABLE,1344,10,0.00744047619047619,20260919
EXT-11-a2568b844f27,11,41a9a84c30f62d9c7b05b62e,141,ci_lower,potentially_synthesis_critical,numeric,null,UNVERIFIABLE,1344,10,0.00744047619047619,20260919
EXT-11-ad1d703987d7,11,20a4eb66e575f52e1b0d1b86,39,ci_upper,potentially_synthesis_critical,numeric,null,UNVERIFIABLE,1344,10,0.00744047619047619,20260919
EXT-11-78c03ea094f3,11,24413b475bea81de990d13ee,244,ci_upper,potentially_synthesis_critical,numeric,null,UNVERIFIABLE,1344,10,0.00744047619047619,20260919
EXT-12-09a18bdda4eb,12,feb0f21e17e04cc8e62808c9,1198,use_case,categorical,categorical,nonnull,CORRECT,7284,10,0.0013728720483250961,20260919
EXT-12-faf2737a66d6,12,daf6d151f575b4efc99b7a88,1228,country,categorical,categorical,nonnull,CORRECT,7284,10,0.0013728720483250961,20260919
EXT-12-0fa0166c1ad5,12,f8748e635813eab3e0efcaa6,682,outcome_direction,categorical,categorical,nonnull,CORRECT,7284,10,0.0013728720483250961,20260919
EXT-12-3d2d2fbd61f6,12,2af6a7e812d992d1e3ec48cf,1122,discipline,categorical,categorical,nonnull,CORRECT,7284,10,0.0013728720483250961,20260919
EXT-12-a4ca9368a4db,12,4248457c30616c796a90ef01,515,discipline,categorical,categorical,nonnull,CORRECT,7284,10,0.0013728720483250961,20260919
EXT-12-db51f4f8c740,12,dc46e58efa2121ffdc0f554c,1305,use_case,categorical,categorical,nonnull,CORRECT,7284,10,0.0013728720483250961,20260919
EXT-12-39f4efbf68f9,12,b713c768e615d03dff6bc061,832,study_design,categorical,categorical,nonnull,CORRECT,7284,10,0.0013728720483250961,20260919
EXT-12-4937ce419578,12,bd4ec48c4baf40dda949d61e,482,discipline,categorical,categorical,nonnull,CORRECT,7284,10,0.0013728720483250961,20260919
EXT-12-8e1d839c7646,12,eb4737177b39109cab4ccf7c,699,outcome_direction,categorical,categorical,nonnull,CORRECT,7284,10,0.0013728720483250961,20260919
EXT-12-8e51a3d8c411,12,98800eb1afb3acd522976f79,1567,llm_tool,categorical,categorical,nonnull,CORRECT,7284,10,0.0013728720483250961,20260919
EXT-12-77e1b752021d,12,69e89f466f0deab4a42550a4,1234,use_case,categorical,categorical,nonnull,INCORRECT,39,10,0.2564102564102564,20260919
EXT-12-171e1b137af3,12,575a172bb0e22972c030abfb,325,outcome_direction,categorical,categorical,nonnull,INCORRECT,39,10,0.2564102564102564,20260919
EXT-12-42384d9c69ca,12,b5a6e462aa2a229ff0050c02,1303,country,categorical,categorical,nonnull,INCORRECT,39,10,0.2564102564102564,20260919
EXT-12-cd3bc8c073e5,12,bf80da77b144ad3c2e650a3e,465,llm_tool,categorical,categorical,nonnull,INCORRECT,39,10,0.2564102564102564,20260919
EXT-12-eb0d18d84b1b,12,ae6949ff7e0c5a6b252eef8c,1562,llm_tool,categorical,categorical,nonnull,INCORRECT,39,10,0.2564102564102564,20260919
EXT-12-e461b98d45bd,12,9194311ff501eb486dbe1921,1255,llm_tool,categorical,categorical,nonnull,INCORRECT,39,10,0.2564102564102564,20260919
EXT-12-fab95e79d9fe,12,830aa9b495b87750d39bfd9f,168,outcome_direction,categorical,categorical,nonnull,INCORRECT,39,10,0.2564102564102564,20260919
EXT-12-0897a523098e,12,a536d86274116a193555554f,478,outcome_direction,categorical,categorical,nonnull,INCORRECT,39,10,0.2564102564102564,20260919
EXT-12-98877c778b58,12,71362a5874fa1a13a9cc37e7,1256,discipline,categorical,categorical,nonnull,INCORRECT,39,10,0.2564102564102564,20260919
EXT-12-bc55cd4a185b,12,e3bf7f99e8d805ba5d5850b4,1606,llm_tool,categorical,categorical,nonnull,INCORRECT,39,10,0.2564102564102564,20260919
EXT-12-b7b8ac99a9de,12,54bd1977224d62c5267f9234,1179,study_design,categorical,categorical,nonnull,UNVERIFIABLE,69,10,0.14492753623188406,20260919
EXT-12-ac3b92318306,12,e4d48e7a964612e4adf58b96,214,outcome_direction,categorical,categorical,nonnull,UNVERIFIABLE,69,10,0.14492753623188406,20260919
EXT-12-22978d43abb7,12,4568c7293c50238e838da1ba,772,outcome_direction,categorical,categorical,nonnull,UNVERIFIABLE,69,10,0.14492753623188406,20260919
EXT-12-4d0834081ad1,12,c871846c17de62a63022dfb2,1702,discipline,categorical,categorical,nonnull,UNVERIFIABLE,69,10,0.14492753623188406,20260919
EXT-12-512519cf7be1,12,24625e58266a3bde1382ca4a,979,study_design,categorical,categorical,nonnull,UNVERIFIABLE,69,10,0.14492753623188406,20260919
EXT-12-0c1f23ce4ea5,12,da4cec4767b2ac8fa6ea92a4,532,outcome_direction,categorical,categorical,nonnull,UNVERIFIABLE,69,10,0.14492753623188406,20260919
EXT-12-9e9143ebf96d,12,692edd96d79bda9c23d366f3,489,country,categorical,categorical,nonnull,UNVERIFIABLE,69,10,0.14492753623188406,20260919
EXT-12-e763a37e33c8,12,a3edb48d595f9c65e6ffc273,1038,study_design,categorical,categorical,nonnull,UNVERIFIABLE,69,10,0.14492753623188406,20260919
EXT-12-a5ce35486f2b,12,1880c264d56345bb2c907ada,1158,country,categorical,categorical,nonnull,UNVERIFIABLE,69,10,0.14492753623188406,20260919
EXT-12-65c68ded89f2,12,7eceefe04f2314281ac121d8,1506,outcome_direction,categorical,categorical,nonnull,UNVERIFIABLE,69,10,0.14492753623188406,20260919
EXT-12-5e7eed8b42ea,12,00ecc3c925a4f624529d900a,693,country,categorical,categorical,null,CORRECT,8,8,1.0,20260919
EXT-12-dfaa7218c58c,12,a567fd1a74bad491b0ae6b63,192,country,categorical,categorical,null,CORRECT,8,8,1.0,20260919
EXT-12-7a7ce037f599,12,bb0860abd71e8db200e9e33b,320,country,categorical,categorical,null,CORRECT,8,8,1.0,20260919
EXT-12-d4b46154555e,12,bdccc2581f85587df185b611,1624,country,categorical,categorical,null,CORRECT,8,8,1.0,20260919
EXT-12-a717045a9683,12,e2e1fbad8685ee531910dec5,217,country,categorical,categorical,null,CORRECT,8,8,1.0,20260919
EXT-12-3dfb679dde2d,12,bfdfbc9c2ebb96e8b50b251b,601,country,categorical,categorical,null,CORRECT,8,8,1.0,20260919
EXT-12-5dadae01525f,12,52aa415dd55a4f7e881dffd3,583,country,categorical,categorical,null,CORRECT,8,8,1.0,20260919
EXT-12-211c2f267dc1,12,242bbe0e85c01addc363c674,1387,country,categorical,categorical,null,CORRECT,8,8,1.0,20260919
EXT-12-31fb641b4af9,12,121385404e34189ce61c0054,798,study_design,categorical,categorical,null,UNVERIFIABLE,2920,10,0.003424657534246575,20260919
EXT-12-215503264b54,12,21c9ed708914b75bed6af545,501,outcome_direction,categorical,categorical,null,UNVERIFIABLE,2920,10,0.003424657534246575,20260919
EXT-12-594a7e375b84,12,3330ffcd3a890b3a4bf287a2,185,study_design,categorical,categorical,null,UNVERIFIABLE,2920,10,0.003424657534246575,20260919
EXT-12-4f2f0b9dec0c,12,aa2ba3be57e17bebec66cfe1,1645,outcome_direction,categorical,categorical,null,UNVERIFIABLE,2920,10,0.003424657534246575,20260919
EXT-12-0c5535f013fa,12,8f0fbddd0258659e85df5549,90,discipline,categorical,categorical,null,UNVERIFIABLE,2920,10,0.003424657534246575,20260919
EXT-12-09b8d221029a,12,7aaacdc36dd8bfafbd702306,871,country,categorical,categorical,null,UNVERIFIABLE,2920,10,0.003424657534246575,20260919
EXT-12-0545e777d6d9,12,fb33b0294720619e0c3625c0,897,outcome_direction,categorical,categorical,null,UNVERIFIABLE,2920,10,0.003424657534246575,20260919
EXT-12-b88632477ec6,12,a33ca1b3a1f4fd4b4ae2a9f2,860,use_case,categorical,categorical,null,UNVERIFIABLE,2920,10,0.003424657534246575,20260919
EXT-12-48354fc8ce84,12,9c11f7e9dac1efa4ca1146b1,130,study_design,categorical,categorical,null,UNVERIFIABLE,2920,10,0.003424657534246575,20260919
EXT-12-6bd37a0e6ef1,12,6505020b7ba9a57725ef59f4,935,country,categorical,categorical,null,UNVERIFIABLE,2920,10,0.003424657534246575,20260919
EXT-12-b6045fcb37a2,12,00f19865ffaf61183c2651e1,1699,sample_size,potentially_synthesis_critical,numeric,nonnull,CORRECT,591,10,0.01692047377326565,20260919
EXT-12-35a5aeb1642d,12,f0fd4857e0673b6626d6d394,671,sample_size,potentially_synthesis_critical,numeric,nonnull,CORRECT,591,10,0.01692047377326565,20260919
EXT-12-32686e65be5f,12,56998ad5bd7cd48ba9a80579,1491,sample_size,potentially_synthesis_critical,numeric,nonnull,CORRECT,591,10,0.01692047377326565,20260919
EXT-12-5fb541a60674,12,3f33fbee472468e4595b75b8,827,sample_size,potentially_synthesis_critical,numeric,nonnull,CORRECT,591,10,0.01692047377326565,20260919
EXT-12-4ecdd76e0f9f,12,3b316349e58a0bd0bae49e6d,1261,sample_size,potentially_synthesis_critical,numeric,nonnull,CORRECT,591,10,0.01692047377326565,20260919
EXT-12-7bdcec00c1a0,12,4e3c782a6abb108a96564718,872,sample_size,potentially_synthesis_critical,numeric,nonnull,CORRECT,591,10,0.01692047377326565,20260919
EXT-12-05744a0db4bb,12,1b57c29bda9cbf89c8b5c3e3,1548,sample_size,potentially_synthesis_critical,numeric,nonnull,CORRECT,591,10,0.01692047377326565,20260919
EXT-12-9496e43a54a6,12,6ff4cd87a48c261f2925dda1,1396,sample_size,potentially_synthesis_critical,numeric,nonnull,CORRECT,591,10,0.01692047377326565,20260919
EXT-12-b662a9a10d90,12,7774fe07999ce6403f14f29d,1512,sample_size,potentially_synthesis_critical,numeric,nonnull,CORRECT,591,10,0.01692047377326565,20260919
EXT-12-a686473625ee,12,a0588bd1b184a47605384c05,369,sample_size,potentially_synthesis_critical,numeric,nonnull,CORRECT,591,10,0.01692047377326565,20260919
EXT-12-c70ce9d972d1,12,6bcf4302762cf7338328c5a3,1150,sample_size,potentially_synthesis_critical,numeric,nonnull,INCORRECT,10,10,1.0,20260919
EXT-12-cd382e3f2ed9,12,338944ff9b1de52a24f02a1c,1355,sample_size,potentially_synthesis_critical,numeric,nonnull,INCORRECT,10,10,1.0,20260919
EXT-12-5374d3401c6d,12,4c5192be9831e1a4344406e9,799,sample_size,potentially_synthesis_critical,numeric,nonnull,INCORRECT,10,10,1.0,20260919
EXT-12-be1fc3c51ec2,12,2ef993d3e6506b6fbdf2fc56,286,sample_size,potentially_synthesis_critical,numeric,nonnull,INCORRECT,10,10,1.0,20260919
EXT-12-c6aaa4e112eb,12,0d4bf45eb1a8381a9bcfc47e,209,sample_size,potentially_synthesis_critical,numeric,nonnull,INCORRECT,10,10,1.0,20260919
EXT-12-7f3c8b6c4912,12,52057828c67426a1d15519c3,1691,sample_size,potentially_synthesis_critical,numeric,nonnull,INCORRECT,10,10,1.0,20260919
EXT-12-694c78fe48c3,12,b185941888a32a85ca157446,469,sample_size,potentially_synthesis_critical,numeric,nonnull,INCORRECT,10,10,1.0,20260919
EXT-12-239ec1752593,12,ab648299e89b67773fc900e6,1182,sample_size,potentially_synthesis_critical,numeric,nonnull,INCORRECT,10,10,1.0,20260919
EXT-12-c8421d5934d9,12,edeb0b2fa6a3a5db36cc140d,1047,sample_size,potentially_synthesis_critical,numeric,nonnull,INCORRECT,10,10,1.0,20260919
EXT-12-1ff337394679,12,cf3e5b760b0277c205c393ae,1327,sample_size,potentially_synthesis_critical,numeric,nonnull,INCORRECT,10,10,1.0,20260919
EXT-12-123ff65fbbe7,12,5f038486a1329ab79591c976,889,sample_size,potentially_synthesis_critical,numeric,null,CORRECT,90,10,0.1111111111111111,20260919
EXT-12-afe7fde635dc,12,c6fbb032edf9ca74e3a366a0,48,sample_size,potentially_synthesis_critical,numeric,null,CORRECT,90,10,0.1111111111111111,20260919
EXT-12-e9bad987592d,12,2f618942165a6f5a17f9ea92,589,sample_size,potentially_synthesis_critical,numeric,null,CORRECT,90,10,0.1111111111111111,20260919
EXT-12-29b504af6c96,12,f0c30e02ef5df6103b84eecf,332,sample_size,potentially_synthesis_critical,numeric,null,CORRECT,90,10,0.1111111111111111,20260919
EXT-12-f7dfa69217a9,12,02c4564b7b67c9bfdc9982a5,377,sample_size,potentially_synthesis_critical,numeric,null,CORRECT,90,10,0.1111111111111111,20260919
EXT-12-9fcb9236d5e4,12,cb5dd6e41bdb1fd581e55855,1309,sample_size,potentially_synthesis_critical,numeric,null,CORRECT,90,10,0.1111111111111111,20260919
EXT-12-f83a7fe81ce2,12,8a789a8c25ec5a0d29d3e630,47,sample_size,potentially_synthesis_critical,numeric,null,CORRECT,90,10,0.1111111111111111,20260919
EXT-12-fab46482b3ef,12,9d0c34c703f26c3760fdaa5b,412,sample_size,potentially_synthesis_critical,numeric,null,CORRECT,90,10,0.1111111111111111,20260919
EXT-12-3aed752c1324,12,c4fe523aab26fc649443c589,993,sample_size,potentially_synthesis_critical,numeric,null,CORRECT,90,10,0.1111111111111111,20260919
EXT-12-de7298f556b0,12,8640503a6411eab9cb36d11f,1596,sample_size,potentially_synthesis_critical,numeric,null,CORRECT,90,10,0.1111111111111111,20260919
EXT-12-d9793b3caed5,12,b83b92fdeb6ebab753b58ec6,1406,sample_size,potentially_synthesis_critical,numeric,null,UNVERIFIABLE,1029,10,0.009718172983479106,20260919
EXT-12-30241ba1b5ca,12,e5f20b56bb24a310a99cf523,104,sample_size,potentially_synthesis_critical,numeric,null,UNVERIFIABLE,1029,10,0.009718172983479106,20260919
EXT-12-6a6a4457a575,12,123cddec74b5c733159eb25c,1413,sample_size,potentially_synthesis_critical,numeric,null,UNVERIFIABLE,1029,10,0.009718172983479106,20260919
EXT-12-40065d6ba423,12,be24e156c29a77b53c9ede7d,1505,sample_size,potentially_synthesis_critical,numeric,null,UNVERIFIABLE,1029,10,0.009718172983479106,20260919
EXT-12-aa7cf3d0614e,12,7bce4135b944ce5077bc7df7,874,sample_size,potentially_synthesis_critical,numeric,null,UNVERIFIABLE,1029,10,0.009718172983479106,20260919
EXT-12-fdd02ca4ca36,12,e428054cd97f2a5cc4ccb652,762,sample_size,potentially_synthesis_critical,numeric,null,UNVERIFIABLE,1029,10,0.009718172983479106,20260919
EXT-12-4371c0144163,12,74c27b06a8c11195d4e4c213,645,sample_size,potentially_synthesis_critical,numeric,null,UNVERIFIABLE,1029,10,0.009718172983479106,20260919
EXT-12-cb5a8a48c3ab,12,0e3622632ffac63b3926a309,1502,sample_size,potentially_synthesis_critical,numeric,null,UNVERIFIABLE,1029,10,0.009718172983479106,20260919
EXT-12-e2ee32f57b85,12,d313e3fd07fa0d6cfdf0654a,250,sample_size,potentially_synthesis_critical,numeric,null,UNVERIFIABLE,1029,10,0.009718172983479106,20260919
EXT-12-c802d33e15ae,12,3d560af827a0f6f046dae78b,444,sample_size,potentially_synthesis_critical,numeric,null,UNVERIFIABLE,1029,10,0.009718172983479106,20260919
EXT-13-b62971451c82,13,565a85d620cc9db611dd234e,134,mpa_type,categorical,categorical,nonnull,CORRECT,1137,10,0.008795074758135445,20260919
EXT-13-4516ffdd345b,13,61acd601cd9fb35a832aa830,81,country,categorical,categorical,nonnull,CORRECT,1137,10,0.008795074758135445,20260919
EXT-13-f1f0c991e79e,13,cde59ca77b8fc91bfe4486a0,330,species_group,categorical,categorical,nonnull,CORRECT,1137,10,0.008795074758135445,20260919
EXT-13-e0cff7e944de,13,6d1391fe6c305c4aef48f08a,214,species_group,categorical,categorical,nonnull,CORRECT,1137,10,0.008795074758135445,20260919
EXT-13-53abd97ba64b,13,e225833b7ce803a8b691fb89,118,mpa_type,categorical,categorical,nonnull,CORRECT,1137,10,0.008795074758135445,20260919
EXT-13-80e3cc434aa3,13,8709b6d59f57ae32cacd42fe,96,country,categorical,categorical,nonnull,CORRECT,1137,10,0.008795074758135445,20260919
EXT-13-2706996350fb,13,a72c272a118e46fa8225292b,308,study_design,categorical,categorical,nonnull,CORRECT,1137,10,0.008795074758135445,20260919
EXT-13-4bf63d9c7d28,13,05c72fddb4e092541eaa8730,184,country,categorical,categorical,nonnull,CORRECT,1137,10,0.008795074758135445,20260919
EXT-13-1d9a1269ee60,13,dda8ea691959818433ffa278,14,study_design,categorical,categorical,nonnull,CORRECT,1137,10,0.008795074758135445,20260919
EXT-13-aae3c887abbb,13,27c15582b7a9ca0eb79e00fc,174,country,categorical,categorical,nonnull,CORRECT,1137,10,0.008795074758135445,20260919
EXT-13-d56b9f6f1b87,13,76b52b19f5d9bae34aba43d4,336,country,categorical,categorical,nonnull,INCORRECT,18,10,0.5555555555555556,20260919
EXT-13-b4e0206fbe64,13,2ed6fe74b49dfde6a14ee3d7,86,mpa_type,categorical,categorical,nonnull,INCORRECT,18,10,0.5555555555555556,20260919
EXT-13-48874c803330,13,9ebf65e4b494bda94faf8227,169,species_group,categorical,categorical,nonnull,INCORRECT,18,10,0.5555555555555556,20260919
EXT-13-6907e59cc4a8,13,ad37f77b6cd73c8f9fa7cde9,277,country,categorical,categorical,nonnull,INCORRECT,18,10,0.5555555555555556,20260919
EXT-13-cea213568c0d,13,a5ee6707d8e2ace5be311c6e,238,mpa_type,categorical,categorical,nonnull,INCORRECT,18,10,0.5555555555555556,20260919
EXT-13-111e36e583ba,13,e1b0d962a4e2738e445d1933,155,country,categorical,categorical,nonnull,INCORRECT,18,10,0.5555555555555556,20260919
EXT-13-9d95646de3e5,13,236cb32ab5ea90d60fef19b0,182,mpa_type,categorical,categorical,nonnull,INCORRECT,18,10,0.5555555555555556,20260919
EXT-13-2b13ee020104,13,7fe195a92bca0faf227eaa65,62,country,categorical,categorical,nonnull,INCORRECT,18,10,0.5555555555555556,20260919
EXT-13-170b0435f706,13,94cb7337ecdfa345076ea0c3,8,country,categorical,categorical,nonnull,INCORRECT,18,10,0.5555555555555556,20260919
EXT-13-e9844e4248b3,13,9ebf65e4b494bda94faf8227,169,country,categorical,categorical,nonnull,INCORRECT,18,10,0.5555555555555556,20260919
EXT-13-f049e8979397,13,97144f2fb8e7b86a93abc1a1,167,mpa_type,categorical,categorical,nonnull,UNVERIFIABLE,4,4,1.0,20260919
EXT-13-d490afdb9ad6,13,8ca96011097cb998af887e5f,292,country,categorical,categorical,nonnull,UNVERIFIABLE,4,4,1.0,20260919
EXT-13-a7e959b47837,13,7ef594ec1760df090ca695e1,298,country,categorical,categorical,nonnull,UNVERIFIABLE,4,4,1.0,20260919
EXT-13-ce11471c2a57,13,88593dc4b798fbebc30d260b,314,country,categorical,categorical,nonnull,UNVERIFIABLE,4,4,1.0,20260919
EXT-13-014ff9d09fa2,13,b546240134666a0fa3bf0ba5,216,country,categorical,categorical,null,CORRECT,2,2,1.0,20260919
EXT-13-58122a6c36de,13,6470c434f16c18f78a999011,190,country,categorical,categorical,null,CORRECT,2,2,1.0,20260919
EXT-13-2825eebde3ff,13,940b05f8f0cc1f49fcd82832,200,country,categorical,categorical,null,UNVERIFIABLE,199,10,0.05025125628140704,20260919
EXT-13-7c656020fe6b,13,27f4091049a3268975dc68a2,3,country,categorical,categorical,null,UNVERIFIABLE,199,10,0.05025125628140704,20260919
EXT-13-d57205f343d5,13,3445ea867a2c994cc2e097c9,240,species_group,categorical,categorical,null,UNVERIFIABLE,199,10,0.05025125628140704,20260919
EXT-13-1874e18e11f1,13,c7d14a6a092ba8626c3ec986,88,mpa_type,categorical,categorical,null,UNVERIFIABLE,199,10,0.05025125628140704,20260919
EXT-13-f2a7b7525688,13,12a3080b6a2646c63e7e83aa,49,country,categorical,categorical,null,UNVERIFIABLE,199,10,0.05025125628140704,20260919
EXT-13-594fed6e1b1a,13,43c5f0af4c0ea316dedcc777,332,mpa_type,categorical,categorical,null,UNVERIFIABLE,199,10,0.05025125628140704,20260919
EXT-13-b77b5d6983c8,13,1c6c8f2d17b2513899cfe75f,258,mpa_type,categorical,categorical,null,UNVERIFIABLE,199,10,0.05025125628140704,20260919
EXT-13-bdcabacdf1ae,13,cd03a05d23d5aeb0adcc1cfc,246,mpa_type,categorical,categorical,null,UNVERIFIABLE,199,10,0.05025125628140704,20260919
EXT-13-fb670e37ff08,13,f2a2f92ed3364f881a05d012,340,study_design,categorical,categorical,null,UNVERIFIABLE,199,10,0.05025125628140704,20260919
EXT-13-7d014393fea4,13,97895b40aec712a1b8be2efa,78,study_design,categorical,categorical,null,UNVERIFIABLE,199,10,0.05025125628140704,20260919
EXT-13-66224e98649e,13,88593dc4b798fbebc30d260b,314,years_protected,other_numeric,numeric,nonnull,CORRECT,99,10,0.10101010101010101,20260919
EXT-13-9f189ad7ef49,13,b48c49c57a608287ff5de554,65,years_protected,other_numeric,numeric,nonnull,CORRECT,99,10,0.10101010101010101,20260919
EXT-13-072b1eeb7afc,13,3d445b99f76e4bea871a42c7,40,years_protected,other_numeric,numeric,nonnull,CORRECT,99,10,0.10101010101010101,20260919
EXT-13-75eae196b469,13,1f036c3095a446eb33c74af0,126,years_protected,other_numeric,numeric,nonnull,CORRECT,99,10,0.10101010101010101,20260919
EXT-13-d2f1fa5a74e6,13,f98d556a26bf29cf7a9d2eac,319,years_protected,other_numeric,numeric,nonnull,CORRECT,99,10,0.10101010101010101,20260919
EXT-13-2504da16fe44,13,7cba85243466e175c5e463d4,35,years_protected,other_numeric,numeric,nonnull,CORRECT,99,10,0.10101010101010101,20260919
EXT-13-e0348ea64348,13,236cb32ab5ea90d60fef19b0,182,years_protected,other_numeric,numeric,nonnull,CORRECT,99,10,0.10101010101010101,20260919
EXT-13-e2df879c9fec,13,04e859f544a3da28b3f0e9b0,233,years_protected,other_numeric,numeric,nonnull,CORRECT,99,10,0.10101010101010101,20260919
EXT-13-985b94c92c59,13,2f449c0e5bbe66ee8102dd4b,122,years_protected,other_numeric,numeric,nonnull,CORRECT,99,10,0.10101010101010101,20260919
EXT-13-688505a7156d,13,015e512db7c234d84361e7a9,178,years_protected,other_numeric,numeric,nonnull,CORRECT,99,10,0.10101010101010101,20260919
EXT-13-fc1f57813b47,13,2cf251acd3dfb99049502c51,339,years_protected,other_numeric,numeric,nonnull,INCORRECT,9,9,1.0,20260919
EXT-13-e427bc9cb851,13,7985d94d720032090d91d3d8,16,years_protected,other_numeric,numeric,nonnull,INCORRECT,9,9,1.0,20260919
EXT-13-08670e721cd4,13,f36af22a018db1ec1a72d825,100,years_protected,other_numeric,numeric,nonnull,INCORRECT,9,9,1.0,20260919
EXT-13-01ed424135c8,13,270ffe7f2ab3408eb7404d37,123,years_protected,other_numeric,numeric,nonnull,INCORRECT,9,9,1.0,20260919
EXT-13-9bf820240f28,13,d1a17422454ac0e6b6e9ee05,323,years_protected,other_numeric,numeric,nonnull,INCORRECT,9,9,1.0,20260919
EXT-13-40a5afba89fb,13,908a559002e2d23864cc787d,152,years_protected,other_numeric,numeric,nonnull,INCORRECT,9,9,1.0,20260919
EXT-13-c1dd8d586b13,13,9874823e3f11215a33b982f3,263,years_protected,other_numeric,numeric,nonnull,INCORRECT,9,9,1.0,20260919
EXT-13-c27da32e28f1,13,0721eea36fe44c063b19dc8d,317,years_protected,other_numeric,numeric,nonnull,INCORRECT,9,9,1.0,20260919
EXT-13-574423000e1e,13,1e404f20352a9b946f629a9c,286,years_protected,other_numeric,numeric,nonnull,INCORRECT,9,9,1.0,20260919
EXT-13-525c3bb5cb2d,13,1fc0284fbae22eb767a730e1,121,years_protected,other_numeric,numeric,nonnull,UNVERIFIABLE,2,2,1.0,20260919
EXT-13-89ce05b517fb,13,f2b324bcd3ddc553008bee8a,107,years_protected,other_numeric,numeric,nonnull,UNVERIFIABLE,2,2,1.0,20260919
EXT-13-79d0ee12531c,13,ece91106ad8568f0311a6597,209,years_protected,other_numeric,numeric,null,UNVERIFIABLE,230,10,0.043478260869565216,20260919
EXT-13-84599ad5a7a5,13,cde59ca77b8fc91bfe4486a0,330,years_protected,other_numeric,numeric,null,UNVERIFIABLE,230,10,0.043478260869565216,20260919
EXT-13-d2afd0b60c49,13,b3296f6b3ad767ddc58ffacf,94,years_protected,other_numeric,numeric,null,UNVERIFIABLE,230,10,0.043478260869565216,20260919
EXT-13-56f5e743b5f9,13,9b1e0d58fe939115925eb3e4,161,years_protected,other_numeric,numeric,null,UNVERIFIABLE,230,10,0.043478260869565216,20260919
EXT-13-5137877a8f50,13,9256cbac99ad65464fc715c4,145,years_protected,other_numeric,numeric,null,UNVERIFIABLE,230,10,0.043478260869565216,20260919
EXT-13-462ca48f05eb,13,f9823b1b18dd1b48d667cfdc,299,years_protected,other_numeric,numeric,null,UNVERIFIABLE,230,10,0.043478260869565216,20260919
EXT-13-cd8b756d3353,13,9f98b4d8b094dfacccf15ff0,251,years_protected,other_numeric,numeric,null,UNVERIFIABLE,230,10,0.043478260869565216,20260919
EXT-13-72e627ff407f,13,7ca46c1b89a334d862a571d5,242,years_protected,other_numeric,numeric,null,UNVERIFIABLE,230,10,0.043478260869565216,20260919
EXT-13-99c03b3b0211,13,2ed0bd84c1514d91b181b401,341,years_protected,other_numeric,numeric,null,UNVERIFIABLE,230,10,0.043478260869565216,20260919
EXT-13-bbdbb12be3cd,13,ad37f77b6cd73c8f9fa7cde9,277,years_protected,other_numeric,numeric,null,UNVERIFIABLE,230,10,0.043478260869565216,20260919
EXT-13-9ba84ae5577d,13,3e196a6878b2e405770f2781,38,sample_size,potentially_synthesis_critical,numeric,nonnull,CORRECT,164,10,0.06097560975609756,20260919
EXT-13-f3e4915fc8ac,13,caa8e5f0da51d45eb3719f01,42,effect_size,potentially_synthesis_critical,numeric,nonnull,CORRECT,164,10,0.06097560975609756,20260919
EXT-13-3ebed3d9c6d1,13,d24ec2be8090926749e9e5e6,326,sample_size,potentially_synthesis_critical,numeric,nonnull,CORRECT,164,10,0.06097560975609756,20260919
EXT-13-db99969f69e6,13,4c1e754fbdab353f85831458,68,sample_size,potentially_synthesis_critical,numeric,nonnull,CORRECT,164,10,0.06097560975609756,20260919
EXT-13-3cf3016aac63,13,7d0b65a261c9880647fca80f,269,sample_size,potentially_synthesis_critical,numeric,nonnull,CORRECT,164,10,0.06097560975609756,20260919
EXT-13-264bc81246bd,13,c31f8f20018bf43c6eed95df,149,sample_size,potentially_synthesis_critical,numeric,nonnull,CORRECT,164,10,0.06097560975609756,20260919
EXT-13-c099e4453197,13,dc884a1cbb83f0373c90983b,249,sample_size,potentially_synthesis_critical,numeric,nonnull,CORRECT,164,10,0.06097560975609756,20260919
EXT-13-367d8b564cd7,13,c1b528a12bc25bf39e49296d,318,effect_size,potentially_synthesis_critical,numeric,nonnull,CORRECT,164,10,0.06097560975609756,20260919
EXT-13-bed2f2aee74a,13,f774407dbe1d6bcf0f2ae889,187,sample_size,potentially_synthesis_critical,numeric,nonnull,CORRECT,164,10,0.06097560975609756,20260919
EXT-13-e63f433ec81b,13,9e588ebe9ee5a65d2af00490,46,ci_upper,potentially_synthesis_critical,numeric,nonnull,CORRECT,164,10,0.06097560975609756,20260919
EXT-13-5f42d4adddbe,13,0ecee996c674228a6b9a40f9,27,effect_size,potentially_synthesis_critical,numeric,nonnull,INCORRECT,2,2,1.0,20260919
EXT-13-3b22b1c25629,13,4dfadef49b92a46e1e4058b6,30,sample_size,potentially_synthesis_critical,numeric,nonnull,INCORRECT,2,2,1.0,20260919
EXT-13-2d55231ae9ee,13,a576bb4617bf87659ad4b8ed,261,sample_size,potentially_synthesis_critical,numeric,null,UNVERIFIABLE,1194,10,0.008375209380234505,20260919
EXT-13-ef8ea24745b3,13,271e94d87b581be13a27ce0a,201,ci_lower,potentially_synthesis_critical,numeric,null,UNVERIFIABLE,1194,10,0.008375209380234505,20260919
EXT-13-4eb8ccd70acd,13,e79cf5a8e108e4481d9da087,95,ci_lower,potentially_synthesis_critical,numeric,null,UNVERIFIABLE,1194,10,0.008375209380234505,20260919
EXT-13-00336ccac624,13,fc9f131d891187b81d756087,237,ci_lower,potentially_synthesis_critical,numeric,null,UNVERIFIABLE,1194,10,0.008375209380234505,20260919
EXT-13-cb377b9ad4c6,13,1a2914d17d625e8349618529,11,ci_upper,potentially_synthesis_critical,numeric,null,UNVERIFIABLE,1194,10,0.008375209380234505,20260919
EXT-13-f0975b90efb0,13,7d63bbb0cb4d0588f4c0d8bc,12,ci_upper,potentially_synthesis_critical,numeric,null,UNVERIFIABLE,1194,10,0.008375209380234505,20260919
EXT-13-cb7d77f1bb4e,13,27c15582b7a9ca0eb79e00fc,174,effect_size,potentially_synthesis_critical,numeric,null,UNVERIFIABLE,1194,10,0.008375209380234505,20260919
EXT-13-6bab7ef558fa,13,4b375f15718f3e9d79d4eebd,191,ci_upper,potentially_synthesis_critical,numeric,null,UNVERIFIABLE,1194,10,0.008375209380234505,20260919
EXT-13-40f4d6799c01,13,402469411fbb59c88f0a588c,34,ci_upper,potentially_synthesis_critical,numeric,null,UNVERIFIABLE,1194,10,0.008375209380234505,20260919
EXT-13-abe79ff17d0d,13,cdcbf3e56e87669e77b13a6a,333,effect_size,potentially_synthesis_critical,numeric,null,UNVERIFIABLE,1194,10,0.008375209380234505,20260919
EXT-14-157bec51e39c,14,e79b2aad409fd42eeeafb7a1,514,forest_type,categorical,categorical,nonnull,CORRECT,2433,10,0.004110152075626798,20260919
EXT-14-107b5179d890,14,e8e953ea236964c2ad05013a,502,forest_type,categorical,categorical,nonnull,CORRECT,2433,10,0.004110152075626798,20260919
EXT-14-530cc9384c42,14,92c5fef00f94b0b2ab7f02d4,168,forest_type,categorical,categorical,nonnull,CORRECT,2433,10,0.004110152075626798,20260919
EXT-14-f4d57363daf8,14,e3e8892fd077c26b01a4b7c4,49,study_design,categorical,categorical,nonnull,CORRECT,2433,10,0.004110152075626798,20260919
EXT-14-00e3d3d4235d,14,e77c60483b32e6e55529764d,659,study_design,categorical,categorical,nonnull,CORRECT,2433,10,0.004110152075626798,20260919
EXT-14-918886faeed7,14,3c075d2a45bc387152d4f9aa,234,country,categorical,categorical,nonnull,CORRECT,2433,10,0.004110152075626798,20260919
EXT-14-9960aedfeefb,14,1754eb87dc4477df68ec8693,554,country,categorical,categorical,nonnull,CORRECT,2433,10,0.004110152075626798,20260919
EXT-14-9532d35f18ff,14,ded40486cb188bcd7f1d2ba6,887,country,categorical,categorical,nonnull,CORRECT,2433,10,0.004110152075626798,20260919
EXT-14-d45aff28ffe2,14,a6752149ccc4f81491ef76d2,52,forest_type,categorical,categorical,nonnull,CORRECT,2433,10,0.004110152075626798,20260919
EXT-14-7b3b12cd6bcf,14,64825dc22dd1f0d0420b9598,314,country,categorical,categorical,nonnull,CORRECT,2433,10,0.004110152075626798,20260919
EXT-14-42efa993c367,14,54b9826dbbff06d2b2fc31d1,939,forest_type,categorical,categorical,nonnull,INCORRECT,22,10,0.45454545454545453,20260919
EXT-14-c7da5aed2b57,14,6b6b9509455d701f654a7b1e,215,forest_type,categorical,categorical,nonnull,INCORRECT,22,10,0.45454545454545453,20260919
EXT-14-348eb75474fc,14,3fd5dd988896bc4063ae48a1,764,forest_type,categorical,categorical,nonnull,INCORRECT,22,10,0.45454545454545453,20260919
EXT-14-279e3a07de8c,14,a480d5af4089e9fa151ce251,1019,forest_type,categorical,categorical,nonnull,INCORRECT,22,10,0.45454545454545453,20260919
EXT-14-b682e5264abb,14,df7674abf4d8f5de75740478,724,forest_type,categorical,categorical,nonnull,INCORRECT,22,10,0.45454545454545453,20260919
EXT-14-0530c6169769,14,382abf559c2c5510d29b44b6,369,country,categorical,categorical,nonnull,INCORRECT,22,10,0.45454545454545453,20260919
EXT-14-9a640193edb2,14,d280a6549037b3d917528561,500,forest_type,categorical,categorical,nonnull,INCORRECT,22,10,0.45454545454545453,20260919
EXT-14-5373fdb9abdf,14,54734e6ff81e4d3873290aca,940,forest_type,categorical,categorical,nonnull,INCORRECT,22,10,0.45454545454545453,20260919
EXT-14-4f305630c157,14,c1c4043292610c99aba02f51,484,forest_type,categorical,categorical,nonnull,INCORRECT,22,10,0.45454545454545453,20260919
EXT-14-0b89d2d4d884,14,e1e58c7437f31aa9e2c6043c,591,country,categorical,categorical,nonnull,INCORRECT,22,10,0.45454545454545453,20260919
EXT-14-6854a9a52e27,14,551ab19bd2bf70959df3d4a9,203,study_design,categorical,categorical,nonnull,UNVERIFIABLE,37,10,0.2702702702702703,20260919
EXT-14-cde685bdeeda,14,e6df256777a47ee5beef3846,39,study_design,categorical,categorical,nonnull,UNVERIFIABLE,37,10,0.2702702702702703,20260919
EXT-14-f72ded4e9eac,14,7ff2199582d4d7262b46380b,730,study_design,categorical,categorical,nonnull,UNVERIFIABLE,37,10,0.2702702702702703,20260919
EXT-14-fb351eaabfd5,14,40768209694506c88dd3603e,190,study_design,categorical,categorical,nonnull,UNVERIFIABLE,37,10,0.2702702702702703,20260919
EXT-14-b6f14e98468e,14,40dfc594969364066acb1b98,1084,study_design,categorical,categorical,nonnull,UNVERIFIABLE,37,10,0.2702702702702703,20260919
EXT-14-914e0fb8ae2b,14,c71ea918bfe07f90c2dd4019,1059,study_design,categorical,categorical,nonnull,UNVERIFIABLE,37,10,0.2702702702702703,20260919
EXT-14-730af180e854,14,9d57cdcfb0ecf07519eee604,611,study_design,categorical,categorical,nonnull,UNVERIFIABLE,37,10,0.2702702702702703,20260919
EXT-14-3ae48a139e8f,14,9ce5c434bd63fe9193b8358b,706,country,categorical,categorical,nonnull,UNVERIFIABLE,37,10,0.2702702702702703,20260919
EXT-14-b56a9bce2f37,14,e31048134d88a2e543688640,490,study_design,categorical,categorical,nonnull,UNVERIFIABLE,37,10,0.2702702702702703,20260919
EXT-14-797736db8c0c,14,7556490b010d8f2d7ff86e86,989,study_design,categorical,categorical,nonnull,UNVERIFIABLE,37,10,0.2702702702702703,20260919
EXT-14-7ac5163786a3,14,614832fba714fb336904a02a,94,country,categorical,categorical,null,CORRECT,7,7,1.0,20260919
EXT-14-40edf42d411c,14,2ac272c8da30d5d2cbe30d3a,694,forest_type,categorical,categorical,null,CORRECT,7,7,1.0,20260919
EXT-14-f16d61d0f20a,14,f963512d3b085d63aec1295a,254,forest_type,categorical,categorical,null,CORRECT,7,7,1.0,20260919
EXT-14-682d4f2a47c8,14,b09cb911dd5f66c642541e57,90,forest_type,categorical,categorical,null,CORRECT,7,7,1.0,20260919
EXT-14-aaf5f402d012,14,b09cb911dd5f66c642541e57,90,country,categorical,categorical,null,CORRECT,7,7,1.0,20260919
EXT-14-1956edb69d16,14,9152f18c4605b89706d915aa,406,forest_type,categorical,categorical,null,CORRECT,7,7,1.0,20260919
EXT-14-af9581228860,14,64a99057f8bcab1fbb8dcb48,881,forest_type,categorical,categorical,null,CORRECT,7,7,1.0,20260919
EXT-14-5d271c4ed39d,14,5baadea18ba36f0d18afbf7e,784,country,categorical,categorical,null,UNVERIFIABLE,759,10,0.013175230566534914,20260919
EXT-14-7577e10e6c56,14,8fe398514d65ee16c32ead08,579,study_design,categorical,categorical,null,UNVERIFIABLE,759,10,0.013175230566534914,20260919
EXT-14-76092955e58c,14,c7b325d2ba2907b1616001c8,657,study_design,categorical,categorical,null,UNVERIFIABLE,759,10,0.013175230566534914,20260919
EXT-14-f89784e2e5a4,14,c5219e8e4ba317b067186625,76,forest_type,categorical,categorical,null,UNVERIFIABLE,759,10,0.013175230566534914,20260919
EXT-14-cbba59f80388,14,809fb383d3e2a00d1b5e8947,271,study_design,categorical,categorical,null,UNVERIFIABLE,759,10,0.013175230566534914,20260919
EXT-14-aeb1de8e558a,14,c1a2952b995a29a72260bd85,465,study_design,categorical,categorical,null,UNVERIFIABLE,759,10,0.013175230566534914,20260919
EXT-14-04eb2eeb46fa,14,1196c6a5212b876d389b80f4,193,study_design,categorical,categorical,null,UNVERIFIABLE,759,10,0.013175230566534914,20260919
EXT-14-47d465802a96,14,49d8e32c611c853bb3e87183,1076,study_design,categorical,categorical,null,UNVERIFIABLE,759,10,0.013175230566534914,20260919
EXT-14-44428785ffb4,14,08e40320b672e7a00c67d885,40,forest_type,categorical,categorical,null,UNVERIFIABLE,759,10,0.013175230566534914,20260919
EXT-14-f6e38c9ec972,14,53131e6ee622ac650c02f395,767,study_design,categorical,categorical,null,UNVERIFIABLE,759,10,0.013175230566534914,20260919
EXT-14-7dfbf04778f0,14,5dd1ee2f7a1e3d4202098e12,1064,age_years,other_numeric,numeric,nonnull,CORRECT,328,10,0.03048780487804878,20260919
EXT-14-81816a5b9441,14,2e598bd0787fe1911b21bee8,304,age_years,other_numeric,numeric,nonnull,CORRECT,328,10,0.03048780487804878,20260919
EXT-14-bd62c3dda2ac,14,4a34e581354cd51653c3a63f,1040,age_years,other_numeric,numeric,nonnull,CORRECT,328,10,0.03048780487804878,20260919
EXT-14-acb045da4d03,14,3dc6c9354fefb965e307561d,513,age_years,other_numeric,numeric,nonnull,CORRECT,328,10,0.03048780487804878,20260919
EXT-14-ba3ec38c7087,14,b0624d6b1a84df011f202e26,727,age_years,other_numeric,numeric,nonnull,CORRECT,328,10,0.03048780487804878,20260919
EXT-14-b562e89eda2c,14,f27123035b31065c4c8d822d,248,age_years,other_numeric,numeric,nonnull,CORRECT,328,10,0.03048780487804878,20260919
EXT-14-c8ded06db996,14,d280a6549037b3d917528561,500,age_years,other_numeric,numeric,nonnull,CORRECT,328,10,0.03048780487804878,20260919
EXT-14-3c09be6839c7,14,d508a96f7c7cdba047a75417,391,age_years,other_numeric,numeric,nonnull,CORRECT,328,10,0.03048780487804878,20260919
EXT-14-cdbfa84f4e5f,14,d656cc1ffbc26aceb4e28f50,994,age_years,other_numeric,numeric,nonnull,CORRECT,328,10,0.03048780487804878,20260919
EXT-14-95969186b962,14,dfa7707f193fda445bf52d99,839,age_years,other_numeric,numeric,nonnull,CORRECT,328,10,0.03048780487804878,20260919
EXT-14-6bec6f7a19a4,14,94f693036fcfdd9fc89f14b5,238,age_years,other_numeric,numeric,nonnull,INCORRECT,20,10,0.5,20260919
EXT-14-85ec11119bc1,14,81bcbc2e90b357e5f3ae13d8,1050,age_years,other_numeric,numeric,nonnull,INCORRECT,20,10,0.5,20260919
EXT-14-d75b46b892e5,14,39acc6bce05d5d46f6416195,438,age_years,other_numeric,numeric,nonnull,INCORRECT,20,10,0.5,20260919
EXT-14-cb2e319e9c23,14,e8c3aca5044d345670ee357d,772,age_years,other_numeric,numeric,nonnull,INCORRECT,20,10,0.5,20260919
EXT-14-81ee3b234010,14,6d515bd63d802b0e4cc84576,376,age_years,other_numeric,numeric,nonnull,INCORRECT,20,10,0.5,20260919
EXT-14-892ed608ac71,14,66e9a2ae5e5433e1a7c9514d,1026,age_years,other_numeric,numeric,nonnull,INCORRECT,20,10,0.5,20260919
EXT-14-037639bc7ee0,14,18dc6331f251c238a5b68ca9,837,age_years,other_numeric,numeric,nonnull,INCORRECT,20,10,0.5,20260919
EXT-14-dff55e8779b7,14,46ee9ce98d8e5168d0f31a23,555,age_years,other_numeric,numeric,nonnull,INCORRECT,20,10,0.5,20260919
EXT-14-3e7058d75963,14,5dc7383f2b149bf5774f7b2e,1065,age_years,other_numeric,numeric,nonnull,INCORRECT,20,10,0.5,20260919
EXT-14-72e54d374ce0,14,eadfe2c612b60cab2b5e3f7a,551,age_years,other_numeric,numeric,nonnull,INCORRECT,20,10,0.5,20260919
EXT-14-8901bc751b8e,14,161ec20affa37c2c9edc351a,927,age_years,other_numeric,numeric,nonnull,UNVERIFIABLE,2,2,1.0,20260919
EXT-14-4e78173d7772,14,36cdfe1cb8081421a4453033,859,age_years,other_numeric,numeric,nonnull,UNVERIFIABLE,2,2,1.0,20260919
EXT-14-6babd7244192,14,61e86a3b3fa096cd16866d7c,761,age_years,other_numeric,numeric,null,UNVERIFIABLE,736,10,0.01358695652173913,20260919
EXT-14-ea17d309c22d,14,6b8f87ca64ad534de590aafd,823,age_years,other_numeric,numeric,null,UNVERIFIABLE,736,10,0.01358695652173913,20260919
EXT-14-8ba996adcb41,14,efaf345475fcb5e87315b5bb,622,age_years,other_numeric,numeric,null,UNVERIFIABLE,736,10,0.01358695652173913,20260919
EXT-14-0fbf6b9ea731,14,43380e85ae88cf7caa5ac351,415,age_years,other_numeric,numeric,null,UNVERIFIABLE,736,10,0.01358695652173913,20260919
EXT-14-36bec73706f8,14,b2ea4385abc568e239796551,721,age_years,other_numeric,numeric,null,UNVERIFIABLE,736,10,0.01358695652173913,20260919
EXT-14-7fadb1099961,14,2e0924f5097dce51e614ee34,31,age_years,other_numeric,numeric,null,UNVERIFIABLE,736,10,0.01358695652173913,20260919
EXT-14-1cb256838a6e,14,038f6a544c46097377a2cd4a,22,age_years,other_numeric,numeric,null,UNVERIFIABLE,736,10,0.01358695652173913,20260919
EXT-14-ff0d87e44769,14,c8029f4fd213adc0cc449faf,755,age_years,other_numeric,numeric,null,UNVERIFIABLE,736,10,0.01358695652173913,20260919
EXT-14-a66284ae6d2c,14,e9d0cc699df994b3bc61b757,838,age_years,other_numeric,numeric,null,UNVERIFIABLE,736,10,0.01358695652173913,20260919
EXT-14-aeda605af69f,14,6ef70b5122ad7f28d7ac9336,819,age_years,other_numeric,numeric,null,UNVERIFIABLE,736,10,0.01358695652173913,20260919
EXT-14-b5190947b033,14,ac85d573fbaa659f38aa1ff2,943,sample_size,potentially_synthesis_critical,numeric,nonnull,CORRECT,863,10,0.011587485515643106,20260919
EXT-14-92e02925d110,14,a315afc351d5ec1554245fa4,492,sample_size,potentially_synthesis_critical,numeric,nonnull,CORRECT,863,10,0.011587485515643106,20260919
EXT-14-40d0b7c8431a,14,c0bafcddf9c8afe8c752de1e,1012,carbon_stock_tC_ha,potentially_synthesis_critical,numeric,nonnull,CORRECT,863,10,0.011587485515643106,20260919
EXT-14-15e532a14fb2,14,8a7a88258fa230aaf5ebb472,216,effect_size,potentially_synthesis_critical,numeric,nonnull,CORRECT,863,10,0.011587485515643106,20260919
EXT-14-b6846d28f024,14,86bb6931014fc283da4d1807,948,carbon_stock_tC_ha,potentially_synthesis_critical,numeric,nonnull,CORRECT,863,10,0.011587485515643106,20260919
EXT-14-afdbefff7d51,14,af4fbcf24b9a0d5b220437b3,166,carbon_stock_tC_ha,potentially_synthesis_critical,numeric,nonnull,CORRECT,863,10,0.011587485515643106,20260919
EXT-14-03a591d6ac52,14,5e0ab88e1b3684302df327c6,845,sample_size,potentially_synthesis_critical,numeric,nonnull,CORRECT,863,10,0.011587485515643106,20260919
EXT-14-1445b279190e,14,da98296d300ec0f12a2cf9af,849,effect_size,potentially_synthesis_critical,numeric,nonnull,CORRECT,863,10,0.011587485515643106,20260919
EXT-14-68afff46a0bd,14,d14e9aabd925873c78551a71,799,sample_size,potentially_synthesis_critical,numeric,nonnull,CORRECT,863,10,0.011587485515643106,20260919
EXT-14-c02433a3c99b,14,e77c60483b32e6e55529764d,659,sample_size,potentially_synthesis_critical,numeric,nonnull,CORRECT,863,10,0.011587485515643106,20260919
EXT-14-5404408cef66,14,8aa5222b00740cf69d590649,931,carbon_stock_tC_ha,potentially_synthesis_critical,numeric,nonnull,INCORRECT,10,10,1.0,20260919
EXT-14-ea784379c8a3,14,c13ac88319a2edd7d28717a0,718,effect_size,potentially_synthesis_critical,numeric,nonnull,INCORRECT,10,10,1.0,20260919
EXT-14-cf4d93f86d81,14,d98a75be09d00d677b077712,729,carbon_stock_tC_ha,potentially_synthesis_critical,numeric,nonnull,INCORRECT,10,10,1.0,20260919
EXT-14-0a7d4a611961,14,2326bf357e094304290408f2,670,carbon_stock_tC_ha,potentially_synthesis_critical,numeric,nonnull,INCORRECT,10,10,1.0,20260919
EXT-14-6569914548e4,14,de33455a7dedc6093c8d50d2,910,carbon_stock_tC_ha,potentially_synthesis_critical,numeric,nonnull,INCORRECT,10,10,1.0,20260919
EXT-14-fb3b4e5e4332,14,cff94e7aa78d7d41f3486d88,991,sample_size,potentially_synthesis_critical,numeric,nonnull,INCORRECT,10,10,1.0,20260919
EXT-14-c46949c0d70a,14,d5affc4bb237f5fce73d17a1,372,carbon_stock_tC_ha,potentially_synthesis_critical,numeric,nonnull,INCORRECT,10,10,1.0,20260919
EXT-14-c8fdf712e9cf,14,590cdcb3ccedce797e71c38c,464,sample_size,potentially_synthesis_critical,numeric,nonnull,INCORRECT,10,10,1.0,20260919
EXT-14-958fd6e3d66d,14,642574d439a030110222879e,466,carbon_stock_tC_ha,potentially_synthesis_critical,numeric,nonnull,INCORRECT,10,10,1.0,20260919
EXT-14-a4c362208acb,14,a6d9ec59f85eae7728427f61,293,carbon_stock_tC_ha,potentially_synthesis_critical,numeric,nonnull,INCORRECT,10,10,1.0,20260919
EXT-14-356543f041f2,14,a0231fda567cb3d8708b4d1a,779,sample_size,potentially_synthesis_critical,numeric,null,CORRECT,2,2,1.0,20260919
EXT-14-858ae4d840c7,14,11d9c256694a181668776145,1028,sample_size,potentially_synthesis_critical,numeric,null,CORRECT,2,2,1.0,20260919
EXT-14-c401d91ee367,14,e3e8892fd077c26b01a4b7c4,49,carbon_stock_tC_ha,potentially_synthesis_critical,numeric,null,UNVERIFIABLE,2383,10,0.00419639110365086,20260919
EXT-14-b5ec56880201,14,200eba3e29d2b09128312f9d,596,effect_size,potentially_synthesis_critical,numeric,null,UNVERIFIABLE,2383,10,0.00419639110365086,20260919
EXT-14-6665c6471cb4,14,cc2c7093f6316bb3d94d7cdc,584,sample_size,potentially_synthesis_critical,numeric,null,UNVERIFIABLE,2383,10,0.00419639110365086,20260919
EXT-14-1408f683a0c8,14,f27123035b31065c4c8d822d,248,carbon_stock_tC_ha,potentially_synthesis_critical,numeric,null,UNVERIFIABLE,2383,10,0.00419639110365086,20260919
EXT-14-4121435fbcd2,14,5f3e1932c80a86c4e6f2b70b,288,sample_size,potentially_synthesis_critical,numeric,null,UNVERIFIABLE,2383,10,0.00419639110365086,20260919
EXT-14-c7474ad59c49,14,a4f058254642a14419b0c8c5,312,effect_size,potentially_synthesis_critical,numeric,null,UNVERIFIABLE,2383,10,0.00419639110365086,20260919
EXT-14-ba9c29d7fb37,14,5370c9e8caae18d37469a61c,269,carbon_stock_tC_ha,potentially_synthesis_critical,numeric,null,UNVERIFIABLE,2383,10,0.00419639110365086,20260919
EXT-14-3295677ea769,14,d0c9240038794299a9c05e4c,118,sample_size,potentially_synthesis_critical,numeric,null,UNVERIFIABLE,2383,10,0.00419639110365086,20260919
EXT-14-9daf4d8ac0a3,14,0805341f10fc308d389a006b,34,carbon_stock_tC_ha,potentially_synthesis_critical,numeric,null,UNVERIFIABLE,2383,10,0.00419639110365086,20260919
EXT-14-09112dbd8a40,14,e8f47c75427ae4401ebfa56f,226,effect_size,potentially_synthesis_critical,numeric,null,UNVERIFIABLE,2383,10,0.00419639110365086,20260919
EXT-15-316ed0ad0fc7,15,fbdd62a9457b9ed0d300c115,513,outcome,categorical,categorical,nonnull,CORRECT,4552,10,0.0021968365553602814,20260919
EXT-15-de6cd43a1a39,15,c6416bad68ea4186624a717d,253,study_design,categorical,categorical,nonnull,CORRECT,4552,10,0.0021968365553602814,20260919
EXT-15-44cd079093a2,15,0848f239de884fc345f57f6d,655,outcome,categorical,categorical,nonnull,CORRECT,4552,10,0.0021968365553602814,20260919
EXT-15-6fbfded7c1aa,15,e1ea46253f3e258098d7fb15,682,outcome,categorical,categorical,nonnull,CORRECT,4552,10,0.0021968365553602814,20260919
EXT-15-44137d619df6,15,7528663e3565b3b719f6a2b9,431,country,categorical,categorical,nonnull,CORRECT,4552,10,0.0021968365553602814,20260919
EXT-15-a0de89cbaea7,15,5b18ef5fc0f3f4e6894a2544,1255,outcome,categorical,categorical,nonnull,CORRECT,4552,10,0.0021968365553602814,20260919
EXT-15-8a621118aa9c,15,375976815c190fe4f32b176a,888,outcome,categorical,categorical,nonnull,CORRECT,4552,10,0.0021968365553602814,20260919
EXT-15-fafb69c37653,15,337ac4b00f0ea0d988b9f057,609,country,categorical,categorical,nonnull,CORRECT,4552,10,0.0021968365553602814,20260919
EXT-15-0d24691fbf89,15,838c2fce866b82ae8bac5fdb,127,country,categorical,categorical,nonnull,CORRECT,4552,10,0.0021968365553602814,20260919
EXT-15-6a3cedf10ccd,15,fbaf694778004d78f84f761e,503,country,categorical,categorical,nonnull,CORRECT,4552,10,0.0021968365553602814,20260919
EXT-15-ed10a052c87a,15,4fa35b006cc0fe92f9c7b265,237,fuel_type,categorical,categorical,nonnull,INCORRECT,41,10,0.24390243902439024,20260919
EXT-15-9ed750222848,15,746ee36b08d1a56ed048054c,1032,study_design,categorical,categorical,nonnull,INCORRECT,41,10,0.24390243902439024,20260919
EXT-15-49bf8a31bbc1,15,28648baaf8bbdd30a94ff6d3,1231,study_design,categorical,categorical,nonnull,INCORRECT,41,10,0.24390243902439024,20260919
EXT-15-39cc4330976f,15,1281802aacf7e552ed7c4b84,818,study_design,categorical,categorical,nonnull,INCORRECT,41,10,0.24390243902439024,20260919
EXT-15-ab8bf548a7bf,15,dc3b0da97151bc3642f4672e,570,outcome,categorical,categorical,nonnull,INCORRECT,41,10,0.24390243902439024,20260919
EXT-15-d1d39de3c2df,15,255ef1319f887c08c4dab884,1296,country,categorical,categorical,nonnull,INCORRECT,41,10,0.24390243902439024,20260919
EXT-15-eead60e2db4b,15,641c81f7999d50f8a78ec19b,1315,fuel_type,categorical,categorical,nonnull,INCORRECT,41,10,0.24390243902439024,20260919
EXT-15-65568eaf985f,15,a6f95c3d6c47180d3faf0bc5,538,outcome,categorical,categorical,nonnull,INCORRECT,41,10,0.24390243902439024,20260919
EXT-15-ffb916de2857,15,8fb3bfa16298e77033107db4,950,fuel_type,categorical,categorical,nonnull,INCORRECT,41,10,0.24390243902439024,20260919
EXT-15-f999dc57bde4,15,8b82b48137c40cff035f294a,1035,outcome,categorical,categorical,nonnull,INCORRECT,41,10,0.24390243902439024,20260919
EXT-15-e546f31f3692,15,316379940d42967a4b572774,901,study_design,categorical,categorical,nonnull,UNVERIFIABLE,81,10,0.12345679012345678,20260919
EXT-15-df8ac3cc3b28,15,0d2d66c663db9694468508a6,145,study_design,categorical,categorical,nonnull,UNVERIFIABLE,81,10,0.12345679012345678,20260919
EXT-15-32a3d00c7f43,15,82731edf5988d6eba7c81f13,807,study_design,categorical,categorical,nonnull,UNVERIFIABLE,81,10,0.12345679012345678,20260919
EXT-15-fc8257e16de4,15,dcf56baf722e089592f6c0b7,522,study_design,categorical,categorical,nonnull,UNVERIFIABLE,81,10,0.12345679012345678,20260919
EXT-15-cc65aa7952a8,15,d30b50b112885ef98d5886d9,730,study_design,categorical,categorical,nonnull,UNVERIFIABLE,81,10,0.12345679012345678,20260919
EXT-15-57be6f2b4dfd,15,bae77db1c9d2967fe2a8191c,178,study_design,categorical,categorical,nonnull,UNVERIFIABLE,81,10,0.12345679012345678,20260919
EXT-15-147d6ebe18a4,15,1db6bd946d6a66d6f80f20f5,506,study_design,categorical,categorical,nonnull,UNVERIFIABLE,81,10,0.12345679012345678,20260919
EXT-15-737cf70fd7b6,15,5076560c4bb5049ee1d6b5fb,309,study_design,categorical,categorical,nonnull,UNVERIFIABLE,81,10,0.12345679012345678,20260919
EXT-15-47d1b2ed41fc,15,ab80e83d02e7ef7a88830e22,786,study_design,categorical,categorical,nonnull,UNVERIFIABLE,81,10,0.12345679012345678,20260919
EXT-15-8624f90b1754,15,7c61962588ea31e8da7766d2,152,study_design,categorical,categorical,nonnull,UNVERIFIABLE,81,10,0.12345679012345678,20260919
EXT-15-f93d0dfdfd2c,15,c7fba143797c9317aadf79a3,1149,fuel_type,categorical,categorical,null,CORRECT,11,10,0.9090909090909091,20260919
EXT-15-c2248e1c57c4,15,8d063227e21a00a9c4f3ef6d,756,country,categorical,categorical,null,CORRECT,11,10,0.9090909090909091,20260919
EXT-15-8824f6d4b64e,15,49ca54791f87e73bc53995aa,173,country,categorical,categorical,null,CORRECT,11,10,0.9090909090909091,20260919
EXT-15-68963c5ac337,15,e5fa8dc78525780c802ffab5,5,country,categorical,categorical,null,CORRECT,11,10,0.9090909090909091,20260919
EXT-15-bb788d316c9c,15,251fccfeed425ab73dfc7d3c,557,country,categorical,categorical,null,CORRECT,11,10,0.9090909090909091,20260919
EXT-15-ebf0ae95d5fe,15,06a881e957d17d9801634642,1243,country,categorical,categorical,null,CORRECT,11,10,0.9090909090909091,20260919
EXT-15-8adc5c35f4b6,15,a89f5993645d6f5049191327,1272,country,categorical,categorical,null,CORRECT,11,10,0.9090909090909091,20260919
EXT-15-40fc078ba781,15,e311d5052f254eaa0fb00fa4,165,country,categorical,categorical,null,CORRECT,11,10,0.9090909090909091,20260919
EXT-15-1bf2c4a15020,15,e09a5522ffeeeb2fe2969152,1349,country,categorical,categorical,null,CORRECT,11,10,0.9090909090909091,20260919
EXT-15-a9bab18c0bd5,15,e09a5522ffeeeb2fe2969152,1349,fuel_type,categorical,categorical,null,CORRECT,11,10,0.9090909090909091,20260919
EXT-15-620961703150,15,1660e0eb96d01a13581a25db,26,country,categorical,categorical,null,UNVERIFIABLE,715,10,0.013986013986013986,20260919
EXT-15-a2dac623294f,15,a15c98e1a8ac6d9cc526118d,952,country,categorical,categorical,null,UNVERIFIABLE,715,10,0.013986013986013986,20260919
EXT-15-13fec5b0729c,15,a241533c99b99c733b28a817,797,study_design,categorical,categorical,null,UNVERIFIABLE,715,10,0.013986013986013986,20260919
EXT-15-f5d91b2c70de,15,e51d62502cdcc907a93913d3,263,study_design,categorical,categorical,null,UNVERIFIABLE,715,10,0.013986013986013986,20260919
EXT-15-6dcf0168cb93,15,c65e52822ad1b610f73675c1,994,country,categorical,categorical,null,UNVERIFIABLE,715,10,0.013986013986013986,20260919
EXT-15-72b55efbb866,15,0a6e483fc961143458ce911c,511,study_design,categorical,categorical,null,UNVERIFIABLE,715,10,0.013986013986013986,20260919
EXT-15-1e5e0b59841f,15,e6650038e38846ed0ccbafdf,955,fuel_type,categorical,categorical,null,UNVERIFIABLE,715,10,0.013986013986013986,20260919
EXT-15-500f4cdded54,15,cea48cfe8540589efddfb2d5,588,fuel_type,categorical,categorical,null,UNVERIFIABLE,715,10,0.013986013986013986,20260919
EXT-15-757d27196773,15,626bbac1077a69b4810f8966,798,fuel_type,categorical,categorical,null,UNVERIFIABLE,715,10,0.013986013986013986,20260919
EXT-15-3d1a11ec3b0a,15,79bf6a099288316a2a838681,806,fuel_type,categorical,categorical,null,UNVERIFIABLE,715,10,0.013986013986013986,20260919
EXT-15-66364d6e2337,15,0c98816a675e7ae45bfe7c4f,1034,ci_lower,potentially_synthesis_critical,numeric,nonnull,CORRECT,2430,10,0.00411522633744856,20260919
EXT-15-92f9a498d33f,15,316e7530c45d7e079f67b1d2,281,sample_size,potentially_synthesis_critical,numeric,nonnull,CORRECT,2430,10,0.00411522633744856,20260919
EXT-15-c60e7d44161e,15,61bfb9c07047fb696543a973,924,ci_lower,potentially_synthesis_critical,numeric,nonnull,CORRECT,2430,10,0.00411522633744856,20260919
EXT-15-c142c8e7cce7,15,a0e08fbb386dc510474024ec,29,effect_size,potentially_synthesis_critical,numeric,nonnull,CORRECT,2430,10,0.00411522633744856,20260919
EXT-15-0062b00d4611,15,675a637d21948269a09ed05e,440,ci_upper,potentially_synthesis_critical,numeric,nonnull,CORRECT,2430,10,0.00411522633744856,20260919
EXT-15-f58c7721c7a8,15,286778ab1a9b8a5f2416aa70,160,ci_upper,potentially_synthesis_critical,numeric,nonnull,CORRECT,2430,10,0.00411522633744856,20260919
EXT-15-4c0ac76e9d4c,15,1e700ccb66df34da45d08c03,923,sample_size,potentially_synthesis_critical,numeric,nonnull,CORRECT,2430,10,0.00411522633744856,20260919
EXT-15-16749b615d0e,15,266f93c5fc8efb0598bca445,347,ci_lower,potentially_synthesis_critical,numeric,nonnull,CORRECT,2430,10,0.00411522633744856,20260919
EXT-15-8dd1c53cd40d,15,c8d2fc59aa1bf4a31486d720,410,effect_size,potentially_synthesis_critical,numeric,nonnull,CORRECT,2430,10,0.00411522633744856,20260919
EXT-15-2dec2a4184dc,15,5d77ffddb150ee1a952827a1,870,ci_upper,potentially_synthesis_critical,numeric,nonnull,CORRECT,2430,10,0.00411522633744856,20260919
EXT-15-8380b3b46a39,15,60ae07b62360feca3aae8e94,473,effect_size,potentially_synthesis_critical,numeric,nonnull,INCORRECT,26,10,0.38461538461538464,20260919
EXT-15-159639e2c2fa,15,67c30f5003be417da137c560,553,ci_lower,potentially_synthesis_critical,numeric,nonnull,INCORRECT,26,10,0.38461538461538464,20260919
EXT-15-995761f39ed1,15,746ee36b08d1a56ed048054c,1032,sample_size,potentially_synthesis_critical,numeric,nonnull,INCORRECT,26,10,0.38461538461538464,20260919
EXT-15-d05620f15d93,15,2f646c72494279e4bfd3f541,109,ci_upper,potentially_synthesis_critical,numeric,nonnull,INCORRECT,26,10,0.38461538461538464,20260919
EXT-15-463933cb2b3c,15,ca70c3a8e86e70a3757c4b25,723,ci_upper,potentially_synthesis_critical,numeric,nonnull,INCORRECT,26,10,0.38461538461538464,20260919
EXT-15-24f3a9968f90,15,bb15ee25aee65db50b37b417,1201,sample_size,potentially_synthesis_critical,numeric,nonnull,INCORRECT,26,10,0.38461538461538464,20260919
EXT-15-15067de2ac74,15,9cd20bccaa7453a056540df7,1190,ci_upper,potentially_synthesis_critical,numeric,nonnull,INCORRECT,26,10,0.38461538461538464,20260919
EXT-15-8ed1032b63ae,15,8d196dbac2358393c07543fa,1287,ci_lower,potentially_synthesis_critical,numeric,nonnull,INCORRECT,26,10,0.38461538461538464,20260919
EXT-15-511c66cdbef0,15,ca70c3a8e86e70a3757c4b25,723,ci_lower,potentially_synthesis_critical,numeric,nonnull,INCORRECT,26,10,0.38461538461538464,20260919
EXT-15-99c2e38ddca1,15,319a6f77928ec0b8a83940ff,690,sample_size,potentially_synthesis_critical,numeric,nonnull,INCORRECT,26,10,0.38461538461538464,20260919
EXT-15-bd0b742b4f8b,15,fbaf694778004d78f84f761e,503,ci_upper,potentially_synthesis_critical,numeric,nonnull,UNVERIFIABLE,3,3,1.0,20260919
EXT-15-8eb01f4413ad,15,478d449ba57bf410c6dea27d,223,effect_size,potentially_synthesis_critical,numeric,nonnull,UNVERIFIABLE,3,3,1.0,20260919
EXT-15-c61e84768658,15,fbaf694778004d78f84f761e,503,ci_lower,potentially_synthesis_critical,numeric,nonnull,UNVERIFIABLE,3,3,1.0,20260919
EXT-15-5f1cffb1055d,15,9e28ac76e07c0aa529c1802d,319,ci_upper,potentially_synthesis_critical,numeric,null,UNVERIFIABLE,2941,10,0.0034002040122407345,20260919
EXT-15-b64e2a7a0b79,15,64750a6748eb38f0cca56864,397,ci_lower,potentially_synthesis_critical,numeric,null,UNVERIFIABLE,2941,10,0.0034002040122407345,20260919
EXT-15-f118115bcc31,15,c378b3ea5617a081689d60a4,969,ci_upper,potentially_synthesis_critical,numeric,null,UNVERIFIABLE,2941,10,0.0034002040122407345,20260919
EXT-15-465dc85e440c,15,3e6b8caa6db7a181aee36f08,628,effect_size,potentially_synthesis_critical,numeric,null,UNVERIFIABLE,2941,10,0.0034002040122407345,20260919
EXT-15-f37ec99233ec,15,f6497a4a6737bcd4cd3543e8,787,ci_upper,potentially_synthesis_critical,numeric,null,UNVERIFIABLE,2941,10,0.0034002040122407345,20260919
EXT-15-f662612d533f,15,225a19d7e8ba63e58ec7e3f6,1250,ci_upper,potentially_synthesis_critical,numeric,null,UNVERIFIABLE,2941,10,0.0034002040122407345,20260919
EXT-15-3c7becddc2aa,15,4f9661c93ca5433601367ce9,781,effect_size,potentially_synthesis_critical,numeric,null,UNVERIFIABLE,2941,10,0.0034002040122407345,20260919
EXT-15-fb2a08d3b93e,15,ecb61b269e8af70f8dae2eb3,576,ci_lower,potentially_synthesis_critical,numeric,null,UNVERIFIABLE,2941,10,0.0034002040122407345,20260919
EXT-15-dfe86c88f7bc,15,a3dde2896d89196f5547bc94,184,effect_size,potentially_synthesis_critical,numeric,null,UNVERIFIABLE,2941,10,0.0034002040122407345,20260919
EXT-15-831fa6efbd73,15,e93ad076608d6164e02be0a7,328,ci_upper,potentially_synthesis_critical,numeric,null,UNVERIFIABLE,2941,10,0.0034002040122407345,20260919
EXT-16-4d2138d4ef47,16,2ffa3b784ff01e97f3f975db,177,water_body_type,categorical,categorical,nonnull,CORRECT,704,10,0.014204545454545454,20260919
EXT-16-b18b680626f1,16,76331211494f04a04a05f1b1,84,water_body_type,categorical,categorical,nonnull,CORRECT,704,10,0.014204545454545454,20260919
EXT-16-45acbb81639c,16,86bd8f723510e23046190150,11,study_design,categorical,categorical,nonnull,CORRECT,704,10,0.014204545454545454,20260919
EXT-16-bbadf6690d9a,16,7fc0e6a908c08f460fd2d7cb,186,polymer_type,categorical,categorical,nonnull,CORRECT,704,10,0.014204545454545454,20260919
EXT-16-7960bd0bfdc6,16,c84a8ab9ed19c5c571cb146d,110,study_design,categorical,categorical,nonnull,CORRECT,704,10,0.014204545454545454,20260919
EXT-16-556b4e697c5f,16,81daeb01394bc07eb517af7d,105,country,categorical,categorical,nonnull,CORRECT,704,10,0.014204545454545454,20260919
EXT-16-c637cc006e74,16,e1a87f491017e8fdfb593ed0,48,study_design,categorical,categorical,nonnull,CORRECT,704,10,0.014204545454545454,20260919
EXT-16-878601e0da49,16,8b8f2711472d55224756106f,14,study_design,categorical,categorical,nonnull,CORRECT,704,10,0.014204545454545454,20260919
EXT-16-7de8a9b8e2d9,16,1a0ad2701bbc7b8e99b4b6d4,194,country,categorical,categorical,nonnull,CORRECT,704,10,0.014204545454545454,20260919
EXT-16-efe7f3f30a77,16,dc91bf5dca74cd1d5cb64396,179,water_body_type,categorical,categorical,nonnull,CORRECT,704,10,0.014204545454545454,20260919
EXT-16-633b9894f471,16,9a5ff7812ec7b3c191142558,165,country,categorical,categorical,nonnull,UNVERIFIABLE,2,2,1.0,20260919
EXT-16-7ebff77934c6,16,c43eb25924003a1e44a71fe9,119,country,categorical,categorical,nonnull,UNVERIFIABLE,2,2,1.0,20260919
EXT-16-3e309b09a8a3,16,806d8c9817a169202c70207c,58,polymer_type,categorical,categorical,null,UNVERIFIABLE,94,10,0.10638297872340426,20260919
EXT-16-3f9107de6d7d,16,79a504c524bfec725b0a210a,81,country,categorical,categorical,null,UNVERIFIABLE,94,10,0.10638297872340426,20260919
EXT-16-1b377a37508c,16,e07cba4dad664d827830e3ff,191,study_design,categorical,categorical,null,UNVERIFIABLE,94,10,0.10638297872340426,20260919
EXT-16-c88f2b390f19,16,01fe742d81d229af49cd746b,19,polymer_type,categorical,categorical,null,UNVERIFIABLE,94,10,0.10638297872340426,20260919
EXT-16-9c9a2f610609,16,8c70b3eeafa5f6ded5fdab52,67,polymer_type,categorical,categorical,null,UNVERIFIABLE,94,10,0.10638297872340426,20260919
EXT-16-e3d5c0ca1577,16,69df6cf9669ea3692dc00a10,18,polymer_type,categorical,categorical,null,UNVERIFIABLE,94,10,0.10638297872340426,20260919
EXT-16-9ed5ed1b47c7,16,b5880dd820cd3a43956daa5c,197,country,categorical,categorical,null,UNVERIFIABLE,94,10,0.10638297872340426,20260919
EXT-16-bf730c123bdf,16,09612be17cebf5ddc70db8a0,133,country,categorical,categorical,null,UNVERIFIABLE,94,10,0.10638297872340426,20260919
EXT-16-19d7789ea148,16,26dce11b582177c7b2f66418,42,country,categorical,categorical,null,UNVERIFIABLE,94,10,0.10638297872340426,20260919
EXT-16-8e974e643c4e,16,3a8d8bfc6b483b9ebfb52989,147,country,categorical,categorical,null,UNVERIFIABLE,94,10,0.10638297872340426,20260919
EXT-16-16d21444fe7b,16,01fe742d81d229af49cd746b,19,sample_size,potentially_synthesis_critical,numeric,nonnull,CORRECT,178,10,0.056179775280898875,20260919
EXT-16-e053b364cb6d,16,af9598c426f4899207261ba9,13,sample_size,potentially_synthesis_critical,numeric,nonnull,CORRECT,178,10,0.056179775280898875,20260919
EXT-16-8be9af6e9bdd,16,20abffab3bf727ca1e03d46a,36,sample_size,potentially_synthesis_critical,numeric,nonnull,CORRECT,178,10,0.056179775280898875,20260919
EXT-16-8657c24907bb,16,79a504c524bfec725b0a210a,81,concentration_items_L,potentially_synthesis_critical,numeric,nonnull,CORRECT,178,10,0.056179775280898875,20260919
EXT-16-d4b44c07ae75,16,d129247b7b6b9414e7f764b0,40,sample_size,potentially_synthesis_critical,numeric,nonnull,CORRECT,178,10,0.056179775280898875,20260919
EXT-16-01efa4403f57,16,c3969bfca8a298f57b922b72,93,sample_size,potentially_synthesis_critical,numeric,nonnull,CORRECT,178,10,0.056179775280898875,20260919
EXT-16-d262750a88dc,16,81daeb01394bc07eb517af7d,105,concentration_items_L,potentially_synthesis_critical,numeric,nonnull,CORRECT,178,10,0.056179775280898875,20260919
EXT-16-bfd279650df0,16,81996e2becf3bc684f393c74,163,sample_size,potentially_synthesis_critical,numeric,nonnull,CORRECT,178,10,0.056179775280898875,20260919
EXT-16-55ef79adf12f,16,19c5f824b5ade4598c797164,132,concentration_items_L,potentially_synthesis_critical,numeric,nonnull,CORRECT,178,10,0.056179775280898875,20260919
EXT-16-2e97ca0ebd7c,16,2f0c022a1b7422aa7f7db305,43,sample_size,potentially_synthesis_critical,numeric,nonnull,CORRECT,178,10,0.056179775280898875,20260919
EXT-16-22acc141668e,16,b976ce877bdddd43a485acfd,9,concentration_items_L,potentially_synthesis_critical,numeric,nonnull,INCORRECT,33,10,0.30303030303030304,20260919
EXT-16-7b224dd12b65,16,de1da4102162956d75b91b0a,70,sample_size,potentially_synthesis_critical,numeric,nonnull,INCORRECT,33,10,0.30303030303030304,20260919
EXT-16-05b23f37becb,16,2aaca77cbb2d8bd667b1dc8e,174,concentration_items_L,potentially_synthesis_critical,numeric,nonnull,INCORRECT,33,10,0.30303030303030304,20260919
EXT-16-60dbd5498af5,16,e9f3ba8c73dd64e517e9aa6a,161,concentration_items_L,potentially_synthesis_critical,numeric,nonnull,INCORRECT,33,10,0.30303030303030304,20260919
EXT-16-ab6cfc12bfbb,16,c5c485c4a980894975c0d7b9,87,concentration_items_L,potentially_synthesis_critical,numeric,nonnull,INCORRECT,33,10,0.30303030303030304,20260919
EXT-16-49c697cf5eff,16,15488817016f1f1557580946,59,concentration_items_L,potentially_synthesis_critical,numeric,nonnull,INCORRECT,33,10,0.30303030303030304,20260919
EXT-16-b3b83947f713,16,eec938c51ad6c740db122181,76,concentration_items_L,potentially_synthesis_critical,numeric,nonnull,INCORRECT,33,10,0.30303030303030304,20260919
EXT-16-89fdc15ae93f,16,aae93ff12ccf4fac3198135e,193,concentration_items_L,potentially_synthesis_critical,numeric,nonnull,INCORRECT,33,10,0.30303030303030304,20260919
EXT-16-093ab8ac08aa,16,74e6e6331abad17fbef9923f,183,concentration_items_L,potentially_synthesis_critical,numeric,nonnull,INCORRECT,33,10,0.30303030303030304,20260919
EXT-16-89cf688ab244,16,1e01104cce97f0ad0da673a7,139,sample_size,potentially_synthesis_critical,numeric,nonnull,INCORRECT,33,10,0.30303030303030304,20260919
EXT-16-1650c20dc239,16,25fd80a5e04af32fe1b5189c,146,concentration_items_L,potentially_synthesis_critical,numeric,nonnull,UNVERIFIABLE,3,3,1.0,20260919
EXT-16-f212bf9b40af,16,9a5ff7812ec7b3c191142558,165,sample_size,potentially_synthesis_critical,numeric,nonnull,UNVERIFIABLE,3,3,1.0,20260919
EXT-16-c12cd7a728f3,16,dc04e6040fd0771c7c086639,2,concentration_items_L,potentially_synthesis_critical,numeric,nonnull,UNVERIFIABLE,3,3,1.0,20260919
EXT-16-6c45fc286390,16,6183c02be364766e1120c606,73,sample_size,potentially_synthesis_critical,numeric,null,UNVERIFIABLE,186,10,0.053763440860215055,20260919
EXT-16-64db10c3ca2a,16,6492a10a3ac603b0da3eb9a1,142,concentration_items_L,potentially_synthesis_critical,numeric,null,UNVERIFIABLE,186,10,0.053763440860215055,20260919
EXT-16-ce28b777bceb,16,2d023a76aadd58da5893fc33,180,sample_size,potentially_synthesis_critical,numeric,null,UNVERIFIABLE,186,10,0.053763440860215055,20260919
EXT-16-1704452491dc,16,b5d66a2f5a8db100f0f9d417,3,concentration_items_L,potentially_synthesis_critical,numeric,null,UNVERIFIABLE,186,10,0.053763440860215055,20260919
EXT-16-3d5fb4449b48,16,134827fe0a3fe548319dbf5e,101,sample_size,potentially_synthesis_critical,numeric,null,UNVERIFIABLE,186,10,0.053763440860215055,20260919
EXT-16-1566c1c9d61e,16,d129247b7b6b9414e7f764b0,40,concentration_items_L,potentially_synthesis_critical,numeric,null,UNVERIFIABLE,186,10,0.053763440860215055,20260919
EXT-16-cb7d5fd3ee99,16,2104dc910ede2b3e024a873d,153,concentration_items_L,potentially_synthesis_critical,numeric,null,UNVERIFIABLE,186,10,0.053763440860215055,20260919
EXT-16-b9e6184af520,16,2fdafcb84d1aef56db6d407e,156,concentration_items_L,potentially_synthesis_critical,numeric,null,UNVERIFIABLE,186,10,0.053763440860215055,20260919
EXT-16-4bc57afe82c7,16,b5880dd820cd3a43956daa5c,197,sample_size,potentially_synthesis_critical,numeric,null,UNVERIFIABLE,186,10,0.053763440860215055,20260919
EXT-16-3218644cefff,16,2ffa3b784ff01e97f3f975db,177,sample_size,potentially_synthesis_critical,numeric,null,UNVERIFIABLE,186,10,0.053763440860215055,20260919
EXT-17-43e27fdd160f,17,6bf419fbba14b49f09ca11a4,64,benchmark,categorical,categorical,nonnull,CORRECT,682,10,0.01466275659824047,20260919
EXT-17-d1dd102928cd,17,729b8946b108c602442f1338,10,benchmark,categorical,categorical,nonnull,CORRECT,682,10,0.01466275659824047,20260919
EXT-17-0fbffdf1c610,17,9a0e7b70be3309065af2e7d2,35,study_design,categorical,categorical,nonnull,CORRECT,682,10,0.01466275659824047,20260919
EXT-17-4e6dad4d32cd,17,4122e6ba1f593c50e36577f7,119,task_type,categorical,categorical,nonnull,CORRECT,682,10,0.01466275659824047,20260919
EXT-17-dff6523e3e8a,17,140d80b796895b2ed22ce99e,50,study_design,categorical,categorical,nonnull,CORRECT,682,10,0.01466275659824047,20260919
EXT-17-02d1821dab71,17,c346611c6b3f608913f8ca56,76,model_name,categorical,categorical,nonnull,CORRECT,682,10,0.01466275659824047,20260919
EXT-17-e6d60d52bba0,17,8ba6c44ddd102a4fa69bf145,24,study_design,categorical,categorical,nonnull,CORRECT,682,10,0.01466275659824047,20260919
EXT-17-eaadf0785906,17,bd24aa4339bf0e7bc8c69ca6,32,study_design,categorical,categorical,nonnull,CORRECT,682,10,0.01466275659824047,20260919
EXT-17-06d61f105731,17,b33b3be236ff5009bb3c6548,143,task_type,categorical,categorical,nonnull,CORRECT,682,10,0.01466275659824047,20260919
EXT-17-f7260285cb37,17,4e737e4860010327fddd8dd5,172,task_type,categorical,categorical,nonnull,CORRECT,682,10,0.01466275659824047,20260919
EXT-17-aa476d43d5e5,17,45d3338b09f39002d09708b9,92,model_name,categorical,categorical,nonnull,INCORRECT,5,5,1.0,20260919
EXT-17-5541abd82342,17,fdd086e7e57b917f301ace27,176,model_name,categorical,categorical,nonnull,INCORRECT,5,5,1.0,20260919
EXT-17-30eba066ff52,17,e8f1cb51d0a8cf6cbbc4c782,12,model_name,categorical,categorical,nonnull,INCORRECT,5,5,1.0,20260919
EXT-17-dfe6cc0d017d,17,a96266d7d5ef0e0579560ec3,171,model_name,categorical,categorical,nonnull,INCORRECT,5,5,1.0,20260919
EXT-17-fab7a3872517,17,8ba6c44ddd102a4fa69bf145,24,model_name,categorical,categorical,nonnull,INCORRECT,5,5,1.0,20260919
EXT-17-aba8fc953263,17,b0b0dcc00076b08f62015b81,21,model_name,categorical,categorical,null,UNVERIFIABLE,113,10,0.08849557522123894,20260919
EXT-17-21ce262e4bfb,17,d6bab58ac3d880fd8a007f1c,78,model_name,categorical,categorical,null,UNVERIFIABLE,113,10,0.08849557522123894,20260919
EXT-17-3131e84efe63,17,fa11ac58ea7408c36915cb74,77,study_design,categorical,categorical,null,UNVERIFIABLE,113,10,0.08849557522123894,20260919
EXT-17-925d546b33a4,17,5abf4db0a9e8a26c197414e2,59,model_name,categorical,categorical,null,UNVERIFIABLE,113,10,0.08849557522123894,20260919
EXT-17-83d2175ce09e,17,dd4ccbbc031198e5aa0f5f0a,2,study_design,categorical,categorical,null,UNVERIFIABLE,113,10,0.08849557522123894,20260919
EXT-17-54033f7c7916,17,76456e0fb7f235b027457c92,100,study_design,categorical,categorical,null,UNVERIFIABLE,113,10,0.08849557522123894,20260919
EXT-17-5e87c52d978c,17,fa2ff0335ab50039134f6a2e,149,study_design,categorical,categorical,null,UNVERIFIABLE,113,10,0.08849557522123894,20260919
EXT-17-d8510edf8d51,17,3313f344bc637c598616997b,185,model_name,categorical,categorical,null,UNVERIFIABLE,113,10,0.08849557522123894,20260919
EXT-17-9af6d0516606,17,956a20c8950ed9f495548dc8,44,model_name,categorical,categorical,null,UNVERIFIABLE,113,10,0.08849557522123894,20260919
EXT-17-6b42f7293fff,17,caa179863ecb7c7f6af9a5ab,158,model_name,categorical,categorical,null,UNVERIFIABLE,113,10,0.08849557522123894,20260919
EXT-17-de8a550021a2,17,1e6535f3b8fbd35b231c4c31,109,parameter_count_B,other_numeric,numeric,nonnull,CORRECT,15,10,0.6666666666666666,20260919
EXT-17-da37c83eff29,17,7d237c02d4072abe9ad486d3,154,parameter_count_B,other_numeric,numeric,nonnull,CORRECT,15,10,0.6666666666666666,20260919
EXT-17-4e64f16b7fc5,17,5f9a6dbdc02fdde4e2b5f031,41,year,other_numeric,numeric,nonnull,CORRECT,15,10,0.6666666666666666,20260919
EXT-17-e722d17d3928,17,db2c18c95a153713e64ef63c,156,parameter_count_B,other_numeric,numeric,nonnull,CORRECT,15,10,0.6666666666666666,20260919
EXT-17-d673fb9667ba,17,ab5eef5e72a5d660c28b4e26,26,parameter_count_B,other_numeric,numeric,nonnull,CORRECT,15,10,0.6666666666666666,20260919
EXT-17-040bf7170929,17,fc4fc3fbc40695d3273ff271,138,year,other_numeric,numeric,nonnull,CORRECT,15,10,0.6666666666666666,20260919
EXT-17-20896bb279e5,17,3b13dbae294e881e8ef45035,17,year,other_numeric,numeric,nonnull,CORRECT,15,10,0.6666666666666666,20260919
EXT-17-60383d75c1dd,17,69b7f350dee62b4f50932569,198,year,other_numeric,numeric,nonnull,CORRECT,15,10,0.6666666666666666,20260919
EXT-17-bfc290bb30fb,17,b2ed22b12b1492267225f2c6,129,parameter_count_B,other_numeric,numeric,nonnull,CORRECT,15,10,0.6666666666666666,20260919
EXT-17-5d8bca74139f,17,b675335775ee0a1acb67ca9c,65,year,other_numeric,numeric,nonnull,CORRECT,15,10,0.6666666666666666,20260919
EXT-17-857d63e248a5,17,db2c18c95a153713e64ef63c,156,year,other_numeric,numeric,nonnull,INCORRECT,3,3,1.0,20260919
EXT-17-5763a4c8c9bd,17,f28aef89ebf57aad8ce7e909,31,parameter_count_B,other_numeric,numeric,nonnull,INCORRECT,3,3,1.0,20260919
EXT-17-f9789250f2a9,17,3b13dbae294e881e8ef45035,17,parameter_count_B,other_numeric,numeric,nonnull,INCORRECT,3,3,1.0,20260919
EXT-17-52381b0f2220,17,d65f04ced067f50f4cf7a330,16,year,other_numeric,numeric,null,UNVERIFIABLE,382,10,0.02617801047120419,20260919
EXT-17-7b6c6f8743b5,17,c97b0ac914fecb1fc2715734,136,year,other_numeric,numeric,null,UNVERIFIABLE,382,10,0.02617801047120419,20260919
EXT-17-31deb1c994a8,17,a96266d7d5ef0e0579560ec3,171,year,other_numeric,numeric,null,UNVERIFIABLE,382,10,0.02617801047120419,20260919
EXT-17-62371f33f9d4,17,729b8946b108c602442f1338,10,parameter_count_B,other_numeric,numeric,null,UNVERIFIABLE,382,10,0.02617801047120419,20260919
EXT-17-7b04185ee035,17,2eb8546b99673d7020ee01c3,84,parameter_count_B,other_numeric,numeric,null,UNVERIFIABLE,382,10,0.02617801047120419,20260919
EXT-17-34169a7a59fe,17,fe2cd99e709106184c3881c6,19,year,other_numeric,numeric,null,UNVERIFIABLE,382,10,0.02617801047120419,20260919
EXT-17-44c12ba0146e,17,af32eb767ed25c046a419e20,18,parameter_count_B,other_numeric,numeric,null,UNVERIFIABLE,382,10,0.02617801047120419,20260919
EXT-17-7431afe9b8b0,17,6e91d31daf6aa0c9a825d4db,162,year,other_numeric,numeric,null,UNVERIFIABLE,382,10,0.02617801047120419,20260919
EXT-17-3c98fcef8d5d,17,5d34b86e3713d7d1b34ed515,85,parameter_count_B,other_numeric,numeric,null,UNVERIFIABLE,382,10,0.02617801047120419,20260919
EXT-17-7ba180e058c8,17,414786f3ed94311ecdcb978e,160,year,other_numeric,numeric,null,UNVERIFIABLE,382,10,0.02617801047120419,20260919
EXT-17-1131995f56ca,17,67c6679ce40f30ec0db5702b,30,accuracy_percent,potentially_synthesis_critical,numeric,nonnull,CORRECT,52,10,0.19230769230769232,20260919
EXT-17-36be32938778,17,0b63446626b12d4de9233e21,39,accuracy_percent,potentially_synthesis_critical,numeric,nonnull,CORRECT,52,10,0.19230769230769232,20260919
EXT-17-829ab6258b1a,17,3832293b108ad28e64697d02,142,accuracy_percent,potentially_synthesis_critical,numeric,nonnull,CORRECT,52,10,0.19230769230769232,20260919
EXT-17-045efa78939c,17,b083b353d811177421c332d1,23,accuracy_percent,potentially_synthesis_critical,numeric,nonnull,CORRECT,52,10,0.19230769230769232,20260919
EXT-17-e7872a476a5a,17,7a21ddd9df545900438d072c,199,accuracy_percent,potentially_synthesis_critical,numeric,nonnull,CORRECT,52,10,0.19230769230769232,20260919
EXT-17-5b47bea61daa,17,17f70f1c4c75a1a5114e4932,121,accuracy_percent,potentially_synthesis_critical,numeric,nonnull,CORRECT,52,10,0.19230769230769232,20260919
EXT-17-6c0cdd2b4816,17,fa48bcd640e5f2b345d6b42b,94,accuracy_percent,potentially_synthesis_critical,numeric,nonnull,CORRECT,52,10,0.19230769230769232,20260919
EXT-17-f836a1cf11c1,17,f8a2f03c825354e066998946,99,accuracy_percent,potentially_synthesis_critical,numeric,nonnull,CORRECT,52,10,0.19230769230769232,20260919
EXT-17-5a8ab3a9975c,17,cd410ef0b03f5f4d0c3d6957,189,accuracy_percent,potentially_synthesis_critical,numeric,nonnull,CORRECT,52,10,0.19230769230769232,20260919
EXT-17-66a362634bf5,17,882769bb98278ad9bba29474,88,accuracy_percent,potentially_synthesis_critical,numeric,nonnull,CORRECT,52,10,0.19230769230769232,20260919
EXT-17-93e69ff1eebb,17,220ad6e873d0b4cd561dcd0a,28,accuracy_percent,potentially_synthesis_critical,numeric,nonnull,INCORRECT,7,7,1.0,20260919
EXT-17-71698bed8ad0,17,a0075de4afb103c0531794bc,102,accuracy_percent,potentially_synthesis_critical,numeric,nonnull,INCORRECT,7,7,1.0,20260919
EXT-17-3a6dbfcccc1c,17,bd24aa4339bf0e7bc8c69ca6,32,accuracy_percent,potentially_synthesis_critical,numeric,nonnull,INCORRECT,7,7,1.0,20260919
EXT-17-faf6f36dd37b,17,a10b0db845c59afdd2d59c5f,27,accuracy_percent,potentially_synthesis_critical,numeric,nonnull,INCORRECT,7,7,1.0,20260919
EXT-17-14c1e918507b,17,3471fd74d599a8c665f62ead,74,accuracy_percent,potentially_synthesis_critical,numeric,nonnull,INCORRECT,7,7,1.0,20260919
EXT-17-1ca659595e06,17,8a463fb72c2abe54ecb5a229,8,accuracy_percent,potentially_synthesis_critical,numeric,nonnull,INCORRECT,7,7,1.0,20260919
EXT-17-af425e72c6c2,17,5c31523730897d0a02171131,116,accuracy_percent,potentially_synthesis_critical,numeric,nonnull,INCORRECT,7,7,1.0,20260919
EXT-17-0c1b42d057bf,17,54c90851c20b08b4adb065c6,103,accuracy_percent,potentially_synthesis_critical,numeric,null,UNVERIFIABLE,141,10,0.07092198581560284,20260919
EXT-17-cd4ef3703edb,17,cc091eede4354e9489fe6707,93,accuracy_percent,potentially_synthesis_critical,numeric,null,UNVERIFIABLE,141,10,0.07092198581560284,20260919
EXT-17-5699610d63a1,17,4e737e4860010327fddd8dd5,172,accuracy_percent,potentially_synthesis_critical,numeric,null,UNVERIFIABLE,141,10,0.07092198581560284,20260919
EXT-17-93dd9d5554f7,17,ef138aae4d78de1551288d7c,165,accuracy_percent,potentially_synthesis_critical,numeric,null,UNVERIFIABLE,141,10,0.07092198581560284,20260919
EXT-17-bf7c70e63ab9,17,3313f344bc637c598616997b,185,accuracy_percent,potentially_synthesis_critical,numeric,null,UNVERIFIABLE,141,10,0.07092198581560284,20260919
EXT-17-be776dd130af,17,db35a4eda0c300a710f283db,87,accuracy_percent,potentially_synthesis_critical,numeric,null,UNVERIFIABLE,141,10,0.07092198581560284,20260919
EXT-17-1efb578cd537,17,b0b0dcc00076b08f62015b81,21,accuracy_percent,potentially_synthesis_critical,numeric,null,UNVERIFIABLE,141,10,0.07092198581560284,20260919
EXT-17-f309bf1d6fba,17,11d33433b5715efdd461c138,191,accuracy_percent,potentially_synthesis_critical,numeric,null,UNVERIFIABLE,141,10,0.07092198581560284,20260919
EXT-17-a4000559919e,17,c346611c6b3f608913f8ca56,76,accuracy_percent,potentially_synthesis_critical,numeric,null,UNVERIFIABLE,141,10,0.07092198581560284,20260919
EXT-17-95dd77932aa3,17,f0223e8effaff24502999511,141,accuracy_percent,potentially_synthesis_critical,numeric,null,UNVERIFIABLE,141,10,0.07092198581560284,20260919
EXT-18-fa60f6be9898,18,d5fd8173433be41cafc0e638,167,privacy_mechanism,categorical,categorical,nonnull,CORRECT,579,10,0.017271157167530225,20260919
EXT-18-87c488b89bb5,18,bb944707f070ffcc7aa35b76,162,study_design,categorical,categorical,nonnull,CORRECT,579,10,0.017271157167530225,20260919
EXT-18-caca9b5ae1d1,18,366a93a94f52f76076f934ac,26,privacy_mechanism,categorical,categorical,nonnull,CORRECT,579,10,0.017271157167530225,20260919
EXT-18-6911d355fa59,18,12464b93531b9271b42d0353,41,privacy_mechanism,categorical,categorical,nonnull,CORRECT,579,10,0.017271157167530225,20260919
EXT-18-c2cbf81b8bf5,18,b83c4c767664278fce14baa3,29,study_design,categorical,categorical,nonnull,CORRECT,579,10,0.017271157167530225,20260919
EXT-18-4d4a48cb0258,18,2a2f52e61624a10288be3926,71,aggregation_algorithm,categorical,categorical,nonnull,CORRECT,579,10,0.017271157167530225,20260919
EXT-18-675c45865d77,18,848beeedde63d2641c55d7b5,7,dataset,categorical,categorical,nonnull,CORRECT,579,10,0.017271157167530225,20260919
EXT-18-10ff930e3226,18,758e65d1de652eeeaa0715c4,96,study_design,categorical,categorical,nonnull,CORRECT,579,10,0.017271157167530225,20260919
EXT-18-1b233efca9cd,18,4a4b451d8164136aa60281fa,100,aggregation_algorithm,categorical,categorical,nonnull,CORRECT,579,10,0.017271157167530225,20260919
EXT-18-07f1937ed65a,18,053b4df0a5b4dd8267138cf3,93,privacy_mechanism,categorical,categorical,nonnull,CORRECT,579,10,0.017271157167530225,20260919
EXT-18-78d614788a32,18,e140cd563ab2c696682073bf,158,study_design,categorical,categorical,nonnull,INCORRECT,3,3,1.0,20260919
EXT-18-ed494802610c,18,7bfa30688ec571f7d2b0b354,99,aggregation_algorithm,categorical,categorical,nonnull,INCORRECT,3,3,1.0,20260919
EXT-18-50f087d8d5ab,18,227ec38a5060ebadd7b1f870,170,dataset,categorical,categorical,nonnull,INCORRECT,3,3,1.0,20260919
EXT-18-d93190fe8703,18,afe55bd01da9d9d61c1ec8b3,55,study_design,categorical,categorical,nonnull,UNVERIFIABLE,5,5,1.0,20260919
EXT-18-726023f49e5b,18,afe55bd01da9d9d61c1ec8b3,55,dataset,categorical,categorical,nonnull,UNVERIFIABLE,5,5,1.0,20260919
EXT-18-e61d0ebdecc3,18,bc071acfecaedfc828f7ddd4,160,study_design,categorical,categorical,nonnull,UNVERIFIABLE,5,5,1.0,20260919
EXT-18-83527c47b8de,18,bc071acfecaedfc828f7ddd4,160,dataset,categorical,categorical,nonnull,UNVERIFIABLE,5,5,1.0,20260919
EXT-18-0a4036570baf,18,9e83f88b5f7d257fe7ba21c8,109,aggregation_algorithm,categorical,categorical,nonnull,UNVERIFIABLE,5,5,1.0,20260919
EXT-18-dba4c80fb377,18,a735d1e685f8595a413b25b2,35,study_design,categorical,categorical,null,UNVERIFIABLE,213,10,0.046948356807511735,20260919
EXT-18-c14a2a9c2d61,18,a0490786ae42612d5bb83ab0,81,aggregation_algorithm,categorical,categorical,null,UNVERIFIABLE,213,10,0.046948356807511735,20260919
EXT-18-ffecb9c8a28e,18,ce4212b0f98ab904fa2a5bee,181,aggregation_algorithm,categorical,categorical,null,UNVERIFIABLE,213,10,0.046948356807511735,20260919
EXT-18-2b158343db41,18,e6c6629d8cfdaf71a09dec15,195,dataset,categorical,categorical,null,UNVERIFIABLE,213,10,0.046948356807511735,20260919
EXT-18-de6fcd91f3be,18,024a7f6e602336731087a045,94,dataset,categorical,categorical,null,UNVERIFIABLE,213,10,0.046948356807511735,20260919
EXT-18-23294df559b6,18,c04ebe1176e6db0840b17f83,126,dataset,categorical,categorical,null,UNVERIFIABLE,213,10,0.046948356807511735,20260919
EXT-18-79c063676f0b,18,19f2f1b6aed10f94e0c86aa1,191,privacy_mechanism,categorical,categorical,null,UNVERIFIABLE,213,10,0.046948356807511735,20260919
EXT-18-7f4e9a848792,18,44666c525f679ac4256332f5,17,aggregation_algorithm,categorical,categorical,null,UNVERIFIABLE,213,10,0.046948356807511735,20260919
EXT-18-af4b6db5de46,18,c589c7eb04e10eebc9687705,142,dataset,categorical,categorical,null,UNVERIFIABLE,213,10,0.046948356807511735,20260919
EXT-18-60212b164869,18,06feac385fb24e9357c471f8,134,dataset,categorical,categorical,null,UNVERIFIABLE,213,10,0.046948356807511735,20260919
EXT-18-92081766ad3a,18,b877fac496dba55ee1ff8ee8,3,n_clients,other_numeric,numeric,nonnull,CORRECT,20,10,0.5,20260919
EXT-18-4b24eb08a6f9,18,37211e905e083b02f34c02d8,76,privacy_budget_epsilon,other_numeric,numeric,nonnull,CORRECT,20,10,0.5,20260919
EXT-18-af46cc3a1c21,18,e7b39a8f1c8d8c8b824368f8,25,n_clients,other_numeric,numeric,nonnull,CORRECT,20,10,0.5,20260919
EXT-18-f5aabceaa9a4,18,5143d2487bf8b48da9897fd3,123,privacy_budget_epsilon,other_numeric,numeric,nonnull,CORRECT,20,10,0.5,20260919
EXT-18-65d4deb55bc2,18,d073645919f947288e093f16,31,n_clients,other_numeric,numeric,nonnull,CORRECT,20,10,0.5,20260919
EXT-18-ff41b831c9a2,18,45d1fc20fe5b19aea4fb0af1,147,n_clients,other_numeric,numeric,nonnull,CORRECT,20,10,0.5,20260919
EXT-18-733cad182c0d,18,be417d13a4d24507e9558ece,11,privacy_budget_epsilon,other_numeric,numeric,nonnull,CORRECT,20,10,0.5,20260919
EXT-18-f48e6ab53d69,18,3dbeab2e8a706dcfcc89345b,97,privacy_budget_epsilon,other_numeric,numeric,nonnull,CORRECT,20,10,0.5,20260919
EXT-18-eb071316f898,18,2c2d54a1da92855caac34400,114,n_clients,other_numeric,numeric,nonnull,CORRECT,20,10,0.5,20260919
EXT-18-a16d63c51ffe,18,b83c4c767664278fce14baa3,29,privacy_budget_epsilon,other_numeric,numeric,nonnull,CORRECT,20,10,0.5,20260919
EXT-18-18538f790279,18,afe55bd01da9d9d61c1ec8b3,55,n_clients,other_numeric,numeric,nonnull,UNVERIFIABLE,2,2,1.0,20260919
EXT-18-750fbb2627be,18,afe55bd01da9d9d61c1ec8b3,55,privacy_budget_epsilon,other_numeric,numeric,nonnull,UNVERIFIABLE,2,2,1.0,20260919
EXT-18-78dc87faef11,18,1baa728dfd0f90e608def3ab,77,privacy_budget_epsilon,other_numeric,numeric,null,CORRECT,1,1,1.0,20260919
EXT-18-0b5b39026b3d,18,93a2e3cc11b723dcb487e00f,178,privacy_budget_epsilon,other_numeric,numeric,null,UNVERIFIABLE,377,10,0.026525198938992044,20260919
EXT-18-a70720608e57,18,37211e905e083b02f34c02d8,76,n_clients,other_numeric,numeric,null,UNVERIFIABLE,377,10,0.026525198938992044,20260919
EXT-18-b551f43779aa,18,5db27373dca6cdbbc70939bd,83,privacy_budget_epsilon,other_numeric,numeric,null,UNVERIFIABLE,377,10,0.026525198938992044,20260919
EXT-18-4277655e8e4b,18,9a40b67550b7f88776ff0e43,50,privacy_budget_epsilon,other_numeric,numeric,null,UNVERIFIABLE,377,10,0.026525198938992044,20260919
EXT-18-2968d94c4967,18,13839ffdd5c5e22695755ee3,143,n_clients,other_numeric,numeric,null,UNVERIFIABLE,377,10,0.026525198938992044,20260919
EXT-18-d6ee2ab604d3,18,8d7e9285c3130693a94a0c34,197,privacy_budget_epsilon,other_numeric,numeric,null,UNVERIFIABLE,377,10,0.026525198938992044,20260919
EXT-18-65ea000f0e96,18,b36e31220729d4a929cfcca1,9,privacy_budget_epsilon,other_numeric,numeric,null,UNVERIFIABLE,377,10,0.026525198938992044,20260919
EXT-18-1aeb8e45f3c6,18,bd349f15afda92fb4e481bf1,87,n_clients,other_numeric,numeric,null,UNVERIFIABLE,377,10,0.026525198938992044,20260919
EXT-18-5c66e4d12691,18,9aa3542ec85b10d17cfdb2f7,186,privacy_budget_epsilon,other_numeric,numeric,null,UNVERIFIABLE,377,10,0.026525198938992044,20260919
EXT-18-7527d7a9c76c,18,00229d3649f7db1a9f15ac99,5,n_clients,other_numeric,numeric,null,UNVERIFIABLE,377,10,0.026525198938992044,20260919
EXT-18-c69ce6d88294,18,cf61e961099597ba82481d20,15,accuracy_percent,potentially_synthesis_critical,numeric,nonnull,CORRECT,40,10,0.25,20260919
EXT-18-8443663df1e9,18,d960ee3199ee3a1868c8361f,164,accuracy_percent,potentially_synthesis_critical,numeric,nonnull,CORRECT,40,10,0.25,20260919
EXT-18-2914316de5c9,18,d16f43a11ea5dbf5d1d5521e,185,accuracy_percent,potentially_synthesis_critical,numeric,nonnull,CORRECT,40,10,0.25,20260919
EXT-18-8e1c3fe29390,18,a60602d6ad0ab99876262400,42,accuracy_percent,potentially_synthesis_critical,numeric,nonnull,CORRECT,40,10,0.25,20260919
EXT-18-79d4a2370ca8,18,b544e550874873781a80bc08,174,accuracy_percent,potentially_synthesis_critical,numeric,nonnull,CORRECT,40,10,0.25,20260919
EXT-18-f77a908ffbd4,18,5143d2487bf8b48da9897fd3,123,accuracy_percent,potentially_synthesis_critical,numeric,nonnull,CORRECT,40,10,0.25,20260919
EXT-18-293a9ea7135d,18,a97e23669300aef181809c9f,116,accuracy_percent,potentially_synthesis_critical,numeric,nonnull,CORRECT,40,10,0.25,20260919
EXT-18-c7d54724093c,18,8d35c2dbe842c44143403b52,32,accuracy_percent,potentially_synthesis_critical,numeric,nonnull,CORRECT,40,10,0.25,20260919
EXT-18-0bcb55a0d0c0,18,22fa3ef8b3c92b87c2f3114a,161,accuracy_percent,potentially_synthesis_critical,numeric,nonnull,CORRECT,40,10,0.25,20260919
EXT-18-26c34a1bf582,18,227ec38a5060ebadd7b1f870,170,accuracy_percent,potentially_synthesis_critical,numeric,nonnull,CORRECT,40,10,0.25,20260919
EXT-18-13fa2080d4b8,18,2c66c61e55efd852a28449cc,101,accuracy_percent,potentially_synthesis_critical,numeric,nonnull,INCORRECT,4,4,1.0,20260919
EXT-18-120eab69b437,18,45d1fc20fe5b19aea4fb0af1,147,accuracy_percent,potentially_synthesis_critical,numeric,nonnull,INCORRECT,4,4,1.0,20260919
EXT-18-3a8da2dd6a74,18,3dbeab2e8a706dcfcc89345b,97,accuracy_percent,potentially_synthesis_critical,numeric,nonnull,INCORRECT,4,4,1.0,20260919
EXT-18-6601e96b56d7,18,bd7dab0a016a3484c90a8e64,145,accuracy_percent,potentially_synthesis_critical,numeric,nonnull,INCORRECT,4,4,1.0,20260919
EXT-18-445c8799f5ff,18,241c7a35556dfedaa52ac20d,189,accuracy_percent,potentially_synthesis_critical,numeric,null,UNVERIFIABLE,156,10,0.0641025641025641,20260919
EXT-18-35bb2d4e0d79,18,0da33d77e53a1e905d7a8753,84,accuracy_percent,potentially_synthesis_critical,numeric,null,UNVERIFIABLE,156,10,0.0641025641025641,20260919
EXT-18-75abe5245cc0,18,0a2353290f0454ee89e846fc,198,accuracy_percent,potentially_synthesis_critical,numeric,null,UNVERIFIABLE,156,10,0.0641025641025641,20260919
EXT-18-173b422747bc,18,0602b90acbeb9698ce0c5cda,98,accuracy_percent,potentially_synthesis_critical,numeric,null,UNVERIFIABLE,156,10,0.0641025641025641,20260919
EXT-18-8b9e0cbbe499,18,4422b1e415b12bf482ba1ebe,135,accuracy_percent,potentially_synthesis_critical,numeric,null,UNVERIFIABLE,156,10,0.0641025641025641,20260919
EXT-18-60a08e0c1412,18,8d7e9285c3130693a94a0c34,197,accuracy_percent,potentially_synthesis_critical,numeric,null,UNVERIFIABLE,156,10,0.0641025641025641,20260919
EXT-18-611cd56ca8b8,18,40e887c277a25109b96442fd,151,accuracy_percent,potentially_synthesis_critical,numeric,null,UNVERIFIABLE,156,10,0.0641025641025641,20260919
EXT-18-ce378ff3009a,18,648bf370805e2083ecea6439,51,accuracy_percent,potentially_synthesis_critical,numeric,null,UNVERIFIABLE,156,10,0.0641025641025641,20260919
EXT-18-b030c7a2e261,18,60e7ff5cbbf470447fa5e9c7,188,accuracy_percent,potentially_synthesis_critical,numeric,null,UNVERIFIABLE,156,10,0.0641025641025641,20260919
EXT-18-66f740ac5eec,18,6592a22883ff4457da5c8674,115,accuracy_percent,potentially_synthesis_critical,numeric,null,UNVERIFIABLE,156,10,0.0641025641025641,20260919
EXT-19-36f4b747fb90,19,29b5f3c2aec10e779d8f5c09,173,methodology,categorical,categorical,nonnull,CORRECT,810,10,0.012345679012345678,20260919
EXT-19-c8215e1d525f,19,114ba9c76c16ad6787ab06ef,41,application_domain,categorical,categorical,nonnull,CORRECT,810,10,0.012345679012345678,20260919
EXT-19-ba6f6e653f3d,19,8180dde9a1e5bb634cfdf869,61,study_design,categorical,categorical,nonnull,CORRECT,810,10,0.012345679012345678,20260919
EXT-19-5d0713f8ae81,19,84261e865dc53b088bed9fc3,169,key_principle,categorical,categorical,nonnull,CORRECT,810,10,0.012345679012345678,20260919
EXT-19-f4344205895d,19,73e0555bc3027da3baeb3358,147,application_domain,categorical,categorical,nonnull,CORRECT,810,10,0.012345679012345678,20260919
EXT-19-46425bb589c2,19,edb8d78e72759439c38d587a,106,application_domain,categorical,categorical,nonnull,CORRECT,810,10,0.012345679012345678,20260919
EXT-19-21933206668d,19,2359e32ecd5a48565d8e3202,66,methodology,categorical,categorical,nonnull,CORRECT,810,10,0.012345679012345678,20260919
EXT-19-772dced97bd2,19,7699f9274deb6a27830c0903,19,ethical_framework,categorical,categorical,nonnull,CORRECT,810,10,0.012345679012345678,20260919
EXT-19-2ce164af5a7a,19,38368844c9f9c933b25e81a1,159,key_principle,categorical,categorical,nonnull,CORRECT,810,10,0.012345679012345678,20260919
EXT-19-ed5da6821e4d,19,6f53bf8fe996ec638efa51d3,72,methodology,categorical,categorical,nonnull,CORRECT,810,10,0.012345679012345678,20260919
EXT-19-3f2f2f7002c7,19,98b8873fe3ddcf13d6261026,136,key_principle,categorical,categorical,nonnull,INCORRECT,5,5,1.0,20260919
EXT-19-ee3802bf98f0,19,4d3bcbfe6a7bec72c3878322,40,application_domain,categorical,categorical,nonnull,INCORRECT,5,5,1.0,20260919
EXT-19-2c34e35de393,19,4b0642920af35e43a4fe562a,133,methodology,categorical,categorical,nonnull,INCORRECT,5,5,1.0,20260919
EXT-19-735f9a7f3e9f,19,846a166f99a4c7d34b463338,148,methodology,categorical,categorical,nonnull,INCORRECT,5,5,1.0,20260919
EXT-19-a8314376d6e9,19,4af2501963dc0fcb8ef0a401,124,methodology,categorical,categorical,nonnull,INCORRECT,5,5,1.0,20260919
EXT-19-23449cfd2810,19,2a3ace33f520b6e894403d26,35,methodology,categorical,categorical,nonnull,UNVERIFIABLE,2,2,1.0,20260919
EXT-19-0fa4748ba3a9,19,850a7f107ae5cecd283f2d85,180,key_principle,categorical,categorical,nonnull,UNVERIFIABLE,2,2,1.0,20260919
EXT-19-e03cfc8f0608,19,e3b938f61fc9c3bbc15e0223,179,methodology,categorical,categorical,null,UNVERIFIABLE,183,10,0.0546448087431694,20260919
EXT-19-25add6f47051,19,bedc4af0994b8879a2f2fa5d,184,methodology,categorical,categorical,null,UNVERIFIABLE,183,10,0.0546448087431694,20260919
EXT-19-ab39cedf492a,19,6075c4b2fa3a4fb6bee2697d,84,study_design,categorical,categorical,null,UNVERIFIABLE,183,10,0.0546448087431694,20260919
EXT-19-391086ae0e4b,19,1653f72b2bac9c65ededc1e9,195,methodology,categorical,categorical,null,UNVERIFIABLE,183,10,0.0546448087431694,20260919
EXT-19-a130522b7c4a,19,36ae8c89dadcacd5020020b6,58,study_design,categorical,categorical,null,UNVERIFIABLE,183,10,0.0546448087431694,20260919
EXT-19-c64e209455ed,19,82d88d5299f1b993e2fab6c2,174,methodology,categorical,categorical,null,UNVERIFIABLE,183,10,0.0546448087431694,20260919
EXT-19-b14570013883,19,9cb3b08269db6495b2efee30,104,study_design,categorical,categorical,null,UNVERIFIABLE,183,10,0.0546448087431694,20260919
EXT-19-a560f220d672,19,255eb49ad4f76bcc232faa2a,187,study_design,categorical,categorical,null,UNVERIFIABLE,183,10,0.0546448087431694,20260919
EXT-19-47786ece520a,19,e3b938f61fc9c3bbc15e0223,179,study_design,categorical,categorical,null,UNVERIFIABLE,183,10,0.0546448087431694,20260919
EXT-19-38cb9b1ca072,19,3b4c4940d2dbdba727e0d1df,167,ethical_framework,categorical,categorical,null,UNVERIFIABLE,183,10,0.0546448087431694,20260919
EXT-19-ed9e22c3e8c8,19,3ce4e93dbab59790f88aabbc,145,sample_size,potentially_synthesis_critical,numeric,nonnull,CORRECT,20,10,0.5,20260919
EXT-19-1897d3b7b131,19,cca0f8fd86863373b1e36857,55,sample_size,potentially_synthesis_critical,numeric,nonnull,CORRECT,20,10,0.5,20260919
EXT-19-5dc6533be6a2,19,62b85f456d1123d9817eb9d8,25,sample_size,potentially_synthesis_critical,numeric,nonnull,CORRECT,20,10,0.5,20260919
EXT-19-eb4da965094d,19,cbbf8ea8094a68546e60f255,188,sample_size,potentially_synthesis_critical,numeric,nonnull,CORRECT,20,10,0.5,20260919
EXT-19-4d13b5b029de,19,edd7a7a59b5d2a3d7ee8c5cc,46,sample_size,potentially_synthesis_critical,numeric,nonnull,CORRECT,20,10,0.5,20260919
EXT-19-6fb18ae33ed8,19,d9a26f44c774a1b2383322eb,53,sample_size,potentially_synthesis_critical,numeric,nonnull,CORRECT,20,10,0.5,20260919
EXT-19-1ac1f59a3d1a,19,4b0642920af35e43a4fe562a,133,sample_size,potentially_synthesis_critical,numeric,nonnull,CORRECT,20,10,0.5,20260919
EXT-19-321d3916f466,19,a646d276ff19b08cba767b10,49,sample_size,potentially_synthesis_critical,numeric,nonnull,CORRECT,20,10,0.5,20260919
EXT-19-012bdde1c20f,19,cd78b05fefa320c7a5a904ad,154,sample_size,potentially_synthesis_critical,numeric,nonnull,CORRECT,20,10,0.5,20260919
EXT-19-b665d8944f46,19,85f41b7087f8c45aede4b441,85,sample_size,potentially_synthesis_critical,numeric,nonnull,CORRECT,20,10,0.5,20260919
EXT-19-5d1ca0bc61dc,19,adfe80129811833812aa413a,26,sample_size,potentially_synthesis_critical,numeric,null,UNVERIFIABLE,180,10,0.05555555555555555,20260919
EXT-19-4cba7b3f473c,19,8668a2030ce5a7c6fd6b611f,79,sample_size,potentially_synthesis_critical,numeric,null,UNVERIFIABLE,180,10,0.05555555555555555,20260919
EXT-19-ef5807ea7ad9,19,4af2501963dc0fcb8ef0a401,124,sample_size,potentially_synthesis_critical,numeric,null,UNVERIFIABLE,180,10,0.05555555555555555,20260919
EXT-19-bcd52c6b25f9,19,1864d4968bbd60e3275a90f2,122,sample_size,potentially_synthesis_critical,numeric,null,UNVERIFIABLE,180,10,0.05555555555555555,20260919
EXT-19-1e3fe1e0608b,19,9cb3b08269db6495b2efee30,104,sample_size,potentially_synthesis_critical,numeric,null,UNVERIFIABLE,180,10,0.05555555555555555,20260919
EXT-19-341855c0a83c,19,de3b1a75a0c235bd31be6176,23,sample_size,potentially_synthesis_critical,numeric,null,UNVERIFIABLE,180,10,0.05555555555555555,20260919
EXT-19-f094919b8e63,19,befcd77a5130eeed8557c8f0,183,sample_size,potentially_synthesis_critical,numeric,null,UNVERIFIABLE,180,10,0.05555555555555555,20260919
EXT-19-f90ca2437c52,19,8fe47bac31f7f9117f311382,39,sample_size,potentially_synthesis_critical,numeric,null,UNVERIFIABLE,180,10,0.05555555555555555,20260919
EXT-19-85574fc4eded,19,fdea1f98f3958591a52a2032,172,sample_size,potentially_synthesis_critical,numeric,null,UNVERIFIABLE,180,10,0.05555555555555555,20260919
EXT-19-e29ab0cbbc1f,19,153a3e05b29828a7d2c5dcce,193,sample_size,potentially_synthesis_critical,numeric,null,UNVERIFIABLE,180,10,0.05555555555555555,20260919
EXT-20-46ab1bc0236e,20,06fc0c74c552232e4ae76340,85,industry_sector,categorical,categorical,nonnull,CORRECT,704,10,0.014204545454545454,20260919
EXT-20-4efe796c98f2,20,8b0ba8d32b21c9238af930a2,81,dl_architecture,categorical,categorical,nonnull,CORRECT,704,10,0.014204545454545454,20260919
EXT-20-1b5b653bf83a,20,f2ad40d48108f9f5aa54e9a5,174,industry_sector,categorical,categorical,nonnull,CORRECT,704,10,0.014204545454545454,20260919
EXT-20-fb301cb828db,20,ab79f62358682d889abad068,72,fault_type,categorical,categorical,nonnull,CORRECT,704,10,0.014204545454545454,20260919
EXT-20-d6dcb695fdf3,20,a33200a433bdb73170ce9342,53,fault_type,categorical,categorical,nonnull,CORRECT,704,10,0.014204545454545454,20260919
EXT-20-8a5ef6c8a401,20,f495152da442d40cf6a176d7,113,industry_sector,categorical,categorical,nonnull,CORRECT,704,10,0.014204545454545454,20260919
EXT-20-4c10e7ee0562,20,774fbe5697ef11c0d4a6d289,130,fault_type,categorical,categorical,nonnull,CORRECT,704,10,0.014204545454545454,20260919
EXT-20-1d3c78d5294a,20,ab79f62358682d889abad068,72,dl_architecture,categorical,categorical,nonnull,CORRECT,704,10,0.014204545454545454,20260919
EXT-20-c3046802f037,20,fa21051e93900c1080897952,61,study_design,categorical,categorical,nonnull,CORRECT,704,10,0.014204545454545454,20260919
EXT-20-f21f62fc91c0,20,92b8533a4a520d8217f94f62,2,fault_type,categorical,categorical,nonnull,CORRECT,704,10,0.014204545454545454,20260919
EXT-20-28d878a46d82,20,d68d472f21c833f5aa703d8d,5,industry_sector,categorical,categorical,nonnull,INCORRECT,1,1,1.0,20260919
EXT-20-5036f061fe78,20,55f3ceb87d9f048e5f28bf7a,118,fault_type,categorical,categorical,nonnull,UNVERIFIABLE,4,4,1.0,20260919
EXT-20-31a7545a3196,20,7e589739c4874a9d1faa93eb,104,fault_type,categorical,categorical,nonnull,UNVERIFIABLE,4,4,1.0,20260919
EXT-20-aa9672b45b56,20,aa6bf6898aee74c7e3b643db,27,study_design,categorical,categorical,nonnull,UNVERIFIABLE,4,4,1.0,20260919
EXT-20-68944ebd96bd,20,a8d384b682cab605fc4d8bc7,142,industry_sector,categorical,categorical,nonnull,UNVERIFIABLE,4,4,1.0,20260919
EXT-20-f33efdbfd38f,20,e3af5d04fffb86e3caa206c4,155,study_design,categorical,categorical,null,UNVERIFIABLE,91,10,0.10989010989010989,20260919
EXT-20-e660314dd0cc,20,3aec19ae5e60b245e6d3ae3f,40,fault_type,categorical,categorical,null,UNVERIFIABLE,91,10,0.10989010989010989,20260919
EXT-20-46c131d7a73c,20,a6e5aa33896af9e27119a584,70,fault_type,categorical,categorical,null,UNVERIFIABLE,91,10,0.10989010989010989,20260919
EXT-20-103fb71f072b,20,92b8533a4a520d8217f94f62,2,study_design,categorical,categorical,null,UNVERIFIABLE,91,10,0.10989010989010989,20260919
EXT-20-bd2214c481f2,20,174b506b92dbe62f3653787d,3,fault_type,categorical,categorical,null,UNVERIFIABLE,91,10,0.10989010989010989,20260919
EXT-20-593af2e18e58,20,66f3b870d85d51740622d8fd,156,fault_type,categorical,categorical,null,UNVERIFIABLE,91,10,0.10989010989010989,20260919
EXT-20-bc77a60f9a5e,20,d47801a666e3153cd02e268e,109,study_design,categorical,categorical,null,UNVERIFIABLE,91,10,0.10989010989010989,20260919
EXT-20-3076e0d286a3,20,3774404a1d13b1f042bae433,103,study_design,categorical,categorical,null,UNVERIFIABLE,91,10,0.10989010989010989,20260919
EXT-20-f69f84ce0945,20,4a81a2bd16e6dbe11789c849,151,study_design,categorical,categorical,null,UNVERIFIABLE,91,10,0.10989010989010989,20260919
EXT-20-162346ed883a,20,d5016df1e1776ed5cf564970,42,fault_type,categorical,categorical,null,UNVERIFIABLE,91,10,0.10989010989010989,20260919
EXT-20-d114298cdaaa,20,58d1cfc0ef35eeb3cae3008c,56,dataset_size,other_numeric,numeric,nonnull,CORRECT,25,10,0.4,20260919
EXT-20-f6b7cda28f67,20,268f1916c3fc08fe68084160,64,dataset_size,other_numeric,numeric,nonnull,CORRECT,25,10,0.4,20260919
EXT-20-a6dc72f837e7,20,defe6687e52e4b7e6967c375,201,dataset_size,other_numeric,numeric,nonnull,CORRECT,25,10,0.4,20260919
EXT-20-8547dcc0ba34,20,a5a7c147b9ec3a7758d0bd17,185,dataset_size,other_numeric,numeric,nonnull,CORRECT,25,10,0.4,20260919
EXT-20-e18d16e94563,20,56d6cc1e802b50fec6df1058,96,dataset_size,other_numeric,numeric,nonnull,CORRECT,25,10,0.4,20260919
EXT-20-1cc33622a8bd,20,fc8228033b8bbdac0a39c1ea,48,dataset_size,other_numeric,numeric,nonnull,CORRECT,25,10,0.4,20260919
EXT-20-74c6cca5133a,20,9bb28383dc6016b98dcfac26,132,dataset_size,other_numeric,numeric,nonnull,CORRECT,25,10,0.4,20260919
EXT-20-58a67f82d774,20,872609ce69cf33f6d02ec6cd,25,dataset_size,other_numeric,numeric,nonnull,CORRECT,25,10,0.4,20260919
EXT-20-a1db83265ed8,20,d2881ed138e1a6a91ecbc0d7,91,dataset_size,other_numeric,numeric,nonnull,CORRECT,25,10,0.4,20260919
EXT-20-4306c89ad8cf,20,7dbf5f72a1cd93a352539e36,12,dataset_size,other_numeric,numeric,nonnull,CORRECT,25,10,0.4,20260919
EXT-20-793525274898,20,c92c8d6a4bba7a01a3b36a70,127,dataset_size,other_numeric,numeric,nonnull,INCORRECT,2,2,1.0,20260919
EXT-20-7d4f849d82ac,20,e9ad15670a80f2b1cbc2b061,117,dataset_size,other_numeric,numeric,nonnull,INCORRECT,2,2,1.0,20260919
EXT-20-aa55ec1a331a,20,25ebd77920d9409588052a98,10,dataset_size,other_numeric,numeric,nonnull,UNVERIFIABLE,3,3,1.0,20260919
EXT-20-76f3455a887e,20,7cdc4c739e511aa3362fcb98,87,dataset_size,other_numeric,numeric,nonnull,UNVERIFIABLE,3,3,1.0,20260919
EXT-20-6c9d3793d3a8,20,05841b505b5f3821d95aeeb5,136,dataset_size,other_numeric,numeric,nonnull,UNVERIFIABLE,3,3,1.0,20260919
EXT-20-830b2be97e02,20,6b5675debf5e26ce0ecf29d1,32,dataset_size,other_numeric,numeric,null,UNVERIFIABLE,170,10,0.058823529411764705,20260919
EXT-20-346143549d72,20,df18666d8a690b5166903b5c,100,dataset_size,other_numeric,numeric,null,UNVERIFIABLE,170,10,0.058823529411764705,20260919
EXT-20-da471e895fcf,20,5bdb40274e39aeba3266343b,178,dataset_size,other_numeric,numeric,null,UNVERIFIABLE,170,10,0.058823529411764705,20260919
EXT-20-49138e869c36,20,9cce061501856e788706833d,125,dataset_size,other_numeric,numeric,null,UNVERIFIABLE,170,10,0.058823529411764705,20260919
EXT-20-31761376143a,20,af97808532e50ab25a318630,123,dataset_size,other_numeric,numeric,null,UNVERIFIABLE,170,10,0.058823529411764705,20260919
EXT-20-08ee85189060,20,279544005383ab469c6ce6b0,59,dataset_size,other_numeric,numeric,null,UNVERIFIABLE,170,10,0.058823529411764705,20260919
EXT-20-c6ee7bfe4d20,20,2e5bc59ccf263a41ee6b95c5,67,dataset_size,other_numeric,numeric,null,UNVERIFIABLE,170,10,0.058823529411764705,20260919
EXT-20-6a46f9d30f4e,20,380e3b860bde08c81796665e,138,dataset_size,other_numeric,numeric,null,UNVERIFIABLE,170,10,0.058823529411764705,20260919
EXT-20-94c898c8432b,20,afde612b99f7d2da72378744,166,dataset_size,other_numeric,numeric,null,UNVERIFIABLE,170,10,0.058823529411764705,20260919
EXT-20-24733aba01ac,20,44bc812e8b5887893199e78c,90,dataset_size,other_numeric,numeric,null,UNVERIFIABLE,170,10,0.058823529411764705,20260919
EXT-20-aeb9a2a95a2b,20,8c55bad76f6b33fc9beed59b,199,accuracy_percent,potentially_synthesis_critical,numeric,nonnull,CORRECT,65,10,0.15384615384615385,20260919
EXT-20-24b3e6d5e4e5,20,6d469cc8c630872e86b806b9,134,accuracy_percent,potentially_synthesis_critical,numeric,nonnull,CORRECT,65,10,0.15384615384615385,20260919
EXT-20-ce0b8bd846f8,20,a5a7c147b9ec3a7758d0bd17,185,accuracy_percent,potentially_synthesis_critical,numeric,nonnull,CORRECT,65,10,0.15384615384615385,20260919
EXT-20-7ef3ca556a5b,20,e06a7dcae6878e9877aa73fa,78,accuracy_percent,potentially_synthesis_critical,numeric,nonnull,CORRECT,65,10,0.15384615384615385,20260919
EXT-20-414450fb82a6,20,a6e5aa33896af9e27119a584,70,accuracy_percent,potentially_synthesis_critical,numeric,nonnull,CORRECT,65,10,0.15384615384615385,20260919
EXT-20-09a3cfd8db35,20,2e4f56f63e2c49e3fff70367,200,accuracy_percent,potentially_synthesis_critical,numeric,nonnull,CORRECT,65,10,0.15384615384615385,20260919
EXT-20-30d5e93e824e,20,6c6bcd9b2ec7d83069750dd4,195,accuracy_percent,potentially_synthesis_critical,numeric,nonnull,CORRECT,65,10,0.15384615384615385,20260919
EXT-20-276d5873c536,20,dbca21d3a4ee9b005134e7c5,172,accuracy_percent,potentially_synthesis_critical,numeric,nonnull,CORRECT,65,10,0.15384615384615385,20260919
EXT-20-0891cb31ee3c,20,09f18b8222848f091aa1c7c6,191,accuracy_percent,potentially_synthesis_critical,numeric,nonnull,CORRECT,65,10,0.15384615384615385,20260919
EXT-20-9e7600ebbf8d,20,53564cf28b487fd4a54a7015,197,accuracy_percent,potentially_synthesis_critical,numeric,nonnull,CORRECT,65,10,0.15384615384615385,20260919
EXT-20-c7f37592409a,20,899daa92e42cb1a56ca2c340,183,accuracy_percent,potentially_synthesis_critical,numeric,nonnull,INCORRECT,4,4,1.0,20260919
EXT-20-157d50002b4c,20,fc8228033b8bbdac0a39c1ea,48,accuracy_percent,potentially_synthesis_critical,numeric,nonnull,INCORRECT,4,4,1.0,20260919
EXT-20-23ea5387230c,20,56765ba64761b8f99adff2d2,173,accuracy_percent,potentially_synthesis_critical,numeric,nonnull,INCORRECT,4,4,1.0,20260919
EXT-20-52f4aaf2db73,20,899daa92e42cb1a56ca2c340,183,f1_score,potentially_synthesis_critical,numeric,nonnull,INCORRECT,4,4,1.0,20260919
EXT-20-55a42ab6f977,20,25ebd77920d9409588052a98,10,f1_score,potentially_synthesis_critical,numeric,null,UNVERIFIABLE,331,10,0.030211480362537766,20260919
EXT-20-2bb95842663e,20,28c3df5c652f45ff8953a0b7,86,f1_score,potentially_synthesis_critical,numeric,null,UNVERIFIABLE,331,10,0.030211480362537766,20260919
EXT-20-a8eecce135a0,20,df91d453b94030e16d40c87e,189,accuracy_percent,potentially_synthesis_critical,numeric,null,UNVERIFIABLE,331,10,0.030211480362537766,20260919
EXT-20-e55703b57144,20,ff41c126886308fceb9ff45d,165,f1_score,potentially_synthesis_critical,numeric,null,UNVERIFIABLE,331,10,0.030211480362537766,20260919
EXT-20-2d35bace74a1,20,528e4b8d0e4389a367f79230,157,f1_score,potentially_synthesis_critical,numeric,null,UNVERIFIABLE,331,10,0.030211480362537766,20260919
EXT-20-d4dcbb8339ed,20,bc3a4e4377cd772457dca3f7,18,f1_score,potentially_synthesis_critical,numeric,null,UNVERIFIABLE,331,10,0.030211480362537766,20260919
EXT-20-0a22862263c7,20,bfbbf3874d64a67dbcb05d7a,77,accuracy_percent,potentially_synthesis_critical,numeric,null,UNVERIFIABLE,331,10,0.030211480362537766,20260919
EXT-20-dbf8e2d8fed0,20,d4f66b1e03bf1c2b66299e7f,108,accuracy_percent,potentially_synthesis_critical,numeric,null,UNVERIFIABLE,331,10,0.030211480362537766,20260919
EXT-20-b63da89f49c8,20,70b477ef1304ceb144810ede,146,f1_score,potentially_synthesis_critical,numeric,null,UNVERIFIABLE,331,10,0.030211480362537766,20260919
EXT-20-dbfa0df4c4df,20,09af827736fef9e7584f7f25,139,f1_score,potentially_synthesis_critical,numeric,null,UNVERIFIABLE,331,10,0.030211480362537766,20260919
