sample_id,case_id,record_id,source_row_number,historical_llm_decision,stratum_population,stratum_sample,selection_probability,master_seed
SCR-01-b2c21f5c3a86,1,c4478af3cee2003259d92cec,50,INCLUDE,22,22,1.0,20260919
SCR-01-c8f6171e864f,1,ba610a382258c9f02adb9c39,77,INCLUDE,22,22,1.0,20260919
SCR-01-d33257d56ec0,1,5df8f0cff0f4e26e520e70c5,3,INCLUDE,22,22,1.0,20260919
SCR-01-3d4a2dd44017,1,4a335dfca033818b5cd77d8a,82,INCLUDE,22,22,1.0,20260919
SCR-01-a7f061394abf,1,9cb0b44e7c783da6dba106e4,75,INCLUDE,22,22,1.0,20260919
SCR-01-f0105ebbe494,1,7dc71166a0669286244a3443,68,INCLUDE,22,22,1.0,20260919
SCR-01-600251380331,1,74c74b90f43d37e96d969169,69,INCLUDE,22,22,1.0,20260919
SCR-01-93434c5442b8,1,7201ef53264e751926f3815c,42,INCLUDE,22,22,1.0,20260919
SCR-01-a66be905fc65,1,26f36465f4a213a180a941ee,47,INCLUDE,22,22,1.0,20260919
SCR-01-b3b2d2705ca5,1,c818569fa7dd3a3ad3b18fae,51,INCLUDE,22,22,1.0,20260919
SCR-01-5d99e9298e38,1,7876d53ec047de36739d6c57,35,INCLUDE,22,22,1.0,20260919
SCR-01-da5c40c3005a,1,812e962c4056c3424374da74,29,INCLUDE,22,22,1.0,20260919
SCR-01-754308a1ec86,1,0512278ca2d2005fbc514a0f,70,INCLUDE,22,22,1.0,20260919
SCR-01-07084b82c272,1,d043a60ebf7f3a011cef01e9,84,INCLUDE,22,22,1.0,20260919
SCR-01-63920fd3e0af,1,105b5ad33b35368346287587,83,INCLUDE,22,22,1.0,20260919
SCR-01-9994b83c66c3,1,f94c2a534f8c587b43bc6729,18,INCLUDE,22,22,1.0,20260919
SCR-01-198da16f0b2c,1,d502a26f35fa2d36ec674697,8,INCLUDE,22,22,1.0,20260919
SCR-01-813c7970f1df,1,244b9d4c22c652fbea855f2d,5,INCLUDE,22,22,1.0,20260919
SCR-01-e0f8d6f7cd60,1,65bb57c72322a4b443eb58f4,52,INCLUDE,22,22,1.0,20260919
SCR-01-9813cfadea2c,1,47ec9b89e295f599acd6ef87,80,INCLUDE,22,22,1.0,20260919
SCR-01-304317d86051,1,17e219aadc9e023c2815e0dd,67,INCLUDE,22,22,1.0,20260919
SCR-01-ca69b3d3932d,1,54b730c24b3236f401793b27,81,INCLUDE,22,22,1.0,20260919
SCR-01-7de25d08aea7,1,b2eb273b17cfe2e9ac976184,63,EXCLUDE,68,30,0.4411764705882353,20260919
SCR-01-a8a677b36da1,1,97c5070014df9ea6cf5b1dde,30,EXCLUDE,68,30,0.4411764705882353,20260919
SCR-01-08b99f4a9d47,1,e0f9a46986fa20476c5fdd96,44,EXCLUDE,68,30,0.4411764705882353,20260919
SCR-01-bcfa4186f26c,1,b4f37475dde9a334e6e51298,17,EXCLUDE,68,30,0.4411764705882353,20260919
SCR-01-b417bd915447,1,f0e9f37773e26a03f930c001,87,EXCLUDE,68,30,0.4411764705882353,20260919
SCR-01-972b6aa33da2,1,52dcd1bda7253a4d557660d4,72,EXCLUDE,68,30,0.4411764705882353,20260919
SCR-01-e5a8d8273def,1,0dc636a5aa2d14087b6c464a,64,EXCLUDE,68,30,0.4411764705882353,20260919
SCR-01-adf2db14459c,1,6bb73e8db8614952325bec7a,25,EXCLUDE,68,30,0.4411764705882353,20260919
SCR-01-bf1e5a5cda54,1,d86b1ef1486f56108ae0cc48,49,EXCLUDE,68,30,0.4411764705882353,20260919
SCR-01-10a476f31163,1,6b0b6c7cd74a0fd8358fc478,26,EXCLUDE,68,30,0.4411764705882353,20260919
SCR-01-0a6a9317c683,1,a14da6c0c535e4991f3c6269,28,EXCLUDE,68,30,0.4411764705882353,20260919
SCR-01-2212635df1c8,1,0d0e0d8faaea8e8803a8e92d,79,EXCLUDE,68,30,0.4411764705882353,20260919
SCR-01-cef9bbb1d22b,1,cc6e6ed0028a4f06740aa98f,10,EXCLUDE,68,30,0.4411764705882353,20260919
SCR-01-37fbc8c6243e,1,8bc577b586a0804882b54150,23,EXCLUDE,68,30,0.4411764705882353,20260919
SCR-01-347bcd2349eb,1,91d3078b3039c4a22e47866c,9,EXCLUDE,68,30,0.4411764705882353,20260919
SCR-01-11a71558a7ad,1,0f08e5e95c8a4a03482ead37,15,EXCLUDE,68,30,0.4411764705882353,20260919
SCR-01-91fd67fb70d9,1,a7689d24f942a9ef822d1998,31,EXCLUDE,68,30,0.4411764705882353,20260919
SCR-01-bddb91807ac1,1,faeecfb98b9899866178e749,33,EXCLUDE,68,30,0.4411764705882353,20260919
SCR-01-6a2a2c445605,1,0b079073267cf09a1351eaef,61,EXCLUDE,68,30,0.4411764705882353,20260919
SCR-01-87f50f018248,1,c76da4c25c721169a1b70728,62,EXCLUDE,68,30,0.4411764705882353,20260919
SCR-01-5ce6c95c1286,1,3579061e0a75c0ed03a7f4bb,56,EXCLUDE,68,30,0.4411764705882353,20260919
SCR-01-39d100b0c3d4,1,c64c57a402a02698d8a25cb4,58,EXCLUDE,68,30,0.4411764705882353,20260919
SCR-01-2b990ed89937,1,d27d4388238370a6f6bb90d1,66,EXCLUDE,68,30,0.4411764705882353,20260919
SCR-01-a492231919e5,1,512b4fd1036f60b22e44b22e,13,EXCLUDE,68,30,0.4411764705882353,20260919
SCR-01-ee24b67d8ddb,1,28722a419cd4239ac6d1a002,55,EXCLUDE,68,30,0.4411764705882353,20260919
SCR-01-440d21c9b11b,1,ad16f39ba8c6704cf11eebab,91,EXCLUDE,68,30,0.4411764705882353,20260919
SCR-01-29d7725b8f52,1,6dfc234e1da4ff4af09bc916,46,EXCLUDE,68,30,0.4411764705882353,20260919
SCR-01-1d81c8539bc6,1,79ddc16214821e8767d3e269,7,EXCLUDE,68,30,0.4411764705882353,20260919
SCR-01-3c1b21a18140,1,3ef81c0532d372c528464bc3,27,EXCLUDE,68,30,0.4411764705882353,20260919
SCR-01-ea97645c9815,1,9c4f82c45e52a536f6bc3ede,4,EXCLUDE,68,30,0.4411764705882353,20260919
SCR-02-46e797e1c268,2,ccc9099de1628d7fa3bd06f4,465,INCLUDE,72,30,0.4166666666666667,20260919
SCR-02-869c65e23978,2,23dada475ae1f3a82149abaf,436,INCLUDE,72,30,0.4166666666666667,20260919
SCR-02-d39ec80b8662,2,aa977f23e4f9e8c59c6a9106,1297,INCLUDE,72,30,0.4166666666666667,20260919
SCR-02-b891f15465bb,2,f2281f7c2e8cf3a0eac27244,1024,INCLUDE,72,30,0.4166666666666667,20260919
SCR-02-112db85bb4cd,2,6e7eef22adbf4af7cc717845,701,INCLUDE,72,30,0.4166666666666667,20260919
SCR-02-6659d882c71d,2,d3f3f28f3ecfdd75db1bfaad,1022,INCLUDE,72,30,0.4166666666666667,20260919
SCR-02-c044816a9b3d,2,312a5e2724457e4052694ac1,142,INCLUDE,72,30,0.4166666666666667,20260919
SCR-02-6928c46571bd,2,ec21931becdbef7354a8e990,667,INCLUDE,72,30,0.4166666666666667,20260919
SCR-02-bbec46c8cfa0,2,3d714a4127ef9cbdc593315e,11,INCLUDE,72,30,0.4166666666666667,20260919
SCR-02-14098835dafd,2,4149cb420245816baf9ed47e,283,INCLUDE,72,30,0.4166666666666667,20260919
SCR-02-a7d783bb0cd6,2,188b5eb75e0b14c0765e636e,290,INCLUDE,72,30,0.4166666666666667,20260919
SCR-02-ea181c4c9897,2,dc357e4b14397174885b0a27,119,INCLUDE,72,30,0.4166666666666667,20260919
SCR-02-aa1c738330f6,2,7ea09ae67c3f42b9ec176227,809,INCLUDE,72,30,0.4166666666666667,20260919
SCR-02-fe8f63a4ed90,2,b19eba9fed9fdee4d06347f9,739,INCLUDE,72,30,0.4166666666666667,20260919
SCR-02-9b1cc2c94ba4,2,1eef9531b0252e196905ccf7,940,INCLUDE,72,30,0.4166666666666667,20260919
SCR-02-ff3c4e05c790,2,f63355f4f36251bf2cb1eec7,767,INCLUDE,72,30,0.4166666666666667,20260919
SCR-02-9dba2a8674dd,2,81cc952d41946afadf881c40,73,INCLUDE,72,30,0.4166666666666667,20260919
SCR-02-01ffe3aa5ec0,2,6e3e3a8bb15c4b8ffed09b2a,100,INCLUDE,72,30,0.4166666666666667,20260919
SCR-02-cf32f771500a,2,c6fab6ce8f3c390d386a7bce,378,INCLUDE,72,30,0.4166666666666667,20260919
SCR-02-cac99b43cae8,2,86cba6f28880389989929d8d,652,INCLUDE,72,30,0.4166666666666667,20260919
SCR-02-6de0f15bd8b4,2,1405c6df9df99a36e7fbb238,1533,INCLUDE,72,30,0.4166666666666667,20260919
SCR-02-645f0d1d6977,2,3ed69b4fd55ad3743280df36,153,INCLUDE,72,30,0.4166666666666667,20260919
SCR-02-2ba61b8979d2,2,09dd0da619f3de2e73638e95,541,INCLUDE,72,30,0.4166666666666667,20260919
SCR-02-e7fe271f209d,2,092647b7d9fb61ab87c2f5f3,399,INCLUDE,72,30,0.4166666666666667,20260919
SCR-02-90eaaf7b75df,2,ceab8df05b7e7ba0afd88a1b,1114,INCLUDE,72,30,0.4166666666666667,20260919
SCR-02-a8c3873f7823,2,3c41ed83a6f1e1c31e48c0f4,710,INCLUDE,72,30,0.4166666666666667,20260919
SCR-02-3db5531ba5e6,2,e666ad0f676cc961ca080f86,550,INCLUDE,72,30,0.4166666666666667,20260919
SCR-02-ef7e098e536a,2,781c588d3ac55df1ebb7ecd7,215,INCLUDE,72,30,0.4166666666666667,20260919
SCR-02-60072386f321,2,c83d96317049ee773de5ecab,329,INCLUDE,72,30,0.4166666666666667,20260919
SCR-02-3b3b31cfcb9e,2,a1cd7e29173ff2747b05eae6,20,INCLUDE,72,30,0.4166666666666667,20260919
SCR-02-1c3bdf8e1bc9,2,af10dda65c4300a49871006c,2101,EXCLUDE,2731,30,0.010984987184181618,20260919
SCR-02-c75d3dfc1dcc,2,341d55f91b8ad81ce1c96dae,1832,EXCLUDE,2731,30,0.010984987184181618,20260919
SCR-02-208954538848,2,d2a173c2caedffea71eb9398,2297,EXCLUDE,2731,30,0.010984987184181618,20260919
SCR-02-0b354109af00,2,5744ba1b9b1bed08caad7865,2563,EXCLUDE,2731,30,0.010984987184181618,20260919
SCR-02-0261984f9c4e,2,51e0a080da025d78d597a58a,956,EXCLUDE,2731,30,0.010984987184181618,20260919
SCR-02-b03b3591d1ce,2,9f85dcbb6ef45682b8136029,2662,EXCLUDE,2731,30,0.010984987184181618,20260919
SCR-02-54ee581fc7ef,2,c743f1e98d9c0238baa1db12,2509,EXCLUDE,2731,30,0.010984987184181618,20260919
SCR-02-9a5b6f87f571,2,953afd80254de127240ac0bc,1615,EXCLUDE,2731,30,0.010984987184181618,20260919
SCR-02-272ed5adda0a,2,2dd91447813343822965f402,2212,EXCLUDE,2731,30,0.010984987184181618,20260919
SCR-02-386691f5110f,2,761e7bb869b575d129bae675,193,EXCLUDE,2731,30,0.010984987184181618,20260919
SCR-02-679fe15ea161,2,921253f6dfb6cd7007bca7b3,1623,EXCLUDE,2731,30,0.010984987184181618,20260919
SCR-02-b70a401ddc65,2,e9b503d868620640c404ef28,1133,EXCLUDE,2731,30,0.010984987184181618,20260919
SCR-02-3d7c85eda1a6,2,f7827f0645b268a8b8e439ae,2352,EXCLUDE,2731,30,0.010984987184181618,20260919
SCR-02-bb346aa56f79,2,222062e240d1913b9db9d520,1315,EXCLUDE,2731,30,0.010984987184181618,20260919
SCR-02-dcf1e72cfee8,2,43648edf62923e6324484c3e,1722,EXCLUDE,2731,30,0.010984987184181618,20260919
SCR-02-a38f5e8b5395,2,65107bd08ffc55c066eedbc0,1542,EXCLUDE,2731,30,0.010984987184181618,20260919
SCR-02-0ca370ff9902,2,4210b6d2befc5d43a18f36c2,1035,EXCLUDE,2731,30,0.010984987184181618,20260919
SCR-02-415cb0cfdb8e,2,1f8a29e5d036e470517cc5ff,482,EXCLUDE,2731,30,0.010984987184181618,20260919
SCR-02-6cd482286078,2,ff3d39bae443b28af232fe36,191,EXCLUDE,2731,30,0.010984987184181618,20260919
SCR-02-2c47a5a4e099,2,08b29733da1086f62fe13235,2496,EXCLUDE,2731,30,0.010984987184181618,20260919
SCR-02-c353c295424c,2,d0007c6acd2dc7f4a08e1e82,1108,EXCLUDE,2731,30,0.010984987184181618,20260919
SCR-02-210f122e110a,2,9bd34e72f4027ca0d5cc7617,1442,EXCLUDE,2731,30,0.010984987184181618,20260919
SCR-02-70582beb9e33,2,cc8ba600565de8019c193d1f,2727,EXCLUDE,2731,30,0.010984987184181618,20260919
SCR-02-3fb252feabd4,2,898364516905707d73300205,2724,EXCLUDE,2731,30,0.010984987184181618,20260919
SCR-02-76eafece7c50,2,4f952f67944edb90b1b17102,309,EXCLUDE,2731,30,0.010984987184181618,20260919
SCR-02-af6332d7f834,2,14e330b40d2bfedc700de1aa,696,EXCLUDE,2731,30,0.010984987184181618,20260919
SCR-02-d1b5954b4f7c,2,373b7daaef3e1eecc856dbae,251,EXCLUDE,2731,30,0.010984987184181618,20260919
SCR-02-5ee5d269c061,2,d504c1c920854d7c7366a82b,962,EXCLUDE,2731,30,0.010984987184181618,20260919
SCR-02-11a302743615,2,fd54641fec4b101bda1bf049,1460,EXCLUDE,2731,30,0.010984987184181618,20260919
SCR-02-1aaca901c442,2,caa8d8296dafbceb902776dd,2596,EXCLUDE,2731,30,0.010984987184181618,20260919
SCR-03-42ba55a3824e,3,afc02cfe351d66f03b7db1bc,32,INCLUDE,841,30,0.0356718192627824,20260919
SCR-03-f3de05c286c8,3,119f42fcff8d4f8cbe688f58,511,INCLUDE,841,30,0.0356718192627824,20260919
SCR-03-e031c55da6e0,3,ced99c82b4c42c7aa75272d4,3635,INCLUDE,841,30,0.0356718192627824,20260919
SCR-03-8188b93fa723,3,0fcc05491f01e5d798bb8e3d,1004,INCLUDE,841,30,0.0356718192627824,20260919
SCR-03-f521cbe08a15,3,77397e1dadb7f6b052aafe52,1633,INCLUDE,841,30,0.0356718192627824,20260919
SCR-03-75be5ef35f67,3,5668b955feac6dc50673199f,3307,INCLUDE,841,30,0.0356718192627824,20260919
SCR-03-79e043fc7f20,3,265ba60c5d5ea0a648b28df6,2570,INCLUDE,841,30,0.0356718192627824,20260919
SCR-03-d46c559f2dd0,3,14c20f2c3447c807b9f58629,73,INCLUDE,841,30,0.0356718192627824,20260919
SCR-03-7cd4c983b601,3,5a53a9013c7f3cde8d792260,792,INCLUDE,841,30,0.0356718192627824,20260919
SCR-03-965e6bdec4d3,3,19564c2572851d14379e24d9,3226,INCLUDE,841,30,0.0356718192627824,20260919
SCR-03-3213c1e83b40,3,1ae45cfb72feff9af08b4a6a,3531,INCLUDE,841,30,0.0356718192627824,20260919
SCR-03-56a40a397c48,3,132e2d3af59296414a2b6167,3011,INCLUDE,841,30,0.0356718192627824,20260919
SCR-03-c20a25ed68ad,3,2b2c7bad93d673b9538eb37e,2290,INCLUDE,841,30,0.0356718192627824,20260919
SCR-03-a19fe7bcfcca,3,1e68d71aecb8e73879066c2e,1366,INCLUDE,841,30,0.0356718192627824,20260919
SCR-03-19c417753a14,3,ca765654bd0cb0777a59b4ea,5768,INCLUDE,841,30,0.0356718192627824,20260919
SCR-03-015efe56ed09,3,9c2d31c6d7a00af2f58cbd7f,3202,INCLUDE,841,30,0.0356718192627824,20260919
SCR-03-22976adf1120,3,ae0de11adc3c530337a87d7a,63,INCLUDE,841,30,0.0356718192627824,20260919
SCR-03-940c5a33cc43,3,a89cc74b525c7b6d15acb1df,250,INCLUDE,841,30,0.0356718192627824,20260919
SCR-03-5612693aab5c,3,56f4f126528e6ca002596898,18,INCLUDE,841,30,0.0356718192627824,20260919
SCR-03-c34dcff708f1,3,5775b4fcc2a6c8fca292a23b,862,INCLUDE,841,30,0.0356718192627824,20260919
SCR-03-8764b48594f5,3,a2562fd9e97be877a8eca620,1351,INCLUDE,841,30,0.0356718192627824,20260919
SCR-03-d3ca21ab58fb,3,b1b68749eb83e068b0a53405,2303,INCLUDE,841,30,0.0356718192627824,20260919
SCR-03-a8f6b697204b,3,3346f151cfff5438f1615f1a,859,INCLUDE,841,30,0.0356718192627824,20260919
SCR-03-b653faee430a,3,88e4aa52dc0a568d36a18b01,1465,INCLUDE,841,30,0.0356718192627824,20260919
SCR-03-d93b8ed9f0c1,3,7b68d4f40b410cac69df27a2,1615,INCLUDE,841,30,0.0356718192627824,20260919
SCR-03-a040ae2563be,3,c938f161a7c5f5452446ead2,1179,INCLUDE,841,30,0.0356718192627824,20260919
SCR-03-28201a25306a,3,dcfdf5a1fb371c5dee188d18,3284,INCLUDE,841,30,0.0356718192627824,20260919
SCR-03-9cc3fe00d6a8,3,1f7d2b9075ca4511e52e4536,2014,INCLUDE,841,30,0.0356718192627824,20260919
SCR-03-6a85bbb147a5,3,8141dd6bf2b9cd32b66f7d8d,1768,INCLUDE,841,30,0.0356718192627824,20260919
SCR-03-0dea5f28a148,3,edf173cfa7457581a7a30a3f,114,INCLUDE,841,30,0.0356718192627824,20260919
SCR-03-7c61325b4ba7,3,a62183da6e5ca53684e19f2d,2140,EXCLUDE,5104,30,0.005877742946708464,20260919
SCR-03-02d75c80a939,3,a925d28a142edaf8c4ba0fe4,4292,EXCLUDE,5104,30,0.005877742946708464,20260919
SCR-03-eb9961526151,3,dd512694d6e7e77ac186d848,3694,EXCLUDE,5104,30,0.005877742946708464,20260919
SCR-03-89c20c559dbf,3,23b31e5ebe93690012f64428,4679,EXCLUDE,5104,30,0.005877742946708464,20260919
SCR-03-2684c57e1d98,3,035b44683e5867616e6a7705,3517,EXCLUDE,5104,30,0.005877742946708464,20260919
SCR-03-cee02bbcabc6,3,f2c8900f4384b0a3829a5e3c,1013,EXCLUDE,5104,30,0.005877742946708464,20260919
SCR-03-f45ffa6ac3a4,3,afcb6eab59dfbd32e88fbcad,1439,EXCLUDE,5104,30,0.005877742946708464,20260919
SCR-03-56dbbcad5e36,3,8ed833e065b1787bf481f625,4881,EXCLUDE,5104,30,0.005877742946708464,20260919
SCR-03-fe4efdd1cf3a,3,b26cbf029669790e6b66f9fd,86,EXCLUDE,5104,30,0.005877742946708464,20260919
SCR-03-6dba191c7192,3,20946fbf0ffa8d0bf645f51a,253,EXCLUDE,5104,30,0.005877742946708464,20260919
SCR-03-d2fd1aec775a,3,93b82d775d1b8ef4018973a0,4579,EXCLUDE,5104,30,0.005877742946708464,20260919
SCR-03-2d4ed9db7b8e,3,5435ee09e9fd9ad0568dbd65,2678,EXCLUDE,5104,30,0.005877742946708464,20260919
SCR-03-c36b2352eac9,3,9e4a96677383649076151f40,4570,EXCLUDE,5104,30,0.005877742946708464,20260919
SCR-03-fbf28c7dc210,3,52f55952c16d70b717d190f5,5255,EXCLUDE,5104,30,0.005877742946708464,20260919
SCR-03-c7bb1ccc2412,3,39137507f2763f79dbf05cc5,5649,EXCLUDE,5104,30,0.005877742946708464,20260919
SCR-03-628cd55596db,3,121721a781ee364c938bb5d0,2679,EXCLUDE,5104,30,0.005877742946708464,20260919
SCR-03-6bd98fd9ee79,3,5c86b05dc729e2a41679f0ac,547,EXCLUDE,5104,30,0.005877742946708464,20260919
SCR-03-a445bc8571ae,3,46f0a566b55f55313d0d8ed1,2761,EXCLUDE,5104,30,0.005877742946708464,20260919
SCR-03-92865b45db17,3,8b11f27dd78f1bf40234aaee,4564,EXCLUDE,5104,30,0.005877742946708464,20260919
SCR-03-796b9859e8e9,3,ce7d6a7c93e172776a1d7a12,4348,EXCLUDE,5104,30,0.005877742946708464,20260919
SCR-03-76b51b012cdf,3,6e95c45ba9417ded2d8514e7,2220,EXCLUDE,5104,30,0.005877742946708464,20260919
SCR-03-caa6943c4756,3,564bfbce9b4e6379e618f4f9,5386,EXCLUDE,5104,30,0.005877742946708464,20260919
SCR-03-eb05198c75f1,3,e5fc8afaa4865e5e89034131,3877,EXCLUDE,5104,30,0.005877742946708464,20260919
SCR-03-81084fbf806e,3,c7d07928d25011fcd5679541,4562,EXCLUDE,5104,30,0.005877742946708464,20260919
SCR-03-7795a826c666,3,556a53f66d7eac289ed741d5,3006,EXCLUDE,5104,30,0.005877742946708464,20260919
SCR-03-ac8968f081b5,3,c623d4a5b8e53055e617760a,5615,EXCLUDE,5104,30,0.005877742946708464,20260919
SCR-03-3ad8fb820c8f,3,e72b5cffd91beda19008a743,4288,EXCLUDE,5104,30,0.005877742946708464,20260919
SCR-03-a0d85fe5ef98,3,e85191ae200fe9044e3f42f6,4283,EXCLUDE,5104,30,0.005877742946708464,20260919
SCR-03-148d86f00e1a,3,fd3ad997264fd1977e3b9578,1787,EXCLUDE,5104,30,0.005877742946708464,20260919
SCR-03-ca58fef5127b,3,b788b8379e93f73c4beb4307,725,EXCLUDE,5104,30,0.005877742946708464,20260919
SCR-04-cb8ea0353995,4,8356fee1a582c13f6b22bdf3,1968,INCLUDE,2444,30,0.012274959083469721,20260919
SCR-04-bbc4e11c2a96,4,f196cdabc424f649cb1d1383,131,INCLUDE,2444,30,0.012274959083469721,20260919
SCR-04-367ef20cc64b,4,4785411633215c67e2d5abf3,1413,INCLUDE,2444,30,0.012274959083469721,20260919
SCR-04-9076f689a64a,4,514ecc5550ed6ae2f7519ab3,2197,INCLUDE,2444,30,0.012274959083469721,20260919
SCR-04-79bbbebcfa00,4,29086c27647969ee94637973,5016,INCLUDE,2444,30,0.012274959083469721,20260919
SCR-04-44a5e90eb2c7,4,681aa29f0142a8296bfa8fc5,3926,INCLUDE,2444,30,0.012274959083469721,20260919
SCR-04-794bba02592c,4,868f7d3a0f243ac956b26478,8509,INCLUDE,2444,30,0.012274959083469721,20260919
SCR-04-2ea7a703709b,4,5bb0a4e6715c8c565244755b,2090,INCLUDE,2444,30,0.012274959083469721,20260919
SCR-04-b6d241ed3ce9,4,27cefb835a4331f0fac7b718,9330,INCLUDE,2444,30,0.012274959083469721,20260919
SCR-04-cc041c59af16,4,46aa6b816f4da5ead27c31eb,8690,INCLUDE,2444,30,0.012274959083469721,20260919
SCR-04-cf4f99a49038,4,9f8adaaf447d465a75d9ccd4,9468,INCLUDE,2444,30,0.012274959083469721,20260919
SCR-04-c2e181800071,4,e0fd3c1bc661a31adb8ec575,4292,INCLUDE,2444,30,0.012274959083469721,20260919
SCR-04-9032bc6a6aee,4,fc629f784187d2509afd11fd,5788,INCLUDE,2444,30,0.012274959083469721,20260919
SCR-04-f7f188961f91,4,7cbec35cb4ef7911c51e62c9,6518,INCLUDE,2444,30,0.012274959083469721,20260919
SCR-04-b0aa2e0c8a8c,4,01660c98606f1d57cd564030,6067,INCLUDE,2444,30,0.012274959083469721,20260919
SCR-04-85f5db7fca49,4,43c3bc290776e5a7a920b7d1,4944,INCLUDE,2444,30,0.012274959083469721,20260919
SCR-04-83fe2676761c,4,fe06c95e7f69b204a6b6c6d0,2803,INCLUDE,2444,30,0.012274959083469721,20260919
SCR-04-c859c2421e54,4,e9be89ed7da43821a724736a,4366,INCLUDE,2444,30,0.012274959083469721,20260919
SCR-04-6f8578afacca,4,5e3c7fdeff27ac54a56d6435,915,INCLUDE,2444,30,0.012274959083469721,20260919
SCR-04-8623bab4b0cd,4,e9ff2a938dc6d292486ce887,8018,INCLUDE,2444,30,0.012274959083469721,20260919
SCR-04-1a5d53bb9a4d,4,1847cb384564fe291ec25170,3959,INCLUDE,2444,30,0.012274959083469721,20260919
SCR-04-0baeb6a8103b,4,9db66cd89b62a9a912ccb7f3,6865,INCLUDE,2444,30,0.012274959083469721,20260919
SCR-04-e8e272c14a51,4,4e9fbd8e783569a142a3bf2c,6035,INCLUDE,2444,30,0.012274959083469721,20260919
SCR-04-58a8eb0d9f45,4,d5c513a5daf1cb4162db7619,316,INCLUDE,2444,30,0.012274959083469721,20260919
SCR-04-9815fd82b09e,4,d58f0c02a60b8d09cd83c47f,8903,INCLUDE,2444,30,0.012274959083469721,20260919
SCR-04-822589e38b58,4,aaa59f3e32bf70bac3a6ab2a,5539,INCLUDE,2444,30,0.012274959083469721,20260919
SCR-04-1b6b1b10ce58,4,6b17162ad7f92f96b3db7962,7073,INCLUDE,2444,30,0.012274959083469721,20260919
SCR-04-5ff24798f12c,4,7c6ea7c024022380a68f9678,1912,INCLUDE,2444,30,0.012274959083469721,20260919
SCR-04-61e85220be81,4,f86dab19f06c03477692086f,4905,INCLUDE,2444,30,0.012274959083469721,20260919
SCR-04-02f537df44c6,4,8d5e2702e263bbf37a260a82,3550,INCLUDE,2444,30,0.012274959083469721,20260919
SCR-04-1257241b37a7,4,d856f3e637c2824253870c54,6749,EXCLUDE,7485,30,0.004008016032064128,20260919
SCR-04-3210156de51f,4,c9af476e87c9723a8a546ad6,6165,EXCLUDE,7485,30,0.004008016032064128,20260919
SCR-04-c2b14142236d,4,52c1f98ded7e8f1e983734de,8569,EXCLUDE,7485,30,0.004008016032064128,20260919
SCR-04-5d29061f857c,4,46a378518e210fe95f43f537,9344,EXCLUDE,7485,30,0.004008016032064128,20260919
SCR-04-7256f992e26e,4,3d2ecc43e927c484205944ba,9211,EXCLUDE,7485,30,0.004008016032064128,20260919
SCR-04-c343f0e0dc76,4,3afd35650733ff165380070c,7203,EXCLUDE,7485,30,0.004008016032064128,20260919
SCR-04-d66167857c64,4,1fcd6877eaa01cf31d200860,3360,EXCLUDE,7485,30,0.004008016032064128,20260919
SCR-04-9fda771d6142,4,2501b9808eebaf52d78af29b,9546,EXCLUDE,7485,30,0.004008016032064128,20260919
SCR-04-d128827a4d33,4,0f2863482f2b36291a50031e,1932,EXCLUDE,7485,30,0.004008016032064128,20260919
SCR-04-863c922d7d8c,4,59f11e0534d296e242dcb9bf,63,EXCLUDE,7485,30,0.004008016032064128,20260919
SCR-04-ff230d2c8a99,4,7a7d3f593bd6258c2adc35f7,7158,EXCLUDE,7485,30,0.004008016032064128,20260919
SCR-04-a1b35a2fcf78,4,f00843dbe117eb9ee7022e4a,9148,EXCLUDE,7485,30,0.004008016032064128,20260919
SCR-04-3371abe16be5,4,b48cadd4cc49e9aeed799422,7569,EXCLUDE,7485,30,0.004008016032064128,20260919
SCR-04-7249db35143b,4,738fb5a1fdd95afbaf72f596,4218,EXCLUDE,7485,30,0.004008016032064128,20260919
SCR-04-f2ac328db2b3,4,e32f8df01dd5af50b8decf03,2809,EXCLUDE,7485,30,0.004008016032064128,20260919
SCR-04-941a1d0dc5f2,4,4908f8603fcdeb918de924ac,1416,EXCLUDE,7485,30,0.004008016032064128,20260919
SCR-04-2bc4ccee33ca,4,1ae4dbc46148b80f8d8120f4,4121,EXCLUDE,7485,30,0.004008016032064128,20260919
SCR-04-1542329d50d6,4,2b7cb52e17b28ced129d4543,85,EXCLUDE,7485,30,0.004008016032064128,20260919
SCR-04-128383c215f7,4,549d5d463ab314674a45ca52,4808,EXCLUDE,7485,30,0.004008016032064128,20260919
SCR-04-9ea17e4551cb,4,fa50993cd15a8e19f46eb473,8792,EXCLUDE,7485,30,0.004008016032064128,20260919
SCR-04-46f9c8efdb34,4,2d137400bb9dc2e31a594b73,6417,EXCLUDE,7485,30,0.004008016032064128,20260919
SCR-04-e69b11e62380,4,fb60f8ef78c9d7160bd4ca3b,7525,EXCLUDE,7485,30,0.004008016032064128,20260919
SCR-04-6be7a8ba0514,4,cc5a841986731e05b35baaa0,5353,EXCLUDE,7485,30,0.004008016032064128,20260919
SCR-04-acbc1e0fde0f,4,287208a59595a5bdb0cb3686,9509,EXCLUDE,7485,30,0.004008016032064128,20260919
SCR-04-a236be3f25de,4,ae7d0f9c2162d83c90f559c2,1715,EXCLUDE,7485,30,0.004008016032064128,20260919
SCR-04-4d1fd4b76f38,4,ce2baf714e7e616c432521fa,9026,EXCLUDE,7485,30,0.004008016032064128,20260919
SCR-04-6f680a50663a,4,f81032f3a3b7b803e09bccc7,6376,EXCLUDE,7485,30,0.004008016032064128,20260919
SCR-04-b0b9cb0bc769,4,c887da107372dad942a45665,2960,EXCLUDE,7485,30,0.004008016032064128,20260919
SCR-04-8350fd52bfef,4,a07148a94b2a81c41bce0364,1991,EXCLUDE,7485,30,0.004008016032064128,20260919
SCR-04-7d3c4dffe077,4,c088ada3d0f25ff6cda09370,8347,EXCLUDE,7485,30,0.004008016032064128,20260919
SCR-05-743248b58e2c,5,3418c10b8b59a2b8af5b207b,819,INCLUDE,469,30,0.06396588486140725,20260919
SCR-05-29b2e7d625a8,5,b0c83228f6d634903ba3b0f3,358,INCLUDE,469,30,0.06396588486140725,20260919
SCR-05-ee690e682f78,5,e33b97442e895c6b8be90b1b,930,INCLUDE,469,30,0.06396588486140725,20260919
SCR-05-06566f5d774a,5,e6a5a2f94631760886e05797,1053,INCLUDE,469,30,0.06396588486140725,20260919
SCR-05-eb08776f1985,5,222660888b9f8e6a280ac60f,1135,INCLUDE,469,30,0.06396588486140725,20260919
SCR-05-7cd7e932ae3c,5,0e6a7c11a0f94a58aeaa2b20,649,INCLUDE,469,30,0.06396588486140725,20260919
SCR-05-2a3242eec250,5,c217bcf6e51be2225b68bf65,116,INCLUDE,469,30,0.06396588486140725,20260919
SCR-05-75efba11c464,5,61654f3f8a81d4cf0b42a932,2283,INCLUDE,469,30,0.06396588486140725,20260919
SCR-05-13463b33ae16,5,5298566e551e88e4dd4c91a8,1524,INCLUDE,469,30,0.06396588486140725,20260919
SCR-05-5d9cbf71638e,5,457071b5ef36a870e1def330,1617,INCLUDE,469,30,0.06396588486140725,20260919
SCR-05-dcde97b6a328,5,4cd072092bca3ca5dcf58414,289,INCLUDE,469,30,0.06396588486140725,20260919
SCR-05-d0876d256914,5,1506a244eaff1d0db1b0d0ff,629,INCLUDE,469,30,0.06396588486140725,20260919
SCR-05-b9103d6a3c5f,5,f1fe315dfdedbc2d45ae4296,48,INCLUDE,469,30,0.06396588486140725,20260919
SCR-05-a1eaeeed360f,5,4838ec231c5bfce3f069c5d6,331,INCLUDE,469,30,0.06396588486140725,20260919
SCR-05-208ce4c345d4,5,59b0fddff85efac2684ccac4,1580,INCLUDE,469,30,0.06396588486140725,20260919
SCR-05-0124222811dd,5,45324b5667856839c07cfdc7,1687,INCLUDE,469,30,0.06396588486140725,20260919
SCR-05-501f9d2e2466,5,4946b26ca5bf499866bf8f7a,1328,INCLUDE,469,30,0.06396588486140725,20260919
SCR-05-3909f8837152,5,46bf458f2a7fc79ca2bf7309,4032,INCLUDE,469,30,0.06396588486140725,20260919
SCR-05-6a974555b00f,5,c386441a85cc85176a6b94ba,1434,INCLUDE,469,30,0.06396588486140725,20260919
SCR-05-7e68c28f089e,5,fc8928d9364394d5e1805376,1028,INCLUDE,469,30,0.06396588486140725,20260919
SCR-05-5bd348f69677,5,420b5ecffc22c1e09b2a88a4,457,INCLUDE,469,30,0.06396588486140725,20260919
SCR-05-f72e0fffd521,5,8cef7e67b51e0cc11589a6c0,25,INCLUDE,469,30,0.06396588486140725,20260919
SCR-05-0e25d69107e2,5,4539bccc1f42e9eda016532e,2334,INCLUDE,469,30,0.06396588486140725,20260919
SCR-05-667eb846ab19,5,77af21206b01652acb1f7f84,1993,INCLUDE,469,30,0.06396588486140725,20260919
SCR-05-3aecbe228168,5,a7d5a75284c1d9a2c859852a,113,INCLUDE,469,30,0.06396588486140725,20260919
SCR-05-fcd3a418dd15,5,fb9e554c2b8897e08e8d8123,2743,INCLUDE,469,30,0.06396588486140725,20260919
SCR-05-112de80daa20,5,c56b0b93774b0a18208e9a10,39,INCLUDE,469,30,0.06396588486140725,20260919
SCR-05-307da04642b2,5,0b5ff71af9e278e951141eb3,572,INCLUDE,469,30,0.06396588486140725,20260919
SCR-05-5f1463151c82,5,fc7483e4a2a0dab38855093d,37,INCLUDE,469,30,0.06396588486140725,20260919
SCR-05-0f796455b89f,5,61af0ea27654652750a94ad2,1012,INCLUDE,469,30,0.06396588486140725,20260919
SCR-05-a83d770291ab,5,f0eea1bb5a5b19ead0bea1a3,3680,EXCLUDE,3978,30,0.007541478129713424,20260919
SCR-05-2ee20cf216db,5,9a00f040979055079aab7ce1,3655,EXCLUDE,3978,30,0.007541478129713424,20260919
SCR-05-1678b1ba4f48,5,ced67b33cb30cb15c63e7673,1762,EXCLUDE,3978,30,0.007541478129713424,20260919
SCR-05-3506dd6bd965,5,9f8c7b115f7b1bb915bb531c,1442,EXCLUDE,3978,30,0.007541478129713424,20260919
SCR-05-494f8f4bd1a5,5,41566c9c31668ada451eaeb6,3587,EXCLUDE,3978,30,0.007541478129713424,20260919
SCR-05-e0fa654d4e79,5,72cfe212974d567552b384cc,2495,EXCLUDE,3978,30,0.007541478129713424,20260919
SCR-05-322776977458,5,88cb7d2976258a8534ba0374,3117,EXCLUDE,3978,30,0.007541478129713424,20260919
SCR-05-b1645bbccac2,5,cecf556df7ace9fb2e4ef20e,1805,EXCLUDE,3978,30,0.007541478129713424,20260919
SCR-05-24178ccd9f53,5,42e031ab5e5a8ed49795ae88,1986,EXCLUDE,3978,30,0.007541478129713424,20260919
SCR-05-4ceb23301c3a,5,6ad9b8a9b442c7e37046b05f,1195,EXCLUDE,3978,30,0.007541478129713424,20260919
SCR-05-c0c6f954bea2,5,e983607ab43a3b43c43a8672,112,EXCLUDE,3978,30,0.007541478129713424,20260919
SCR-05-c18e418b1d73,5,9f994c0dfe06b414b2d4d560,238,EXCLUDE,3978,30,0.007541478129713424,20260919
SCR-05-e7e88ac5bfbb,5,86ee9cb27ea098f2a1c2924e,1712,EXCLUDE,3978,30,0.007541478129713424,20260919
SCR-05-8fb9fdc15ed7,5,53efb2ff7c464eb1f5f96a83,1612,EXCLUDE,3978,30,0.007541478129713424,20260919
SCR-05-76ba60dbb5d6,5,20ac35f512e1e15f2e7225d3,692,EXCLUDE,3978,30,0.007541478129713424,20260919
SCR-05-4aaabcf1f2a8,5,9a5da4c7cf5f2f9f8da33cfa,2673,EXCLUDE,3978,30,0.007541478129713424,20260919
SCR-05-c0b90bba2064,5,6ab7f4030a54161a90bac49d,604,EXCLUDE,3978,30,0.007541478129713424,20260919
SCR-05-13608f238b8d,5,24f6c3ee480979eb71a46bb7,2113,EXCLUDE,3978,30,0.007541478129713424,20260919
SCR-05-2267013c5baa,5,09c6316ad485ce26ba458b1a,283,EXCLUDE,3978,30,0.007541478129713424,20260919
SCR-05-c388f347ab24,5,0c25c27ffb5e6bc3ce4ed330,1467,EXCLUDE,3978,30,0.007541478129713424,20260919
SCR-05-47e67b1dfee8,5,d2ada48d21e5e26678c7f9e2,4005,EXCLUDE,3978,30,0.007541478129713424,20260919
SCR-05-e820cefac455,5,9bc868b5dd471f1a86747173,222,EXCLUDE,3978,30,0.007541478129713424,20260919
SCR-05-0e1a52ba0c5e,5,0f8ab42938998d980a91dce2,1515,EXCLUDE,3978,30,0.007541478129713424,20260919
SCR-05-6907fa9bf419,5,b12f86606af9a43a1b01c0a3,3437,EXCLUDE,3978,30,0.007541478129713424,20260919
SCR-05-1589eef466e3,5,0e8690b24392a9b535d5cfab,3638,EXCLUDE,3978,30,0.007541478129713424,20260919
SCR-05-0fc1bc07c752,5,e192deafab34e3f6aee21b57,1217,EXCLUDE,3978,30,0.007541478129713424,20260919
SCR-05-46dd27671ce4,5,2c202819165d94f8e1f9f071,1426,EXCLUDE,3978,30,0.007541478129713424,20260919
SCR-05-557f5ad5bdae,5,23698067e9e931e48bf77354,3150,EXCLUDE,3978,30,0.007541478129713424,20260919
SCR-05-d22d51161a24,5,20baf0e8c1611f676157a503,2884,EXCLUDE,3978,30,0.007541478129713424,20260919
SCR-05-bc8585086754,5,5cf52de7d6900372385ed2a0,2500,EXCLUDE,3978,30,0.007541478129713424,20260919
SCR-06-7c8701a1582c,6,2d64da50f80adfd716978607,36,INCLUDE,584,30,0.05136986301369863,20260919
SCR-06-227ef553e42d,6,8dede9397b3a92dbb43635b3,1678,INCLUDE,584,30,0.05136986301369863,20260919
SCR-06-793bc4bc1f03,6,21a2b6522cfb941d5d589e04,762,INCLUDE,584,30,0.05136986301369863,20260919
SCR-06-6f4415ae1974,6,70b4367e0b9ca749bf55d722,416,INCLUDE,584,30,0.05136986301369863,20260919
SCR-06-e01b2baaf088,6,59bd660b3bb74bcc2fefa001,630,INCLUDE,584,30,0.05136986301369863,20260919
SCR-06-e72d7f534228,6,c0c658cbc4addc57e0c87bec,1084,INCLUDE,584,30,0.05136986301369863,20260919
SCR-06-355e800ebef0,6,a8bdd933e766de5e1307429f,2796,INCLUDE,584,30,0.05136986301369863,20260919
SCR-06-d726c0dcb25d,6,8a0c19716ea2568a3a022543,3519,INCLUDE,584,30,0.05136986301369863,20260919
SCR-06-1983b8702213,6,458f81a1458d257513576e66,3895,INCLUDE,584,30,0.05136986301369863,20260919
SCR-06-e397ef6055a7,6,d8428c6804fee02c997e21e2,3391,INCLUDE,584,30,0.05136986301369863,20260919
SCR-06-5651796c28f3,6,82405f4ebb00b361cff2d019,1103,INCLUDE,584,30,0.05136986301369863,20260919
SCR-06-a74bf4047883,6,7f7d410b3194d8b4d8f93447,3886,INCLUDE,584,30,0.05136986301369863,20260919
SCR-06-4cc66f2a1ce2,6,7a05fe8ec4cfbc4fc63f3d12,361,INCLUDE,584,30,0.05136986301369863,20260919
SCR-06-9863954cce8c,6,c618020898c54826368891d2,2052,INCLUDE,584,30,0.05136986301369863,20260919
SCR-06-7f24a2309d75,6,805f46b8880cb21aa6ef090c,42,INCLUDE,584,30,0.05136986301369863,20260919
SCR-06-b7ad29c471cf,6,c81ad5db9f8ee6ef6f16ce6e,1094,INCLUDE,584,30,0.05136986301369863,20260919
SCR-06-43cdddca729b,6,64c228bd904e23374aeb263f,263,INCLUDE,584,30,0.05136986301369863,20260919
SCR-06-5b71dae405a2,6,87d48816fb02075bc4905fa6,2922,INCLUDE,584,30,0.05136986301369863,20260919
SCR-06-bdb265851b62,6,62defad0497f676a34ce3112,2615,INCLUDE,584,30,0.05136986301369863,20260919
SCR-06-8dc0dc6d3cb5,6,c164051bd51c4ed049822eee,1142,INCLUDE,584,30,0.05136986301369863,20260919
SCR-06-7e93289d88e5,6,c6355784ca4325e01de15ba6,264,INCLUDE,584,30,0.05136986301369863,20260919
SCR-06-d49c90331753,6,11ce05adeba0a725759c8356,2762,INCLUDE,584,30,0.05136986301369863,20260919
SCR-06-c60f7b84cb9d,6,a24a26777a71ba381eb70836,2547,INCLUDE,584,30,0.05136986301369863,20260919
SCR-06-8fe1e440ce3f,6,27a318af6d447a8514d68cbb,248,INCLUDE,584,30,0.05136986301369863,20260919
SCR-06-700c7c0cb878,6,902a701ca343f13d3a64c17f,1010,INCLUDE,584,30,0.05136986301369863,20260919
SCR-06-6cc5e37c51ad,6,54cb1e5242983fbb8e7b9bc7,1984,INCLUDE,584,30,0.05136986301369863,20260919
SCR-06-29b59058ca2d,6,16abe2709868ed860c950e45,2768,INCLUDE,584,30,0.05136986301369863,20260919
SCR-06-debc7ab066cb,6,c1681ccc1e40d6c091b8de94,3109,INCLUDE,584,30,0.05136986301369863,20260919
SCR-06-7aa827b73899,6,699ccf6ae62911ffbea4245a,2176,INCLUDE,584,30,0.05136986301369863,20260919
SCR-06-c3a00cb09cab,6,708324f14a52f91caa5aa334,894,INCLUDE,584,30,0.05136986301369863,20260919
SCR-06-416d06a1faca,6,0a0a92ca1ce52cfcf4754a70,2224,EXCLUDE,3384,30,0.008865248226950355,20260919
SCR-06-6d1da3e9adae,6,283965bb551b099233e9f07f,599,EXCLUDE,3384,30,0.008865248226950355,20260919
SCR-06-c2a6d9ab85ad,6,f52986083e3bc0013b064473,1744,EXCLUDE,3384,30,0.008865248226950355,20260919
SCR-06-f7e6aa6e6a4d,6,a812b8286a6cba68af0a59d6,2368,EXCLUDE,3384,30,0.008865248226950355,20260919
SCR-06-90c1dbb14133,6,960e8bec9981d2c425eaf3b5,3810,EXCLUDE,3384,30,0.008865248226950355,20260919
SCR-06-e155b13132c4,6,1877f93b9a5bc389c733dc3f,3099,EXCLUDE,3384,30,0.008865248226950355,20260919
SCR-06-7d841a35ca25,6,f53d26a5ad4b7b91656fee6b,3327,EXCLUDE,3384,30,0.008865248226950355,20260919
SCR-06-ee32bebe8486,6,c0cd4ef5ac0a9a18a7596519,2336,EXCLUDE,3384,30,0.008865248226950355,20260919
SCR-06-514d44189180,6,8855e8f80f2ced7b1ff4db24,2326,EXCLUDE,3384,30,0.008865248226950355,20260919
SCR-06-07627d82f1f7,6,f63a8dbbc68ebf6f143e9efe,704,EXCLUDE,3384,30,0.008865248226950355,20260919
SCR-06-8f00728435d5,6,5408a1a73f92e4beba309e7c,1832,EXCLUDE,3384,30,0.008865248226950355,20260919
SCR-06-83bf1be1e4f3,6,0163a0711f29f0906d1e0a4f,2475,EXCLUDE,3384,30,0.008865248226950355,20260919
SCR-06-65edbea1e6a8,6,999483d680b1436e6dc65a14,2349,EXCLUDE,3384,30,0.008865248226950355,20260919
SCR-06-7b0caca42762,6,a1ee3fde93f4f26e4ccb0430,3683,EXCLUDE,3384,30,0.008865248226950355,20260919
SCR-06-b39183851fa6,6,fde66a4ccd3c97e2b2c9f67e,3066,EXCLUDE,3384,30,0.008865248226950355,20260919
SCR-06-edeb689b5d3b,6,a9490dd15a0d2e3662a35618,2606,EXCLUDE,3384,30,0.008865248226950355,20260919
SCR-06-3007ca0b7cf4,6,7292798ecc11013ed9359885,1891,EXCLUDE,3384,30,0.008865248226950355,20260919
SCR-06-5f9df3cac864,6,e7c7d81a5da852a539b28b2d,1550,EXCLUDE,3384,30,0.008865248226950355,20260919
SCR-06-2e6f37cf0ade,6,5b5820565e3d0a4c2156b55e,3620,EXCLUDE,3384,30,0.008865248226950355,20260919
SCR-06-63218e797ea0,6,209754a08fcf72e61291ab93,3433,EXCLUDE,3384,30,0.008865248226950355,20260919
SCR-06-533ea40fa31c,6,2162bb5f6a7d028119aa0bdf,3020,EXCLUDE,3384,30,0.008865248226950355,20260919
SCR-06-bee079bc6c4d,6,24724926e08cdf78229ec5f3,543,EXCLUDE,3384,30,0.008865248226950355,20260919
SCR-06-e1cafbb2d95c,6,65964318897519269d77bae8,470,EXCLUDE,3384,30,0.008865248226950355,20260919
SCR-06-01e82aa84393,6,c65c387d6ebc03655de8c413,354,EXCLUDE,3384,30,0.008865248226950355,20260919
SCR-06-f2f0c35bc289,6,3eafbe3778ce666d0d8a8206,3654,EXCLUDE,3384,30,0.008865248226950355,20260919
SCR-06-374b90dae3fa,6,7874bad93297f3024f25340f,2894,EXCLUDE,3384,30,0.008865248226950355,20260919
SCR-06-b66f066d674b,6,2caa11c616ecfb0c9922eba1,1773,EXCLUDE,3384,30,0.008865248226950355,20260919
SCR-06-0dfb27de53c1,6,89846056b539619075e7e4bd,542,EXCLUDE,3384,30,0.008865248226950355,20260919
SCR-06-ef2df3fa4cec,6,027ec1d8e536787012cbc9f7,1260,EXCLUDE,3384,30,0.008865248226950355,20260919
SCR-06-6cad56205dbc,6,4bcf2a220c1a7f31bac17fd6,628,EXCLUDE,3384,30,0.008865248226950355,20260919
SCR-07-03790ea4048c,7,e597b5bef84fe8432cf3066a,3540,INCLUDE,77,30,0.38961038961038963,20260919
SCR-07-cdd18a1f4996,7,03ae9bfd4c12f807212a66f1,804,INCLUDE,77,30,0.38961038961038963,20260919
SCR-07-bb3f47143c77,7,47a79229c20d85d113900e6e,2156,INCLUDE,77,30,0.38961038961038963,20260919
SCR-07-3e04f713d317,7,c31f9561faa3afcf8489e88c,40,INCLUDE,77,30,0.38961038961038963,20260919
SCR-07-442eba87b40a,7,91d2e9863d7164e91cbe692a,1183,INCLUDE,77,30,0.38961038961038963,20260919
SCR-07-a557c431609e,7,3a8b752a0aa783bc47e026f3,127,INCLUDE,77,30,0.38961038961038963,20260919
SCR-07-53b0b0141e64,7,9b208bb8873037311b0aace3,3779,INCLUDE,77,30,0.38961038961038963,20260919
SCR-07-33e63b798c0b,7,da7e875a968328c49e966a8c,346,INCLUDE,77,30,0.38961038961038963,20260919
SCR-07-f867230ca16b,7,145d2101f62ebd95c7f5310b,3023,INCLUDE,77,30,0.38961038961038963,20260919
SCR-07-a5f4914a32b4,7,858a30c017d0285db5085be4,1378,INCLUDE,77,30,0.38961038961038963,20260919
SCR-07-a724869e5de8,7,2e613a23eee2a3c6edb01a05,461,INCLUDE,77,30,0.38961038961038963,20260919
SCR-07-c08af2351ac4,7,8b90e8ae5fa6f7453a485ea1,185,INCLUDE,77,30,0.38961038961038963,20260919
SCR-07-041776a4c71b,7,22256d26c0f91a49884b2e36,491,INCLUDE,77,30,0.38961038961038963,20260919
SCR-07-d9a845979f49,7,0a50bb94bd36d45ecae858e1,360,INCLUDE,77,30,0.38961038961038963,20260919
SCR-07-d817a156cb75,7,a5151863f263367d2055a4e7,2933,INCLUDE,77,30,0.38961038961038963,20260919
SCR-07-c67c4a5b6a7a,7,43ae0c2b705914a53df8a892,1146,INCLUDE,77,30,0.38961038961038963,20260919
SCR-07-c50253bc1b10,7,e46278c710ae9a4088a673b2,171,INCLUDE,77,30,0.38961038961038963,20260919
SCR-07-39d1e2dee96f,7,9d0365ef01723d4477040be1,1113,INCLUDE,77,30,0.38961038961038963,20260919
SCR-07-fd6a37e66fa0,7,f88bc8ac478bd908921931ba,1043,INCLUDE,77,30,0.38961038961038963,20260919
SCR-07-40a8c3fcad6a,7,878bebc39440bb6c75d53a30,2167,INCLUDE,77,30,0.38961038961038963,20260919
SCR-07-99c5a21642f2,7,c7a5c4d49ece8b10e7883ced,231,INCLUDE,77,30,0.38961038961038963,20260919
SCR-07-99c242d85f23,7,44b18daa71b1dc6c46e19808,2742,INCLUDE,77,30,0.38961038961038963,20260919
SCR-07-58bd36c7237e,7,63292336d3f3646e0a706501,61,INCLUDE,77,30,0.38961038961038963,20260919
SCR-07-475675a841bd,7,3a1f3be5e2f77e5f1ae31237,1307,INCLUDE,77,30,0.38961038961038963,20260919
SCR-07-9e46d0d51b60,7,ed7b69af68d8a1fc699bab49,1892,INCLUDE,77,30,0.38961038961038963,20260919
SCR-07-2f59f9197c22,7,09c40f149bdfe7c103cb64a5,2366,INCLUDE,77,30,0.38961038961038963,20260919
SCR-07-f5a79ca794ed,7,c706f3ae87fc4506dee3e009,126,INCLUDE,77,30,0.38961038961038963,20260919
SCR-07-5971318fda5c,7,34d86de0fe50f2e63e466ac7,956,INCLUDE,77,30,0.38961038961038963,20260919
SCR-07-9fb619346cf6,7,20a6a6e3444b517d71533fd7,182,INCLUDE,77,30,0.38961038961038963,20260919
SCR-07-a086f8ba539c,7,73b4afb56189b623fe12b9fe,725,INCLUDE,77,30,0.38961038961038963,20260919
SCR-07-9869232b37ac,7,8bb82afeaf63448af403c0d8,765,EXCLUDE,4025,30,0.007453416149068323,20260919
SCR-07-838aa2273d7c,7,62e15ec91205febae2a1e3ae,278,EXCLUDE,4025,30,0.007453416149068323,20260919
SCR-07-576aeea935bb,7,5615933a6392b2af4fa9974f,763,EXCLUDE,4025,30,0.007453416149068323,20260919
SCR-07-48c70ff4e1bc,7,ab9281c857bbc0d5b3bddd64,89,EXCLUDE,4025,30,0.007453416149068323,20260919
SCR-07-92f045aed8bc,7,5eccbd9ae19f5481a689a389,1924,EXCLUDE,4025,30,0.007453416149068323,20260919
SCR-07-08a8061c16cb,7,6e7180af79700d891e83bc54,708,EXCLUDE,4025,30,0.007453416149068323,20260919
SCR-07-509420195ed5,7,608bcfae1ad66d8f6fd14187,3587,EXCLUDE,4025,30,0.007453416149068323,20260919
SCR-07-cf354e069e33,7,d18a8cdfb998d890a47f0d6b,3651,EXCLUDE,4025,30,0.007453416149068323,20260919
SCR-07-b19e32f2d43a,7,b51e32be83a54f6e2e2af954,458,EXCLUDE,4025,30,0.007453416149068323,20260919
SCR-07-98fcb7001417,7,fc450b0c1e6fef59f35446f6,3702,EXCLUDE,4025,30,0.007453416149068323,20260919
SCR-07-b9590b532d0a,7,3d3992516ff4d429961b1edb,789,EXCLUDE,4025,30,0.007453416149068323,20260919
SCR-07-8e141052f71b,7,de516a68d25cd514d749f96a,3907,EXCLUDE,4025,30,0.007453416149068323,20260919
SCR-07-5ee79ccffa34,7,9a23d35b5b806f87c24e823a,671,EXCLUDE,4025,30,0.007453416149068323,20260919
SCR-07-79a74b5c5ac5,7,c85c51839873a4546acf70c9,4011,EXCLUDE,4025,30,0.007453416149068323,20260919
SCR-07-144f0168e493,7,b92ec47441c2bcb20a48a9eb,3191,EXCLUDE,4025,30,0.007453416149068323,20260919
SCR-07-13d673fbff30,7,f4d47506e106d220a7c145cb,478,EXCLUDE,4025,30,0.007453416149068323,20260919
SCR-07-6db4e5ebf576,7,fe0b3ca6f082ecb102c1681f,3991,EXCLUDE,4025,30,0.007453416149068323,20260919
SCR-07-c1ae9d2a95c2,7,fc671d7b4baec7a22ce119a0,2675,EXCLUDE,4025,30,0.007453416149068323,20260919
SCR-07-e7f552f5e5aa,7,aebeb1691077436bbf741097,3909,EXCLUDE,4025,30,0.007453416149068323,20260919
SCR-07-ea361db19129,7,4c54c784940cbbc5899e92b0,2242,EXCLUDE,4025,30,0.007453416149068323,20260919
SCR-07-58d5b839b2a8,7,e71804b0d604474fa24b317d,1969,EXCLUDE,4025,30,0.007453416149068323,20260919
SCR-07-59f03a3aa2d8,7,ba9539656a8ed889b5d48965,2445,EXCLUDE,4025,30,0.007453416149068323,20260919
SCR-07-004d1d0024ee,7,3077c547c534494dfcfd7089,2243,EXCLUDE,4025,30,0.007453416149068323,20260919
SCR-07-2064480a6b85,7,14836a7b9d769553b2a688a4,2476,EXCLUDE,4025,30,0.007453416149068323,20260919
SCR-07-bcb43aabfb39,7,a03c0ee42b5061d36117cfe9,2766,EXCLUDE,4025,30,0.007453416149068323,20260919
SCR-07-07a4f6a4dcb9,7,fc8919808f3f6ed208451f62,2078,EXCLUDE,4025,30,0.007453416149068323,20260919
SCR-07-2647f3ecdc0c,7,8db14cc6dd97fc2ffe2885e0,1677,EXCLUDE,4025,30,0.007453416149068323,20260919
SCR-07-40124571da66,7,4be27b2decefe878180330ea,1192,EXCLUDE,4025,30,0.007453416149068323,20260919
SCR-07-bf694a13577e,7,6796f8c37cffa8e9890893b9,1715,EXCLUDE,4025,30,0.007453416149068323,20260919
SCR-07-4c71e106ae2a,7,fb141a05701a02094138e017,1723,EXCLUDE,4025,30,0.007453416149068323,20260919
SCR-08-ff8b8842d5c4,8,dd7a5378431503150fccacb4,77,INCLUDE,308,30,0.09740259740259741,20260919
SCR-08-efdb3b7a0e7e,8,8f315022a5d30094a82fd2e6,1984,INCLUDE,308,30,0.09740259740259741,20260919
SCR-08-7a46c316c994,8,75c4856aeff71f21e9232c5e,458,INCLUDE,308,30,0.09740259740259741,20260919
SCR-08-b06099fb916b,8,9b6e0e13984e1dc76ee857b8,4651,INCLUDE,308,30,0.09740259740259741,20260919
SCR-08-22951b960acb,8,996c4ee065dc4c496715d53b,2574,INCLUDE,308,30,0.09740259740259741,20260919
SCR-08-649dbc473dac,8,7cf746a578f273b8fd9b36e8,421,INCLUDE,308,30,0.09740259740259741,20260919
SCR-08-ae65e79c8a75,8,9834db16647c57c17009ca80,166,INCLUDE,308,30,0.09740259740259741,20260919
SCR-08-b7697c07006a,8,74243e208eef3d540bc6b4f7,431,INCLUDE,308,30,0.09740259740259741,20260919
SCR-08-d08948d34e80,8,f1baedbe7e5c866af4d4de90,1745,INCLUDE,308,30,0.09740259740259741,20260919
SCR-08-d65df8709319,8,e9220961ee3d8894cae6df7b,4683,INCLUDE,308,30,0.09740259740259741,20260919
SCR-08-750ef3325522,8,1066881da0b0ee74fcf81b54,209,INCLUDE,308,30,0.09740259740259741,20260919
SCR-08-ed725feecba3,8,25f8679546a2ef7d9eea52d5,371,INCLUDE,308,30,0.09740259740259741,20260919
SCR-08-15a507290aca,8,fbd5e4ea43c5e40298bc80d1,3955,INCLUDE,308,30,0.09740259740259741,20260919
SCR-08-a070366296d4,8,2590e91429958cbc9f5d9241,3261,INCLUDE,308,30,0.09740259740259741,20260919
SCR-08-536b07fcea03,8,0cc71a27f2daa38b8449bc9d,3477,INCLUDE,308,30,0.09740259740259741,20260919
SCR-08-f0d3ba9a34b4,8,11d09adf4af932b363657582,2497,INCLUDE,308,30,0.09740259740259741,20260919
SCR-08-193e23ceb662,8,a834c066785d9db6eee69f80,1076,INCLUDE,308,30,0.09740259740259741,20260919
SCR-08-3295872717a1,8,683b6501392936e250ba9c54,751,INCLUDE,308,30,0.09740259740259741,20260919
SCR-08-c33048dea0a2,8,3bce6dbbe1be0232d558cd16,3061,INCLUDE,308,30,0.09740259740259741,20260919
SCR-08-de7a3708ae77,8,425f7d7fd6921f10f785d5b4,2752,INCLUDE,308,30,0.09740259740259741,20260919
SCR-08-91f6b44a5f43,8,e01def3a632e794bae6d31e5,7278,INCLUDE,308,30,0.09740259740259741,20260919
SCR-08-e3ff88cda6d2,8,d72107c453ff418668d1be41,358,INCLUDE,308,30,0.09740259740259741,20260919
SCR-08-8fbde54590af,8,597214e2830a2f0b42165ac6,3350,INCLUDE,308,30,0.09740259740259741,20260919
SCR-08-2cbcc4120152,8,53efaab38a33b36edd53c7ae,2326,INCLUDE,308,30,0.09740259740259741,20260919
SCR-08-69fad5263c4e,8,9888b29f21a4e23dfa87a988,5486,INCLUDE,308,30,0.09740259740259741,20260919
SCR-08-37621abe72a4,8,642b6bf62cad4fe83399dbaa,3390,INCLUDE,308,30,0.09740259740259741,20260919
SCR-08-a5c08987b933,8,d40641a1b7ea8d19afc87901,4954,INCLUDE,308,30,0.09740259740259741,20260919
SCR-08-a66cabc6533d,8,fe794a0b6baed0c9ccb3b903,872,INCLUDE,308,30,0.09740259740259741,20260919
SCR-08-27db4b56579c,8,b9beabba5783ff649ec92085,1990,INCLUDE,308,30,0.09740259740259741,20260919
SCR-08-9319d34b9c6a,8,a1149b0f007ee80d8bf36adb,482,INCLUDE,308,30,0.09740259740259741,20260919
SCR-08-02069831db85,8,90c88180b4fcbb2796026646,1829,EXCLUDE,7400,30,0.004054054054054054,20260919
SCR-08-104c38c46870,8,1e7a4fa47ff0e05515fd7d53,3158,EXCLUDE,7400,30,0.004054054054054054,20260919
SCR-08-8d507b949071,8,e8ce99ed5c18cfb3e121885f,5129,EXCLUDE,7400,30,0.004054054054054054,20260919
SCR-08-9f14846fda0f,8,e676afefde8b622077a0814a,2229,EXCLUDE,7400,30,0.004054054054054054,20260919
SCR-08-4e55eb0f0812,8,02dcf3e14a3a1447331a27b2,2921,EXCLUDE,7400,30,0.004054054054054054,20260919
SCR-08-643979ed5445,8,49b622e0222d897eb4e8032c,2183,EXCLUDE,7400,30,0.004054054054054054,20260919
SCR-08-ba3f78406b78,8,f9bf74f2ccbec20128938faa,7236,EXCLUDE,7400,30,0.004054054054054054,20260919
SCR-08-e91de1d35e64,8,2d5d65874d63a6261700b041,5586,EXCLUDE,7400,30,0.004054054054054054,20260919
SCR-08-4d348ccea5aa,8,2bc3332343c0ce3704d2d8a4,6997,EXCLUDE,7400,30,0.004054054054054054,20260919
SCR-08-e1295136868e,8,47ccecc9cfa948d24354f560,825,EXCLUDE,7400,30,0.004054054054054054,20260919
SCR-08-189015992ffa,8,4d8518be14f93e908be7dcf7,1007,EXCLUDE,7400,30,0.004054054054054054,20260919
SCR-08-b61b034f7871,8,197720fe34f7abf1543d0989,6648,EXCLUDE,7400,30,0.004054054054054054,20260919
SCR-08-dbfdbe4d6f12,8,95434751c697b4eff5de040d,4510,EXCLUDE,7400,30,0.004054054054054054,20260919
SCR-08-d501b8648f6e,8,f4b0ee61e868e357c7134907,4502,EXCLUDE,7400,30,0.004054054054054054,20260919
SCR-08-651c426a5e07,8,628fbc32fa2a6bcad525f4f0,7011,EXCLUDE,7400,30,0.004054054054054054,20260919
SCR-08-27f8dc37fe17,8,14de8e51f24e684e4ac21121,5879,EXCLUDE,7400,30,0.004054054054054054,20260919
SCR-08-978af356b697,8,b2f9a5684486ecc2648aa030,256,EXCLUDE,7400,30,0.004054054054054054,20260919
SCR-08-d22624661717,8,63b7f6d121a1645b0b75a312,5834,EXCLUDE,7400,30,0.004054054054054054,20260919
SCR-08-f51ae274eb0d,8,86adeac701224e4097a31565,3645,EXCLUDE,7400,30,0.004054054054054054,20260919
SCR-08-28a31fbe5197,8,1cf7bcdfc5bc21d917621eb8,2722,EXCLUDE,7400,30,0.004054054054054054,20260919
SCR-08-8050208573a1,8,3ace36f456f2eecad110e7e1,293,EXCLUDE,7400,30,0.004054054054054054,20260919
SCR-08-6152460fd9e2,8,5833d7f39d487b14f165f48f,3491,EXCLUDE,7400,30,0.004054054054054054,20260919
SCR-08-6f0b41e809d4,8,530f46a423d8c7df4c0a7414,7512,EXCLUDE,7400,30,0.004054054054054054,20260919
SCR-08-bcf51066d76f,8,4baf96bd53f3c6e094481f4c,730,EXCLUDE,7400,30,0.004054054054054054,20260919
SCR-08-9dd4f3d8fd11,8,86908b81cf540a1607bcb1e0,4064,EXCLUDE,7400,30,0.004054054054054054,20260919
SCR-08-4a1327cbb9c9,8,0b0e021ed560ff80a1126288,6483,EXCLUDE,7400,30,0.004054054054054054,20260919
SCR-08-1271dcdd2c17,8,c9ddba53bcc37af9eb37de39,300,EXCLUDE,7400,30,0.004054054054054054,20260919
SCR-08-ce9ff431199c,8,7e133aa4587d7c48ca560d45,2050,EXCLUDE,7400,30,0.004054054054054054,20260919
SCR-08-5ef455190679,8,c3bb7ce35cc7a0f7393ee295,7617,EXCLUDE,7400,30,0.004054054054054054,20260919
SCR-08-529160294b24,8,c8160c11dab372f76f64ecce,6434,EXCLUDE,7400,30,0.004054054054054054,20260919
SCR-09-948a2c1ab7c0,9,9b3b7d04814be0c6579c2d4f,3281,INCLUDE,580,30,0.05172413793103448,20260919
SCR-09-5264bb2f0bec,9,98a6457ae4e1ed827f63a9e4,1291,INCLUDE,580,30,0.05172413793103448,20260919
SCR-09-a6678bf0975b,9,751b217b95b11fd5638ece1f,828,INCLUDE,580,30,0.05172413793103448,20260919
SCR-09-d169e3a0049a,9,5203fb292a96530c97ee4c53,391,INCLUDE,580,30,0.05172413793103448,20260919
SCR-09-7d92378ec9e5,9,655bf400f856ab618815d7a9,1484,INCLUDE,580,30,0.05172413793103448,20260919
SCR-09-bdb9970a8cda,9,c31c89275284d2c272898ca7,3131,INCLUDE,580,30,0.05172413793103448,20260919
SCR-09-b247ae7ceba7,9,951a3494ee7cc45c0c6e09d0,1257,INCLUDE,580,30,0.05172413793103448,20260919
SCR-09-c7c70f27bfb8,9,d80310b7b1f5238d0ffaa604,2268,INCLUDE,580,30,0.05172413793103448,20260919
SCR-09-f5b30994aa29,9,4fa7bb71915a96b84c71825e,3591,INCLUDE,580,30,0.05172413793103448,20260919
SCR-09-24d08eaffec6,9,7d507ecc877e877aad168809,1068,INCLUDE,580,30,0.05172413793103448,20260919
SCR-09-fc1e46647b9c,9,f12a797cf1a6c1b40a2a7770,1269,INCLUDE,580,30,0.05172413793103448,20260919
SCR-09-636faa32724a,9,8b341031df66d214461598c4,1201,INCLUDE,580,30,0.05172413793103448,20260919
SCR-09-3f017a88454d,9,106ca6f43480208a19542d99,3553,INCLUDE,580,30,0.05172413793103448,20260919
SCR-09-95c128d5d7ee,9,8138eee26e45ae14bb2333d6,546,INCLUDE,580,30,0.05172413793103448,20260919
SCR-09-8db19fe33797,9,4531132555edf202dddedc66,790,INCLUDE,580,30,0.05172413793103448,20260919
SCR-09-6cf3e8cfc493,9,d3fdc74cc2dbb48659919d14,2213,INCLUDE,580,30,0.05172413793103448,20260919
SCR-09-72cb13139af7,9,eaf8c88834835ebcad0d6189,1162,INCLUDE,580,30,0.05172413793103448,20260919
SCR-09-e542067fbbf8,9,cbd5fd7a96895f180b994280,65,INCLUDE,580,30,0.05172413793103448,20260919
SCR-09-e375f73a6970,9,ee4dd2150ac31222f2d049f0,3864,INCLUDE,580,30,0.05172413793103448,20260919
SCR-09-f51fd489657d,9,b95f29c70be9b45be128a79c,490,INCLUDE,580,30,0.05172413793103448,20260919
SCR-09-50fbbd2cc98f,9,49309be3d860882b8c8edd3a,362,INCLUDE,580,30,0.05172413793103448,20260919
SCR-09-998827460dc5,9,696f135bb87b731e8915288d,2351,INCLUDE,580,30,0.05172413793103448,20260919
SCR-09-bd04be6c6820,9,709fc9aa4ecd3e538e078429,889,INCLUDE,580,30,0.05172413793103448,20260919
SCR-09-3f4b72f17cee,9,026674935f9322b832bab51f,1069,INCLUDE,580,30,0.05172413793103448,20260919
SCR-09-fbdd43004c56,9,a3496c5878701e258f5ec5c0,374,INCLUDE,580,30,0.05172413793103448,20260919
SCR-09-cf8eeb1846b6,9,129756d95af9ab5f27681ab2,3310,INCLUDE,580,30,0.05172413793103448,20260919
SCR-09-5ae0eae9ba68,9,e9b8a8fb66b8ed17bea48e11,3550,INCLUDE,580,30,0.05172413793103448,20260919
SCR-09-a6e7614c783d,9,d129b84f1042216da759f005,3325,INCLUDE,580,30,0.05172413793103448,20260919
SCR-09-872000b7735c,9,e645ec62dbe6bf7f73894449,1657,INCLUDE,580,30,0.05172413793103448,20260919
SCR-09-dc1135a782cd,9,d2a550040ecbefbb76e7d041,2457,INCLUDE,580,30,0.05172413793103448,20260919
SCR-09-98a49c5585f7,9,37287398f1727aa503f4191a,933,EXCLUDE,3382,30,0.008870490833826138,20260919
SCR-09-36784959832a,9,a34933605278aa09a5b61863,1101,EXCLUDE,3382,30,0.008870490833826138,20260919
SCR-09-dbe1cee4b1bc,9,2ad21d113e5e7f6cf38910bf,3147,EXCLUDE,3382,30,0.008870490833826138,20260919
SCR-09-740a1055b57a,9,9545f2f345764e1b227f9aab,1591,EXCLUDE,3382,30,0.008870490833826138,20260919
SCR-09-44cbae6dbd57,9,2553f832db6e85141e518527,2128,EXCLUDE,3382,30,0.008870490833826138,20260919
SCR-09-5971588849f3,9,1331e7c2daf19862ef949128,3405,EXCLUDE,3382,30,0.008870490833826138,20260919
SCR-09-0fe70a11b727,9,23dc58de9a8dd290a3ee4f55,3454,EXCLUDE,3382,30,0.008870490833826138,20260919
SCR-09-0a4280ad025e,9,c127f7bfe01b44fb5f42b3cd,2318,EXCLUDE,3382,30,0.008870490833826138,20260919
SCR-09-7e05b2996b92,9,543de6b61c7758b9c921457d,549,EXCLUDE,3382,30,0.008870490833826138,20260919
SCR-09-08b01b7a4bca,9,567bde50969341c2cb970f97,2223,EXCLUDE,3382,30,0.008870490833826138,20260919
SCR-09-45e5d441e3a9,9,c6eb035b6dc33a6327f824dc,1549,EXCLUDE,3382,30,0.008870490833826138,20260919
SCR-09-4d966e0e867a,9,45c75314ece4657e5b5f22a7,1225,EXCLUDE,3382,30,0.008870490833826138,20260919
SCR-09-7a11bce49f68,9,93eb3bc2fb9a6365f520b3c6,3490,EXCLUDE,3382,30,0.008870490833826138,20260919
SCR-09-1103023689ff,9,c4bc18b4210d94a2d8f575d5,1355,EXCLUDE,3382,30,0.008870490833826138,20260919
SCR-09-9d3160b73594,9,e829e438640bc32fe4c54fb1,1147,EXCLUDE,3382,30,0.008870490833826138,20260919
SCR-09-c2380cb7a932,9,364f97cc14a9f0c8d4cc5f59,665,EXCLUDE,3382,30,0.008870490833826138,20260919
SCR-09-004a888cd7a4,9,051d6e9e46f41014fef11ba3,2662,EXCLUDE,3382,30,0.008870490833826138,20260919
SCR-09-c974cda920cb,9,b28cdb537b0c10a4181a3e86,425,EXCLUDE,3382,30,0.008870490833826138,20260919
SCR-09-131df37970f5,9,0dc993d64d1f4ed8ff09b490,3548,EXCLUDE,3382,30,0.008870490833826138,20260919
SCR-09-69782bb538ac,9,ba89a9a9fb39e0f23710f408,906,EXCLUDE,3382,30,0.008870490833826138,20260919
SCR-09-cd868db25d09,9,3164c63b70985639dd343a61,2129,EXCLUDE,3382,30,0.008870490833826138,20260919
SCR-09-db5d71002237,9,cfd3adf5ad85b6e0c5e0ffdd,212,EXCLUDE,3382,30,0.008870490833826138,20260919
SCR-09-a4a491593a96,9,e5b9ff8f5ce15c9d0bfbef6d,2326,EXCLUDE,3382,30,0.008870490833826138,20260919
SCR-09-97969df413f2,9,800810506080b073cc6efc13,3237,EXCLUDE,3382,30,0.008870490833826138,20260919
SCR-09-973b48eaa30b,9,faad73285755c61744db338f,3776,EXCLUDE,3382,30,0.008870490833826138,20260919
SCR-09-67336a537d81,9,3fb1881c41848ba81d491fe4,1965,EXCLUDE,3382,30,0.008870490833826138,20260919
SCR-09-b7f38d18ef04,9,1c020739f6c7e0d0f100d5a5,405,EXCLUDE,3382,30,0.008870490833826138,20260919
SCR-09-d685a910fc07,9,8e6a1fea95e01863c602e4ac,1157,EXCLUDE,3382,30,0.008870490833826138,20260919
SCR-09-c9c6756567a1,9,5abc45e9e3a8c3ba947af9c7,3170,EXCLUDE,3382,30,0.008870490833826138,20260919
SCR-09-42e6e8d765a8,9,673bc4f585671018ad2d07e2,1938,EXCLUDE,3382,30,0.008870490833826138,20260919
SCR-10-a5126b2cc341,10,3cb14d1e2081b257add54866,989,INCLUDE,354,30,0.0847457627118644,20260919
SCR-10-99a2d7fd2b44,10,bbd4f04254a8c812defadce6,353,INCLUDE,354,30,0.0847457627118644,20260919
SCR-10-657f09b8463b,10,ea624d11a7add62209d2eb99,288,INCLUDE,354,30,0.0847457627118644,20260919
SCR-10-38619841d8a9,10,46099f0b82c3253a0f21cc2a,183,INCLUDE,354,30,0.0847457627118644,20260919
SCR-10-6811b1f5d164,10,9b98f98c5d3c468804a9156e,110,INCLUDE,354,30,0.0847457627118644,20260919
SCR-10-eb948bb097bd,10,3ea92d275547320ed8585ed8,457,INCLUDE,354,30,0.0847457627118644,20260919
SCR-10-910119cf4afb,10,6ac469f71352209fbd6bb351,306,INCLUDE,354,30,0.0847457627118644,20260919
SCR-10-53fb5ba1d012,10,db30a7a8463b38692dfce9c2,580,INCLUDE,354,30,0.0847457627118644,20260919
SCR-10-a873ac9394f3,10,0949e66bfc71bbf730900c24,637,INCLUDE,354,30,0.0847457627118644,20260919
SCR-10-7d4635f05720,10,d3e0b0f7a515c674da45f109,679,INCLUDE,354,30,0.0847457627118644,20260919
SCR-10-8be9fa062b17,10,77fcbfa09c4ebf9e39e79498,657,INCLUDE,354,30,0.0847457627118644,20260919
SCR-10-7566dd0ad934,10,4dc4f1e70a28cdb2fb0c6d86,274,INCLUDE,354,30,0.0847457627118644,20260919
SCR-10-99c4eb2b9f1b,10,7efb8f691b6e9be115c6284d,669,INCLUDE,354,30,0.0847457627118644,20260919
SCR-10-1e3729888f98,10,64ac5696dc5720a12da7ad6f,514,INCLUDE,354,30,0.0847457627118644,20260919
SCR-10-daf21bb52d1f,10,faa72e1e2703d48d4ba58a31,240,INCLUDE,354,30,0.0847457627118644,20260919
SCR-10-ddcd2d04c667,10,657de6767b370bbe1661f283,754,INCLUDE,354,30,0.0847457627118644,20260919
SCR-10-d30b95e7631e,10,90452060bfe57f5663d3aeda,432,INCLUDE,354,30,0.0847457627118644,20260919
SCR-10-2486b99cf2ee,10,a2a59fc8bb3ca4ba2c4cc902,638,INCLUDE,354,30,0.0847457627118644,20260919
SCR-10-e6fd7ac3a8e6,10,84df25ea84954f8975c1a8b9,67,INCLUDE,354,30,0.0847457627118644,20260919
SCR-10-2ad53467469f,10,e5b57ca41cbe7424d1eae6c1,481,INCLUDE,354,30,0.0847457627118644,20260919
SCR-10-8a7848d67ff0,10,2ed708048d721fc5b27db1fd,716,INCLUDE,354,30,0.0847457627118644,20260919
SCR-10-f2cd01174c81,10,ba71a7fd3d0be2ec610c9ba0,321,INCLUDE,354,30,0.0847457627118644,20260919
SCR-10-5e35859358a1,10,6bd6e730cf3f69a8f7c65cd4,351,INCLUDE,354,30,0.0847457627118644,20260919
SCR-10-d72a2d6e3114,10,5b9d42b3820c2709f8845781,940,INCLUDE,354,30,0.0847457627118644,20260919
SCR-10-c10c28de4b60,10,0bf0fd054ae471bc346e227e,349,INCLUDE,354,30,0.0847457627118644,20260919
SCR-10-6a9bf4427957,10,7e34b659bef98025870f9110,83,INCLUDE,354,30,0.0847457627118644,20260919
SCR-10-b352bdc90399,10,9eb21bfd4bb3d2c2b719961b,601,INCLUDE,354,30,0.0847457627118644,20260919
SCR-10-f1c99dbea194,10,7b20cd9b710c27415a62af2b,109,INCLUDE,354,30,0.0847457627118644,20260919
SCR-10-e646be188e08,10,708e8d71511fa78fa9e67e7e,138,INCLUDE,354,30,0.0847457627118644,20260919
SCR-10-84c41548fb5a,10,a7b88ec9acb89c13cbc107a9,345,INCLUDE,354,30,0.0847457627118644,20260919
SCR-10-b9dc3d317bff,10,5ebdeb2be9303abcf60d8e23,458,EXCLUDE,639,30,0.046948356807511735,20260919
SCR-10-f171601f5086,10,9f58638b81fa21e16498621c,695,EXCLUDE,639,30,0.046948356807511735,20260919
SCR-10-baea6b75e7d0,10,2a449209cd3bd91b64c070a3,957,EXCLUDE,639,30,0.046948356807511735,20260919
SCR-10-20a041e7ed99,10,f7d11430dc035640588796e3,128,EXCLUDE,639,30,0.046948356807511735,20260919
SCR-10-51d8e779dcf1,10,321622f83956aec8bb09e5d2,467,EXCLUDE,639,30,0.046948356807511735,20260919
SCR-10-2aebc5cdd1c3,10,acc86cb9c8916738d6b51862,850,EXCLUDE,639,30,0.046948356807511735,20260919
SCR-10-45a5c34bc9d1,10,df97544aee5741e2fa8845f7,177,EXCLUDE,639,30,0.046948356807511735,20260919
SCR-10-847482baa134,10,2cff70af519e9ec51ab5b7eb,517,EXCLUDE,639,30,0.046948356807511735,20260919
SCR-10-b4212ef18283,10,e433b8066855c41767447a13,125,EXCLUDE,639,30,0.046948356807511735,20260919
SCR-10-049ec281fceb,10,b32bae7c2b56245caaa2b059,710,EXCLUDE,639,30,0.046948356807511735,20260919
SCR-10-a1377b0052ac,10,3d134ff36f982b5cd3c6172a,100,EXCLUDE,639,30,0.046948356807511735,20260919
SCR-10-1cd40fef33e2,10,4c322ebe5fbcab50bee3c749,665,EXCLUDE,639,30,0.046948356807511735,20260919
SCR-10-b2f8e4526ffd,10,cd3315f69ff791f89da9a296,604,EXCLUDE,639,30,0.046948356807511735,20260919
SCR-10-459351e263df,10,7898a546b045ee9a1e3cb264,144,EXCLUDE,639,30,0.046948356807511735,20260919
SCR-10-bd93eab0643a,10,89d89709b651b5f0b7e7ddd4,261,EXCLUDE,639,30,0.046948356807511735,20260919
SCR-10-2d580a29b656,10,c8d92983f043cfa7922d1e85,570,EXCLUDE,639,30,0.046948356807511735,20260919
SCR-10-b60f29577e0d,10,fe0b1034ada16e731982030a,992,EXCLUDE,639,30,0.046948356807511735,20260919
SCR-10-63302ec8aa8a,10,05ff20af9c09fbf9683dd30f,696,EXCLUDE,639,30,0.046948356807511735,20260919
SCR-10-2746a53581f6,10,4d860981396a0e1b5b7b68ae,690,EXCLUDE,639,30,0.046948356807511735,20260919
SCR-10-2134e2f06d41,10,0965ba3250cb63edb4c0e8ea,571,EXCLUDE,639,30,0.046948356807511735,20260919
SCR-10-43712c6aead5,10,f52e63fd6fbcc695ec00ba97,908,EXCLUDE,639,30,0.046948356807511735,20260919
SCR-10-b80a28b4f74d,10,89be75780568eddfdbf96fbe,427,EXCLUDE,639,30,0.046948356807511735,20260919
SCR-10-4258df86c8ca,10,a73b2e248703397069023842,312,EXCLUDE,639,30,0.046948356807511735,20260919
SCR-10-76f9da18da39,10,0e327714b9008a56a79ff1db,933,EXCLUDE,639,30,0.046948356807511735,20260919
SCR-10-df3d9b618671,10,d4114f88d0834a5ddbfc6657,386,EXCLUDE,639,30,0.046948356807511735,20260919
SCR-10-f41ccd69a523,10,e5b7521fd3e6661809df00d5,573,EXCLUDE,639,30,0.046948356807511735,20260919
SCR-10-e87fff8121c3,10,4c39024accbbcdc957e89b2d,513,EXCLUDE,639,30,0.046948356807511735,20260919
SCR-10-976ecd7254f1,10,c4dd13d72f990adad3bc5d8d,396,EXCLUDE,639,30,0.046948356807511735,20260919
SCR-10-9aa96baf17dd,10,ab601408a8386d3ee5d6bf2c,939,EXCLUDE,639,30,0.046948356807511735,20260919
SCR-10-d5de396fa147,10,37a5620d52a5a99e7092d3db,152,EXCLUDE,639,30,0.046948356807511735,20260919
SCR-11-3b897c5e9867,11,b0f741eac9b3df753ef154e7,2287,INCLUDE,253,30,0.11857707509881422,20260919
SCR-11-d628aa851eaa,11,c41e4b18edae083e8b2a569e,2687,INCLUDE,253,30,0.11857707509881422,20260919
SCR-11-b04b22a69795,11,ea4da175cdd9af84807cf3bd,4114,INCLUDE,253,30,0.11857707509881422,20260919
SCR-11-feee6e25b932,11,b07377244e6d07397aacc820,788,INCLUDE,253,30,0.11857707509881422,20260919
SCR-11-7957a92b6786,11,16567bdc39cf175f2b7dbc27,1124,INCLUDE,253,30,0.11857707509881422,20260919
SCR-11-159f979bdc60,11,3ec922f5082fbc51b80840e2,3837,INCLUDE,253,30,0.11857707509881422,20260919
SCR-11-5bacb8a3cbbc,11,2d926953408fe98e00dc87fb,22,INCLUDE,253,30,0.11857707509881422,20260919
SCR-11-ab0644581d68,11,b31428cedd2ff73a524dc41c,837,INCLUDE,253,30,0.11857707509881422,20260919
SCR-11-3463be43f989,11,82e3eac540a2aa6c4753a215,1939,INCLUDE,253,30,0.11857707509881422,20260919
SCR-11-19a886ca679a,11,fdf1e0a6c662e6103883bf77,4484,INCLUDE,253,30,0.11857707509881422,20260919
SCR-11-ea38399b586c,11,0a0d0d5594e9db686c13771c,898,INCLUDE,253,30,0.11857707509881422,20260919
SCR-11-2dcff658c0bf,11,fa604ccbb204eab456cb76e2,558,INCLUDE,253,30,0.11857707509881422,20260919
SCR-11-b2cde1c62da0,11,913a2338c9e835a50bec5928,273,INCLUDE,253,30,0.11857707509881422,20260919
SCR-11-9845faec6e68,11,2e6df47f6a75c6b7f56a4732,596,INCLUDE,253,30,0.11857707509881422,20260919
SCR-11-85d4ace1aeb4,11,6bf7e5b5ac623eaae4baad1d,1500,INCLUDE,253,30,0.11857707509881422,20260919
SCR-11-5af861ea139d,11,a24992a79b2675bccb41fe68,366,INCLUDE,253,30,0.11857707509881422,20260919
SCR-11-d9991aecba77,11,e1ba134cc04d270b81b9d8d2,902,INCLUDE,253,30,0.11857707509881422,20260919
SCR-11-11cf2c6d5f6f,11,338979829ab778ba1a501197,489,INCLUDE,253,30,0.11857707509881422,20260919
SCR-11-0aa81bf6a662,11,a1465b1d5372bc942d57f6ca,1029,INCLUDE,253,30,0.11857707509881422,20260919
SCR-11-f5966f3d125b,11,ef6f0baae9eb7a11b0c0ac80,1712,INCLUDE,253,30,0.11857707509881422,20260919
SCR-11-1563488b319f,11,52b2651448dbd22d52451eab,231,INCLUDE,253,30,0.11857707509881422,20260919
SCR-11-7880a9b4da6e,11,927f33360a34b3c61e28bcb5,3391,INCLUDE,253,30,0.11857707509881422,20260919
SCR-11-4bd1129ddca3,11,4da633b9ec32ad6cd5dde1fc,549,INCLUDE,253,30,0.11857707509881422,20260919
SCR-11-5e890e5c88b3,11,6fbea047608a9f732548b45c,3114,INCLUDE,253,30,0.11857707509881422,20260919
SCR-11-ff615e42ca49,11,c5a460f41e0204ecb8d4b068,856,INCLUDE,253,30,0.11857707509881422,20260919
SCR-11-8d10c65139dc,11,0f0001c06570ef95a15d0cf7,1063,INCLUDE,253,30,0.11857707509881422,20260919
SCR-11-821cf26ee9a9,11,1b288a149d220f9a24e2a999,4795,INCLUDE,253,30,0.11857707509881422,20260919
SCR-11-1dced6dec322,11,528a6168f0438538561a6632,3091,INCLUDE,253,30,0.11857707509881422,20260919
SCR-11-6b416be9b332,11,366f6d1c8be2fbbf02d9c2bc,324,INCLUDE,253,30,0.11857707509881422,20260919
SCR-11-f804b3b94bbd,11,56098c6065910216ce571002,165,INCLUDE,253,30,0.11857707509881422,20260919
SCR-11-d9c231c9316f,11,f2d10b946398fbf2f1ec11f9,3939,EXCLUDE,4670,30,0.006423982869379015,20260919
SCR-11-08b299932e84,11,d67aab88b3f36df5072f9742,4362,EXCLUDE,4670,30,0.006423982869379015,20260919
SCR-11-5751a26f7181,11,ecbf02052e3274fe038f402a,1219,EXCLUDE,4670,30,0.006423982869379015,20260919
SCR-11-dbdd8113973a,11,2710609480c72696475d9935,4558,EXCLUDE,4670,30,0.006423982869379015,20260919
SCR-11-ba7098c1c050,11,7d1ffd522880167702fd083f,2998,EXCLUDE,4670,30,0.006423982869379015,20260919
SCR-11-8012fa802137,11,9edb1a473ddbaa0a4b23563c,4123,EXCLUDE,4670,30,0.006423982869379015,20260919
SCR-11-73c7eb84a2a2,11,92b923963ea1acbfbac540a2,3366,EXCLUDE,4670,30,0.006423982869379015,20260919
SCR-11-43252df11fc3,11,4fd8fb203501f4271cd6202e,3752,EXCLUDE,4670,30,0.006423982869379015,20260919
SCR-11-c7e27934a99b,11,211eaedd7f169a9aaf3a6e99,3699,EXCLUDE,4670,30,0.006423982869379015,20260919
SCR-11-4fe4ecdd68b4,11,0f65db8830173b19bbc32dbf,3434,EXCLUDE,4670,30,0.006423982869379015,20260919
SCR-11-e8f9ce5da3d1,11,619daed833d30e21288eb11e,976,EXCLUDE,4670,30,0.006423982869379015,20260919
SCR-11-b3133af33a8d,11,852101149bf0db9b79fc0726,4868,EXCLUDE,4670,30,0.006423982869379015,20260919
SCR-11-d8795b40244f,11,c332f6d42a0a9a9640b43d47,3652,EXCLUDE,4670,30,0.006423982869379015,20260919
SCR-11-328c8667f278,11,66105d9b51df3f0f49e24a72,4863,EXCLUDE,4670,30,0.006423982869379015,20260919
SCR-11-4e429f75ec3c,11,f1742aa48467c83448cb7bb0,4120,EXCLUDE,4670,30,0.006423982869379015,20260919
SCR-11-7257b257a71b,11,87ed96bab668ab337d3a7e5e,773,EXCLUDE,4670,30,0.006423982869379015,20260919
SCR-11-095c479557ef,11,8228025a9065037625842859,3380,EXCLUDE,4670,30,0.006423982869379015,20260919
SCR-11-24f501b25e1c,11,50398f2d391f8b2eb178773f,2002,EXCLUDE,4670,30,0.006423982869379015,20260919
SCR-11-a201887d664a,11,443b4b4ce9a05170bb3eb852,1658,EXCLUDE,4670,30,0.006423982869379015,20260919
SCR-11-a3ca91556995,11,ec95384c60918e56a03d345b,1501,EXCLUDE,4670,30,0.006423982869379015,20260919
SCR-11-62c9145148de,11,7b1790952534091790008181,2028,EXCLUDE,4670,30,0.006423982869379015,20260919
SCR-11-e6bc27c42351,11,ed39dc0c0f6b7b5cba34d769,4616,EXCLUDE,4670,30,0.006423982869379015,20260919
SCR-11-a46137fec183,11,7f5c25a73885a46d97b5c765,421,EXCLUDE,4670,30,0.006423982869379015,20260919
SCR-11-d4605e2045e3,11,61b9cb6cd660aac954e64ec0,3948,EXCLUDE,4670,30,0.006423982869379015,20260919
SCR-11-11a00a9caee2,11,ee66620c11994b551dab6835,4052,EXCLUDE,4670,30,0.006423982869379015,20260919
SCR-11-80d7b782c1d5,11,9e8c628a270e8b9cfeb96d13,1221,EXCLUDE,4670,30,0.006423982869379015,20260919
SCR-11-8c02c2695d1c,11,21d253ffd7a1fc46d3190539,4797,EXCLUDE,4670,30,0.006423982869379015,20260919
SCR-11-9c001f886cf2,11,6dc75d0cfd98752825dc27e3,67,EXCLUDE,4670,30,0.006423982869379015,20260919
SCR-11-20c7eed6d5e5,11,0e0862a1cc893eb556adea8c,3222,EXCLUDE,4670,30,0.006423982869379015,20260919
SCR-11-945c7cbcdcdc,11,4f95ba07c0ad0996ccd352d3,2233,EXCLUDE,4670,30,0.006423982869379015,20260919
SCR-12-8f97e3350944,12,34a0381051dd754e2f3ef89c,4307,INCLUDE,1720,30,0.01744186046511628,20260919
SCR-12-24cce8525154,12,24c90dcb830fc7c892f2081c,1366,INCLUDE,1720,30,0.01744186046511628,20260919
SCR-12-baa019433083,12,6e590a392c3ecd82535eb4bc,4311,INCLUDE,1720,30,0.01744186046511628,20260919
SCR-12-91cf396d19b3,12,9ef3c3be23c4fbdc7a889992,6383,INCLUDE,1720,30,0.01744186046511628,20260919
SCR-12-f151dbc6719a,12,22652cbb86af14ec23ce7daf,4053,INCLUDE,1720,30,0.01744186046511628,20260919
SCR-12-323eef8097f3,12,4123dbb98c23a62d7c34632e,2861,INCLUDE,1720,30,0.01744186046511628,20260919
SCR-12-371268947a09,12,49c5de487084500aad6ea527,8072,INCLUDE,1720,30,0.01744186046511628,20260919
SCR-12-939fa5058819,12,078d5085e0e37725825bd7c8,2450,INCLUDE,1720,30,0.01744186046511628,20260919
SCR-12-9c7e6ed6899c,12,a5779269e9ddb2fc9ac837c7,3007,INCLUDE,1720,30,0.01744186046511628,20260919
SCR-12-19d245ad4216,12,07eab7c6615f2e760cfcc8f7,6530,INCLUDE,1720,30,0.01744186046511628,20260919
SCR-12-8e8078e3ea3c,12,47c907500461653f89cccf8c,1818,INCLUDE,1720,30,0.01744186046511628,20260919
SCR-12-180683333031,12,94d220e1d44557fdd7863527,4429,INCLUDE,1720,30,0.01744186046511628,20260919
SCR-12-a968e1d6e0a3,12,fb94814d2814c00248699b66,5761,INCLUDE,1720,30,0.01744186046511628,20260919
SCR-12-a8600d66254f,12,482393a1c427d9980a85763d,5494,INCLUDE,1720,30,0.01744186046511628,20260919
SCR-12-2c99396fe267,12,03e99945411923ad513079e0,3441,INCLUDE,1720,30,0.01744186046511628,20260919
SCR-12-cf9a62837503,12,231eafdd8ce358712881bc01,3231,INCLUDE,1720,30,0.01744186046511628,20260919
SCR-12-91f7bf7b89e0,12,b47958d16223a21645a74f38,8121,INCLUDE,1720,30,0.01744186046511628,20260919
SCR-12-e8132def5294,12,9cc2e76949087768d00172fd,1140,INCLUDE,1720,30,0.01744186046511628,20260919
SCR-12-326775f07bc0,12,0c08ad0acf717d5ee226dc4d,8148,INCLUDE,1720,30,0.01744186046511628,20260919
SCR-12-b11667968e9a,12,7214707e673fec99e30a3a2e,6266,INCLUDE,1720,30,0.01744186046511628,20260919
SCR-12-58ac60da36db,12,10e1d56f6673d75ffa892838,5191,INCLUDE,1720,30,0.01744186046511628,20260919
SCR-12-fdcea3aff544,12,9b5e5e6baf0477bd5cb12618,7698,INCLUDE,1720,30,0.01744186046511628,20260919
SCR-12-f2f361db7d58,12,541fa0ab79615f3044b93166,5505,INCLUDE,1720,30,0.01744186046511628,20260919
SCR-12-29412ea918b0,12,bc6db21949ec9cea77c12e0e,3919,INCLUDE,1720,30,0.01744186046511628,20260919
SCR-12-d73eae715e1c,12,18a1da7395c2c1fd3c69c183,5649,INCLUDE,1720,30,0.01744186046511628,20260919
SCR-12-821b9cf5939e,12,84009c2e8c5d3fc42a3340ab,965,INCLUDE,1720,30,0.01744186046511628,20260919
SCR-12-772f00dd51e5,12,54dbf421ab9f46dd0ea1c5de,2326,INCLUDE,1720,30,0.01744186046511628,20260919
SCR-12-9b997a4f1f0f,12,68c6f87f2c66ea2bf3071c94,2874,INCLUDE,1720,30,0.01744186046511628,20260919
SCR-12-2e8d13565750,12,83f5fe0764489de84c94a16a,8377,INCLUDE,1720,30,0.01744186046511628,20260919
SCR-12-da6ca55df74f,12,6bf04cc0da270f3f71b48a87,7037,INCLUDE,1720,30,0.01744186046511628,20260919
SCR-12-123e99cee7fd,12,a40bc017b2e922ffa707eb61,7565,EXCLUDE,6913,30,0.0043396499349052505,20260919
SCR-12-abf5f21d0550,12,3250216b20c8196231288d0c,4602,EXCLUDE,6913,30,0.0043396499349052505,20260919
SCR-12-095f6046fdc3,12,c0ff0d9cea1b70750cc3ebcc,6411,EXCLUDE,6913,30,0.0043396499349052505,20260919
SCR-12-dfefd86e19ad,12,19d33fbcedaf2f03c4b5dc61,7609,EXCLUDE,6913,30,0.0043396499349052505,20260919
SCR-12-cbbbdd1b6f71,12,82059aaebdc5ded9cb9abaef,5553,EXCLUDE,6913,30,0.0043396499349052505,20260919
SCR-12-f747f24c8a4c,12,d1d8acd82035e72f5936c63d,1741,EXCLUDE,6913,30,0.0043396499349052505,20260919
SCR-12-0ba8ef21bafc,12,62ba83c313b026a7490c7ada,2716,EXCLUDE,6913,30,0.0043396499349052505,20260919
SCR-12-c99db75258ab,12,55e03338042c972f9db1c0f2,2525,EXCLUDE,6913,30,0.0043396499349052505,20260919
SCR-12-3cba5ad09404,12,039ddd677cc4db0f53815701,7780,EXCLUDE,6913,30,0.0043396499349052505,20260919
SCR-12-c4318abf4491,12,4efe496df440b76c404df83c,5824,EXCLUDE,6913,30,0.0043396499349052505,20260919
SCR-12-0137af89d22f,12,d468cb2e9f7698591f1200a8,8206,EXCLUDE,6913,30,0.0043396499349052505,20260919
SCR-12-a41b2f2e794d,12,7a107ae10ab353fd2cc374f5,7574,EXCLUDE,6913,30,0.0043396499349052505,20260919
SCR-12-0932adafafc4,12,edc0173b193bf34160398759,3221,EXCLUDE,6913,30,0.0043396499349052505,20260919
SCR-12-341b995a9e59,12,83b1236175d4e070962aba28,7135,EXCLUDE,6913,30,0.0043396499349052505,20260919
SCR-12-7f405df696d9,12,03ee5486c340fec9c9d51766,6787,EXCLUDE,6913,30,0.0043396499349052505,20260919
SCR-12-bbd710331bdf,12,a20a2434728a527295745568,2044,EXCLUDE,6913,30,0.0043396499349052505,20260919
SCR-12-7413fc013aaf,12,8bcba76cb6d62c3cc35fbca8,8350,EXCLUDE,6913,30,0.0043396499349052505,20260919
SCR-12-5f89686a58da,12,4618ea1adfc5505a7d7580ea,6170,EXCLUDE,6913,30,0.0043396499349052505,20260919
SCR-12-3fda11047aab,12,f783c52ffe948c7bc779d3f1,6931,EXCLUDE,6913,30,0.0043396499349052505,20260919
SCR-12-1bc3a5c0dd6e,12,0e51c1ef4b41ad6059c86d93,5877,EXCLUDE,6913,30,0.0043396499349052505,20260919
SCR-12-0c6118b94fcd,12,fcda31fdaf5255240af0cd97,4997,EXCLUDE,6913,30,0.0043396499349052505,20260919
SCR-12-447892adfb6a,12,19571f9301ddc60fff9c0f0e,8178,EXCLUDE,6913,30,0.0043396499349052505,20260919
SCR-12-91138efd416d,12,2baa7689ce7692ce527055f6,3003,EXCLUDE,6913,30,0.0043396499349052505,20260919
SCR-12-064c660ab8f1,12,8f84e84254e2b5cb34d69474,1880,EXCLUDE,6913,30,0.0043396499349052505,20260919
SCR-12-dba096acfaf4,12,32eae1b327fcb6c795f792f8,8335,EXCLUDE,6913,30,0.0043396499349052505,20260919
SCR-12-e628bb93a810,12,b9f55fc654d5082ceb5019f9,5960,EXCLUDE,6913,30,0.0043396499349052505,20260919
SCR-12-cb023d2eaa21,12,95a176481db3a73f155838fa,8629,EXCLUDE,6913,30,0.0043396499349052505,20260919
SCR-12-5d75b2b0de48,12,f4c9adb0278052e9fd3a19ab,2803,EXCLUDE,6913,30,0.0043396499349052505,20260919
SCR-12-f8fc4400261a,12,e571656717fdec9739cc9f29,5994,EXCLUDE,6913,30,0.0043396499349052505,20260919
SCR-12-76ffb698806e,12,3744143656269581c082f473,2994,EXCLUDE,6913,30,0.0043396499349052505,20260919
SCR-13-7585f5561ba8,13,d5772ccdf9a4af479709dd22,2974,INCLUDE,340,30,0.08823529411764706,20260919
SCR-13-8b7b74c4314e,13,3b7f5797fc24ad649dfb8054,744,INCLUDE,340,30,0.08823529411764706,20260919
SCR-13-50887f0c8ca6,13,3f7c846d95de41e4878f5bc0,138,INCLUDE,340,30,0.08823529411764706,20260919
SCR-13-f79fa8a2a3a5,13,e48d9aa653627d8c125069e8,2794,INCLUDE,340,30,0.08823529411764706,20260919
SCR-13-f9e2c6266744,13,5b27b6c5e111598fc21d126e,480,INCLUDE,340,30,0.08823529411764706,20260919
SCR-13-1a401056cdc1,13,d40167edbb4303c207a39df6,1159,INCLUDE,340,30,0.08823529411764706,20260919
SCR-13-660737e243f2,13,47afd27d22a3815e610825d4,1371,INCLUDE,340,30,0.08823529411764706,20260919
SCR-13-1779e9d98e9f,13,8b6c13b49fa365ceae31b678,306,INCLUDE,340,30,0.08823529411764706,20260919
SCR-13-2b0a9e6c36eb,13,23a45e315c82a5e1987634b6,71,INCLUDE,340,30,0.08823529411764706,20260919
SCR-13-c2757154e660,13,555a435e763a1a952480ce8e,284,INCLUDE,340,30,0.08823529411764706,20260919
SCR-13-76ac0dc2186d,13,75c3947e67167a3692094fbe,613,INCLUDE,340,30,0.08823529411764706,20260919
SCR-13-eb45926c19a6,13,550db8cf28ace7853af63a2d,968,INCLUDE,340,30,0.08823529411764706,20260919
SCR-13-8b64e3fcb34a,13,37da505526831303d7c459e0,186,INCLUDE,340,30,0.08823529411764706,20260919
SCR-13-f4244becd624,13,adb7c1a00bc8924dcb1dccb2,1162,INCLUDE,340,30,0.08823529411764706,20260919
SCR-13-85147d249524,13,c846e264c7f3f8bdb17f7b41,3851,INCLUDE,340,30,0.08823529411764706,20260919
SCR-13-1bf4cb384ae0,13,93a04483fd8354911cbc4998,3045,INCLUDE,340,30,0.08823529411764706,20260919
SCR-13-5061f091f89b,13,1cf3fc80f35f1a7ac3019475,6,INCLUDE,340,30,0.08823529411764706,20260919
SCR-13-269d6787c1af,13,1afc479bcfc2798e81cc8036,362,INCLUDE,340,30,0.08823529411764706,20260919
SCR-13-cdad63263988,13,d1cfa0dc90ed35c0cf1c311f,731,INCLUDE,340,30,0.08823529411764706,20260919
SCR-13-89f1f20378a2,13,d8530500d36f2ceeafe4cc1b,230,INCLUDE,340,30,0.08823529411764706,20260919
SCR-13-6a4b5f21c04d,13,de8aa7cb8226247ca35b71b1,455,INCLUDE,340,30,0.08823529411764706,20260919
SCR-13-c9c54bd56275,13,8ff8f2525ead1f131fa93fd7,1446,INCLUDE,340,30,0.08823529411764706,20260919
SCR-13-89b8bd38a071,13,c2e422ccecc2e24e46d43573,62,INCLUDE,340,30,0.08823529411764706,20260919
SCR-13-e0cf5659d7db,13,e136b2048b7433ceeb22391e,101,INCLUDE,340,30,0.08823529411764706,20260919
SCR-13-90246aad01af,13,6b637aad705f29cb1572c432,1153,INCLUDE,340,30,0.08823529411764706,20260919
SCR-13-2cfa930b5acc,13,f55a8d1178da5b04ea693507,966,INCLUDE,340,30,0.08823529411764706,20260919
SCR-13-e0fd1c69061a,13,7b620832cb7691c4f555e04a,2026,INCLUDE,340,30,0.08823529411764706,20260919
SCR-13-0cd5b381457e,13,d2091577800aece5f268a1ee,1190,INCLUDE,340,30,0.08823529411764706,20260919
SCR-13-992b1004e646,13,97d136f203ed178e17c16281,263,INCLUDE,340,30,0.08823529411764706,20260919
SCR-13-309c77968ccb,13,96f44eee668d4bbd64b1d99e,510,INCLUDE,340,30,0.08823529411764706,20260919
SCR-13-304f03103122,13,597af8adeca21725ed5fa139,442,EXCLUDE,3589,30,0.008358874338255782,20260919
SCR-13-2f3a1f0231c4,13,ed604bef474b73a4ed2c7ca8,3515,EXCLUDE,3589,30,0.008358874338255782,20260919
SCR-13-b367fccfd118,13,d491aae5674afe94a224ccb4,2657,EXCLUDE,3589,30,0.008358874338255782,20260919
SCR-13-751b41851d48,13,bc63b106be61e9937ed0c48e,2181,EXCLUDE,3589,30,0.008358874338255782,20260919
SCR-13-2d4a0454a2c6,13,4d50670bfa1262b88933f8ab,3667,EXCLUDE,3589,30,0.008358874338255782,20260919
SCR-13-98cee33f4318,13,4c4fd07b3ebbf25bd7da16b8,3694,EXCLUDE,3589,30,0.008358874338255782,20260919
SCR-13-bc1006e10fef,13,2bac44c21e91dd96ce56131e,3027,EXCLUDE,3589,30,0.008358874338255782,20260919
SCR-13-95ee548c7fb4,13,5dd81886a0c0803f9236efd2,2174,EXCLUDE,3589,30,0.008358874338255782,20260919
SCR-13-dddcc144a10f,13,b487f0d345336c500855cdb5,299,EXCLUDE,3589,30,0.008358874338255782,20260919
SCR-13-2b346e2fa80a,13,15b7f130d08deb0d64321e1a,3603,EXCLUDE,3589,30,0.008358874338255782,20260919
SCR-13-a390e95cb17f,13,1603ccfda3efe3ab05114e32,3839,EXCLUDE,3589,30,0.008358874338255782,20260919
SCR-13-194e69f22c2f,13,2727c0ecc6277674a8e1cc86,3815,EXCLUDE,3589,30,0.008358874338255782,20260919
SCR-13-3ce22a26222a,13,2b91a77ed3d8c63219020589,347,EXCLUDE,3589,30,0.008358874338255782,20260919
SCR-13-146d854d60e0,13,714cccde829707892dd9c809,3463,EXCLUDE,3589,30,0.008358874338255782,20260919
SCR-13-f812d74f2136,13,eefd2aad7aaf0ec7231f05d3,2428,EXCLUDE,3589,30,0.008358874338255782,20260919
SCR-13-dac27625bf66,13,f46bd80f7990f336f6444e79,3602,EXCLUDE,3589,30,0.008358874338255782,20260919
SCR-13-4b8131654ff4,13,2a1de3bab0ff9e77b609317e,3471,EXCLUDE,3589,30,0.008358874338255782,20260919
SCR-13-32b188b97094,13,954f5b376e82ec0d2eec19e3,3366,EXCLUDE,3589,30,0.008358874338255782,20260919
SCR-13-b3abab8e3083,13,210f9f0d270aec80661a12f7,1309,EXCLUDE,3589,30,0.008358874338255782,20260919
SCR-13-34b9e4b2d1e8,13,cdbbe95c3b957f3831daa3d0,1871,EXCLUDE,3589,30,0.008358874338255782,20260919
SCR-13-25cb1f80f68d,13,1d18170bcc47397a74b52cb2,1398,EXCLUDE,3589,30,0.008358874338255782,20260919
SCR-13-eedd480788be,13,22387ad6f9df6c93b7917a84,2750,EXCLUDE,3589,30,0.008358874338255782,20260919
SCR-13-ca77eceea397,13,da3441925fa33cfd2ae6ab37,2999,EXCLUDE,3589,30,0.008358874338255782,20260919
SCR-13-659e06eca336,13,ff1fbc918273f93939a528b8,1132,EXCLUDE,3589,30,0.008358874338255782,20260919
SCR-13-96a7c239c34a,13,e67ab2443860c22e2436490b,2649,EXCLUDE,3589,30,0.008358874338255782,20260919
SCR-13-7729b08a0d7c,13,b25b61ce78b99191a199fc31,3437,EXCLUDE,3589,30,0.008358874338255782,20260919
SCR-13-5bd2b5253219,13,4b8d695faecb319b0f307115,3599,EXCLUDE,3589,30,0.008358874338255782,20260919
SCR-13-4752342acbf5,13,6e0e474c2fcc7af7ff4c5025,3673,EXCLUDE,3589,30,0.008358874338255782,20260919
SCR-13-7249f5627bc4,13,74c71edda55dafc4478f09fb,3311,EXCLUDE,3589,30,0.008358874338255782,20260919
SCR-13-eaf210b0e5e4,13,f2f6a5628ebdc3e609e45ef9,821,EXCLUDE,3589,30,0.008358874338255782,20260919
SCR-14-0154c9f47f71,14,792045023e2ace7d18e72955,2335,INCLUDE,1086,30,0.027624309392265192,20260919
SCR-14-bef56c318f3e,14,927516a33467409078077e11,1979,INCLUDE,1086,30,0.027624309392265192,20260919
SCR-14-3b5ec2b8bd84,14,ec135bdd78c5cd56a40890a5,1234,INCLUDE,1086,30,0.027624309392265192,20260919
SCR-14-2a9f1054ed60,14,c21111447db3e7f8439e767a,3045,INCLUDE,1086,30,0.027624309392265192,20260919
SCR-14-af0154a66ecf,14,0f0eee309aec4ed74b7e8c48,3725,INCLUDE,1086,30,0.027624309392265192,20260919
SCR-14-148f627f9ec8,14,0a7a3282d155196b26d6cf5a,1949,INCLUDE,1086,30,0.027624309392265192,20260919
SCR-14-ebd30b0c6111,14,ebd754bca9ebef671519e2a4,2221,INCLUDE,1086,30,0.027624309392265192,20260919
SCR-14-1f695e51c677,14,c14b473897603d1632c9c834,1526,INCLUDE,1086,30,0.027624309392265192,20260919
SCR-14-f6925381921d,14,5dd93a07dff0a80b453139b0,3575,INCLUDE,1086,30,0.027624309392265192,20260919
SCR-14-44bf92dc7aad,14,395b9ad1af16a65be5f038bd,3012,INCLUDE,1086,30,0.027624309392265192,20260919
SCR-14-1664aeb1f613,14,fb906e2f38373318f9b2a4eb,2131,INCLUDE,1086,30,0.027624309392265192,20260919
SCR-14-d175950b1e1b,14,a67250a2e540a7da30c39ccb,55,INCLUDE,1086,30,0.027624309392265192,20260919
SCR-14-d9fcb1facaf8,14,9cdd33d6477c3b46e61aaa1b,1111,INCLUDE,1086,30,0.027624309392265192,20260919
SCR-14-80dc6c3f8ef8,14,5273d347d45fdff0b197a52d,3209,INCLUDE,1086,30,0.027624309392265192,20260919
SCR-14-f357cda61f00,14,341bb358190076e7c2b3448e,3576,INCLUDE,1086,30,0.027624309392265192,20260919
SCR-14-9e68d6215bd5,14,f9ed7aef48db5ab3c2648807,1273,INCLUDE,1086,30,0.027624309392265192,20260919
SCR-14-45ecfe44e037,14,6c72157b4707dc3a6f1ee8f5,3679,INCLUDE,1086,30,0.027624309392265192,20260919
SCR-14-9808816bd62e,14,a35581db45598d72b9d033ee,1341,INCLUDE,1086,30,0.027624309392265192,20260919
SCR-14-ae85df2bb39d,14,67ea6363d7ac935fad838829,3025,INCLUDE,1086,30,0.027624309392265192,20260919
SCR-14-b380d0e3ca34,14,4bff2b7582458af43505874a,2980,INCLUDE,1086,30,0.027624309392265192,20260919
SCR-14-5c8bf63d76b8,14,c0066a1444c37954ea7801d2,750,INCLUDE,1086,30,0.027624309392265192,20260919
SCR-14-5426e369a1c6,14,e3101f27eb66ea0bae5879a9,724,INCLUDE,1086,30,0.027624309392265192,20260919
SCR-14-9239cb12c4a8,14,e734f5494dfe108b2462d5b6,2946,INCLUDE,1086,30,0.027624309392265192,20260919
SCR-14-bd56c4b246ef,14,f220a4bc78f5e45640307fd1,2799,INCLUDE,1086,30,0.027624309392265192,20260919
SCR-14-c83d28f9c9d8,14,a07c48872ffb3624c698efef,1997,INCLUDE,1086,30,0.027624309392265192,20260919
SCR-14-99d48cfafe9c,14,896f9622af4a97c1391fad00,1537,INCLUDE,1086,30,0.027624309392265192,20260919
SCR-14-3aeb7268e39a,14,7e326a086f12495afe2490da,1783,INCLUDE,1086,30,0.027624309392265192,20260919
SCR-14-fbe1e14bf188,14,b5528d5035c0469007bb3027,3402,INCLUDE,1086,30,0.027624309392265192,20260919
SCR-14-be91907567aa,14,12fbf48c3fad8d07fd34d01a,530,INCLUDE,1086,30,0.027624309392265192,20260919
SCR-14-994e5cb856f7,14,c3eb39d1b48960be801c6b77,1122,INCLUDE,1086,30,0.027624309392265192,20260919
SCR-14-ec7fc2c47fa1,14,57fc8714bc2d812a2284ccaa,686,EXCLUDE,2874,30,0.010438413361169102,20260919
SCR-14-655b84be1e2b,14,a946e3dd06ecc156128f0295,2992,EXCLUDE,2874,30,0.010438413361169102,20260919
SCR-14-fe813e40dbf8,14,2d54928e13620f82a28f24f3,2725,EXCLUDE,2874,30,0.010438413361169102,20260919
SCR-14-7fd63a4d28bf,14,38a9790ec48b00c4b6549df6,526,EXCLUDE,2874,30,0.010438413361169102,20260919
SCR-14-d1c24e915518,14,8bfa2607ab2c685c0030b22c,3554,EXCLUDE,2874,30,0.010438413361169102,20260919
SCR-14-9123557b0570,14,c49062bcb1228c3bd9a4e6a4,2743,EXCLUDE,2874,30,0.010438413361169102,20260919
SCR-14-cfbd3e702597,14,d803cbc87f5abe3f5b93b30e,283,EXCLUDE,2874,30,0.010438413361169102,20260919
SCR-14-e8187fff9dec,14,0a9e7584e3e880344e9798f2,3743,EXCLUDE,2874,30,0.010438413361169102,20260919
SCR-14-804f06c2ccc0,14,f2f456bde84c8e86d28045c0,2290,EXCLUDE,2874,30,0.010438413361169102,20260919
SCR-14-16c6d8c35a81,14,4dc66120bfffec4a39d4000a,409,EXCLUDE,2874,30,0.010438413361169102,20260919
SCR-14-772e07b4a7db,14,be0f027cb3188fb785f66e3d,3317,EXCLUDE,2874,30,0.010438413361169102,20260919
SCR-14-0a961529fd1a,14,b1ed884a41b92f86e557cede,523,EXCLUDE,2874,30,0.010438413361169102,20260919
SCR-14-b8bd18eb523a,14,6542e5a9ff79f23a4bf2f7aa,1899,EXCLUDE,2874,30,0.010438413361169102,20260919
SCR-14-1f35c137df25,14,01e6b6beb867e86461da79df,446,EXCLUDE,2874,30,0.010438413361169102,20260919
SCR-14-cf47e7ff97bf,14,8565c22d610d87cba4acc771,3246,EXCLUDE,2874,30,0.010438413361169102,20260919
SCR-14-0a0418962a84,14,8653130aceed6773e992267a,13,EXCLUDE,2874,30,0.010438413361169102,20260919
SCR-14-fcd5ab60a9f4,14,f9175041b3ec9025aefabbee,172,EXCLUDE,2874,30,0.010438413361169102,20260919
SCR-14-70464338d8b2,14,379fd35505a62486219987ff,1659,EXCLUDE,2874,30,0.010438413361169102,20260919
SCR-14-8c35ca50be3d,14,3d7c05a7505cb83d8a2bf817,803,EXCLUDE,2874,30,0.010438413361169102,20260919
SCR-14-ad1ecc9459e6,14,4cda0c651dbb7e53ff8497f2,1439,EXCLUDE,2874,30,0.010438413361169102,20260919
SCR-14-93a89e0ccdbe,14,066257f7b91d34804d71b695,954,EXCLUDE,2874,30,0.010438413361169102,20260919
SCR-14-071fede5b2d9,14,5e13abfb47fec8a027194c3e,2447,EXCLUDE,2874,30,0.010438413361169102,20260919
SCR-14-81b8155e9174,14,44c18d00193895b2ac49a2bf,436,EXCLUDE,2874,30,0.010438413361169102,20260919
SCR-14-82919321a8e7,14,5f25bef79455c7178b55d660,2394,EXCLUDE,2874,30,0.010438413361169102,20260919
SCR-14-43037f2b5d10,14,050746be639d5fabd2ef33db,2671,EXCLUDE,2874,30,0.010438413361169102,20260919
SCR-14-47f0b16dd74b,14,4458908198e3793824e4295f,135,EXCLUDE,2874,30,0.010438413361169102,20260919
SCR-14-1b55e25ace2b,14,f7629a519308fddad7142a8a,2445,EXCLUDE,2874,30,0.010438413361169102,20260919
SCR-14-f9241028c2fd,14,a45586c530bf912b09bf630f,364,EXCLUDE,2874,30,0.010438413361169102,20260919
SCR-14-42b600c382fd,14,537a85f943b745180e8e8e57,3043,EXCLUDE,2874,30,0.010438413361169102,20260919
SCR-14-aa26da3be94a,14,96eb36ec4e9f8027280551bb,2575,EXCLUDE,2874,30,0.010438413361169102,20260919
SCR-15-43cddd9dd8da,15,9d5dc823e26e6f2fd8310de4,543,INCLUDE,1350,30,0.022222222222222223,20260919
SCR-15-087cdea44fe5,15,24cdc7ef4bf7bea1471fcf76,2223,INCLUDE,1350,30,0.022222222222222223,20260919
SCR-15-aaae478b3193,15,6c7d4abe13c99aecd6bcd327,3177,INCLUDE,1350,30,0.022222222222222223,20260919
SCR-15-afbca20927ee,15,b51c59dd7b7cc7e2733af833,2900,INCLUDE,1350,30,0.022222222222222223,20260919
SCR-15-4fd6c5ce947c,15,dfb47329413b4096b6233db6,5348,INCLUDE,1350,30,0.022222222222222223,20260919
SCR-15-f2553f329dcc,15,e09485819e3cf32975dc969e,4507,INCLUDE,1350,30,0.022222222222222223,20260919
SCR-15-c50ae3d78db5,15,c21d01fac6abac1297880d81,1700,INCLUDE,1350,30,0.022222222222222223,20260919
SCR-15-74ef473c1fd5,15,b7fd7683099b40441feb616e,600,INCLUDE,1350,30,0.022222222222222223,20260919
SCR-15-99580b65925b,15,eb0996b572225fd8ae13f039,2367,INCLUDE,1350,30,0.022222222222222223,20260919
SCR-15-84838cb0c2fb,15,40b273af08e882aa133132b8,1783,INCLUDE,1350,30,0.022222222222222223,20260919
SCR-15-c4f69622d96b,15,fcb44828ae3ecade4c3e4c39,321,INCLUDE,1350,30,0.022222222222222223,20260919
SCR-15-eec4817c6d11,15,c5b801cb30b7a33ab5c120fd,98,INCLUDE,1350,30,0.022222222222222223,20260919
SCR-15-63eea189b084,15,d4dfeaf7746c9a28c5bae623,4342,INCLUDE,1350,30,0.022222222222222223,20260919
SCR-15-618271c3ab68,15,7a9716529c4905bbffffbb5d,5824,INCLUDE,1350,30,0.022222222222222223,20260919
SCR-15-233453044c22,15,5053190c0befb2be14d713e6,2385,INCLUDE,1350,30,0.022222222222222223,20260919
SCR-15-a726b95f85b8,15,64c3b4173d5e15314c115211,2754,INCLUDE,1350,30,0.022222222222222223,20260919
SCR-15-d75df58c810c,15,7eaa56d7823f3fd51fd2b9e4,3821,INCLUDE,1350,30,0.022222222222222223,20260919
SCR-15-e5862eb827bd,15,86d25fd5b474e70dc70ee40c,2103,INCLUDE,1350,30,0.022222222222222223,20260919
SCR-15-763248112dd5,15,63671d702c80f997559af0d7,3161,INCLUDE,1350,30,0.022222222222222223,20260919
SCR-15-98e80c6ae28a,15,b7b5dd1a8199d81c3b951ffb,3705,INCLUDE,1350,30,0.022222222222222223,20260919
SCR-15-787da420c862,15,5070ac47141f4f71183861d6,187,INCLUDE,1350,30,0.022222222222222223,20260919
SCR-15-145a8fa89826,15,b8f881bcff427a4f2ddd92f3,2434,INCLUDE,1350,30,0.022222222222222223,20260919
SCR-15-6ffaf4d3d361,15,05de56442679f5f2723b124e,5863,INCLUDE,1350,30,0.022222222222222223,20260919
SCR-15-a5bf636dfa85,15,cd67993b21d54b2558e0e7fb,1250,INCLUDE,1350,30,0.022222222222222223,20260919
SCR-15-13eb49e2fb12,15,415b31c790e2af00bfa06b9e,136,INCLUDE,1350,30,0.022222222222222223,20260919
SCR-15-fa5a682d473e,15,57617ac7768321625d61b155,4627,INCLUDE,1350,30,0.022222222222222223,20260919
SCR-15-61a781509cda,15,9d832050c0d041cb457a7978,1138,INCLUDE,1350,30,0.022222222222222223,20260919
SCR-15-b050bf392114,15,be2fcf7267bc76da7222e6c8,3954,INCLUDE,1350,30,0.022222222222222223,20260919
SCR-15-92ccea96c499,15,b6c06ad4c56a0ee8c6756e81,4844,INCLUDE,1350,30,0.022222222222222223,20260919
SCR-15-bccdce67b49f,15,177078185e07533e7891ade4,1270,INCLUDE,1350,30,0.022222222222222223,20260919
SCR-15-3f067d2e4ec1,15,96afb01b534cd716e0fb6dc5,1603,EXCLUDE,4538,30,0.006610841780520053,20260919
SCR-15-0e14281c8a40,15,d369e3ab75d3af684d84da53,1136,EXCLUDE,4538,30,0.006610841780520053,20260919
SCR-15-dc98a2b188a2,15,a98986ca25fedf99b72ec3c2,2031,EXCLUDE,4538,30,0.006610841780520053,20260919
SCR-15-11046bb7ebb3,15,e77e0fa3a4bc2c6e07728885,5506,EXCLUDE,4538,30,0.006610841780520053,20260919
SCR-15-0616ed047398,15,fa4cd158fa84a9ccaeca51f0,4135,EXCLUDE,4538,30,0.006610841780520053,20260919
SCR-15-de37dce1dea2,15,57ac55b08d1c38b7d19b9145,2417,EXCLUDE,4538,30,0.006610841780520053,20260919
SCR-15-eeb4047bfd30,15,0e9c85bd8e191abe449f2e37,3449,EXCLUDE,4538,30,0.006610841780520053,20260919
SCR-15-39992f343c8a,15,e7a1bdbc96a75ff8fa1ee6bc,5536,EXCLUDE,4538,30,0.006610841780520053,20260919
SCR-15-7c8c51bd49f5,15,054d9202b874746a5541a793,4773,EXCLUDE,4538,30,0.006610841780520053,20260919
SCR-15-c166cdf08b88,15,000ba88aac62991861342c58,2403,EXCLUDE,4538,30,0.006610841780520053,20260919
SCR-15-0dc9609dfde6,15,6324d30e5030c3ba6b82fb18,3862,EXCLUDE,4538,30,0.006610841780520053,20260919
SCR-15-9a0ab77183c3,15,c9a8fc976245ef0b3a72e241,4879,EXCLUDE,4538,30,0.006610841780520053,20260919
SCR-15-2c43b59de72d,15,db940278b5fe6653256aef9c,453,EXCLUDE,4538,30,0.006610841780520053,20260919
SCR-15-255e9a12de0a,15,d277977101bd35e1e9a1ff98,2050,EXCLUDE,4538,30,0.006610841780520053,20260919
SCR-15-48e75bae0770,15,21632162a714f306d87d4de5,3370,EXCLUDE,4538,30,0.006610841780520053,20260919
SCR-15-ccbb0a93e535,15,c62204faa748fb07503d34fc,4561,EXCLUDE,4538,30,0.006610841780520053,20260919
SCR-15-80123df83f95,15,16036358dba70ec49b61f8b6,3302,EXCLUDE,4538,30,0.006610841780520053,20260919
SCR-15-fc917daf425a,15,3d534bab34902e7f8e614b2e,2519,EXCLUDE,4538,30,0.006610841780520053,20260919
SCR-15-ad7b61bd1e1d,15,506c2c21e00410816c04af1a,3207,EXCLUDE,4538,30,0.006610841780520053,20260919
SCR-15-74ef0407ac3b,15,5c3099565f88dfc860f0a677,4889,EXCLUDE,4538,30,0.006610841780520053,20260919
SCR-15-c62df4f0a266,15,7cc2a9d4d52fa7fc9358670b,2758,EXCLUDE,4538,30,0.006610841780520053,20260919
SCR-15-5288eed4bec8,15,d3db85f04405214fe31cd511,1590,EXCLUDE,4538,30,0.006610841780520053,20260919
SCR-15-a6ce9080f6da,15,bd637ba9913c51dfe65fa782,4190,EXCLUDE,4538,30,0.006610841780520053,20260919
SCR-15-8684f8b03f88,15,961976e13d24aa194d1f06a0,5760,EXCLUDE,4538,30,0.006610841780520053,20260919
SCR-15-8ed70b4dab6f,15,e45db7d239bcfb33fc379455,2549,EXCLUDE,4538,30,0.006610841780520053,20260919
SCR-15-c897138a4fb6,15,90e4f1aab476810e0f0622d2,4379,EXCLUDE,4538,30,0.006610841780520053,20260919
SCR-15-b4ebfa39fa54,15,7c6c74524136e37633ad39ed,4005,EXCLUDE,4538,30,0.006610841780520053,20260919
SCR-15-61849c51f424,15,d6cb745b2883be824261c341,3357,EXCLUDE,4538,30,0.006610841780520053,20260919
SCR-15-6002429ea37d,15,1b0a4323258306dd50b2c554,3159,EXCLUDE,4538,30,0.006610841780520053,20260919
SCR-15-d3c62d9e6bf1,15,7a89fbca19458635dff0b5d7,3840,EXCLUDE,4538,30,0.006610841780520053,20260919
SCR-16-b5dfa02c0913,16,26e0bd0c0642698004d9e144,937,INCLUDE,1694,30,0.01770956316410862,20260919
SCR-16-a3822150591f,16,bcf64f34e9a5a1f02df6d116,4324,INCLUDE,1694,30,0.01770956316410862,20260919
SCR-16-24803e477242,16,6355773b460fcf50e87a34b2,4470,INCLUDE,1694,30,0.01770956316410862,20260919
SCR-16-2d3fb28f7424,16,ee1caf22962b40c767989081,3432,INCLUDE,1694,30,0.01770956316410862,20260919
SCR-16-e6041a2bb8ac,16,727d66bc98088d443a23df4c,1237,INCLUDE,1694,30,0.01770956316410862,20260919
SCR-16-b37c7c4fecce,16,5d2a38637a7c571a5e258439,2631,INCLUDE,1694,30,0.01770956316410862,20260919
SCR-16-d8590b666ad6,16,122bf60f2340ab449e3e65eb,4296,INCLUDE,1694,30,0.01770956316410862,20260919
SCR-16-18a9fce3a369,16,71dc637cc546e5cb191912af,1851,INCLUDE,1694,30,0.01770956316410862,20260919
SCR-16-32bf81163412,16,809fee44d5f90e1f11ece4b4,4834,INCLUDE,1694,30,0.01770956316410862,20260919
SCR-16-8e67ecd44b65,16,5ca59bf24c5f5749b1e9937c,3111,INCLUDE,1694,30,0.01770956316410862,20260919
SCR-16-a1f6ab0c21c1,16,ef0ba62c6b7ae2f91ad3aabc,5303,INCLUDE,1694,30,0.01770956316410862,20260919
SCR-16-683b4b3ef606,16,1550273c80564828296f454b,2199,INCLUDE,1694,30,0.01770956316410862,20260919
SCR-16-1d113724972f,16,c7f4a3685893d462020e35c6,6184,INCLUDE,1694,30,0.01770956316410862,20260919
SCR-16-8e2ba49f8c5d,16,6b1a1667c4f575f704d6ed1e,4786,INCLUDE,1694,30,0.01770956316410862,20260919
SCR-16-76c379daeb9a,16,96827f5367043b42913e488b,5153,INCLUDE,1694,30,0.01770956316410862,20260919
SCR-16-9df16d088e53,16,e482d9c90c93eb17f44f828b,5390,INCLUDE,1694,30,0.01770956316410862,20260919
SCR-16-a6a5bf45350e,16,44cf97c9998dd9bbdc7beccf,39,INCLUDE,1694,30,0.01770956316410862,20260919
SCR-16-0073bc5fa0ef,16,6d90668d0d48151a46a17cd7,4581,INCLUDE,1694,30,0.01770956316410862,20260919
SCR-16-befda8b836a5,16,f7b44eceeb19fbf985d15570,2004,INCLUDE,1694,30,0.01770956316410862,20260919
SCR-16-71953be04d2e,16,52dbfe57901d60472ea59b8a,2379,INCLUDE,1694,30,0.01770956316410862,20260919
SCR-16-87b24e869feb,16,b2bc938d5057da2e5ad144e8,1611,INCLUDE,1694,30,0.01770956316410862,20260919
SCR-16-c44bb0e59239,16,7553909a538811b2dfd8dbe9,3582,INCLUDE,1694,30,0.01770956316410862,20260919
SCR-16-e9556d761b4c,16,37aafc732b61f2a815b7aa75,5676,INCLUDE,1694,30,0.01770956316410862,20260919
SCR-16-3e11b5aec760,16,10629ea921bf34048fff62e3,4395,INCLUDE,1694,30,0.01770956316410862,20260919
SCR-16-517ad27b74fa,16,2dd474a5a7c0448f8895138c,1389,INCLUDE,1694,30,0.01770956316410862,20260919
SCR-16-1754391b9610,16,51dc29f2ed4454bc9eb7b974,348,INCLUDE,1694,30,0.01770956316410862,20260919
SCR-16-c5dccd87b199,16,36f627147566a8127c011719,673,INCLUDE,1694,30,0.01770956316410862,20260919
SCR-16-46d7b622e6da,16,83ab1592e5971d371e1cdf2e,966,INCLUDE,1694,30,0.01770956316410862,20260919
SCR-16-ea2bb131a054,16,8d43cd1f526e476d4667b7bf,2260,INCLUDE,1694,30,0.01770956316410862,20260919
SCR-16-24d189d81959,16,35572be6b642fd74970fff91,4609,INCLUDE,1694,30,0.01770956316410862,20260919
SCR-16-2993b36a5d18,16,6d1590ed0e7276b2ef059507,6647,EXCLUDE,5367,30,0.005589714924538848,20260919
SCR-16-8e8aea40751c,16,b13d5fa63b4501217d3cc793,3121,EXCLUDE,5367,30,0.005589714924538848,20260919
SCR-16-5b88b879fd2c,16,fe04045dc0d2b38cd2e77c94,7021,EXCLUDE,5367,30,0.005589714924538848,20260919
SCR-16-9f0cf04261d4,16,e1e3cb93ee76e650b8cefc35,499,EXCLUDE,5367,30,0.005589714924538848,20260919
SCR-16-019991307c8a,16,3f7c0a09166ec1078aa6cb2d,3072,EXCLUDE,5367,30,0.005589714924538848,20260919
SCR-16-ef8b1881511f,16,7c7a517466b552f2f6d76c5e,3050,EXCLUDE,5367,30,0.005589714924538848,20260919
SCR-16-cc0759d50d98,16,abd8a4c057e2886aa672155c,3266,EXCLUDE,5367,30,0.005589714924538848,20260919
SCR-16-b8410583e5d7,16,99842c2632297fdcc803eded,314,EXCLUDE,5367,30,0.005589714924538848,20260919
SCR-16-a6c984233ce9,16,b02f2b31f625aeb97b4daadf,5869,EXCLUDE,5367,30,0.005589714924538848,20260919
SCR-16-d3e645381d86,16,018e02f2cc861434dfd131ea,5625,EXCLUDE,5367,30,0.005589714924538848,20260919
SCR-16-448ebd08128b,16,8e31f7755f4eeb5597a30e09,4512,EXCLUDE,5367,30,0.005589714924538848,20260919
SCR-16-82070dbbc57b,16,6caffd9878eb8845fb285e1d,4574,EXCLUDE,5367,30,0.005589714924538848,20260919
SCR-16-afe1358723ca,16,a096e478e01404027e3373e6,3537,EXCLUDE,5367,30,0.005589714924538848,20260919
SCR-16-f05757f4b15f,16,c272aee8eddac14a2dd15f81,799,EXCLUDE,5367,30,0.005589714924538848,20260919
SCR-16-f65c1d1dab62,16,8fc57a8a12304a63607357e9,6210,EXCLUDE,5367,30,0.005589714924538848,20260919
SCR-16-3b30df0cdb40,16,6b6825b7ef783d0e82ffe780,4339,EXCLUDE,5367,30,0.005589714924538848,20260919
SCR-16-d49a07eb26eb,16,4bf7cca85ac842c3413867fd,2308,EXCLUDE,5367,30,0.005589714924538848,20260919
SCR-16-e5528db69327,16,804e31bdd9cec276cf84c2df,3362,EXCLUDE,5367,30,0.005589714924538848,20260919
SCR-16-73f9d0b40bd7,16,c057148a6ee46d07e7384551,246,EXCLUDE,5367,30,0.005589714924538848,20260919
SCR-16-ae630f40678b,16,d7cdbd68b72d523b9f654050,832,EXCLUDE,5367,30,0.005589714924538848,20260919
SCR-16-c8139dd40693,16,eeb77a9c9dbf56d6bfb33f55,6612,EXCLUDE,5367,30,0.005589714924538848,20260919
SCR-16-7e06126c9c62,16,14200a9638619ebd2ae61d86,6376,EXCLUDE,5367,30,0.005589714924538848,20260919
SCR-16-fd9fd518969f,16,c7ed822602c5b550bc402485,6049,EXCLUDE,5367,30,0.005589714924538848,20260919
SCR-16-9dc3ccac308a,16,e19ef106f498de9ee08f9c96,5610,EXCLUDE,5367,30,0.005589714924538848,20260919
SCR-16-c7f7838afd76,16,58493e02aa30d87094744b4d,3552,EXCLUDE,5367,30,0.005589714924538848,20260919
SCR-16-87a6ea758514,16,817f266fc3c8a9fb91afb70b,1076,EXCLUDE,5367,30,0.005589714924538848,20260919
SCR-16-857ee10ba09e,16,2b9732b3e0d68bd2c87f159f,2468,EXCLUDE,5367,30,0.005589714924538848,20260919
SCR-16-6e890d6d341d,16,c67db833a1cc9b9abb4b070a,3804,EXCLUDE,5367,30,0.005589714924538848,20260919
SCR-16-9b426c8b557a,16,f03a2a7e878d3daf6af8fb54,3084,EXCLUDE,5367,30,0.005589714924538848,20260919
SCR-16-cd2df30e73af,16,64b31e87a5a519aa10ad96d2,3665,EXCLUDE,5367,30,0.005589714924538848,20260919
SCR-17-091a64e09416,17,628e2b4c3e611564a680cfb1,391,INCLUDE,394,30,0.07614213197969544,20260919
SCR-17-a52107e01594,17,4a6cf38311ed5dbe6d3f32e6,102,INCLUDE,394,30,0.07614213197969544,20260919
SCR-17-cfef4818f243,17,050356989156fa52a4df2d5e,616,INCLUDE,394,30,0.07614213197969544,20260919
SCR-17-6d6c9fe9513c,17,9686426f24811c30ff66385e,622,INCLUDE,394,30,0.07614213197969544,20260919
SCR-17-0c056f67c1eb,17,9d697f2fd45a9cc77ec691c8,183,INCLUDE,394,30,0.07614213197969544,20260919
SCR-17-de001e5ece96,17,9f5b14572e6895c12e782580,556,INCLUDE,394,30,0.07614213197969544,20260919
SCR-17-7e46f4bf7dc3,17,44a0f25b49ea0009ff36171c,770,INCLUDE,394,30,0.07614213197969544,20260919
SCR-17-8cebb070c619,17,65211b236c670fca1c1eabe1,899,INCLUDE,394,30,0.07614213197969544,20260919
SCR-17-51fcafe61410,17,e08ec51c0b79d004d4772ce7,148,INCLUDE,394,30,0.07614213197969544,20260919
SCR-17-dda2565bdae5,17,6eb662f2598520e73c062dca,957,INCLUDE,394,30,0.07614213197969544,20260919
SCR-17-791f439972b2,17,4fa84423ea7b6f94144f9e7d,320,INCLUDE,394,30,0.07614213197969544,20260919
SCR-17-ab3417f6f44d,17,5de7a60c0ea3c5b2347a61b7,654,INCLUDE,394,30,0.07614213197969544,20260919
SCR-17-4aa8223c4884,17,bb0497b1d22744db6d1a0b44,72,INCLUDE,394,30,0.07614213197969544,20260919
SCR-17-fcdb7b738505,17,3187f872282ac1edcf743f17,120,INCLUDE,394,30,0.07614213197969544,20260919
SCR-17-705e1ef4a358,17,5ac494a7dbc7e6822d7875f4,570,INCLUDE,394,30,0.07614213197969544,20260919
SCR-17-f51da34c77ab,17,50b209a5dbcc316c4d59c9c1,17,INCLUDE,394,30,0.07614213197969544,20260919
SCR-17-135c66635472,17,deab641c7a00a1088204519c,266,INCLUDE,394,30,0.07614213197969544,20260919
SCR-17-127ce2697de7,17,f0de2a71119f043058e1177f,855,INCLUDE,394,30,0.07614213197969544,20260919
SCR-17-baf26869a187,17,066714a51cc42e2d006bdd2b,951,INCLUDE,394,30,0.07614213197969544,20260919
SCR-17-f0a450deb137,17,84fde7a735a1172d8991635a,593,INCLUDE,394,30,0.07614213197969544,20260919
SCR-17-cb8409fb0b65,17,f397fcf3c79b47a3bbf0550d,276,INCLUDE,394,30,0.07614213197969544,20260919
SCR-17-c1deea25e2f9,17,f7afefab64c7b98f244a752a,235,INCLUDE,394,30,0.07614213197969544,20260919
SCR-17-ae8b49d3ed9e,17,964a0b27aca755799481ab47,274,INCLUDE,394,30,0.07614213197969544,20260919
SCR-17-4c44936cc7b7,17,1701fe3e0bad4ae5534ce574,797,INCLUDE,394,30,0.07614213197969544,20260919
SCR-17-c66a289b3e93,17,8538ff62479d9d7d3380e8b9,820,INCLUDE,394,30,0.07614213197969544,20260919
SCR-17-dd12d87ac4e2,17,aeb3f7640fa8038180a9bd04,98,INCLUDE,394,30,0.07614213197969544,20260919
SCR-17-8dadc8a3cb40,17,c472d7a85b8698433d7df2a9,881,INCLUDE,394,30,0.07614213197969544,20260919
SCR-17-8381f5598264,17,8a882aae9582c1c1e0be0667,360,INCLUDE,394,30,0.07614213197969544,20260919
SCR-17-33ea1d55cddd,17,5bd95305158d386b89452397,147,INCLUDE,394,30,0.07614213197969544,20260919
SCR-17-12b727ac0adf,17,549c49d69efb027d530ea669,398,INCLUDE,394,30,0.07614213197969544,20260919
SCR-17-968fc7fd6aec,17,439a551a43d6ac363a2d0394,989,EXCLUDE,605,30,0.049586776859504134,20260919
SCR-17-661dc37cc304,17,c6704b4f4d5681502fe62165,10,EXCLUDE,605,30,0.049586776859504134,20260919
SCR-17-f05c47836005,17,3dd698ccc9d3b504bdebeacc,812,EXCLUDE,605,30,0.049586776859504134,20260919
SCR-17-c3a734cd59c0,17,be0adeaf7494a604c1265bbf,954,EXCLUDE,605,30,0.049586776859504134,20260919
SCR-17-b914386ff078,17,402e86f224f0da69169a7c64,454,EXCLUDE,605,30,0.049586776859504134,20260919
SCR-17-0aac34b0e5cf,17,fa5a9cc19d1e952f707e3543,315,EXCLUDE,605,30,0.049586776859504134,20260919
SCR-17-b3ac02013286,17,274f7a14daf2f4e9c573dc38,986,EXCLUDE,605,30,0.049586776859504134,20260919
SCR-17-df4ea95c1200,17,6c5a9516bbad4c0000d1d5b1,828,EXCLUDE,605,30,0.049586776859504134,20260919
SCR-17-0217f6a5946b,17,7cda61308b03e70ef8a28a1b,34,EXCLUDE,605,30,0.049586776859504134,20260919
SCR-17-654ab5f674c3,17,723db5f529fa319b822350ed,858,EXCLUDE,605,30,0.049586776859504134,20260919
SCR-17-dc445d50ba30,17,3e59464fc340dfb15ceb7997,176,EXCLUDE,605,30,0.049586776859504134,20260919
SCR-17-403e7545ab41,17,3d5ad86ad54be5f680cc95bf,182,EXCLUDE,605,30,0.049586776859504134,20260919
SCR-17-4f5ccc45fc08,17,3aa722042b6f762e10a6385c,217,EXCLUDE,605,30,0.049586776859504134,20260919
SCR-17-84a0b1f6f10d,17,e095a54536cdd84b83a2e60f,331,EXCLUDE,605,30,0.049586776859504134,20260919
SCR-17-6c7cad8b2448,17,9f0ce359b085c5212f67fa2a,830,EXCLUDE,605,30,0.049586776859504134,20260919
SCR-17-b6b7986114dd,17,50e5bebbabf61b52244dfe17,604,EXCLUDE,605,30,0.049586776859504134,20260919
SCR-17-6e7a4bb34833,17,c2685cbfba277ef51db2134e,719,EXCLUDE,605,30,0.049586776859504134,20260919
SCR-17-cabaa584e93b,17,0a37f24f1697fee2dcab0491,585,EXCLUDE,605,30,0.049586776859504134,20260919
SCR-17-4d60d9dbb552,17,a8b03d68421f49ac6e7b4c10,204,EXCLUDE,605,30,0.049586776859504134,20260919
SCR-17-2d393a4013d2,17,d1fbaa505d00b5275152d2f9,38,EXCLUDE,605,30,0.049586776859504134,20260919
SCR-17-99cde3c5be31,17,eca44b72159c763f64285a48,652,EXCLUDE,605,30,0.049586776859504134,20260919
SCR-17-0c1458856ac5,17,927e29e11260518e5bd11580,763,EXCLUDE,605,30,0.049586776859504134,20260919
SCR-17-a97f42748b9b,17,d9001eb4ceb5a74a793b8d7f,292,EXCLUDE,605,30,0.049586776859504134,20260919
SCR-17-8157233770ac,17,1789c2e36153ef0a93191c62,31,EXCLUDE,605,30,0.049586776859504134,20260919
SCR-17-0aa360436a06,17,2aa5e7bf40b1ed75ac187a2f,835,EXCLUDE,605,30,0.049586776859504134,20260919
SCR-17-72dd4437a7a9,17,886722700de6faf8236742a0,223,EXCLUDE,605,30,0.049586776859504134,20260919
SCR-17-82ef753983ed,17,08d16a785c93e0531cbe37ce,390,EXCLUDE,605,30,0.049586776859504134,20260919
SCR-17-3032e5b522f8,17,06dcd4a24e4c2fea6f0dcc9c,543,EXCLUDE,605,30,0.049586776859504134,20260919
SCR-17-177dd0becfa9,17,262cca04ac4751f8cfbb390f,801,EXCLUDE,605,30,0.049586776859504134,20260919
SCR-17-dab3ab6297e5,17,7c0cde1d229a1ca374ff6f59,606,EXCLUDE,605,30,0.049586776859504134,20260919
SCR-18-d18e6710c62b,18,e8184689e5b81c7771b52d0d,3982,INCLUDE,2605,30,0.011516314779270634,20260919
SCR-18-0c3d6eb2d89f,18,3a87fc953b6ac08578734bbf,123,INCLUDE,2605,30,0.011516314779270634,20260919
SCR-18-d32938ba0115,18,46234d6d7a5fbd3e5f0f95eb,3597,INCLUDE,2605,30,0.011516314779270634,20260919
SCR-18-f1143f79e005,18,f3b66d4c448ddb8bbda802c1,2429,INCLUDE,2605,30,0.011516314779270634,20260919
SCR-18-d18f05b2be96,18,4c432072ab15dbb45549ab02,689,INCLUDE,2605,30,0.011516314779270634,20260919
SCR-18-f2f55216b4c0,18,70e5f7c5d2c23bf9f126be24,3686,INCLUDE,2605,30,0.011516314779270634,20260919
SCR-18-91affaac6860,18,70e338d6faec7cd815efdec4,4671,INCLUDE,2605,30,0.011516314779270634,20260919
SCR-18-697daa78b9cb,18,413f2e3092976d10096b28fb,3843,INCLUDE,2605,30,0.011516314779270634,20260919
SCR-18-2782a9302524,18,710a27cc1a3a7248771cc62a,4631,INCLUDE,2605,30,0.011516314779270634,20260919
SCR-18-22cd89f5c943,18,4c1fe74fea98cd99d6bc7546,2036,INCLUDE,2605,30,0.011516314779270634,20260919
SCR-18-c369ef629cb2,18,0ccbd64ad2820fd305131678,409,INCLUDE,2605,30,0.011516314779270634,20260919
SCR-18-291f48738184,18,71eb12b628d9bc32ae023e53,753,INCLUDE,2605,30,0.011516314779270634,20260919
SCR-18-89200a388eb2,18,ae56182c220fc23be2ffb973,3980,INCLUDE,2605,30,0.011516314779270634,20260919
SCR-18-e37d9794b9ff,18,5b1fdf340ea4be07418521f6,3560,INCLUDE,2605,30,0.011516314779270634,20260919
SCR-18-9edfce1bad8a,18,978370ce584acafd10432cf5,1656,INCLUDE,2605,30,0.011516314779270634,20260919
SCR-18-2d17f7e0c277,18,dc76ef724f68c5ba2ea018cc,2473,INCLUDE,2605,30,0.011516314779270634,20260919
SCR-18-30aa66cdf831,18,b93f82f36fc8d1df25843c1b,3570,INCLUDE,2605,30,0.011516314779270634,20260919
SCR-18-e948b915e76a,18,b13830953d61fb8bfc8ffeea,2817,INCLUDE,2605,30,0.011516314779270634,20260919
SCR-18-139d97cea878,18,cec19c19499aa58f3dc39b57,4048,INCLUDE,2605,30,0.011516314779270634,20260919
SCR-18-1a268374d76d,18,819a714248c3902ff6c14cb3,2329,INCLUDE,2605,30,0.011516314779270634,20260919
SCR-18-89519a53d9f4,18,3050b78ccb987313b87cd7af,605,INCLUDE,2605,30,0.011516314779270634,20260919
SCR-18-28fd2100d248,18,164b223e4e7bcd90bb96b94a,1325,INCLUDE,2605,30,0.011516314779270634,20260919
SCR-18-9b03caa62de5,18,0623f686671c3bea5f6099b0,1901,INCLUDE,2605,30,0.011516314779270634,20260919
SCR-18-277aa881f281,18,c8a31cf9f3e183b24370759e,3507,INCLUDE,2605,30,0.011516314779270634,20260919
SCR-18-023b23bc3b1b,18,d716257271eb1747219da18a,4197,INCLUDE,2605,30,0.011516314779270634,20260919
SCR-18-8be177233921,18,f2a9443ae2609608cf932066,306,INCLUDE,2605,30,0.011516314779270634,20260919
SCR-18-ab2c77cbcd8d,18,39b9e776753c17ab370973d4,1624,INCLUDE,2605,30,0.011516314779270634,20260919
SCR-18-03ca5716efe0,18,a4c4c6136b18083847dc38f1,1571,INCLUDE,2605,30,0.011516314779270634,20260919
SCR-18-c74d1253aa20,18,822f62efbc31ca12dde3ee58,4836,INCLUDE,2605,30,0.011516314779270634,20260919
SCR-18-1f7b9431d244,18,34bd72feb7064541ac8ae019,75,INCLUDE,2605,30,0.011516314779270634,20260919
SCR-18-0b89ac524636,18,3b1f1929e2fecb49e791139b,1721,EXCLUDE,2281,30,0.0131521262604121,20260919
SCR-18-c142b9b56a43,18,7b6f13cdaf0a41f2d214bcb3,1487,EXCLUDE,2281,30,0.0131521262604121,20260919
SCR-18-4b86f3602b65,18,c1006e4c9b4ea5ca285bfae5,1984,EXCLUDE,2281,30,0.0131521262604121,20260919
SCR-18-be8e34458568,18,56e5f12230ba9a02b437abfd,3338,EXCLUDE,2281,30,0.0131521262604121,20260919
SCR-18-49d9f2194d5b,18,1d8e9ee5ce1ddd7b1ab127c1,3035,EXCLUDE,2281,30,0.0131521262604121,20260919
SCR-18-432c40489bfa,18,19d30447be9622c5cd595139,4753,EXCLUDE,2281,30,0.0131521262604121,20260919
SCR-18-cfdc1a914a5b,18,c7ac867aa2f720c0866f41cf,2547,EXCLUDE,2281,30,0.0131521262604121,20260919
SCR-18-26481bd3635b,18,3aa75913b998f0a58de095e8,927,EXCLUDE,2281,30,0.0131521262604121,20260919
SCR-18-6c8f4fbc0d0d,18,32978da620499e03d738c63c,3160,EXCLUDE,2281,30,0.0131521262604121,20260919
SCR-18-2ff2746b6da9,18,e0b211fe5c96b91d3da2894a,449,EXCLUDE,2281,30,0.0131521262604121,20260919
SCR-18-4a7bda4d83c7,18,3eb27f10fba52e115e246830,3152,EXCLUDE,2281,30,0.0131521262604121,20260919
SCR-18-c5a1597cbcea,18,dd9857dcc98abe9dae670f6f,4302,EXCLUDE,2281,30,0.0131521262604121,20260919
SCR-18-c8dacd0edf4a,18,0cd30a71d2b250b6e9c284da,1975,EXCLUDE,2281,30,0.0131521262604121,20260919
SCR-18-0b5146792aa9,18,d7195a57ec640ec1042d8ddc,4186,EXCLUDE,2281,30,0.0131521262604121,20260919
SCR-18-2b4372d3ea81,18,92f4b6c0de4c8db361df96c6,3667,EXCLUDE,2281,30,0.0131521262604121,20260919
SCR-18-f921e81bb2dd,18,d2b4322708fd3f2bf3a3a505,3447,EXCLUDE,2281,30,0.0131521262604121,20260919
SCR-18-0bd8fd37c951,18,c37fa63bbbce6b864987d28a,3421,EXCLUDE,2281,30,0.0131521262604121,20260919
SCR-18-4487d75029c1,18,541cf6ecfc465de627b7e54e,472,EXCLUDE,2281,30,0.0131521262604121,20260919
SCR-18-9d1b140aa337,18,22e9e738a617abcd5c355365,2706,EXCLUDE,2281,30,0.0131521262604121,20260919
SCR-18-52b4e3d1fcba,18,16d535fe972f07de989ff01f,1798,EXCLUDE,2281,30,0.0131521262604121,20260919
SCR-18-da7c21e60f85,18,90f145634fc9373a0910c6ff,608,EXCLUDE,2281,30,0.0131521262604121,20260919
SCR-18-276377655089,18,9f601eff29c31da4831be108,3712,EXCLUDE,2281,30,0.0131521262604121,20260919
SCR-18-4060cf9a68ee,18,b8fc4c8d40fe3b559a71d22d,1795,EXCLUDE,2281,30,0.0131521262604121,20260919
SCR-18-5b877874db1d,18,c1dd2ae46888f515d20c4362,2285,EXCLUDE,2281,30,0.0131521262604121,20260919
SCR-18-4f43604f1e3b,18,0c8604b61884bd4c9d45aa12,1085,EXCLUDE,2281,30,0.0131521262604121,20260919
SCR-18-3b35ead4becc,18,a19dc48bdcb1d29d21e531ab,488,EXCLUDE,2281,30,0.0131521262604121,20260919
SCR-18-6b4bd83b9d32,18,e107ba38f5ffcdfe57090440,3400,EXCLUDE,2281,30,0.0131521262604121,20260919
SCR-18-b3161bd4fd61,18,46957f3bd6e5932fccde6aba,1416,EXCLUDE,2281,30,0.0131521262604121,20260919
SCR-18-3863ac0af037,18,ec17ebe81433542f82dbf2bf,679,EXCLUDE,2281,30,0.0131521262604121,20260919
SCR-18-ae7348887048,18,44035a145a68ad99b5728eae,1647,EXCLUDE,2281,30,0.0131521262604121,20260919
SCR-19-ddd1d34f9fea,19,2dba31afd387c5e414eb8eac,25,INCLUDE,314,30,0.09554140127388536,20260919
SCR-19-eae2fba7c57c,19,41077f02be96ead93fcfc5c3,304,INCLUDE,314,30,0.09554140127388536,20260919
SCR-19-60039ae90bf7,19,95c5902df061e25926cd89b3,358,INCLUDE,314,30,0.09554140127388536,20260919
SCR-19-0a4917510d82,19,a6f1c29001fba10d4247d598,331,INCLUDE,314,30,0.09554140127388536,20260919
SCR-19-9f9631f48525,19,6489f1318e968d6f19a719b2,143,INCLUDE,314,30,0.09554140127388536,20260919
SCR-19-f353ae8a6381,19,0c2d6c586f512043311d2bd9,276,INCLUDE,314,30,0.09554140127388536,20260919
SCR-19-243e62ff3738,19,8a76ce70e1d80486ba1b2991,106,INCLUDE,314,30,0.09554140127388536,20260919
SCR-19-4d5c94353de5,19,dd6e3d2dc3b3ef4b7012c1ca,351,INCLUDE,314,30,0.09554140127388536,20260919
SCR-19-f5e550a7c272,19,7df658489685ce916feac6eb,293,INCLUDE,314,30,0.09554140127388536,20260919
SCR-19-f8e53320bb9c,19,ae823bb60d7dcc9c5cae8a2d,113,INCLUDE,314,30,0.09554140127388536,20260919
SCR-19-01678f9d5451,19,803ef6563b9568e987d15094,165,INCLUDE,314,30,0.09554140127388536,20260919
SCR-19-3515ed4d9ecb,19,2dbc1149babe5c683b7e1b86,105,INCLUDE,314,30,0.09554140127388536,20260919
SCR-19-4aae9ed1b55c,19,bc3d9228bb3fb39bde44e81d,118,INCLUDE,314,30,0.09554140127388536,20260919
SCR-19-879f9b63f14a,19,4e7347dd3896ecbabe8464a3,5,INCLUDE,314,30,0.09554140127388536,20260919
SCR-19-6f170c0e652f,19,3b23b145ede1509645978faf,129,INCLUDE,314,30,0.09554140127388536,20260919
SCR-19-b188d1295d76,19,0cc0c12f258dcc9359c0ba1f,110,INCLUDE,314,30,0.09554140127388536,20260919
SCR-19-9c73b5c2e413,19,97e239ad04f152d47a25628e,310,INCLUDE,314,30,0.09554140127388536,20260919
SCR-19-d535866f2f08,19,206f4953b0ae08699b250146,147,INCLUDE,314,30,0.09554140127388536,20260919
SCR-19-31892c63b300,19,9ce954d4732c38b54559b289,352,INCLUDE,314,30,0.09554140127388536,20260919
SCR-19-c3c8483820b8,19,3b1b882e831c4fd1ce1586a8,47,INCLUDE,314,30,0.09554140127388536,20260919
SCR-19-6ea6e2446739,19,7a8fb44d5596a5ed1d500c23,96,INCLUDE,314,30,0.09554140127388536,20260919
SCR-19-fec72d0cbe4b,19,7081cc43d6da6d25ef4c128a,145,INCLUDE,314,30,0.09554140127388536,20260919
SCR-19-0ac2ef6be5f6,19,386f0bee395d083a0b581bef,45,INCLUDE,314,30,0.09554140127388536,20260919
SCR-19-7dbafa8d8e2f,19,3f432dce3b45ae8f3c84ef91,167,INCLUDE,314,30,0.09554140127388536,20260919
SCR-19-03ca92727b7c,19,5050b2a741775bb1fd44f590,349,INCLUDE,314,30,0.09554140127388536,20260919
SCR-19-cffc2954d03d,19,86f9e0411a6a6a7d678e18e8,267,INCLUDE,314,30,0.09554140127388536,20260919
SCR-19-6863d48bf654,19,0a927bd3b6a1cd557563b564,186,INCLUDE,314,30,0.09554140127388536,20260919
SCR-19-24cd5dc1356c,19,f7d82859c86aadfb4b188196,348,INCLUDE,314,30,0.09554140127388536,20260919
SCR-19-135eb92539d6,19,d5ce2ca1b761f585db138036,65,INCLUDE,314,30,0.09554140127388536,20260919
SCR-19-e53ce9b20912,19,5ca4391ee7f48cdfdcdf5434,296,INCLUDE,314,30,0.09554140127388536,20260919
SCR-19-96b0f7a3e3a4,19,445fa8116a24008c54875e28,175,EXCLUDE,61,30,0.4918032786885246,20260919
SCR-19-6b855670db71,19,46425268cc5f5284daef3434,373,EXCLUDE,61,30,0.4918032786885246,20260919
SCR-19-5337d109311d,19,ab0b990fa6cdb4ab39d630eb,370,EXCLUDE,61,30,0.4918032786885246,20260919
SCR-19-db695e25f0b3,19,985ef14a38182029e093b0c0,7,EXCLUDE,61,30,0.4918032786885246,20260919
SCR-19-2fa1b6584302,19,e7c79483f7937a22187eec02,346,EXCLUDE,61,30,0.4918032786885246,20260919
SCR-19-3ebe3d0cf63d,19,3db292e6198581b6df7e6597,308,EXCLUDE,61,30,0.4918032786885246,20260919
SCR-19-4ca94afb66a9,19,247db34815964ac5107dd5ed,323,EXCLUDE,61,30,0.4918032786885246,20260919
SCR-19-27f8d9e69f2b,19,37fa3ca1efd8ec3de2736bca,281,EXCLUDE,61,30,0.4918032786885246,20260919
SCR-19-4a3c2f79ba73,19,b30ac7a86bc1c183b027c054,181,EXCLUDE,61,30,0.4918032786885246,20260919
SCR-19-e2b763857bc2,19,da6db1ff6784916cb1626b6c,42,EXCLUDE,61,30,0.4918032786885246,20260919
SCR-19-f10866c0a3f9,19,6bc2267f2bad10d907c8e58b,353,EXCLUDE,61,30,0.4918032786885246,20260919
SCR-19-ba35ad7b2a6b,19,dfc83a1f51b464edfe497b63,265,EXCLUDE,61,30,0.4918032786885246,20260919
SCR-19-00fd68322617,19,5156e1c14d01ba844b689b45,15,EXCLUDE,61,30,0.4918032786885246,20260919
SCR-19-8b460022147d,19,8122933e4fbc75ba6808f847,234,EXCLUDE,61,30,0.4918032786885246,20260919
SCR-19-c92c01aa4a59,19,c46c20230935325d0ec80204,202,EXCLUDE,61,30,0.4918032786885246,20260919
SCR-19-743db7f8e950,19,c16bca5761dbec97bedd624b,135,EXCLUDE,61,30,0.4918032786885246,20260919
SCR-19-c7727b2177cf,19,b7c8ab346e7391c9378e25a8,362,EXCLUDE,61,30,0.4918032786885246,20260919
SCR-19-95e1c54bafd1,19,978546a87cac52a1ce340020,8,EXCLUDE,61,30,0.4918032786885246,20260919
SCR-19-fb17128e9d14,19,2c684563ee3fe7554f96b155,274,EXCLUDE,61,30,0.4918032786885246,20260919
SCR-19-37d8fe63b725,19,87670ad38f7fca18f82f778c,216,EXCLUDE,61,30,0.4918032786885246,20260919
SCR-19-21fc085668d6,19,6cbc0f12b1e4736652061c74,336,EXCLUDE,61,30,0.4918032786885246,20260919
SCR-19-34cb6926cbde,19,51bb4a0db7b1a784e26808d3,193,EXCLUDE,61,30,0.4918032786885246,20260919
SCR-19-2730d2192eb1,19,11d3ae9936696121e4b971aa,372,EXCLUDE,61,30,0.4918032786885246,20260919
SCR-19-f871b4f3b31d,19,33f6e846b1c0e8c00d3bbd2c,343,EXCLUDE,61,30,0.4918032786885246,20260919
SCR-19-2a5344b2f8a7,19,dfc7298f9ad09e67465ffe3b,312,EXCLUDE,61,30,0.4918032786885246,20260919
SCR-19-a9371d91ab6c,19,74cf2e849398b6f6a5a3fa06,350,EXCLUDE,61,30,0.4918032786885246,20260919
SCR-19-e048940612f0,19,8a6e2f7c6f49e80fd9e5ece8,282,EXCLUDE,61,30,0.4918032786885246,20260919
SCR-19-fcb392a8d1ba,19,d41b2cd25dd5922104e74561,126,EXCLUDE,61,30,0.4918032786885246,20260919
SCR-19-d9e547de8762,19,5d0115b9b258faa5d543072b,109,EXCLUDE,61,30,0.4918032786885246,20260919
SCR-19-e5c0cfce0d5b,19,a0b6a5aac2e1fc38df63d56b,366,EXCLUDE,61,30,0.4918032786885246,20260919
SCR-20-4d4e5e6ee6f5,20,9bf327d78ce14badc2c5c1cb,153,INCLUDE,3769,30,0.007959671000265322,20260919
SCR-20-9b051b5e9904,20,62dc020a6fa2fdcf8b793424,6966,INCLUDE,3769,30,0.007959671000265322,20260919
SCR-20-10db734634e6,20,7a20a8b16bb217b6092738e7,1948,INCLUDE,3769,30,0.007959671000265322,20260919
SCR-20-195e11432cf5,20,3bebce314d7c06b6aa5558ae,1236,INCLUDE,3769,30,0.007959671000265322,20260919
SCR-20-2a3b67dc1151,20,56eb66ba14c9de493ab06e82,4424,INCLUDE,3769,30,0.007959671000265322,20260919
SCR-20-ad3c944f7b41,20,72908fc23de1cb7200d18074,6268,INCLUDE,3769,30,0.007959671000265322,20260919
SCR-20-9f36b616dbc1,20,046521719c5ce8c6738c42e1,5298,INCLUDE,3769,30,0.007959671000265322,20260919
SCR-20-6ed4b7a04e0a,20,8aa0dff5a1fd33dbe3e99760,4610,INCLUDE,3769,30,0.007959671000265322,20260919
SCR-20-57d04e11bba3,20,9755bb382e1cc836966f98fe,8545,INCLUDE,3769,30,0.007959671000265322,20260919
SCR-20-ddfc5237c240,20,36a0bf8e6bc727d352850b54,471,INCLUDE,3769,30,0.007959671000265322,20260919
SCR-20-aadfff9faf41,20,bcbda6412282858aef6b8513,3017,INCLUDE,3769,30,0.007959671000265322,20260919
SCR-20-d3eab2558f76,20,39419df5b2224a554e3ba6ef,5532,INCLUDE,3769,30,0.007959671000265322,20260919
SCR-20-c317ce71fdc8,20,8d290b61d82b873422518f9d,6680,INCLUDE,3769,30,0.007959671000265322,20260919
SCR-20-b0f4ac882395,20,b66dd92d63236d90868d38bb,9418,INCLUDE,3769,30,0.007959671000265322,20260919
SCR-20-cbdbc514629c,20,d8089228200176172c24433a,2588,INCLUDE,3769,30,0.007959671000265322,20260919
SCR-20-63eb883d642d,20,a9482da14d531232094716e2,5811,INCLUDE,3769,30,0.007959671000265322,20260919
SCR-20-e174402b4d25,20,ed65a302629d99858b902c27,1945,INCLUDE,3769,30,0.007959671000265322,20260919
SCR-20-a2eff4ae55a5,20,b60e36aa3d84fbed95cbc131,8975,INCLUDE,3769,30,0.007959671000265322,20260919
SCR-20-d6c26e1d971d,20,0b87be6c1734b24a116c889a,3740,INCLUDE,3769,30,0.007959671000265322,20260919
SCR-20-c17c85ec5bfa,20,a78639fb2c9851306dbe15eb,6616,INCLUDE,3769,30,0.007959671000265322,20260919
SCR-20-223ef8204dfe,20,e78b768b264d2bc3a7c6eefa,7090,INCLUDE,3769,30,0.007959671000265322,20260919
SCR-20-ab156d8ca0da,20,5585680d0beb904e1995de45,3849,INCLUDE,3769,30,0.007959671000265322,20260919
SCR-20-365b0f0d13e0,20,d23f11feabec48b5c34f3b2c,7930,INCLUDE,3769,30,0.007959671000265322,20260919
SCR-20-29aa2d85f219,20,428113238525427c06c8b630,3424,INCLUDE,3769,30,0.007959671000265322,20260919
SCR-20-a2fd935280b1,20,c48a0461b5c679b368dd0d48,3865,INCLUDE,3769,30,0.007959671000265322,20260919
SCR-20-c795e33c1ac6,20,f71f6a40cf698cbf0f2ae2b2,1115,INCLUDE,3769,30,0.007959671000265322,20260919
SCR-20-9272ee2eb0e0,20,fcc254acfbc19dd495a6ff0e,8476,INCLUDE,3769,30,0.007959671000265322,20260919
SCR-20-e73993fec33f,20,737bfffb6feb824fa2f32947,194,INCLUDE,3769,30,0.007959671000265322,20260919
SCR-20-92ac20600bd6,20,14c1848fe133afc0acc28fdd,189,INCLUDE,3769,30,0.007959671000265322,20260919
SCR-20-e5f52074853e,20,46b6db027aea6615954aa6b3,3462,INCLUDE,3769,30,0.007959671000265322,20260919
SCR-20-b2d9b6054217,20,ba7ac86545e501091edaa0e3,6665,EXCLUDE,6152,30,0.004876462938881665,20260919
SCR-20-cbcbefdc4c97,20,8cfff8e8d8cabed315d71e54,4419,EXCLUDE,6152,30,0.004876462938881665,20260919
SCR-20-753cd60d7e8c,20,791566a97bef366d181f8423,8484,EXCLUDE,6152,30,0.004876462938881665,20260919
SCR-20-91d7fafc0824,20,2084b242ddc95b70533a9cca,8543,EXCLUDE,6152,30,0.004876462938881665,20260919
SCR-20-c643f86902ba,20,0e2261e71062464ba04ead57,4037,EXCLUDE,6152,30,0.004876462938881665,20260919
SCR-20-94ee13f6a27f,20,05eedba6a708f01f61715394,7008,EXCLUDE,6152,30,0.004876462938881665,20260919
SCR-20-9046fccfca87,20,347be76cb9793079413d8bf3,3422,EXCLUDE,6152,30,0.004876462938881665,20260919
SCR-20-660117ac41c2,20,a4c275f3097f50259e4447fe,2890,EXCLUDE,6152,30,0.004876462938881665,20260919
SCR-20-fd7b7da810f9,20,0dcac170145fba427994ae56,5258,EXCLUDE,6152,30,0.004876462938881665,20260919
SCR-20-8361c9b73e15,20,71e5ffbdc46b6dc3b1e2e9e6,3914,EXCLUDE,6152,30,0.004876462938881665,20260919
SCR-20-ff106607b983,20,7c5600b2971d15600612ebde,7513,EXCLUDE,6152,30,0.004876462938881665,20260919
SCR-20-b9de5fe7a705,20,32bdd48d1041d7ad4fcc48bb,4349,EXCLUDE,6152,30,0.004876462938881665,20260919
SCR-20-d8e32888c819,20,aecc31a4cb8a894312b988f3,5855,EXCLUDE,6152,30,0.004876462938881665,20260919
SCR-20-e6f6c9042ef1,20,01d1ee804313d69b0f3b9f9f,353,EXCLUDE,6152,30,0.004876462938881665,20260919
SCR-20-7d04c736efeb,20,ccd4b5f3d961a8d960b9a049,5292,EXCLUDE,6152,30,0.004876462938881665,20260919
SCR-20-fc62ec1c968b,20,970eb537b74a2566fc73f1b0,6804,EXCLUDE,6152,30,0.004876462938881665,20260919
SCR-20-d0e1ede9ff71,20,9bc953e0bac0132280a7689d,1918,EXCLUDE,6152,30,0.004876462938881665,20260919
SCR-20-838c55dc28e3,20,21627ec6013b288edeaa59ff,3253,EXCLUDE,6152,30,0.004876462938881665,20260919
SCR-20-8afe6547b1d8,20,4f62a006aa9e4c2561383db4,9461,EXCLUDE,6152,30,0.004876462938881665,20260919
SCR-20-fdb10a4c2769,20,d22d4fbcfe69984d886afe3c,1273,EXCLUDE,6152,30,0.004876462938881665,20260919
SCR-20-129f2ac8566e,20,864b9e54b8f41616e609436f,3759,EXCLUDE,6152,30,0.004876462938881665,20260919
SCR-20-9968d36fd36c,20,b86c9c66ea301e01bec15913,7127,EXCLUDE,6152,30,0.004876462938881665,20260919
SCR-20-7f9048df5aa3,20,0534cdad63aa09ca28f9defd,8322,EXCLUDE,6152,30,0.004876462938881665,20260919
SCR-20-6941e26f76b7,20,a1104a5cd8e73ef44adafa56,2010,EXCLUDE,6152,30,0.004876462938881665,20260919
SCR-20-c301d95ea56a,20,db1f5f2eddebbc9b2baa5b0d,4125,EXCLUDE,6152,30,0.004876462938881665,20260919
SCR-20-9e02935aba8e,20,d237670e113c0b74df5f3b28,5125,EXCLUDE,6152,30,0.004876462938881665,20260919
SCR-20-05ccb44bed09,20,10d5e3cd27fb4427687b525f,5514,EXCLUDE,6152,30,0.004876462938881665,20260919
SCR-20-8ee4c54438d3,20,2f5f035f227d11633b531aab,2445,EXCLUDE,6152,30,0.004876462938881665,20260919
SCR-20-714793eef7b7,20,ffb0349fea2a8ba35beba5e0,7906,EXCLUDE,6152,30,0.004876462938881665,20260919
SCR-20-b97d0be50310,20,5b27608edd5e518d921812bd,3109,EXCLUDE,6152,30,0.004876462938881665,20260919
