ID,DOI,Title,Year,Authors,Venue,Abstract,Citations,Concepts
42100682,10.1016/j.ijcrp.2026.200646,Lipid-lowering therapy for primary prevention of cardiovascular disease in adults aged 75 years and older: a narrative review.,2026,"Stephan D, Zamperini C, Cordeanu EM.",,"<h4>Background</h4>Adults aged 75 years and older carry the highest absolute risk of cardiovascular disease (CVD) yet remain substantially underrepresented in randomized trials evaluating statin therapy for primary prevention. This evidence gap creates uncertainty regarding the appropriateness of initiating lipid-lowering therapy in this population.<h4>Methods</h4>We conducted a narrative review of randomized controlled trials, meta-analyses, and large observational studies evaluating statin therapy for primary CVD prevention in adults aged 75 years and older. We searched PubMed and reference lists of relevant articles through December 2024.<h4>Results</h4>Direct randomized evidence for primary prevention in adults over 75 years is limited. The PROSPER trial included a mixed population of primary and secondary prevention patients aged 70-82 years. Post-hoc analyses of ALLHAT-LLT showed no benefit and a trend toward harm in patients aged 75 years and older. Meta-analyses of observational data suggest mortality reductions of 12-14% associated with statin use, though subject to confounding. The time to benefit for cardiovascular event reduction is approximately 2.5 years, which must be weighed against individual life expectancy.<h4>Conclusions</h4>Current evidence does not support routine statin initiation for primary prevention in all adults over 75 years. Treatment decisions should be individualized based on cardiovascular risk, life expectancy, frailty status, patient preferences, and competing health priorities. Results from the STAREE and PREVENTABLE trials, expected in 2025-2027, will provide definitive guidance.",0,
42203295,10.1136/bmjopen-2026-120048,Pragmatic trial assessing polygenic risk driven statin therapy for cardiovascular disease prevention: study protocol for the EE-PRS trial.,2026,"Voit A, Elken A, Viigimaa M, Kalda R, Fischer K, Toompere K, Irs A, Milani L, Alavere H, Pajusalu S, Org E, Alloja J, Kaarna K, Jürisson M.",,"<h4>Introduction</h4>Atherosclerotic cardiovascular disease (ASCVD) continues to be a leading cause of preventable death globally. Polygenic risk scores (PRS) offer a way to detect individuals at higher relative risk of developing ASCVD, but they have not yet been incorporated into routine clinical practice. Pragmatic trials offer a way to evaluate the integration of PRS into cardiovascular disease prevention in primary care, allowing for a more accurate assessment of their effectiveness in everyday clinical practice.<h4>Methods and analysis</h4>This trial evaluates the effectiveness of preventive statin treatment on reducing the incidence of cardiovascular events and death over 5 years in women (aged 55-80) and men (aged 45-80) with a high coronary artery disease PRS. This is a pragmatic, multicentre, open-label, parallel group, randomised clinical trial with a 1:1 allocation ratio to intervention (n=1350), receiving preventive rosuvastatin 20 mg treatment or control (n=1350), receiving current standard of care. Following the intention-to-treat principle, all randomised participants are analysed according to their allocated group, with the primary outcome defined as time to first major adverse cardiovascular event, comprising ischaemic heart disease, stroke or transient ischaemia, peripheral vascular occlusion and stenosis, revascularisation or cardiovascular death.<h4>Ethics and dissemination</h4>This trial has received ethical approval from the Estonian Committee on Bioethics and Human Research (13.06.2024 nr 1.1-12/1531) and the Estonian Ethics Committee for Medicinal Products (19.12.2024 nr RKU-4/92).<h4>Trial registration number</h4>NCT06820086.",0,
41923439,10.1002/clc.70288,Sex Differences in Statin Intolerance: Insights From the CLEAR Outcomes Trial.,2026,"Naderi S, Brennan D, Li N, Lincoff AM, Nicholls SJ, Nissen SE, Plutzky J, Powell HA, Robinson P, Cho L.",,"<h4>Introduction</h4>The CLEAR Outcomes study showed that bempedoic acid reduced LDL cholesterol (LDL-C) and cardiovascular risk in patients with statin intolerance. CLEAR Outcomes included 48% female participants.<h4>Objective</h4>To describe the differences in baseline clinical characteristics and tolerability of bempedoic acid by sex.<h4>Methods</h4>Descriptive analysis of data from a double-blind, randomized, placebo-controlled cardiovascular outcome study in which 13 970 primary or secondary prevention patients at high cardiovascular risk with statin intolerance and baseline LDL-C ≥ 100 mg/dL were randomized to bempedoic acid 180 mg daily or placebo.<h4>Results</h4>At baseline, females (48%) were older, with less use of lipid lowering therapies, and more often without an ASCVD history. Females had more peripheral and cerebrovascular disease and less coronary artery disease. The incidence of myalgia was 5.4% versus 5.9% for females and 5.8% vs 7.6% for males treated with bempedoic acid versus placebo, respectively. Treatment discontinuation rates were lower with bempedoic acid than placebo in females (30.5% vs 33.4%) and males (27.9% vs 30.0%). Bempedoic acid discontinuation because of myalgia was comparable between females (1.8% vs. 1.6%) and males (1.7% vs 2.1%) versus placebo, respectively.<h4>Conclusions</h4>This is the only cardiovascular outcomes trial to date that exclusively enrolled patients with statin intolerance, and the largest contemporary study of lipid lowering therapy in females, a group historically underrepresented in clinical trials. Bempedoic acid was equally tolerated by both sexes and represents a viable alternative to statins to reduce cardiovascular risk.<h4>Trial registration</h4>ClinicalTrials.gov identifier: NCT02993406.",0,
42113738,10.1371/journal.pone.0348058,"Efficacy and safety of the ayurvedic formulation 'Trikatu' as an add-on to standard care in dyslipidemia: Study protocol for a randomized, double-blind, placebo-controlled trial evaluating lipid parameters, and gut microbiota.",2026,"Khanduri S, Jameela S, Sahu S, Devi S, Rao BCS, Ratha K, Singhal R, Kaushik L, Srikanth N, Acharya R.",,"<h4>Background</h4>Dyslipidemia is a leading modifiable risk factor for cardiovascular disease (CVD), with early and sustained LDL-C reduction offering significant preventive benefits. However, in low- and middle-income countries, long-term adherence to statin therapy remains alarmingly low, highlighting the need for culturally acceptable and safer adjunctive options. Trikatu, a classical Ayurvedic formulation traditionally known to enhance metabolism, may offer supportive benefits in lipid regulation. This study protocol was developed to assess the efficacy and safety of Trikatu as an add-on to standard statin therapy on lipid parameters and assess changes in gut microbiota in response to the intervention and identify microbial correlates associated with favorable lipid outcomes.<h4>Methods</h4>This randomized, double-blind, placebo-controlled clinical trial is being conducted at AIIMS Bhubaneswar, a tertiary care center. Total 170 participants (aged 25-60 years) with moderate to high Atherosclerotic cardiovascular disease (ASCVD) risk. Dyslipidemia, as defined by the 2019 ACC/AHA Guidelines and indicated for statin therapy, will be randomized in a 1:1 ratio to receive either Trikatu (1000 mg) or matching placebo, administered orally twice daily after food for 12 weeks along with standard statin therapy (dose/intensity as per guidelines). Primary outcome includes change in fasting serum LDL-C from baseline to 12 weeks. Secondary outcomes include changes in total cholesterol, HDL-C, triglycerides, glycemic markers (fasting glucose, HbA1c, insulin, HOMA-IR), inflammatory and metabolic markers (hs-CRP, TNF-α, IL-6, adiponectin, ghrelin, ApoA1, ApoB), resting blood pressure, and gut microbiota. The proportion of participants achieving normal cholesterol levels (<200 mg/dL) will also be assessed. Drug compliance and any adverse events will also be recorded.<h4>Discussion</h4>In individuals with moderate to high ASCVD risk, achieving and sustaining optimal lipid control remains a cornerstone of cardiovascular prevention. However, poor long-term adherence to statin therapy, especially in low-resource settings, limits real-world impact. By assessing Trikatu, effects on lipid profiles, glycemic and inflammatory markers, and gut microbiota, the study aims to explore its potential to augment cardiovascular risk reduction in a holistic and culturally acceptable manner. If proven effective and safe, Trikatu could serve as a valuable complementary strategy in dyslipidemia management.<h4>Clinical trial registration</h4>Clinical Trial Registry of India (CTRI/2023/04/051942) Registered on 25/04/2023.",0,
42099475,10.1093/eurheartjsupp/suag032,PCSK9 inhibitors conquer primary prevention: the VESALIUS-CV study.,2026,"Gatto L, Di Bitonto MP, Scalia L, Biccirè FG, Prati F.",,"Elevated low-density lipoprotein cholesterol (LDL-C) represents a key causal factor in atherosclerotic cardiovascular disease. Robust evidence demonstrates that early, marked, and sustained reduction of LDL-C is associated with a significant decrease in the risk of major adverse cardiovascular events. However, a substantial proportion of high-risk patients fail to achieve guideline-recommended LDL-C targets with statin therapy alone, thus requiring additional lipid-lowering treatments. Proprotein convertase subtilisin/kexin type 9 (PCSK9) inhibitors, particularly the monoclonal antibodies evolocumab and alirocumab, have been shown to reduce LDL-C levels by ∼60% and to provide clear cardiovascular outcome benefits in secondary prevention. More recently, the VESALIUS-CV trial extended these findings to the setting of primary prevention in high cardiovascular risk patients without prior major cardiovascular events. In this trial, evolocumab achieved a significant and sustained reduction in LDL-C levels and significantly reduced the risk of a first cardiovascular event, including myocardial infarction and ischaemia-driven revascularization, while maintaining a safety profile comparable to placebo. Overall, the available evidence supports the role of evolocumab as an effective and safe strategy for cardiovascular risk reduction across the entire risk continuum, from secondary to primary prevention, underscoring the importance of a personalized therapeutic approach based on the patient's global cardiovascular risk profile.",0,
42203164,10.1016/j.ahj.2026.107493,"Design of VICTORION-2 Prevent: a randomized double-blind, placebo-controlled trial, assessing the impact of inclisiran on major adverse cardiovascular events in patients with established cardiovascular disease.",2026,"Steg PG, Goodman SG, Jukema JW, Martens P, Zirlik A, Bhatt DL, Menon V, Szarek M, Lesogor A, Stratz C, O'Donoghue F, Mena-Madrazo J, Shao Q, Liu K, Mehran R, VICTORION-2 Prevent investigators.",,"<h4>Rationale</h4>Inclisiran is a small interfering ribonucleic acid targeting hepatic proprotein convertase subtilisin/kexin type 9 messenger RNA, that effectively reduces low-density lipoprotein cholesterol (LDL-C) levels. The effect of inclisiran on cardiovascular (CV) outcomes has not been formally tested.<h4>Methods</h4>VICTORION-2 Prevent (NCT05030428) is an ongoing, Phase 3 randomized, double-blind, placebo-controlled, international trial assessing the efficacy and safety of inclisiran in preventing CV events in patients with established atherosclerotic cardiovascular disease (ASCVD) receiving high-intensity statin therapy. Patients with established ASCVD (history of myocardial infarction [MI], ischemic stroke, or symptomatic peripheral artery disease), and fasting plasma LDL-C ≥1.8 mmol/L (70 mg/dL) despite high-intensity statin therapy (≥20 mg rosuvastatin or ≥40 mg atorvastatin daily) will be enrolled. Patients will be treated with inclisiran sodium 300 mg or placebo, administered subcutaneously at Day 1, Day 90, and every 6 months thereafter. The primary outcome will include time to first occurrence of 3-point major adverse CV events (3P-MACE; composite of CV death, MI, or ischemic stroke). Secondary outcomes will include time to occurrence of CV death, time to first occurrence of 4P-MACE (composite of 3P-MACE and urgent revascularization), and major adverse limb event (all adjudicated outcomes), time to occurrence of all-cause death, and long-term safety of inclisiran. Safety will be monitored using a selective safety data collection strategy.<h4>Conclusion</h4>VICTORION-2 Prevent will provide robust data on CV benefits and safety of inclisiran in patients with established ASCVD and not at guideline-recommended LDL-C goals despite high-intensity statin treatment.",0,
42165959,10.1007/s11883-026-01414-2,Pharmacogenomics of Atherosclerotic Plaque: Pathophysiological Background and Therapeutic Perspectives.,2026,"Mauriello A, De Falco A, Correra A, D'Andrea A, Giallauria F, Giordano A, Russo V.",,"<h4>Purpose of review</h4>Advances in pharmacogenomics have paved the way for personalized medicine. Cardiovascular diseases still represent the leading cause of mortality worldwide. This review aims to summarize the background, rationale, and evidence of pharmacogenomics in atherosclerosis, in particular, the use of antiplatelet and lipid-lowering drugs.<h4>Recent findings</h4>Atherosclerotic disease is strongly influenced by the patient's genetic background. Randomized clinical trials have supported the role of a genotype-guided approach for antiplatelet therapy in patients with coronary heart disease undergoing percutaneous coronary intervention. Furthermore, there is growing evidence to support the association between some genetic variants and poor adherence to statin therapy, for example, due to the development of muscular symptoms. There is evidence for resistance to some drugs for the treatment of dyslipidemia, such as PCSK9 inhibitors. Pharmacogenomics can potentially improve patient care by enabling individualized therapy and facilitating the development of novel therapeutic strategies for cardiovascular disease. This is particularly relevant in a field characterized by high morbidity and mortality. These advances may translate into improved clinical outcomes, reduced healthcare costs, and lower cardiovascular mortality.",0,
41864911,10.1186/s12872-026-05659-2,The role of lipid lowering medications in the primary prevention of cardiovascular disease and mortality: a meta-analysis of randomized controlled trials.,2026,"Morsell B, Hamed M, Scwartz S, Martinez B, Roble K, Kahan J, Habib P.",,,0,
41743491,10.1177/11795514261422310,Dyslipidemia in Diabetes: Navigating a Complex Landscape for Improved Cardiovascular Outcomes.,2026,"Abdul Wahab R, Wan Mahmood WA.",,"Cardiovascular diseases are the leading cause of global mortality, accounting for roughly one-third of all deaths. Dyslipidemia is a key risk factor for atherosclerotic cardiovascular disease (ASCVD) and often coexists with diabetes, which exacerbates ASCVD risk. Despite the comprehensive management of dyslipidemia in patients with diabetes through pharmacological and non-pharmacological approaches, many individuals struggle to meet lipid targets through lifestyle changes alone. Therefore, pharmacological interventions are essential. Pharmacotherapy options for dyslipidemia in patients with diabetes, including those currently under development, have gained attention, particularly regarding their impact on cardiovascular outcomes. In this narrative review, we explore the data on cardiovascular outcomes related to established and emerging pharmacotherapy in the management of dyslipidemia in diabetes, such as statins, ezetimibe, bempedoic acid, PCSK9 inhibitors, icosapent ethyl, inclisiran, other lipid-lowering agents (fibrates, bile acid sequestrants, niacin), and novel medications such as antisense nucleotides and cholesterol ester transfer protein inhibitors. We aim to provide a summary that will help navigate the extensive evidence base on cardiovascular outcomes trials of these agents. We found that statins, particularly atorvastatin, showed the strongest and most consistent evidence on cardiovascular outcomes in patients with diabetes, with high-intensity statin therapy associated with significant reductions in major adverse cardiovascular events (MACE). Therefore, clinicians should prioritize statin therapy as the first-line pharmacotherapy for managing dyslipidemia in patients with diabetes to optimize cardiovascular outcomes. Studies also showed that the duration of statin therapy is the strongest predictor of MACE, followed by the achieved LDL cholesterol level and statin intensity. Additional lipid-lowering agents, such as ezetimibe or PCSK9 inhibitors, should be considered for patients who do not achieve target LDL cholesterol levels or for those who are statin-intolerant.",0,
41953595,10.14740/jocmr6523,Novel Approaches to Lipid Management: Beyond Statins and PCSK9 Inhibitors.,2026,"Patel J, Shah S, Reddy A, Prajapati D, Pandya A, Sawhney S.",,"The statins remain the foundation of lipid management because they lower low-density lipoprotein cholesterol (LDL-C) and prevent cardiovascular events, and guidelines recommend stepwise intensification, often with ezetimibe first, when targets are not met or when intolerance limits dosing. This review introduces a mechanism-first, phenotype-guided framework that links add-on therapies to the dominant driver of residual risk, LDL-C, triglyceride-rich lipoproteins, elevated lipoprotein(a), or inherited dyslipidemia while integrating trial evidence with clinical practicality. Proprotein convertase subtilisin/kexin type 9 (PCSK9) monoclonal antibodies remain the best-validated add-on for very high-risk patients. FOURIER and ODYSSEY OUTCOMES demonstrated event reduction with evolocumab or alirocumab on background statin therapy. For patients who cannot tolerate adequate statin doses, bempedoic acid provides liver-selective inhibition of adenosine triphosphate (ATP)-citrate lyase, and CLEAR Outcomes showed fewer major cardiovascular events in statin-intolerant populations. Inclisiran extends PCSK9 pathway suppression through hepatic small interfering RNA (siRNA) and enables durable LDL-C reduction with twice-yearly maintenance dosing, offering an adherence-oriented alternative while outcomes data mature. Angiopoietin-like protein 3 (ANGPTL3)-directed therapies (evinacumab and investigational RNAi agents such as zodasiran) lower atherogenic lipoproteins through largely LDL receptor independent biology. They expand options for refractory disease, including homozygous familial hypercholesterolemia. Apolipoprotein C-III (ApoC-III) inhibitors (olezarsen and plozasiran) drive large triglyceride reductions that can be decisive in severe hypertriglyceridemia and pancreatitis-prone syndromes. Next-generation cholesteryl ester transfer protein (CETP) inhibition (notably obicetrapib) has re-emerged as an oral strategy with substantial lipid effects as outcomes programs progress. High-dose eicosapentaenoic acid (EPA) (icosapent ethyl) has the clearest triglyceride-focused outcomes signal; REDUCE-IT showed significant ischemic event reduction in statin-treated patients with persistent hypertriglyceridemia. Early <i>in vivo</i> PCSK9 gene-editing is considered a potential one-time approach, though safety and durability concerns remain unresolved. Implementation remains rate-limiting. Costs, prior authorization, variable coverage, distribution, injection logistics, and adherence barriers delay initiation and erode persistence. Uninsured patients may face prohibitive out-of-pocket expenses without assistance pathways.",0,
42027874,10.1016/j.athplu.2026.100562,Systematic literature review on the real-world effectiveness and safety of bempedoic acid.,2026,"Cicero AFG, Cannon CP, Gautam R, Anwar S, Ghatak A, Sarnes E, Powell HA, Chhabra R, Jawla S.",,"<h4>Background and aims</h4>Cardiovascular disease remains a significant global health burden. Bempedoic acid is a novel, oral adenosine triphosphate-citrate lyase inhibitor that lowers low-density lipoprotein cholesterol (LDL-C). While randomized controlled trials (RCTs) have established its efficacy and safety, evidence from real-world clinical practice is needed.<h4>Methods</h4>A systematic literature review (SLR) was conducted to identify studies reporting real-world use of bempedoic acid as monotherapy, in fixed dose combination with ezetimibe, or in combination with any other lipid lowering therapy (LLT). MEDLINE, EMBASE, and Cochrane Library were searched from inception to February 19, 2025. Two reviewers independently screened studies, with discrepancies resolved by a third. Data extraction and validation were conducted, and the risk of bias assessed using the Newcastle-Ottawa Scale.<h4>Results</h4>Of 269 records, 28 reports on 22 unique studies met the eligibility criteria. Most studies evaluated LDL-C changes from baseline after initiation of bempedoic acid; one pragmatic randomized trial was identified. Bempedoic acid achieved LDL-C reductions of 15% to 39% when added to maximally tolerated statins, 22% to 38% in statin intolerant cohorts, and 18% to 42% in mixed statin intolerant cohorts. Safety data was limited; treatment discontinuation ranged from 9% to 36%, with higher rates in cohorts with greater statin-intolerance.<h4>Discussion</h4>This SLR shows bempedoic acid, with or without other LLTs, achieves a minimum of approximately 20% LDL-C reductions, consistent with RCTs. Data suggests it may be effective as an adjunct to statins and as an oral alternative for statin-intolerant patients.",0,
41771366,10.1016/j.ahj.2026.107400,"Rationale, design, and baseline characteristicss of the effect of PCSK9 inhibition on cardiovascular risk in treated HIV infection: EPIC-HIV randomized clinical trial.",2026,"Durstenfeld MS, Levkova-Clark M, Li D, Schaffer V, Abohashem S, Ma Y, Kawai K, Lu MT, Sereti I, Deeks SG, Tawakol A, Hsue PY.",,"<h4>Rationale</h4>People with HIV (PWH) are at increased risk of cardiovascular disease. Moderate lipid lowering with statins has been demonstrated to reduce cardiovascular risk among PWH. Accordingly, evaluation of more potent lipid-lowering strategies for prevention is needed, especially for PWH at higher risk. Prior research suggests that proprotein convertase subtilisin kexin type 9 (PCSK9) inhibitors safely lower low-density lipoprotein cholesterol by 60% among people with HIV, but the impact of PCSK9 inhibitors on arterial inflammation, endothelial function, coronary plaque, or markers of immune dysfunction among PWH remains unknown.<h4>Methods</h4>The effect of PCSK9 inhibition on cardiovascular risk in treated HIV infection study is a randomized, placebo-controlled, and double-blinded clinical trial. Adults at least 40 years old with treated and virally suppressed HIV and at least one cardiovascular risk factor (primary prevention) or a prior cardiovascular event (secondary prevention) are randomized in a 2:1 ratio to alirocumab or a matching placebo injected subcutaneously. <sup>18</sup>F-fluorodeoxyglucose positron emission tomography/computed tomography, coronary computed tomographic angiography, and flow-mediated dilation of the brachial artery are conducted at baseline and after 1 year of treatment. The primary study outcome is the change in arterial inflammation assessed using the target-to-background ratio of the most diseased arterial segment on positron emission tomography/computed tomography from baseline to 1 year, and key secondary endpoints will include the change in noncalcified coronary plaque on coronary computed tomographic angiography, change in endothelial function, and safety according to the intention-to-treat principle.<h4>Enrollment</h4>One hundred eighteen participants were randomized. The mean age was 59.5 years, and 6% were female.<h4>Conclusions</h4>The effect of PCSK9 inhibition on cardiovascular risk in treated HIV infection study will provide evidence regarding the mechanisms by which potent lipid lowering with PCSK9 inhibitors may alter the pathogenesis of atherosclerosis among PWH.<h4>Trial registration</h4>https://clinicaltrials.gov/study/NCT03207945.",0,
41949237,10.1016/j.jacasi.2025.12.024,Importance and Management of Non-High-Density Lipoprotein Cholesterol in Dyslipidemia Treatment.,2026,"O'Brien RC, Gonzalez-Santos LE, Tomlinson B, Hussein Z, Lim S, Nawawi H, Ong HY, Silki S, Soegondo S, Su TC, Sukonthasarn A, Vinh PN.",,"Residual cardiovascular (CV) risk persists despite achieving low-density lipoprotein cholesterol (LDL-C) targets with lipid-lowering therapy, indicating the role of other lipid parameters. Robust evidence has shown that non-high-density lipoprotein cholesterol (non-HDL-C) confers better estimation of atherosclerotic cardiovascular disease risk than LDL-C and is increasingly recognized as a treatment target in atherogenic dyslipidemia. Whereas global guidelines have incorporated non-HDL-C as a primary or co-primary lipid target, most Asia-Pacific region (APAC) guidelines still consider it secondary to LDL-C. To address this gap, we developed a consensus document with evidence-based recommendations with the use of a modified Delphi method involving 11 experts across 10 APAC countries. This offers practical guidance on adopting non-HDL-C as a lipid target, including add-on therapies to statins for reducing non-HDL-C and CV risk in atherogenic dyslipidemia. Acknowledging regional variations in lipid targets, this document does not override local APAC guidelines but rather encourages physicians to manage non-HDL-C in alignment with those guidelines.",0,
41732846,10.1080/07853890.2026.2634484,Ezetimibe alone for over 75 years old as a primary prevention to decrease cardiovascular events.,2026,"Vuorio A, Kovanen PT, Strandberg T.",,"The EWTOPIA 75 (Ezetimibe Lipid-Lowering Trial on Prevention of Atherosclerotic Cardiovascular Disease in 75 or Older) study supports the reduction in the risk of atherosclerotic cardiovascular disease (ASCVD) events with ezetimibe without statin therapy in persons aged ≥75 years without a history of coronary artery disease. This evidence has also been incorporated into the 2025 Focused Update of the 2019 ESC/EAS Guidelines for the management of dyslipidaemias. What might then be the potential explanations for the observed benefit of ezetimibe to prevent ASCVD in the EWTOPIA 75 study? First, cholesterol absorption efficiency generally increases with age. Therefore, cholesterol absorption-lowering medications, such as ezetimibe, are particularly beneficial in individuals aged 75 years and older, in whom low cholesterol absorption has been associated with fewer recurrent ASCVD events. It is also worth noting that ezetimibe may be more effective than a particular statin in reducing non-high-density lipoprotein cholesterol (non-HDL-C), which includes lipoprotein remnant particles. Therefore, the benefits of the achieved low-density lipoprotein cholesterol (LDL-C) levels are not directly comparable between ezetimibe and statin therapy. It remains to be verified in future studies whether ezetimibe monotherapy would be helpful, specifically in older patients. If so, one possible explanation is that, even in the absence of clinical ASCVD, ezetimibe slows and stabilizes the atherosclerotic process that is still advancing. Finally, a trade-off between a less effective LDL-C lowering but a low frequency of adverse effects and drug interactions could lead to better long-term adherence in the setting of primary prevention.",0,
42244866,10.3389/fphar.2026.1813614,Cost-utility analysis of add-on ezetimibe to moderate-intensity statin versus moderate-intensity statin alone for secondary prevention in patients with acute coronary syndrome intolerant to high-intensity statin therapy in Thailand.,2026,"Promchit N, Chinwong S, Permsuwan U.",,"<h4>Background</h4>Although high-intensity statin therapy is recommended for the secondary prevention of acute coronary syndrome (ACS), a subset of patients is unable to tolerate such regimens due to statin-associated adverse effects. For these patients, adding ezetimibe to a maximally tolerated moderate-intensity statin is a guideline-recommended lipid-lowering strategy. This study aimed to evaluate the cost-utility of ezetimibe added to moderate-intensity statin therapy, compared with moderate-intensity statin therapy alone, for the secondary prevention of ACS in Thailand.<h4>Methods</h4>A Markov model with four health states was developed. Incremental cost-effectiveness ratios (ICERs) were estimated to compare strategies from both societal and healthcare provider perspectives. Transition probabilities, utility values, and cost inputs were derived from the IMPROVE-IT trial and relevant literature, supplemented with Thailand-specific data. Costs (2024 Thai baht [THB]) and outcomes were discounted at an annual rate of 3%. One-way and probabilistic sensitivity analyses were conducted. The intervention was considered cost-effective if the ICER was below the Thai willingness-to-pay (WTP) threshold of 160,000 THB per QALY (4,533 USD/QALY).<h4>Results</h4>Ezetimibe added to moderate-intensity statin therapy yielded an ICER of 155,312 THB/QALY (4,400.4 USD/QALY) from the societal perspective and 148,934 THB/QALY (4,219.7 USD/QALY) from the healthcare provider perspective; both were below the 160,000 THB/QALY threshold. In the one-way sensitivity analysis, the relative risk of death from myocardial infarction (MI) associated with ezetimibe was the most influential parameter (ICER change: -27.31% to +54.32%). Probabilistic sensitivity analysis indicated a 56.8% probability of cost-effectiveness at the predefined threshold.<h4>Conclusion</h4>These findings suggest that adding ezetimibe to moderate-intensity statin therapy may be cost-effective compared with moderate-intensity statin monotherapy for the secondary prevention of ACS among patients in Thailand who are intolerant to high-intensity statins. However, because the base-case ICER was only marginally below the national threshold and probabilistic sensitivity analysis showed a 56.8% probability of cost-effectiveness, the results should be interpreted with appropriate caution.",0,
42210976,10.1177/20480040261435032,Lipid-lowering therapy: Evidence and future perspective.,2026,"Komiyama M, Wada H, Dan GA, Hasegawa K.",,"Lowering low-density lipoprotein cholesterol (LDL-C) is a cornerstone of atherosclerotic cardiovascular disease (ASCVD) prevention, with robust evidence supporting the principle that ""the lower, the better,"" particularly in secondary prevention. Contemporary guidelines recommend intensive LDL-C lowering to <70 mg/dL in high-risk patients and <55 mg/dL in very high-risk populations, including those with acute coronary syndrome and familial hypercholesterolemia. In addition to statins, proprotein convertase subtilisin/kexin type 9 (PCSK9) inhibitors, including monoclonal antibodies and small interfering RNA, have emerged as highly effective therapies, demonstrating substantial LDL-C reduction and cardiovascular event risk reduction, as exemplified by the Further Cardiovascular Outcomes Research with PCSK9 Inhibition in Subjects with Elevated Risk (FOURIER) trial. Patients with peripheral arterial disease, including lower extremity arteriosclerosis obliterans, represent a particularly high-risk population in whom PCSK9 inhibition provides marked absolute risk reduction. Despite intensive LDL-C lowering, considerable residual cardiovascular risk persists. Accumulating evidence indicates that elevated triglyceride (TG) levels are independently associated with cardiovascular events. However, clinical trials targeting TG reduction, including fibrate-based therapies such as pemafibrate, have not consistently demonstrated cardiovascular benefit, highlighting the complexity of lipid metabolism and the limitations of TG lowering alone. Lipoprotein(a) [Lp(a)] has recently gained recognition as a genetically determined, independent risk factor for ASCVD. Emerging antisense and RNA-targeted therapies have shown profound Lp(a)-lowering effects and are currently being evaluated in large-scale outcome trials. Future lipid management strategies will require a comprehensive approach that integrates LDL-C lowering, residual risk modification, and novel therapeutic targets such as Lp(a), with personalized risk stratification to optimize clinical benefit and cost-effectiveness.",0,
41358899,10.2337/dc26-s010,10. Cardiovascular Disease and Risk Management: Standards of Care in Diabetes-2026.,2026,"American Diabetes Association Professional Practice Committee for Diabetes*
.",,"The American Diabetes Association (ADA) ""Standards of Care in Diabetes"" includes the ADA's current clinical practice recommendations and is intended to provide the components of diabetes care, general treatment goals and guidelines, and tools to evaluate quality of care. Members of the ADA Professional Practice Committee for Diabetes, an interprofessional expert committee, are responsible for updating the Standards of Care annually, or more frequently as warranted. For a detailed description of ADA standards, statements, and reports, as well as the evidence-grading system for ADA's clinical practice recommendations and a full list of Professional Practice Committee members, please refer to Introduction and Methodology. Readers who wish to comment on the Standards of Care are invited to do so at professional.diabetes.org/SOC.",9,
42256395,10.3389/fphar.2026.1800502,A narrative review of PCSK9 inhibitors: from evolocumab to novel discoveries.,2026,"Liu HH, Li S, Li JJ.",,"The application of proprotein convertase subtilisin/kexin type 9 (PCSK9) inhibitors represents a crucial milestone in the field of lipid-lowering therapy. As the first PCSK9 inhibitor to be approved globally, evolocumab has not only offered an entirely novel therapeutic option for patients with familial hypercholesterolemia but also established a paradigm for the development of subsequent anti-PCSK9 monoclonal antibodies. This narrative review provides an overview of the discovery of PCSK9 and its role in low-density lipoprotein cholesterol metabolism, detailing the developmental trajectory and key clinical trials of evolocumab, and underscoring its central importance and transformative impact on lipid-lowering therapeutics. On this basis, we conduct a comparative analysis of the differences in mechanism of action, clinical efficacy and safety among the marketed PCSK9 inhibitors, and dissect the limitations and unmet needs in current clinical practice. Furthermore, this review explores the pleiotropic effects of PCSK9 beyond lipid metabolism, and comments on its potential application value and latest research advances in diseases such as infection, liver disease, and malignancy. Finally, we prospect the future development directions of PCSK9-targeted therapy, aiming to provide an integrated reference perspective for basic research and clinical practice in this field.",0,
42051876,10.3389/fradi.2026.1822303,"Coronary artery calcium scoring in 2026: strengths, limitations, and optimized clinical use.",2026,"Sabouret P, Giamundo DM, Rosencher J, Figliozzi S.",,"Coronary artery calcium (CAC) scoring on non-contrast ECG-gated CT remains a robust, reproducible marker of total coronary atherosclerotic burden with clear prognostic value and consistent risk reclassification beyond contemporary clinical calculators. Recent studies (2018-2026) reinforce the 'power of zero' for near-term risk de-escalation, identify very high CAC (≥1,000) as a distinct, very-high-risk phenotype, and, importantly, provide randomized evidence that CAC-guided treatment reduces plaque progression. Advances in artificial intelligence (AI), spectral CT, and standardized reporting (SCCT/STR; CAC-DRS) expand opportunities for automated and incidental CAC detection. This mini-review summarizes updated strengths, limitations, and practice guidance; synthesizes new evidence (2024-2026); and includes a practical clinical decision flowchart for the selective use of CAC in prevention pathways.",0,
41423223,10.5551/jat.65908,Lipid Management for Secondary Prevention in Atherosclerotic Cardiovascular Disease: A Scoping Review and Scientific Report.,2026,"Tanaka A, Oyama K, Yakushiji Y, Natsuaki M, Mizuno A, Saito Y, Matsumoto S, Yamagami H, Kunieda T, Shibata S, Nishimoto M, Ayuzawa N, Shimabukuro M, Tsuchiya K, Okazaki H, Nomura A, Kaneko H, Kohsaka S, Yoshida M, Harada-Shiba M, Shimano H, Node K.",,"Atherosclerotic cardiovascular disease (ASCVD) is associated with a very high risk of secondary cardiovascular events. Elevated low-density lipoprotein cholesterol (LDL-C) is a major determinant in the progression of ASCVD and in the onset of associated adverse events. Consequently, rigorous control of LDL-C is a cornerstone of secondary prevention strategies, typically achieved through statin therapy, either as monotherapy or in combination with ezetimibe or proprotein convertase subtilisin/kexin type 9 inhibitors. Recent large-scale clinical trials have demonstrated that intensive LDL-C lowering significantly reduces cardiovascular risk, leading to updated guidelines in the United States and Europe that advocate for more aggressive LDL-C treatment targets for secondary prevention in ASCVD. In this context, a working group established in the Japan Atherosclerosis Society performed a scoping review of LDL-C treatment targets for the secondary prevention of ASCVD. The working group systematically reviewed the available evidence for coronary artery disease (including acute and chronic coronary syndrome), atherothrombotic brain infarction, and peripheral artery disease, all of which are defined as ASCVD. The aim was to assess the evidence-based LDL-C treatment targets for the secondary prevention of defined ASCVD in Japanese patients.",0,
42099468,10.1093/eurheartjsupp/suag042,"First scan, then treat: 10 years of the SCOT-HEART study.",2026,"Prati F, Giovagnoli A, Paoletti G, Ferrari M, Biccirè FG, Gatto L, Pavone P.",,"The widespread use of coronary computed tomography (CT) to exclude significant coronary stenoses and, more broadly, to achieve a more accurate assessment of cardiovascular risk through the evaluation of atherosclerosis has gained momentum in recent years, largely driven by growing criticism of the traditional ischaemia-centred paradigm. The SCOT-HEART studies were among the first large randomized trials to promote the use of coronary CT in patients presenting with angina. The information provided by coronary CT translated into improved clinical outcomes through the adoption of more aggressive medical therapy, particularly lipid-lowering treatment, which was selectively prescribed to patients with evidence of atherosclerosis. The results of the SCOT-HEART 2 primary prevention trial are eagerly awaited and may further influence clinical practice. Finally, photon-counting CT, representing the latest technological advance, together with the application of artificial intelligence-based image analysis algorithms, may constitute an additional step forward in the use of CT imaging.",0,
41936375,10.1016/s2352-3018(26)00031-7,Pitavastatin effects on lipids in relation to major adverse cardiovascular events: a REPRIEVE secondary analysis.,2026,"Umbleja T, Zafar MU, McCallum S, Gattu AK, Zanni MV, Bloomfield GS, Malvestutto CD, Fichtenbaum CJ, Currier JS, Sponseller CA, Diggs MR, Chu SM, Lu AB, Glesby MJ, Stapleton JT, Frank M, Nguyen KL, Bender Ignacio RA, Han WM, Douglas PS, Aberg JA, Ribaudo HJ, Grinspoon SK.",,"<h4>Background</h4>The Randomized Trial to Prevent Vascular Events in HIV (REPRIEVE) found a 36% reduction in major adverse cardiovascular events (MACE) with pitavastatin in people with HIV. Little is known about the relationship between lipid lowering and MACE in this population. We evaluated pitavastatin effects on lipids and examined mediation of pitavastatin effects on MACE through lipid lowering.<h4>Methods</h4>REPRIEVE was a randomised, double-blind, placebo-controlled phase 3 trial evaluating pitavastatin (4 mg daily) or placebo for prevention of MACE in people with HIV. Participants aged 40-75 years, on stable combination antiretroviral therapy (ART), and at low-to-moderate atherosclerotic cardiovascular disease risk with minimally elevated LDL were followed up for a median of 5·6 years. Centrally tested fasting lipids were captured at entry and annually thereafter. The primary MACE outcome, reported previously, was time to first MACE. Here, we report secondary outcomes on fasting lipids. Linear mixed-effects models were used for assessment of the pitavastatin effect on lipids, Cox regression for relationship of lipids to MACE, and Vansteelandt method for mediation analysis.<h4>Findings</h4>REPRIEVE enrolled 7769 participants from March 26, 2015, to July 31, 2019, in 12 countries across five Global Burden of Diseases super-regions. The median baseline LDL was 108 mg/dL, and similar across treatment groups. Pitavastatin effects were primarily observed on LDL, with a modest reduction in triglycerides and no apparent effect on HDL. Based on the longitudinal data modelling, the estimated treatment group difference in LDL at month 12 (pitavastatin minus placebo) was -30 mg/dL (95% CI -31 to -29), corresponding to a 30% reduction. The estimated risk of LDL of ≥100 mg/dL at month 12 was 0·18 in the pitavastatin group and 0·57 in the placebo group (relative risk 0·32, 95% CI 0·30-0·34). A 30% lower time-updated average LDL was associated with 20% lower risk of primary MACE (hazard ratio 0·80, 95% CI 0·68-0·94). Of the pitavastatin effect on MACE, 68% was estimated to be mediated through LDL, although with low precision (95% CI 15-574).<h4>Interpretation</h4>LDL is strongly related to MACE, and LDL lowering should be an important goal of primary cardiovascular prevention in people with HIV, even in those with minimally elevated LDL. Treatment should aim to achieve accepted primary care prevention targets for LDL.<h4>Funding</h4>US National Institutes of Health, Kowa Pharmaceuticals America, Gilead Sciences, and ViiV Healthcare.",1,
41975552,10.1186/s40959-026-00480-4,Review on cardioprotective strategies in the setting of chemotherapy-induced cardiotoxicity.,2026,"Dao V, Amin S, Kammaripalle T, Manning K.",,,0,
42148127,10.3389/fimmu.2026.1840386,Persistent residual inflammatory risk at 1 month after contemporary PCI: rationale for routine hsCRP reassessment and dual-target therapy.,2026,"Gong X, Zhou C, Wu Y.",,"Despite major advances in lipid-lowering therapy and stent technology, a substantial proportion of patients undergoing contemporary percutaneous coronary intervention (PCI) experience recurrent major adverse cardiovascular events (MACE) driven by persistent residual inflammatory risk (RIR). This Perspective highlights that, once LDL-C is optimized below 70 mg/dL, RIR-quantified by high-sensitivity C-reactive protein (hsCRP ≥2 mg/L)-emerges as the dominant modifiable driver of recurrent events. Landmark meta-analyses and large registries demonstrate that persistent elevation of hsCRP at 1 month post-PCI occurs in approximately 43% of patients and independently predicts 12-month MACE (RR 1.64), all-cause mortality (RR 3.25), and other adverse outcomes, outperforming residual cholesterol risk after multivariable adjustment. Mechanistically, the acute-phase hsCRP surge induced by procedural injury resolves by 4-6 weeks, after which the 1-month value reliably reflects ongoing NLRP3 inflammasome activation, IL-1β/IL-6 signaling, and macrophage-driven plaque inflammation rather than transient artefacts. Accordingly, we propose a new ""dual-target"" definition of optimal secondary prevention: achievement of both LDL-C <70 mg/dL and hsCRP <2 mg/L at the 1-month landmark. This biomarker-guided approach represents a hypothesis-generating framework to enable precision deployment of low-dose colchicine or IL-6 pathway inhibitors (e.g., ziltivekimab) in patients with persistent RIR, directly addressing the enrichment gap observed in neutral broad anti-inflammatory trials such as CLEAR-SYNERGY. We therefore propose consideration of routine 1-month hsCRP reassessment as a potential future Class IIa recommendation in ESC/ACC guidelines. This strategy may transform silent residual inflammatory risk into a precisely treatable immunologic target, pending prospective validation in dedicated trials.",0,
42037565,10.1002/cns.70882,Glycemic Status and Effect of Immediate Intensive Statin on Mild Ischemic Stroke: A Subgroup Analysis of the INSPIRES Trial.,2026,"Jiang L, Deng Z, Gao Y, Wang X, Yang Y, Wang T, Pan Y, Chen W, Wang Y.",,"<h4>Aims</h4>A subgroup analysis of the Intensive Statin and Antiplatelet Therapy for High-risk Intracranial or Extracranial Atherosclerosis (INSPIRES) trial to evaluate intensive statin effects in patients with ischemic stroke by glycemic status.<h4>Method</h4>Patients were stratified into three subgroups based on glycemic status: without type 2 diabetes mellitus (T2DM), with newly diagnosed T2DM, with a history of T2DM. The primary outcomes included stroke and moderate-to-severe bleeding, whereas secondary outcomes comprised composite vascular events, poor functional outcomes, and any bleeding within 90 days.<h4>Results</h4>Among 6100 patients, 4038 were without T2DM, 404 had a newly diagnosed T2DM, and 1658 had a history of T2DM. No significant risk reduction of stroke was observed with immediate versus delayed statin therapies across glycemic subgroups (p for interaction = 0.29). Compared to delayed-intensive statin, immediate-intensive statin treatment was associated with reduced risk of poor functional outcome in non-T2DM patients (adjusted relative risk 0.71, 95% CI 0.57-0.90; p = 0.004), but no benefit in those with newly diagnosed T2DM or those with a history of T2DM (p for interaction = 0.003). There was no glycemic status by treatment interaction for risk of bleeding or composite vascular event.<h4>Conclusions</h4>Patients without T2DM derived greater benefit in functional outcomes from immediate-intensive statin after ischemic stroke than those with T2DM.",0,
41442665,10.1097/fjc.0000000000001785,Lipid-Lowering Efficacy and Adverse Events of CETP Inhibitor Combination Therapy: A Systematic Review and Network Meta-Analysis.,2026,"Guo P, Yu X, Wei X, Xiong X, Jiang J.",,"<h4>Background</h4>The therapeutic effects of different combination therapies containing cholesteryl ester transfer protein (CETP) inhibitors vary. Evidence from head-to-head comparisons is scarce and inconsistent. This study aimed to evaluate the impact of CETP inhibitor-based combination therapy on lipid levels and explore its adverse events (AEs).<h4>Method</h4>Randomized controlled trials (RCTs) were retrieved from PubMed, Embase, Cochrane Library, and Web of Science up to August 30, 2025. Thirteen RCTs were analyzed through STATA 14.0.<h4>Results</h4>This systematic review and network meta-analysis of 13 studies (9248 participants) evaluated CETP inhibitor-based combination therapies. For HDL-C elevation, obicetrapib + ezetimibe + statin ranked highest (SUCRA = 95.1%). Evacetrapib + statin achieved reduction in LDL-C (SUCRA = 94.3%). Obicetrapib + ezetimibe + statin excelled in reducing TC (SUCRA = 100.0%) and TG (SUCRA = 99.9%). Obicetrapib + statin was most effective for ApoAI increase (SUCRA = 100.0%), while obicetrapib + ezetimibe + statin best reduced ApoB (SUCRA = 100.0%). Regarding safety, obicetrapib + statin had the optimal profile for all grade AEs (SUCRA = 19.2%) and severe AEs (SUCRA = 22.5%), conversely, evacetrapib + statin had the worst profile (SUCRA = 83.1% and 66.3%, respectively).<h4>Conclusions</h4>Our meta-analysis demonstrated that CETP inhibitor combination therapies offer distinct lipid-modulating benefits and safety profiles. The obicetrapib + ezetimibe + statin triple therapy showed superior comprehensive efficacy, while obicetrapib + statin exhibited the optimal safety. Evacetrapib + statin provided potent LDL-C reduction but had the poorest safety. These findings facilitate personalized treatment selection for dyslipidemia management.<h4>Trial registration</h4>PROSPERO CRD420251145396 ( https://www.crd.york.ac.uk/prospero/ ).",0,
41375637,10.3390/jcm14238334,Optimal Medical Therapy Targeting Lipids and Inflammation for Secondary Prevention in Patients Undergoing Percutaneous Coronary Intervention.,2025,"Forzano I, Florimonte D, Narciso V, Canonico ME, Castiello DS, Manzi L, Cristiano S, Spinelli A, Vallone DM, D'Alconzo D, Semplice F, Paolillo R, Giugliano G, Cesaro A, Gragnano F, Calabrò P, Esposito G, Gargiulo G.",,"Cardiovascular diseases (CVDs), including coronary artery disease (CAD), are the main causes of mortality and morbidity worldwide. The pathophysiology of CAD includes atherosclerosis, a chronic process leading to atherosclerotic plaque development. Clinical manifestations could be chronic, such as in the chronic coronary syndrome (CCS) scenario, or acute, such as acute coronary syndrome (ACS). The risk of subsequent cardiovascular (CV) events depends on the risk category defined by international guidelines. In particular, patients who have experienced a CV event requiring percutaneous coronary intervention (PCI) remain at heightened residual risk for subsequent events, despite advancements in standard-of-care strategies. Therefore, comprehensive residual risk management is essential in this population to mitigate ischemic risk. Secondary prevention includes different targets of treatments-hypertension, dyslipidemia, diabetes mellitus, body weight control, smoking habit reduction, and healthy lifestyle promotion. Nevertheless, there is a critical, unmet need for therapeutic strategies for this high-risk population. Growing evidence shows that atherogenic lipids and vascular inflammation drive residual risk after PCI, despite guideline-directed therapy. This review summarizes more recent evidence about secondary prevention focusing on optimal medical therapy (OMT), targeting lipids and inflammation for patients undergoing PCI.",3,
42183183,10.1016/j.athplu.2026.100569,Expert consensus on Lipoprotein(a) in the Gulf countries: Navigating cardiovascular risk and therapeutic advances.,2026,"Almahmeed W, Sabbour H, Shantouf R, Aljaberi A, El Tamimi H, Bin Lootah F, Al Sayed N, AlAli J, Akbar M, Shehab A, AlSarraf A, Al Waili K, Lüscher TF.",,"<h4>Background</h4>Lipoprotein(a) [Lp(a)] is increasingly recognized as an independent and causal risk factor for atherosclerotic cardiovascular (CV) disease including aortic valve stenosis, myocardial infarction, stroke, peripheral arterial disease and CV death. Despite growing global awareness, significant gaps in diagnosis, risk stratification, and management persist in Gulf countries.<h4>Objective</h4>To develop regionally tailored consensus statements on the clinical management of elevated Lp(a) in Gulf countries using a modified Delphi-based methodology.<h4>Methods</h4>A multidisciplinary panel, mostly of Gulf-based experts in cardiology, lipidology, and endocrinology evaluated 64 evidence-based statements across six thematic domains, including pathophysiology, risk assessment, therapeutic strategies, and implementation challenges. Consensus was defined by ≥ 80% agreement, and relevant literature was reviewed to support each statement.<h4>Results</h4>Strong consensus supported the inclusion of Lp(a) in routine CV risk assessment, especially for high-risk individuals. The panel endorsed early detection and aggressive management of modifiable risk factors, including LDL-C, apoB, and non-HDL-C. Areas of partial agreement highlighted practical challenges, including variability in insurance coverage and the need for clearer referral pathways, imaging protocols, and outcome-driven treatment guidance and particularly the current unavailability of specific Lp(a) lowering drugs.<h4>Conclusion</h4>These expert recommendations provide a pragmatic framework for integrating Lp(a) into CV care pathways in Gulf countries. By aligning practice with emerging evidence, the consensus has the potential to shape national guidelines, inform payer policies, promote regional research on the epidemiology of Lp(a), and support equitable access to future Lp(a)-targeted therapies, ultimately improving long-term CV outcomes in the region.",0,
42137728,10.26599/1671-5411.2026.04.003,Rationale and design of the Early Initiation of Intensification Lipid-Lowering Treatment in Acute Coronary Syndrome (ELITE-ACS): a real-world study.,2026,"Yu YN, Wang Y, Tuo XD, Li ZX, Li DD, Chen YD.",,"<h4>Objective</h4>To investigate the effects of early in-hospital intensive lipid-lowering therapy (LLT) with proprotein convertase subtilisin/kexin type 9 (PCSK9) inhibitors on lipid dynamics and clinical outcomes in Chinese acute coronary syndrome (ACS) patients, providing robust real-world evidence for its long-term benefits and optimal implementation timing to address the evidence gap in optimal lipid management for secondary prevention.<h4>Methods & results</h4>This multicenter prospective real-world study (http://www.clinicaltrials.gov, NCT number: NCT06738758), which building upon the ELEGANT pilot registry (ChiCTR2200065861), will enroll 6000 consecutively hospitalized ACS patients with uncontrolled dyslipidemia across more than 30 Chinese centers. Participants are enrolled based on recommended stratified proportions [(1) diagnostic categories: ST-segment elevation myocardial infarction : non-ST-segment elevation myocardial infarction : intermediate-high-risk unstable angina = 1:1:3; and (2) lipid-lowering strategies: PCSK9 inhibitor ± statin : statin+ezetimibe/hybutimibe : statin = 2:1:2). Treatment assignment reflects real-world clinical decisions guided by low-density lipoprotein cholesterol levels and patient preference. Twelve-month follow-up assessments were conducted at predefined intervals: baseline hospitalization, discharge, and 1, 3, 6, 12 months post-discharge. Primary endpoints were the goal attainment (low-density lipoprotein cholesterol < 1.4 mmol/L) rates across treatment arms. Key secondary endpoints were the major adverse cardiovascular events (including myocardial infarction, ischemic stroke, cardiovascular mortality, coronary revascularization) and all-cause death, and other secondary endpoints encompassed time-to-lipid-goal, longitudinal changes in lipids profiles and inflammatory biomarkers, and perivascular fat attenuation index evolution quantified by coronary computed tomographic angiography. Propensity score matching and inverse probability treatment weighting will address confounding bias.<h4>Conclusions</h4>This study will pioneer evidence clarifying the optimal therapeutic window and clinical benefits of in-hospital intensive LLT for Chinese ACS patients. By establishing the first Chinese population-derived evidence for the ""early intensive and rapid target attainment"" strategy, our findings may challenge stepwise LLT paradigms. These results may guide international guideline updates for high-risk ACS populations, particularly in East Asian cohorts with distinct lipid profiles.",0,
41624043,10.1016/j.ajpc.2026.101417,Progress in risk assessment and management: Forecasting updates across international cholesterol guidelines.,2026,"Razavi AC, Sokolsky M, Belanger M, Blazoski C, Spitz JA, Sperling LS, Blumenthal RS, Whelton SP.",,"In anticipation of updates to cholesterol guidelines globally, evidence since the most recent iteration of recommendations across US and Europe for risk assessment and lipid management are reviewed. ASCVD risk estimation is at the core of determining lipid lowering goals and consideration for therapies. In primary prevention, incorporation of the PREVENT equations will be featured in updated guidelines, which will likely demarcate new, lower risk thresholds compared to the prior Pooled Cohort Equations. Additionally, the use of coronary artery calcium (CAC) improves risk estimation to inform medication allocation and LDL-C goals beyond traditional risk factor risk estimation. To achieve lower LDL-C, many adults will need multiple lipid-lowering medications. For high-risk individuals, combination therapy with low/moderate intensity statin and ezetimibe or bempedoic acid should be considered. Additionally, proprotein convertase subtilisin/kexin type 9 inhibitor (PCSK9i) therapies can be used to attain lower LDL-C in high-risk individuals, including those with clinical ASCVD or a high CAC burden. In very-high risk patients, treatment to LDL-C values as low as <30 mg/dL further reduces ASCVD risk without significant adverse events. Among individuals treated with PSCK9i therapy, those with elevated Lp(a) may have greater ASCVD risk reduction and may be a patient population that is prioritized for PCSK9i until therapies directly targeting Lp(a) are available. An ASCVD risk-based approach should be the foundation for determining LDL-C goals with consideration that multiple lipid-lowering therapies are often necessary for high and very-high risk patients who were treated to very low LDL-C in more recent randomized controlled trials.",0,
42144851,10.1002/prp2.70265,Meta Analysis of DHA and EPA Supplementation on Cardiovascular Outcomes and Atrial Fibrillation Risk.,2026,"Shayan SK, Abbood RS, Al-Taie SF, Nataj PG, Khamdamjonovna MM, Aminnezhad S, Boushehri YG, Sindorovich JJ, Sinehsepehr A, Zare F, Pakmehr SA, Abdollahi E, Vahedinezhad M.",,"Cardiovascular diseases (CVD) remain to impose a main global burden of morbidity and mortality despite advances in anticipation and treatment. Omega-3 fatty acids, mainly eicosapentaenoic acid (EPA) and docosahexaenoic acid (DHA), have been extensively studied for potential cardioprotective effects, yet their impact on cardiovascular outcomes remains debated due to heterogeneity in formulation, dose, and patient subgroups. This meta-analysis evaluated the effects of EPA and DHA supplementation on major adverse cardiovascular events (MACE) and atrial fibrillation (AF), including postoperative AF (POAF), in patients with established CVD. A systematic search of Embase, PubMed/MEDLINE, Scopus, and Web of Science (January 2010-December 2021) identified randomized controlled trials (RCTs) of combined EPA + DHA supplementation in secondary prevention or perioperative settings. Data were synthesized using RevMan v5.3 with a random-effects model, and study quality was assessed via the Cochrane RoB 2 tool. From 3682 records, 25 RCTs (n = 25 578 patients) were included. Pooled analysis showed no significant reduction in MACE (effect estimate 0.042 ± 0.0499, Z = 0.850, 95% CI [-0.055, 0.140], p = 0.396; low heterogeneity) or AF/POAF incidence (trend toward reduction: -0.198 ± 0.1498, Z = -1.319, 95% CI [-0.491, 0.096], p = 0.187; modest heterogeneity). Neutral findings likely reflect moderate-dose combined EPA + DHA use, limited subgroup reporting on metabolic comorbidities (e.g., diabetes, hypertriglyceridemia) or concomitant therapies (e.g., statins), and high background guideline-directed medical therapy reducing residual risk. Although omega-3 fatty acids exert anti-inflammatory, antithrombotic, and lipid-modulating effects, this analysis indicates no broad benefit in reducing MACE or AF risk with combined moderate-dose EPA + DHA in heterogeneous post-event populations. Recent evidence highlights more MACE reductions with high-dose purified EPA monotherapy in high-metabolic-risk subgroups, balanced against dose-dependent AF increases at high doses (> 1.5 g/day). Future large-scale RCTs should prioritize biomarker-verified compliance, metabolic/concomitant therapy stratification, and formulation-specific comparisons to define targeted therapeutic roles. Trial Registration: This study has been registered in PROSPERO, and the registration code is 642795.",0,
42073411,10.3390/life16040601,"Carotid Artery Stenting: Evolution, Evidence, and Contemporary Practice in the Era of Intensive Medical Therapy.",2026,"Dixit S, Anamika F, Multani A, Rosenzveig A, Kathirvel B, Degala S, Thalamati M, Kirksey L, Bajzer C, Raskin D, Nanjundappa A.",,"Carotid artery stenosis remains a major cause of ischemic stroke worldwide, and its management continues to evolve in parallel with advances in surgical, endovascular, and medical therapies. Carotid endarterectomy (CEA) was established as the standard of care for symptomatic high-grade stenosis following landmark randomized trials, while carotid artery stenting (CAS) subsequently emerged as a less invasive alternative for appropriately selected patients. This review aims to summarize the historical evolution of carotid artery stenting, critically appraise evidence from major clinical trials comparing CAS and CEA, and examine contemporary practice patterns in the era of intensive medical therapy. A comprehensive review of randomized trials, registries, guideline statements, and recent literature was performed to synthesize current evidence regarding procedural outcomes, patient selection, and emerging technologies, including transcarotid artery revascularization (TCAR). Large, randomized trials have demonstrated comparable long-term composite outcomes between CAS and CEA in selected patients, although peri-procedural risk profiles differ, with higher stroke risk observed after CAS and higher myocardial infarction rates after CEA. Technological advancements in embolic protection devices, stent platforms, and alternative access strategies have further refined endovascular approaches. Concurrently, improvements in intensive medical therapy-including lipid-lowering, antiplatelet therapy, blood pressure control, smoking cessation, and lifestyle modification-have substantially reduced overall stroke risk, particularly in asymptomatic patients. In the contemporary era, optimal stroke prevention requires individualized, multidisciplinary decision-making that integrates symptom status, anatomical complexity, comorbid conditions, procedural expertise, and sustained long-term vascular risk factor management following revascularization.",0,
41483441,10.1007/s11886-025-02337-1,"Targeting Triglycerides in Cardiovascular Disease Prevention: Evidence, Mechanisms, and Emerging Therapies.",2026,"Alam U, Mathai SV, Filtz A, Kuno T, Badimon JJ, Sniderman AD, Virani SS, Toth PP, Shapiro MD, Lavie CJ, Bhatt DL, Slipczuk L.",,"<h4>Purpose of review</h4>The goal of this review is to evaluate the evolving role of triglycerides (TGs) and TG-rich lipoproteins (TRLs) in cardiovascular disease (CVD) risk and prevention. We examine the mechanistic rationale, genetic and epidemiological evidence, and therapeutic potential of targeting TGs in residual risk reduction, particularly in high-risk populations.<h4>Recent findings</h4>Emerging data from Mendelian randomization studies and large clinical cohorts support a causal link between elevated remnant lipoproteins and atherosclerotic CVD, in which apolipoprotein B may be the principal driver. Although traditional triglyceride-lowering agents have produced mixed results on cardiovascular outcomes, emerging therapies-such as ApoC-III and ANGPTL3 inhibitors-show robust lipid-lowering effects, while selective PPAR modulators have thus far not demonstrated cardiovascular benefit. However, outcome data remain limited. Residual CVD risk persists despite aggressive LDL-C reduction, especially in patients with diabetes, metabolic syndrome, or chronic kidney disease. Selective TG-lowering strategies targeting TRLs-especially those that decrease apolipoprotein B-may provide clinical benefit in high-risk phenotypes. Ongoing trials will clarify whether these promising agents confer meaningful cardiovascular protection and warrant integration into future guidelines.",0,
41847515,10.3389/fcvm.2026.1761093,"Proactive, short-term PCSK9 inhibition after PCI in patients with coronary artery disease at high residual risk: rationale and design of the randomized HANYANG-PICK trial.",2026,"Kim W, Park S, Shin JH, Kook H, Lim YH.",,"<h4>Background</h4>Despite advances in stent design and PCI optimization, stent failure remains clinically relevant in patients with coronary artery disease. This process is primarily driven by vascular injury and maladaptive healing, leading to neointimal hyperplasia, neoatherosclerosis, and recurrent ischemic events. A subset of patients remains vulnerable despite angiographically successful PCI, reflecting residual risk not fully captured by procedural assessment alone. Novel strategies to reduce this residual risk are therefore warranted. Proprotein convertase subtilisin/kexin type 9 (PCSK9) inhibitors, beyond potent LDL-C reduction, have demonstrated plaque-stabilizing effects. Preclinical data suggest that PCSK9 promotes proinflammatory cytokine release, vascular smooth muscle cell proliferation, and impaired endothelial repair-mechanisms implicated in adverse vascular responses after PCI.<h4>Aim</h4>To determine whether proactive, short-term evolocumab improves outcomes in patients with coronary artery disease at high residual risk after PCI.<h4>Methods</h4>The HANYANG-PICK trial is a prospective, randomized, open-label, multicenter study enrolling patients with post-PCI <sub>max</sub>LCBI<sub>4mm</sub> ≥200 on NIRS-IVUS. Participants will be randomized 1:1 to standard care or standard care plus evolocumab 140 mg subcutaneously within 24 h of PCI and at 2 weeks. The primary endpoint is the composite of all-cause death, myocardial infarction, stroke, or any clinically driven revascularization at 12 months.<h4>Ethics and dissemination</h4>The protocol has been approved by the Institutional Review Board of all participating centers. Written informed consent will be obtained from all participants. Results will be disseminated in peer-reviewed journals and at scientific conferences.<h4>Conclusions</h4>The HANYANG-PICK trial is an exploratory, hypothesis-generating randomized study designed to test whether proactive, short-term PCSK9 inhibition initiated during the early post-PCI period can reduce adverse outcomes in patients with high residual risk identified by post-PCI intravascular imaging.<h4>Clinical trial registration</h4>https://clinicaltrials.gov/study/NCT07084259, Identifier NCT07084259.",0,
42085423,10.1371/journal.pone.0346509,Health coach-supported mobile health intervention to improve adherence to lipid-lowering medications (AdLip): Design and rationale of a multicentre randomized controlled trial protocol.,2026,"Ong QC, Obarcanin E, Bojic I, Tan SH, Senanayake S, Kularatna S, Graves N, Chan SP, Sim JLM, Hausenloy D, Chan MYY, Khong AWH, Tan DS, Ho AHY.",,"<h4>Background</h4>Elevated low-density lipoprotein cholesterol is one of the major modifiable risk factors for cardiovascular disease. Lipid management is integral to primary and secondary prevention of cardiovascular disease, but undermined by high prevalence of non-adherence to lipid-lowering medications. Innovative, personalized multicomponent interventions may address the gaps in medication non-adherence. We aim to evaluate the effectiveness of a human coach-supported digital personal health assistant (mobile health app) intervention in improving adherence to statins in adults with hyperlipidaemia.<h4>Methods</h4>AdLip is a multicentre, open-label, parallel, two-arms, randomized controlled trial aiming to recruit a minimum of 376 adult participants who are non-adherent to statins from primary care ambulatory clinic setting in Singapore. Participants recruited will be randomly assigned (1:1) to human-coach supported mobile health app intervention or control group. The primary outcome will be adherence to statins at 6 months, measured by Medication Adherence Report Scale-5. Secondary outcomes will include change in serum low-density lipoprotein cholesterol levels, health motivation and attitudes, self-efficacy, self-care behaviours, quality of life, app acceptability, user engagement, and cost-effectiveness. Outcomes will be analysed using intention-to-treat approach.<h4>Discussion</h4>The AdLip trial will provide empirical evidence on a multicomponent approach to the long-standing challenge of suboptimal adherence to statins in a multi-ethnic Asian setting. Findings from this study may inform a more personalized approach to addressing non-adherence in the short term, and how it relates to cardiovascular disease prevention in the longer term. Trial Registration: ClinicalTrials.gov NCT06614049.",0,
42149392,10.1186/s43044-026-00746-3,Polygenic risk scores for cardiovascular disease: clinical utility and limitations.,2026,"Adejumo FA, Obielodan OO, Egwu EO, Oyedele TJ, Fasanye EH, Niyi-Oriolowo E, Odejayi OF, David OD, Adejumo T, Adetoye F, Aderinto N.",,"<h4>Background</h4>Cardiovascular diseases (CVDs) are the leading cause of mortality worldwide, highlighting the need for improved risk prediction and prevention strategies. Polygenic Risk Scores (PRS), derived from genome-wide association studies (GWAS), offer a novel approach to estimating an individual's genetic predisposition to conditions such as coronary artery disease (CAD), atrial fibrillation (AF), and heart failure (HF).<h4>Main text</h4>PRS can improve early risk stratification, particularly among individuals with high genetic susceptibility who may not yet present traditional risk factors. Evidence suggests that PRS enhances risk prediction in younger populations and may inform targeted prevention efforts. However, several limitations constrain their clinical utility. These include limited predictive power relative to conventional risk models, a lack of diverse population representation in GWAS, and challenges in incorporating PRS into routine clinical workflows.<h4>Conclusions</h4>While PRS holds promise for advancing personalized cardiovascular care, its clinical implementation requires overcoming key limitations. Increasing diversity in genetic research and integrating PRS with established clinical risk tools are critical steps toward realizing their full potential in CVD prevention and management.",0,
41613356,10.1016/j.ajpc.2026.101410,Personalizing prevention for healthy cardiovascular aging: Geriatric cardiology in the 2024-2025 hypertension and dyslipidemia guidelines.,2026,"Troy AL, Anderson TS, Razavi AC, Schott SL, Spitz JA, Blumenthal RS.",,,0,
41265480,10.1093/ehjcvp/pvaf083,VESALIUS keeps revolutionizing medicine: the case of evolocumab in primary prevention.,2026,"Galli M, Sciarretta S, Crea F.",,,0,
41509673,10.1016/j.ajpc.2025.101384,"Bundled measurement of LDL-cholesterol, lipoprotein(a), and high sensitivity C-reactive protein across the spectrum of cardiovascular risk.",2026,"Razavi AC, Troy AL, Sperling LS, Blumenthal RS.",,"In the era of the Predicting Risk of Cardiovascular Disease (CVD) EVENTs (PREVENT) equations, recalibrating definitions for low, borderline, intermediate, and high risk will be of primary importance. Similarly, the cardiovascular-kidney-metabolic construct calls for more robust assessment of residual risk among individuals with clinical CVD. Recent observational studies demonstrate long-term prognostic value of LDL-cholesterol, lipoprotein(a) [Lp(a)], and high-sensitivity C-reactive protein (hsCRP) for the prediction of CVD. These findings support prior randomized clinical trial data demonstrating a benefit of primary prevention statin therapy for individuals with elevated hsCRP, and that elevated Lp(a) and hsCRP are associated with residual CVD risk in those with clinical CVD and well-controlled LDL-C. Overall, such evidence supports universal measurement of LDL-C, Lp(a), and, for most patients, hsCRP across the spectrum of CVD to facilitate earlier lifestyle guidance and more precise allocation of preventive pharmacotherapies.",0,
42084872,10.1001/jamanetworkopen.2026.10707,Theoretical Cost-Effectiveness of PCSK9 Inhibitors in Stroke Due to Intracranial Atherosclerosis.,2026,"Kellogg C, Badillo Goicoechea E, Kim DD, Yaghi S, Chaturvedi S, Mehendale R, Orjuela K, Kass-Hout T, Morsi RZ, Morales J, Singh E, Jhaveri A, Prabhakaran S, Smith MM, Brorson JR, Golani S, Mazuera S, Kang R, Eltatawy A, Pillajo J, Siegler JE.",,"<h4>Importance</h4>Given the high costs of treatment with proprotein convertase subtilisin/kexin type 9 inhibitors (PCSK9i) and the limited US Food and Drug Administration label for these treatments in patients with stroke due to atherosclerotic disease, it is unknown whether these agents are cost-effective for reducing recurrent stroke events.<h4>Objective</h4>To estimate the theoretical cost-effectiveness of currently available PCSK9i for the prevention of recurrent stroke in patients with high-risk intracranial arterial stenosis.<h4>Design, setting, and participants</h4>This economic evaluation was a post hoc trial-based cost-effectiveness analysis of the Stenting and Aggressive Medical Management for Preventing Recurrent Stroke in Intracranial Stenosis (SAMMPRIS) trial from a health care sector perspective. Adult patients with stroke due to intracranial arterial stenosis were included in SAMMPRIS and randomized to aggressive medical management with or without intracranial arterial stenting. Patients from the SAMMPRIS trial with complete covariate data were included in this secondary analysis. Data were analyzed from January to December 2025.<h4>Exposure</h4>A base-case assumption of 32% relative risk reduction for stroke among PCSK9i based on its low-density lipoprotein-lowering effect.<h4>Main outcomes and measures</h4>Based on trial-estimated transition probabilities, annual direct-to-consumer prices for 3 PCSK9i (alirocumab: $6600; evolocumab: $7200; and inclisiran: $7920) and estimated US-based stroke care costs in 2025 US dollars, a decision-analytic Markov cohort model was developed to estimate the cost-effectiveness of PCSK9i for reducing recurrent stroke over a 5-year time horizon, with a 7% annual drug discontinuation rate and a 3% discount rate for future costs and quality-adjusted life-year (QALYs). From 1000 Monte Carlo simulations, the probability of cost-effectiveness of 3 PCSK9i was estimated at a $120 000/QALY threshold. Sensitivity analyses evaluated at an alternative threshold ($50 000/QALY), treatment efficacy (20% to 50%), and stroke care costs (50% to 150% of base estimates). A patient perspective analysis reflecting patients' out-of-pocket costs with insurance coverage was also conducted.<h4>Results</h4>Of the 367 patients from the SAMMPRIS included in this study, 88 were Black (24.0%), 260 were White (70.8%), and 19 Asian, Native Hawaiian or Pacific Islander, more than 1 race, or other (5.2%), and the median (IQR) age at enrollment was 59 (52-69) years. At current direct-to-consumer prices, the probability of cost-effectiveness at a willingness-to-pay threshold of $120 000/QALY over a 5-year horizon was 58.6% (95% CI, 55.5%-61.6%) for alirocumab, 53.8% (95% CI, 50.7%-56.9%) for evolocumab, and 36.7% (95% CI, 33.8%-39.7%) for inclisiran.<h4>Conclusions and relevance</h4>This theoretical framework suggests that alirocumab and evolocumab were cost-effective for preventing recurrent stroke in patients with severe intracranial atherosclerosis, with all agents cost-effective under current cost-sharing programs offered by commercial and Medicare plans.",0,
42053330,10.1111/jep.70456,A Remote Chronic Disease Management Program to Improve Cardiovascular and Metabolic Outcomes in a Diverse Community-Based Diabetic Population: Study Design of the TAMIS Trial.,2026,"Barros RC, Stephanus A, Filho JAB, Mariana E, Botelho Y, Severino TMM, Silva RC, Almeida LJ, Koeche C, Gedeon B, Oliveira MGS, Augusto AC, Ferraz C, Enzo F, Lima G, Ibiapina JA, Pinto G, Ramalho SHR, Nogueira ACC, Sposito AC, Campos-Staffico AM, Soares AASM, Carvalho LSF.",,"<h4>Introduction</h4>Cardiovascular and cerebrovascular diseases are projected to expand in the coming decades as the main cause of death. This study outlines the escalating burden of cardiovascular diseases in low- and middle-income countries (LMICs), particularly in Latin America (LA), which is expected to surpass that of other high-population regions. Despite advances in prevention strategies, adherence to therapeutic goals remains a global challenge, especially in LMICs where control rates are notably low for conditions such as hypertension, type 2 diabetes mellitus (DM2), and dyslipidemia. Emerging evidence from LMICs supports the feasibility and effectiveness of telehealth interventions for cardiometabolic disease management in primary care.<h4>Aims</h4>To address these challenges, a remote chronic disease management program has been developed to optimize risk factor control through standardized medical protocols and task automation.<h4>Methods</h4>This is an open-label randomized and decentralized clinical trial describing the design and methodology of the TAMIS program, which will assess its impact on community-dwelling diabetic subjects with uncontrolled HBA1c and uncontrolled LDL-C and/or blood pressure. Individuals will be randomized to usual care or remote care and followed for 84 weeks. Remote monitoring offers a practical response to the limited capacity of LMIC health systems to ensure sustained follow-up and continuity of care for chronic conditions. The primary endpoint is a win-ratio of hierarchical events, including all-cause deaths and the frequency of all-cause hospitalizations. The secondary endpoints include control of HbA1c, LDL-C and blood pressure according to clinical guidelines, as well as patient-reported outcomes and clinical parameters, including blood pressure, glycemic control, and LDL cholesterol levels. Subgroup analyses will explore the impact of demographics and clinical characteristics on treatment outcomes. Overall, the study aims to improve health care delivery, enhance patient education, and foster collaboration between patients and health care providers to mitigate the growing burden of cardiovascular diseases in LMICs.",0,
41694036,10.4330/wjc.v18.i2.114960,Residual risk in atherosclerotic cardiovascular disease after statin therapy: Clinical mechanisms and management strategies.,2026,"Tan SH, Wu JL, Zhuo SX, Zhang Y, Wang M.",,"Atherosclerotic is one of the leading causes of death worldwide. Although lowering low-density lipoprotein cholesterol (LDL-C) levels reduces cardiovascular risk, studies have shown that even when LDL-C is well controlled, patients may still develop atherosclerotic cardiovascular disease, a phenomenon known as residual risk. This review synthesizes current research on the definition, pathogenesis, and therapeutic strategies of residual risk, aiming to provide a theoretical basis for future advances in its diagnosis and management. Evidence derived exclusively from human clinical trials, cohort studies, and meta-analyses is summarized, excluding data from animal or <i>in vitro</i> experiments to maintain clinical relevance. We focus on lipid and inflammatory biomarkers beyond LDL-C, including non-high-density lipoprotein (HDL) cholesterol, apolipoprotein B, lipoprotein(a), triglycerides, triglyceride-rich lipoproteins, HDL dysfunction, and systemic inflammatory markers. Therapeutic interventions encompassing lifestyle modification, lipid-lowering agents, anti-inflammatory therapies, and novel gene-silencing approaches are reviewed. Evidence indicates that in patients receiving statin therapy, non-HDL-cholesterol and apolipoprotein B provide superior assessment of residual risk compared with LDL-C. Lipoprotein(a) remains predictive of cardiovascular events even when LDL-C levels are well controlled, while elevated triglycerides and triglyceride-rich lipoproteins consistently associate with higher cardiovascular risk. Inflammatory biomarkers such as high-sensitivity C-reactive protein and interleukin-6 serve as indicators of residual inflammatory risk. Persistent residual risk despite LDL-C control underscores the need for integrated, multi-target strategies to achieve comprehensive cardiovascular protection.",0,
42026133,10.1038/s44325-026-00121-w,"Cost-effectiveness of statins, berberine, and combination for primary cardiovascular disease prevention in Scotland.",2026,"Xia Y, Leung K, Zhao JV.",,"We aim to estimate and compare the cost-effectiveness of statins, berberine, and their combined use for primary cardiovascular disease (CVD) prevention. The Scottish CVD Policy Model was used to predict long-term health and cost outcomes in Scottish adults aged 40 years or older without pre-existing CVD. Intervention and cost inputs were sourced from published literature and health service cost data. The primary outcome measure was the lifetime incremental cost-effectiveness ratio (ICER), evaluated as cost per quality-adjusted life year (QALY) gained. Five strategies were analyzed for individuals with ASSIGN risk scores ≥20% and ≥10%: no intervention, atorvastatin 20 mg/day, berberine 1000 mg/day, simvastatin 20 mg plus berberine 1500 mg/day, and simvastatin 20 mg plus berberine 900 mg/day. All intervention strategies were cost-effective, compared to no intervention, at the threshold of ICER of £20,000 per QALY. Compared to statins, berberine was less cost-effective, but the combined interventions remained cost-effective. Notably, when using drug costs from China (reflecting lower berberine prices), berberine and the combined interventions were preferable to statins alone. Statins, berberine, and combined interventions are all cost-effective options for primary CVD prevention. Berberine could be considered a valuable alternative or complementary therapy, particularly if its price decreases below that of statins.",0,
41379822,10.1371/journal.pone.0338575,Safety outcomes of statin vs non-statin lipid-lowering interventions in patients with prior statin-associated muscle symptoms: A systematic review and meta-analysis.,2025,"Aebi PS, Villoz F, Bührer J, Lyko C, Abolhassani N, Del Giovane C, Gencer B, Rodondi N, Blum MR.",,"<h4>Background</h4>Statin-associated muscle symptoms (SAMS) are an obstacle in the prevention of cardiovascular events. A systematic assessment of the evidence of interventions in the setting of SAMS is lacking.<h4>Objective</h4>To assess the evidence of strategies of statin-based vs non-statin based therapies in patients with a history of SAMS.<h4>Methods</h4>MEDLINE, EMBASE, Cochrane Central Register of Controlled Clinical Trials, Scopus, Clinicaltrials.gov and Proquest databases were searched from inception up to February 2024.We included randomized controlled trials (RCTs) and non-randomized studies involving patients with history of prior SAMS, comparing statin-based therapy to a comparator. We followed the PRISMA guideline with multiple authors involved at each stage. A random-effect model was used in the meta-analysis. We defined the primary outcome as incidence of muscle symptoms. The secondary outcomes were proportion of statin discontinuation of statin-based therapy within patients with history of SAMS. The protocol was registered on PROSPERO (CRD42020202619).<h4>Results</h4>In 23 studies (13 RCTs, 2 prospective and 8 retrospective studies) there were in total 1868 participants in RCTs and 47'628 participants in non-RCTs (follow-up 12 weeks - 31 months). Our confidence in the body of evidence using GRADE was moderate for the primary outcome and low-moderate for the secondary outcome. In RCTs among patients with history of SAMS, there was high heterogeneity in the statin regimens and controls (placebo/non-daily dosing/ezetimibe/PCSK9 inhibitors). In RCTs, the meta-analysis showed no difference between statin-based and control groups in the incidence of muscle symptoms (OR 1.19, 95%CI 0.86-1.64, I2: 46.3%)). Therapy discontinuation due to muscle symptoms in RCTs was higher in the statin-based than the comparator groups (OR 1.48, 95%CI 1.03-2.12, I2 = 17.6%).<h4>Conclusion</h4>Our findings suggest that patients with a history of SAMS can be re-challenged with statins. More high-quality evidence is needed to strengthen guidelines regarding the management of SAMS.",0,
41445860,10.3389/fcvm.2025.1664802,Preventing premature cardiovascular mortality: the role of lifestyle interventions and pharmacotherapy-a narrative review.,2025,"Haber M, Nasr MS, Al Etri H, Nasr S.",,"Cardiovascular diseases (CVD), including coronary heart disease, cerebrovascular disease, and peripheral artery diseases, are the leading global cause of premature mortality in adults. Addressing CVD aligns with the United Nations Sustainable Development Goals aiming to reduce premature deaths by one-third by 2030 through lifestyle and pharmacological interventions. Major risk factors for CVD are categorized into lifestyle and genetic factors. Lifestyle factors such as elevated cholesterol, hypertension, high body mass index, smoking, poor dietary habits, and physical inactivity significantly increase CVD mortality. Conversely, genetic predisposition strongly influences individual risk, often amplified by unhealthy behaviors. Primary prevention strategies, including adherence to Dietary Approaches to Stop Hypertension (DASH) and Mediterranean Diet (MD), regular physical activity, and smoking cessation, have demonstrated effectiveness in reducing CVD incidence and mortality. Secondary prevention emphasizes pharmacological interventions, specifically aspirin and statin therapies, non-statin agents, antihypertensive, all of which significantly decrease recurrent cardiovascular events among high-risk individuals. Although cardiovascular screening practices remain debated, targeted screening informed by precision medicine approaches and artificial intelligence shows promise in stratifying risk effectively. This review synthesizes evidence on these preventive strategies, underscoring their integrated role in reducing premature CVD-related mortality, while recognizing the need for further implementation research to optimize preventive healthcare outcomes.",0,
41727852,10.1016/j.neuros.2026.100020,Stroke minimization through additive anti-atherosclerotic agents in routine treatment (SMAART) II: Rationale for a multi-country polypill phase 3 trial in sub-Saharan Africa.,2026,"Sarfo FS, Wahab K, Matuja SS, Adebayo PB, Adoukonou T, Tagge R, Ovbiagele B.",,"<h4>Rationale</h4>Global estimates suggest that sub-Saharan Africa (SSA) now has the highest incidence, prevalence, and worst survival outcomes of stroke. Fixed-dose combination pills, also known as ""polypills"", containing generic drugs: Aspirin, a statin, and blood pressure (BP) lowering medications may be a viable low-cost avenue to broadly improve medication adherence and consequently reduce further disability or death on a large scale among stroke survivors in SSA.<h4>Objectives</h4>The Stroke Minimization through Additive Anti-atherosclerotic agents in Routine Treatment II <i>(</i>SMAART-II<i>)</i> study seeks to deploy a hybrid study design to <i>1)</i> demonstrate the efficacy of a polypill (Polycap <sup>®</sup>) containing fixed doses of antihypertensives, a statin, and antiplatelet therapy taken as <i>two capsules</i>, once daily orally in reducing composite vascular risk over 24 months vs. usual care among 1000 recent ischemic stroke patients encountered at primary and tertiary hospitals in Benin, Nigeria and Tanzania; <i>2)</i> develop an implementation strategy for routine integration and policy adoption of polypill for post-stroke cardiovascular risk reduction in an under-resourced system burdened by suboptimal care and outcomes.<h4>Expected impact</h4>SMAART II will establish the definitive efficacy and safety of the polypill to improve meaningful post-stroke global risk factor control across several sites, across diverse healthcare settings, beyond tertiary level care, and over a longer period. In addition to assessing clinical outcomes, SMAART II will assess implementation outcomes such as adoption, acceptability, cost, pertinent to uptake of the polypill strategy in the three proposed African countries to inform policy.<h4>Trial registration</h4>NCT05963568.",0,
41962123,10.2196/85057,Large Language Model-Based Analysis of Statin Therapy Discussions and Sentiment on Social Media: Cross-Sectional Observational Study.,2026,"Liu S, Liu J.",,"<h4>Background</h4>Statin therapy, despite proven cardiovascular benefits, remains underused. Social media platforms may capture patient perspectives that are less visible in clinical encounters.<h4>Objective</h4>This study aimed to characterize themes, sentiment, and decision-making factors related to statin therapy through large language model (LLM)-based analysis of Reddit discussions.<h4>Methods</h4>This cross-sectional observational study analyzed English-language Reddit posts and comments mentioning statins from January 2022 to May 2025, identified via keyword-based Reddit application programming interface searches (≤1000 posts per keyword). A total of 5328 retrieved discussions (n=1661, 31.2% posts and n=3667, 68.8% keyword-containing comments) from public subreddits were included. Themes, sentiments (positive, neutral, or negative), guideline-informed clinical relevance, information-seeking behavior, adverse effect mentions, decision factors, and adherence-related content were extracted using an LLM-based pipeline.<h4>Results</h4>Among 5328 discussions, prominent topics included adverse effects (n=1697, 31.9%), decision-making references related to laboratory results and physician advice (n=2767, 51.9% and n=2034, 38.2%, respectively), and alternative approaches (n=2485, 46.6%). Overall sentiment was neutral in 34% (n=1812) of discussions, negative in 30.9% (n=1646), and positive in 16.9% (n=900); the remainder were mixed or unclear. Statin-directed sentiment was neutral in 44.1% (n=2350) of discussions, negative in 25.2% (n=1343), and positive in 12.5% (n=666); the remainder did not express statin-directed sentiment. High clinical relevance was identified in 12.6% (n=672) of discussions. Adherence-related issues were mentioned in 29.8% (n=1587) of discussions. Among adverse effect mentions, muscle pain (n=129, 7.6%) and fatigue (n=110, 6.5%) were common.<h4>Conclusions</h4>LLM-enabled analysis of Reddit discourse highlights substantial negative sentiment, adherence-related concerns, and adverse effect narratives surrounding statin therapy. These findings suggest opportunities for patient-centered communication and shared decision-making strategies that address symptom attribution, uncertainty, and information needs in digital information environments.",0,
41676432,10.5114/aoms/216960,2025: The year in cardiovascular disease - the year of triglyceride lowering therapies. Can we effectively reduce triglyceride-related residual cardiovascular disease and pancreatitis risk?,2025,"Toth PP, Banach M, International Lipid Expert Panel (ILEP).",,"This state-of-the-art review surveys the rapidly advancing field of triglyceride-lowering therapies as of 2025, positioning hypertriglyceridemia (HTG) as both a residual driver of atherosclerotic cardiovascular disease (ASCVD) and a key precipitant of acute pancreatitis. After outlining the pathophysiological role of elevated triglycerides - via remnant lipoproteins, inflammation and endothelial dysfunction, often within the lipid triad of low high-density lipoprotein-cholesterol (HDL-C) and small, dense low-density lipoprotein (LDL) - we evaluate established and emerging pharmacologic options. Fenofibrate, a PPAR-α activator, remains a cornerstone for mixed dyslipidemia, improving micro- and macrovascular outcomes in diabetes. Purified eicosapentaenoic acid (icosapent ethyl) is highlighted for its robust reduction of major adverse cardiovascular events despite neutral triglyceride thresholds, albeit with a modest increase in atrial fibrillation risk. Novel agents targeting apolipoprotein C-III (volanesorsen, olezarsen, plozasiran) achieve profound triglyceride declines and substantially mitigate pancreatitis in familial chylomicronemia syndrome (FCS), while angiopoietin-like 3 (ANGPTL3) inhibitors and fibroblast growth factor 21 (FGF21) agonists demonstrate early promise in broad atherogenic-lipid reduction and metabolic modulation. The paper emphasizes the importance of genetic testing to differentiate FCS from multifactorial chylomicronemia syndrome, guiding personalized therapy. Current guidelines endorse icosapent ethyl and fenofibrate for high-risk HTG, with apoC-III inhibitors poised to become first-line for FCS as access improves. Ongoing trials of ANGPTL3 inhibitors, FGF21 agonists and gene-editing approaches may soon redefine lifelong lipid management.",0,
41065253,10.1161/jaha.125.044134,Challenges in the Choice of Nonstatin Medications for Low-Density Lipoprotein-C Lowering for Cardiovascular Risk Reduction.,2025,"Myerson M, Warden BA, Saseen JJ, Paparodis R.",,"Atherosclerotic cardiovascular diseases continue to be a leading cause of death globally. Although statin medications remain the cornerstone of treatment for lowering low-density lipoprotein cholesterol and reducing cardiovascular risk, there is a proportion of patients in whom treatment with statins may not achieve the guideline recommended low-density lipoprotein cholesterol targets despite using maximally tolerated doses, or for various reasons, patients are unable or unwilling to intensify or continue statins. In these instances, use of nonstatin medications like ezetimibe, bempedoic acid, or PCSK9 (proprotein convertase subtilisin/kexin type 9) inhibitors (alirocumab, evolocumab, inclisiran) in addition to maximally tolerated statin therapy can lead to additional lowering of low-density lipoprotein cholesterol and beneficial reductions in cardiovascular events. This review provides an overview of the evidence supporting the use of nonstatin low-density lipoprotein cholesterol lowering medications for cardiovascular risk reduction and practical considerations for the use of these agents.",0,
42223325,10.1002/clc.70363,Evaluation of Polygenic Scores and CT Imaging in Risk Factor Modification in Patients With Diabetes: Rationale and Design of the VOLTAIRE Study.,2026,"Chen R, Nelson AJ, Zoungas S, Clark RA, Tan S, Davis EF, Southey MC, Sacca D, Lin A, Giovanni GD, Fujino M, Micheli T, Nicholls SJ.",,"<h4>Background</h4>The contemporary management of type 2 diabetes (T2D) involves a multifaceted model of care integrating intensive management of lipids, blood pressure, and glucose, along with lifestyle modifications. Despite these efforts, cardiovascular disease (CVD) remains a leading cause of morbidity and mortality among patients with T2D, largely due to suboptimal adherence to preventive strategies. The VOLTAIRE trial aims to assess the impact of providing personalized cardiovascular risk information derived from computed tomography coronary angiography (CTCA) and a polygenic risk score (PRS) on cardiovascular risk factor modification.<h4>Objectives</h4>VOLTAIRE evaluates whether integrating CTCA and PRS into risk counseling enhances adherence to lifestyle and pharmacological interventions, ultimately improving cardiovascular outcomes among patients with T2D.<h4>Methods</h4>VOLTAIRE is a prospective three-arm, parallel-group, randomized controlled trial enrolling participants aged 40 years or older with T2D and no established atherosclerotic CVD. Participants are randomized 1:1:1 to receive: (1) risk factor counseling plus CTCA result, (2) risk factor counseling plus PRS result, or (3) standard risk factor counseling (control). Nurse-led motivational interviewing is used for risk counseling. The primary outcome is change in non-calcified plaque volume measured by serial CTCA at 12 months. Secondary outcomes include low-density lipoprotein cholesterol levels, adherence to medication, patient engagement, CVD knowledge improvements, and psychological outcomes over 12 months. Enrollment began in August 2023.<h4>Discussion</h4>VOLTAIRE seeks to determine if coupling nurse-led risk factor counseling with personalized CTCA or PRS information improves cardiovascular outcomes, adherence, and participant engagement in T2D management.",0,
40974959,10.1016/j.jacadv.2025.102149,Effects of Eicosapentaenoic Acid vs Eicosapentaenoic/Docosahexaenoic Acids on Cardiovascular Mortality: Meta-Analysis of Clinical Trials.,2025,"Sheppard JP, Palatnic L, Lakshmanan S, Drago T, Bhogal J, Roy SK, Bhatt DL, Budoff MJ, Nelson JR.",,"<h4>Background</h4>Purified eicosapentaenoic acid (EPA) and mixed eicosapentaenoic/docosahexaenoic acids (EPA/DHA) are omega-3 polyunsaturated fatty acids (n-3 PUFAs) of interest for preventing cardiovascular disease (CVD) as adjunct to statins. Randomized clinical trial (RCT) evidence continues to emerge, including data from the RESPECT-EPA (Randomized Trial for Evaluation in Secondary Prevention Efficacy of Combination Therapy-Statin and Eicosapentaenoic Acid) trial, but n-3 PUFAs' roles in prevention remains controversial.<h4>Objectives</h4>The objective of the study was to assess the efficacy of EPA vs EPA/DHA compared to the standard preventive therapy across published RCTs investigating the use of n-3 PUFAs for primary or secondary prevention of CVD.<h4>Methods</h4>Following a prespecified protocol registered in the PROSPERO database (CRD42023390587), we identified RCTs reporting CVD-attributable mortality in patients randomized to EPA, EPA/DHA, or a standard preventive therapy for primary or secondary CVD prevention. We used random effects meta-analysis to estimate pooled HRs of CVD-attributable mortality achieved with EPA or EPA/DHA relative to the standard preventive therapy.<h4>Results</h4>Sixteen RCTs met the inclusion criteria, representing 127,771 patients in total (41% women, mean age 64 ± 5 years). Median follow-up was 3.7 years (IQR: 2.7-5.0 years). Compared to the standard preventive therapy, CVD-attributable mortality was significantly reduced with purified EPA (HR: 0.79 [95% CI: 0.67-0.94]; P = 0.006); this effect was less for EPA/DHA (HR: 0.92 [95% CI: 0.84-1.00]; P = 0.044).<h4>Conclusions</h4>EPA lowered incident CVD-attributable mortality in RCTs investigating its use for primary or secondary CVD prevention. Relative to EPA, benefits reported with EPA/DHA were attenuated. Although more work is needed to understand these differences, EPA should preferentially be used in cardiovascular conditions for which it is indicated.",1,
42079903,10.1016/j.xjon.2026.101684,Clinical effect of proprotein convertase subtilisin/kexin type 9 inhibition in patients undergoing coronary artery bypass surgery.,2026,"Nasso G, Marchese A, Santarpino G, Vignaroli W, Calabrese V, Taverna G, Larosa C, Bartolomucci F, Fiore F, Brigiani MS, Contegiacomo G, Greco E, Speziale G.",,"<h4>Objectives</h4>To evaluate whether adding evolocumab to statin plus ezetimibe in patients undergoing coronary artery bypass grafting improves lipid control and reduces clinical events.<h4>Methods</h4>This retrospective study included 254 patients with dyslipidemia undergoing coronary artery bypass grafting. Of these, 111 received statin + ezetimibe plus evolocumab, whereas 143 received only statin + ezetimibe. The 2 groups were compared for lipid levels and cardiovascular outcomes. Cox regression analysis identified significant predictors of events, including treatment group, hypertension, European System for Cardiac Operative Risk Evaluation II, and previous stroke.<h4>Results</h4>Mean follow-up was 70 ± 20 months in the evolocumab group and 48 ± 18 months in the control group, with a minimum follow-up of 24 months for all enrolled patients. Evolocumab treatment showed a protective effect on composite hard major cardiovascular events (primary end point): cardiovascular death, myocardial infarction, cerebrovascular events, and repeat coronary revascularization (percutaneous coronary intervention/coronary artery bypass grafting) with a hazard ratio of 0.29 (95% CI, 0.10-0.86, <i>P</i> = .026) in the time-to-first-event analysis administratively censored at 24 months. Recurrent angina, a secondary end point, did not significantly differ between groups. Cholesterol levels decreased more rapidly in the evolocumab group, with a mean total cholesterol reduction of 27 mg/dL (<i>P</i> < .01), low-density lipoprotein by 30 mg/dL (<i>P</i> < .001), triglycerides by 18.77 mg/dL (<i>P</i> < .001), and a high-density lipoprotein increase of 2.7 mg/dL (<i>P</i> < .001), compared to the control group.<h4>Conclusions</h4>Evolocumab added early to standard therapy after coronary artery bypass grafting achieved greater lipid lowering and was associated with fewer hard cardiovascular events during midterm follow-up.",0,
41881263,10.1016/j.jlr.2026.101024,"Fenofibrate plus statin and ASCVD risk by triglyceride-rich lipoprotein cholesterol in 70,000 patients.",2026,"Jang Y, Kim BJ, Jeong YW, Kang DR, Koh KK, Nordestgaard BG, Han SH.",,"Fenofibrate may offer cardiovascular benefit in statin-treated individuals with elevated triglyceride-rich lipoprotein cholesterol (TRL-C), a measure reflecting cholesterol carried in triglyceride-rich lipoproteins, yet its role remains uncertain. We investigated whether fenofibrate added to statin therapy is associated with lower risk of atherosclerotic cardiovascular disease (ASCVD), particularly in individuals with high TRL-C. We analyzed 67,662 statin-treated adults without baseline ASCVD from the Korean National Health Insurance Service cohort. Participants were stratified by median TRL-C (26 mg/dl), and propensity score matching was performed for fenofibrate users and non-users within each stratum. The primary outcome was incident ASCVD, defined as a composite of coronary artery disease, ischemic stroke, and cardiovascular death. Over a mean follow-up of 87 months, fenofibrate use was associated with lower ASCVD risk in individuals with TRL-C ≥ median (adjusted hazard ratio [HR<sub>adj</sub>] 0.76; 95% confidence interval [CI] 0.59-0.99) but not in those with TRL-C < median after matching. The association remained consistent in multiple sensitivity analyses and was most pronounced in individuals with the highest TRL-C quartile (P<sub>interaction</sub> = 0.04). A significant benefit was also observed in individuals with non-high-density lipoprotein cholesterol (Non-HDL-C) ≥140 mg/dl, with HR<sub>adj</sub> of 0.68 (95% CI 0.49-0.94) for non-HDL-C 140-172 mg/dl and 0.68 (95% CI 0.46-0.99) for non-HDL-C 172-199 mg/dl. In this nationwide cohort, fenofibrate use was associated with 24% lower ASCVD risk with elevated TRL-C despite statin therapy. These findings suggest that TRL-C may help identify individuals who derive greater benefit from fenofibrate therapy.",0,
41425535,10.5334/gh.1506,Global Guidance for Dyslipidaemia Management in Adults: A Scoping Review.,2025,"Moran AE, Krishna A, Mbuagbaw L, Aboyibor KM, Santos RJ.",,"<h4>Objective</h4>Dyslipidaemia is a leading preventable cause of global cardiovascular disease (CVD) burden, responsible for over four million deaths each year (1). A scoping review took a worldwide perspective and assessed recent World Health Organization (WHO) guidance documents, other national or regional guidelines, and randomized controlled trial evidence supporting dyslipidaemia management best practices.<h4>Methods</h4>Review of WHO guidance documents included aspects of dyslipidaemia management, but none provided a detailed and comprehensive approach. Of 11 non-WHO national or regional dyslipidaemia guidelines, nine met pre-defined inclusion criteria and were reviewed in depth. Structured electronic searches of MEDLINE found 27 systematic reviews of randomized clinical trials supporting dyslipidaemia management guideline priority topics.<h4>Findings</h4>This scoping review found overall consistency in the recommendations of regional and national dyslipidaemia guideline recommendations. Guidelines varied in terms of approach to assessing patient CVD risk and recommendations to treat with non-statin lipid-lowering therapy (LLT). Robust randomized trial evidence supports that a dyslipidaemia management guideline focuses on priority areas including approach to patient selection for LLT efficacy and safety, selection of initial LLT drugs and dose intensity, timing of LLT monitoring, and LLT management in specific high-risk groups (familial hypercholesterolemia, diabetes, chronic kidney disease, HIV and other inflammatory diseases, and older adults). Few regional or national guidelines provided practical implementation recommendations or cost-effectiveness assessments; less clinical trial evidence was found for the priority topic of equitable treatment.<h4>Conclusion</h4>Taking a global perspective, this scoping review describes the scope and depth of the current evidence base informing best practice management of dyslipidaemia for the primary and secondary prevention of CVD.",0,
42195378,10.3390/life16050823,Microbiome-Associated Drug Response Variability in Heart Failure Treatment.,2026,"Rab A, Magdás A, Frigy A.",,"Gut microbiome composition influences cardiovascular drug efficacy and safety, yet its integration into heart failure (HF) management remains underexplored. Alterations in intestinal microbial communities have been linked to atherosclerosis, coronary artery disease, heart failure, and hypertension through multiple mechanisms. Dysbiosis disrupts the balance between commensal and pathogenic bacterial species, impairing gut barrier function and activating inflammatory pathways. The altered microbial ecosystem modulates the production of key metabolites-such as trimethylamine-N-oxide (TMAO), short-chain fatty acids (SCFAs), and secondary bile acids (BAs)-that directly impact cardiovascular function. This narrative review synthesizes current evidence on bidirectional interaction between heart failure pharmacotherapy and gut microbiome composition. Commonly used drugs in heart failure management show microbiome-dependent pharmacokinetics. Digoxin undergoes bacterial inactivation by <i>Eggerthella lenta</i>, while angiotensin converting enzyme inhibitors and beta-blockers demonstrate enhanced efficacy with specific <i>Firmicutes</i> populations. Conversely, certain probiotic strains attenuate drug-induced gut barrier injury and restore gut homeostasis. Sodium-glucose cotransporter 2 inhibitors (SGLT2i), mineralocorticoid receptor antagonists, and angiotensin receptor-neprilysin inhibitors exhibit beneficial microbiome-modulating effects beyond their primary cardiovascular actions. These findings underscore the potential for microbiome-informed precision medicine in heart failure. However, significant methodological challenges must be addressed, including lack of standardization in microbiome profiling, small sample sizes, and limited longitudinal data. Future research should focus on identifying specific microbial signatures that predict drug response, developing targeted probiotic interventions, and conducting prospective clinical trials to validate pharmacomicrobiomics approaches in heart failure management.",0,
41605591,10.1136/bmjopen-2025-108123,Interruptive versus Non-Interruptive Reminders for Statin tHerApy in Primary Care (INIRSHA-PC): protocol and statistical analysis plan for a randomised clinical trial.,2026,"Wright AP, Choi L, Nairon KG, Gatto CL, Dear ML, Van Winkle G, Lagalante S, Neal EB, Wright A, Rice TW, Vanderbilt Center for Learning Healthcare.",,"<h4>Introduction</h4>Statins are a cornerstone of cardiovascular disease prevention yet remain underused among eligible patients. Clinical decision support systems embedded in electronic health records (EHRs) are commonly used to encourage guideline-concordant prescribing. Interruptive reminders (eg, pop-ups) may be effective but interfere with clinical workflows and contribute to alert fatigue. Non-interruptive alerts are less intrusive, but their effectiveness remains unclear. The Interruptive versus Non-Interruptive Reminders for Statin tHerApy in Primary Care (INIRSHA-PC) trial is designed to evaluate the comparative effectiveness of interruptive and non-interruptive reminders on statin-prescribing rates.<h4>Methods and analysis</h4>INIRSHA-PC is a single-centre, pragmatic, three-arm, parallel-group randomised controlled trial embedded in the EHR at Vanderbilt University Medical Center. The trial will enrol adults aged 18-74 seen in primary care who are eligible for, but not currently prescribed, statin therapy. The planned sample size is 3000 patients (1000 per arm). Enrolled patients will be randomised 1:1:1 to (1) interruptive reminder, (2) non-interruptive reminder or (3) no reminder (usual care). The primary outcome is statin prescription within 24 hours of enrolment. Secondary outcomes are statin prescribing within 12 months and low-density lipoprotein cholesterol levels measured between 30 days and 12 months after enrolment. Enrolment began on 14 August 2024. The study is expected to be completed on 19 November 2025.<h4>Ethics and dissemination</h4>The trial has been approved by the Vanderbilt University Medical Center Institutional Review Board with waiver of patient informed consent (IRB number: 240419). Results will be disseminated through peer-reviewed publication and presentation at scientific conferences.<h4>Trial registration number</h4>NCT06456658.",0,
42211141,10.12997/jla.2026.15.2.216,"Statins, LDL-C and Beyond: A Contemporary Review of Atherosclerotic Cardiovascular Risk Assessment and Management.",2026,"Fancher A, Lopez-Candales A, Sawalha K.",,"Cardiovascular disease has been the leading cause of death in the United States since 1921 and remains a substantial cause of morbidity and mortality worldwide. Since the discovery of statins, significant improvements in outcomes have been achieved as these drugs have direct atherogenic lipid lowering properties as well as pleiotropic effects on atherosclerotic cardiovascular disease (ASCVD). In recent years, the American Heart Association and the American College of Cardiology published a 10-year ASCVD event risk calculator to standardized risk assessment and guide statin therapy. Over the last quarter century statins have become a cornerstone of primary and secondary ASCVD management. Our review explores the evolution of statin therapy from early groundbreaking trials to shaping current ASCVD guidelines. We investigate the mechanism of action of statins, their lesser-known side effects, and their impact on other lipid particles, coronary artery calcium scoring, and C-reactive protein levels. We examine how the current understanding of ASCVD risk factors and risk enhancers provides new insights to guide indeterminate treatment decisions in individuals with intermediate ASCVD risk profiles. Additionally, we explore the evolving landscape of ASCVD therapy as new targets like proprotein convertase subtilisin/kexin 9, Lp(a), and specific inflammatory markers have garnered interest. Our comprehensive review provides an in-depth discussion of statins and novel therapies in their clinical applications for healthcare providers in the management of ASCVD.",0,
41143728,10.1093/ehjcvp/pvaf076,Management of dyslipidaemia in patients with comorbidities: facing the challenge: type 2 diabetes mellitus.,2025,"Drexel H, Festa A, Schmidt TA, Rocca B, Dobrev D, Agewall S, Tamargo J, Kaser S.",,"Type 2 diabetes mellitus typically has the lipid features of elevated trigycerides, reduced HDL-cholesterol (both parts of the metabolic syndrome) and average or slightly elevated LDL-cholesterol. In consequence of hypertriglyceridemia, LDL particles are small and dense and therefore highly atherogenic. Outcome studies reveal that LDL-C lowering drugs have an above-average efficacy in type 2 diabetes as compared with non-diabetic patients. A minor increase of glycaemia in statin trials does not impair the beneficial cardiovascular results. Non-statin lipid lowering drugs do not impair glycaemia. Type 2 diabetes mellitus is now considered a major indication for lipid lowering drugs, thus there is a high value of and no major limitation for those compounds.",1,
41783026,10.3389/fcvm.2026.1769430,The lipid lowering efficacy of PCSK9 inhibitors alone vs. statins alone: a meta-analysis.,2026,"Kyan K, Gornbein J, Saver J.",,"<h4>Background</h4>PCSK9 inhibitors (PCSK9is) have been developed as an add-on therapy to maximally tolerated statin therapy. To date, high prices have precluded their use as first-line agents but, in the near future, PCSK9is will go off patent protection, reducing cost barriers and making them first-line agent candidates before statins. This study's objective was to evaluate the lipid lowering efficacy of PCSK9i monotherapy compared with high intensity statin monotherapy as a first line agent.<h4>Methods</h4>This meta-analysis adhered to PRISMA guidelines. A systematic literature review identified all RCTs of: 1) PCSK9i vs. control in which data were available on a patient subgroup receiving PCSK9i monotherapy (predominantly due to total statin intolerance); and 2) high-intensity statins vs. control, with high-intensity statins defined as atorvastatin 40 or 80 mg daily or rosuvastatin 20 or 40 mg daily. The primary outcome was mean percent change in serum low density lipoprotein cholesterol (LDL-C). Secondary outcomes evaluated high density lipoprotein cholesterol (HDL-C), total cholesterol (TC), triglycerides (TG), and apolipoprotein B (ApoB).<h4>Results</h4>Five trials (766 patients) were identified for PCSK9is and 49 trials (19,603 patients) for statins. The mean age (±SD) was 57.5 ± 5.1 years in PCSK9i trials and 60.2 ± 2.3 years in statin trials, with a higher proportion of women enrolled in the PCSK9i group (54.3% vs. 39.9%). Compared to all high-intensity statin regimens combined, PCSK9is showed significantly greater reductions in LDL-C (-52.4% vs. -46.6%, <i>p</i> = 0.03), ApoB (-43.3% vs. -32.8%, <i>p</i> = 0.004), and increases in HDL-C (8.0% vs. 4.4%, <i>p</i> = 0.02). Statin agent subgroup analysis found PCSK9is were superior to atorvastatin and comparable to rosuvastatin in increasing HDL-C and reducing LDL-C, ApoB, and TC, and inferior to atorvastatin and rosuvastatin in reducing TG.<h4>Conclusions</h4>PCSK9i monotherapy is superior to atorvastatin and comparable to rosuvastatin in improving LDL-C, HDL-C, TC, and ApoB, though inferior in reducing TG. These findings confirm that PCSK9is are currently highly useful second-line agents in patients with total statin intolerance and in the near future, after expiration of patent protection, will be useful first line agents for hyperlipidemia.",0,
41827096,10.3390/jcm15051678,Intracoronary Imaging for the Management of Vulnerable Plaques.,2026,"Animati FM, Montone RA, Fracassi F, Cappannoli L, Caffè A, Scarica V, Burzotta F.",,"Vulnerable coronary plaques are the primary substrate for acute coronary syndromes, representing a significant challenge in cardiovascular care. This review examines the pivotal role of intracoronary imaging, specifically intravascular ultrasound (IVUS) and optical coherence tomography (OCT), in the detection and management of these high-risk lesions. We detail the technical principles of these modalities and their unique capabilities in characterizing plaque morphology, from identifying thin-cap fibroatheromas (TCFA) to differentiating mechanisms of plaque rupture and erosion. The article further synthesizes evidence on how imaging-guided strategies-ranging from intensive medical therapy to emerging interventional approaches like preventive stenting-can stabilize vulnerable plaques and improve patient outcomes. Finally, we explore future directions, including the integration of artificial intelligence and hybrid imaging technologies, which promise to refine risk stratification and personalize the treatment of coronary artery disease.",0,
42210033,10.1111/jch.70296,A Randomized Trial to Investigate the Effects of Low-Dose Colchicine in Patients with Hypertension: Rationale and Design of the COlchicine and HypERtENsion Trial (COHERENT).,2026,"Langhoff AF, Johansen ND, Frimodt-Møller M, Sajadieh A, Schramm TK, Jepps TA, Biering-Sørensen T.",,"Hypertension is a prevalent and significant risk factor for cardiovascular disease (CVD). The immune system and inflammatory response are involved in the pathophysiology of hypertension. We hypothesize that treating hypertension with colchicine on top of standard therapy, will decrease pulse wave velocity (PWV), left ventricular mass, cardiac/inflammatory biomarkers. COHERENT was an investigator-initiated, single-center, prospective, randomized, double-blind, placebo-controlled study of the effects of colchicine in patients with hypertension. Potential participants were identified through nationwide health registries. Eligible patients were randomized 1:1 to colchicine 0.5 mg daily or placebo and treated for 6 months. Assessment of vascular function, echocardiography, and measurement of biomarkers were performed at baseline and at 6 months. The primary endpoint of the trial was change from baseline in carotid-femoral PWV at 6 months. Secondary endpoints included blood pressure, echocardiographic measurements, and cardiac/inflammatory biomarkers. We screened 183 potential participants, of whom 150 were randomized from August 2021 to July 2025. A total of 75 (50%) were assigned to receive colchicine. Participants had a mean age of 64.5 years (SD 8.0) and 53 (35%) were female, 82 (55%) were active or former smokers, mean systolic blood pressure was 140 mmHg (SD 16.5), mean diastolic pressure was 86 mmHg (10.5), and median high sensitivity C-reactive protein was 0.97 mg/L (IQR: 0.52-2.05). COHERENT is the first trial to investigate the effects of colchicine in patients with hypertension without other known CVD. The trial will provide important data on whether anti-inflammatory therapy should be considered for patients with hypertension. Clinical Trial registration: Clinicaltrials.gov: NCT04916522, registered June 3, 2021, https://clinicaltrials.gov/study/NCT04916522 Practical Applications COHERENT has the potential to determine whether colchicine can modulate pathological processes in hypertension, such as increased arterial stiffness and blood pressure. If the trial outcome is positive, it could impact therapy for millions of hypertensive patients. Since the socio-economic costs of therapy and care related to hypertension and heart disease are enormous, the results from the study may also be important at a broader societal level, given that colchicine is relatively inexpensive, already approved for treatment in patients following myocardial infarction, and widely considered safe to use with an acceptable low level of side effects when used in low doses. Furthermore, this study can help elucidate the pathophysiological pathways from early-stage cardiovascular disease - where only hypertension is present - and determine whether anti-inflammatory therapy such as colchicine can help prevent deleterious vascular function changes and potentially prevent progression to overt cardiovascular disease.",0,
42124773,10.7759/cureus.106817,Lipoprotein(a): Role in Cardiovascular Risk and Advances in Novel Therapeutics.,2026,"Murillo Sotela A, Orozco Loaiza G, Villalobos Villalobos P, Alfaro Guerra J.",,"Despite adequate primary and secondary prevention of cardiovascular events, significant residual risk remains. Part of this risk has been attributed to lipoprotein(a) (Lp{a}). This is a genetically determined lipoprotein that has been linked to cardiovascular disease. Its variability and pathogenicity are attributed to the unique apolipoprotein(a) (apo{a}) within the molecule. This protein has been related to proatherogenic, proinflammatory, prothrombotic, and procalcific mechanisms that favor cardiovascular disease (CVD). Although it is recognized as a causal factor in disease, there are currently no approved therapeutics targeting this lipoprotein. Current management focuses on aggressive control of traditional cardiovascular risk factors. Novel therapeutics targeting Lp(a), including small interfering ribonucleic acids (siRNAs) and antisense oligonucleotides (ASOs), showed promising results in phase 2 trials. Multiple therapeutics are currently undergoing phase 3 trials, promising to bring a solution to this unsolved issue.",0,
41601971,10.3389/fphar.2025.1704983,Probucol: revisiting as a multifaceted therapeutic agent in atherosclerosis.,2025,"Li S, Liu HH, Xu RX, Li JJ.",,"Atherosclerotic cardiovascular disease (ASCVD) is known to be driven by chronic inflammation and pro-atherogenic dyslipidemia and remains as one of the leading causes of mortality globally. Despite the success of current lipid-lowering therapies, a significant residual inflammatory risk persists, highlighting the need for treatments with broader mechanisms. Probucol is a lipid-modulating agent with uniquely potent antioxidant and anti-inflammatory properties that is re-emerging as a compelling multifunctional drug against atherosclerosis. This review critically examines the available evidence on probucol's impacts on ASCVD, with special focus on its integrated effects on the cholesterol-inflammation pathway. We examine the pleiotropic mechanisms of this drug, including the inhibition of low-density-lipoprotein oxidation and reverse cholesterol transport potentiation, as well as appraise the clinical data demonstrating its ability to regress atherosclerotic plaques and reduce cardiovascular events. While acknowledging the controversies that have limited the use of probucol, such as its high-density-lipoprotein cholesterol-lowering effect and risk of QT prolongation, we provide an updated and balanced perspective on its risk-benefit profile. By compiling existing knowledge from mechanistic and clinical studies, this review argues for a reappraisal of probucol's role and outlines future directions needed to establish its place in the modern management of atherosclerosis.",0,
41564730,10.1016/j.jacadv.2025.102517,Potential Eligibility and Estimated Preventable Cardiovascular Disease Events From Inclisiran Treatment in the United States.,2026,"Wong ND, Karthikeyan H, Fan W, Electricwala B.",,"<h4>Background</h4>Many patients do not reach recommended low-density lipoprotein cholesterol (LDL-C) levels on statins alone. Inclisiran is a small interfering RNA providing ∼50% further reduction in LDL-C.<h4>Objectives</h4>The authors estimated the number of U.S. adults eligible for inclisiran and the number of preventable atherosclerotic cardiovascular disease (ASCVD) events with inclisiran use.<h4>Methods</h4>Using a cross-sectional study of the National Health and Nutrition Examination Survey 2011 to 2020, the authors identified 3 cohorts: high-risk primary prevention (≥20% 10-year ASCVD risk or 7.5% to <20% with ≥2 risk-enhancing factors), diabetes, and secondary prevention. Included adults were ≥18 years with LDL-C ≥70 mg/dL (≥55 mg/dL if very high-risk for ASCVD events) despite statin therapy. The ASCVD Pooled Cohort Equation and SMART2 risk score were used to estimate ASCVD events in 10 years ""without inclisiran."" Preventable ASCVD events were calculated ""with inclisiran"" using inclisiran trial data to estimate LDL-C reduction and Cholesterol Treatment Trialists' data to estimate reductions in ASCVD events per mmol/L of LDL-C.<h4>Results</h4>Among the high-risk primary prevention, diabetes, and secondary prevention cohorts, the authors estimated 5.4 million, 6.5 million, and 8.0 million U.S. adults, respectively, to be eligible for inclisiran. Based on 34.5%, 29.0%, and 29.0% respective risk reductions, the authors estimated ∼448,600, ∼459,800, and ∼711,000 ASCVD events could be prevented over 10 years with inclisiran. Most preventable ASCVD events occurred among males and White patients.<h4>Conclusions</h4>Approximately 20 million U.S. adults with inadequately controlled LDL-C may be eligible for inclisiran, with the potential to prevent over 1.6 million ASCVD events over 10 years.",0,
41978754,10.21542/gcsp.2026.8,The long-term effectiveness and tolerability of PCSK9 inhibitors in a large cardiovascular tertiary centre: A retrospective cohort analysis.,2026,"Tawil M, Omar F, Senanayake S, Cowdry M, Banya W, Neves E, Browne C, Mattar W, Grocott-Mason R, Barbir M.",,"<b>Background:</b> Proprotein convertase subtilisin/kexin type 9 inhibitors (PCSK9i) are effective LDL-cholesterol-lowering agents used in patients with familial hypercholesterolaemia (FH) and/or very high cardiovascular risk on maximal lipid-lowering therapy. Real-world long-term outcome data from routine clinical practice is of great value but to date there has been scarce data published from within the United Kingdom. <b>Methods:</b> We performed a retrospective analysis of 364 patients treated with PCSK9 inhibitors in a single tertiary centre lipid clinic. Demographic, clinical, lipid and outcome data were extracted from a prospectively maintained database. Baseline was defined as the value immediately prior to PCSK9i initiation; ""current"" values represent the most recent measurement on therapy. Descriptive statistics are reported; no formal hypothesis testing was performed. <b>Results:</b> Mean age at initiation was 62.2 ± 14.8 years; 57% were male. FH was common: 43.6% had primary heterozygous FH and 3.2% had primary homozygous FH. A further 39.7% had non-FH high or very-high cardiovascular risk despite maximal lipid-lowering therapy. Hypertension was present in ∼38%, diabetes in ∼18%, and ∼22% were current or ex-smokers. At least 42% of patients had documented cardiovascular disease events. Baseline mean LDL-cholesterol was 5.61 ± 1.81 mmol/L (<i>n</i> ≈ 360). On treatment, mean LDL-cholesterol fell to 2.37 ± 1.55 mmol/L, corresponding to a mean absolute reduction of 3.26 mmol/L and a mean percentage reduction of 58.7 ± 20.5% (<i>n</i> = 352 with paired values). Total cholesterol decreased from 7.86 to 4.56 mmol/L on average. Median follow-up on PCSK9i was approximately 5 years (mean 5.0 ± 1.9 years). At latest follow-up, 304/364 patients (83.5%) remained on PCSK9i. Documented side-effects potentially attributable to PCSK9i occurred in 57 patients (15.7%), most commonly non-specific musculoskeletal symptoms or back pain; discontinuation for adverse events appeared infrequently in the dataset. Major adverse cardiovascular events (MACE) or cardiovascular procedures after PCSK9i initiation were not reliably recorded in in the dataset and therefore the only conclusions that can be made are with regards to lipid lowering effectiveness and tolerability. <b>Conclusions:</b> In this real-world tertiary lipid clinic cohort, PCSK9 inhibitors produced large, durable reductions in LDL-cholesterol of around 60% over a median of ∼5 years, with high treatment persistence and a minimal rate of largely non-serious reported side-effects. The observational design, incomplete event coding and lack of a control group limit inference regarding cardiovascular outcomes, but the lipid-lowering effectiveness is consistent with clinical trial data.",0,
41761642,10.1177/13872877261424220,Alzheimer's disease in patients prescribed statins: A real-world data analysis of U.S. patient health records.,2026,"Novak DA, Saleem N, Gerhardt PC, Maestas D, Kejriwal N, Vaezazizi E, Murray I, Al-Khoury L.",,"BackgroundEvidence from observational studies and randomized controlled trials (RCTs) remains discordant on the impact of statin therapy on long-term outcomes related to Alzheimer's disease. Observational studies find relatively large effect sizes; RCTs fail to demonstrate cognitive benefits. Methodological limitations in both approaches may explain the disconnect.ObjectiveTo bridge the gap between observational and RCT studies, this study uses Real World Data (RWD) to evaluate the association between statin use and incident AD risk, and contributes additional detailed stratification by statin type and dosage.MethodsThis observational analysis of EHR data from over 125 million U.S. patients through the TriNetX platform compared statin exposure in adults over 45 years old with a diagnosis of dyslipidemia, and no prior AD diagnosis, controlling for demographics, a range of known comorbidities, laboratory values, and medications. Primary outcomes were incident AD, other degenerative neurological diseases, and all-cause mortality. Sub-analyses compared risks by statin type and dosage.ResultsStatin exposure was associated with a substantially lower risk of incident AD compared with non-exposure (RR = 0.69), similar to meta analyses of observational studies. Lipophilic and hydrophilic statins showed reduced AD risk compared to controls; hydrophilic statins showed a slightly greater protective effect. High-dose and low/medium-dose statins conferred similar risk reductions with no significant dose-dependent difference.ConclusionsOur findings provide evidence that statin therapy is associated with reduced risk of AD and related outcomes, extending prior observational data with broader population representation and rigorous confounder control. Pending further evidence, statins may be considered as part of comprehensive strategies to reduce AD risk.",0,
42134058,10.1016/j.jacadv.2026.102790,SGLT2 Inhibitors in Cardio-Oncology: A Systematic Review and Meta-Analysis.,2026,"Spadafora L, Bernardi M, Sarto G, Simeone B, Rocco E, Carbone S, Dalla Vecchia LA, Pedretti RFE, Valenti V, Di Mario R, Forte M, Frati G, Abbate A, Golino M, Versaci F, Peruzzi M, Sabouret P, Biondi Zoccai G, Sciarretta S.",,"<h4>Background</h4>According to available evidence, sodium-glucose cotransporter-2 inhibitors (SGLT2i) may confer cardioprotection in patients with cancer undergoing chemotherapy.<h4>Objectives</h4>The objective of the study was to evaluate the impact of SGLT2i on all-cause mortality and heart failure (HF) outcomes in this population.<h4>Methods</h4>We searched PubMed, Cochrane CENTRAL, and Embase through August 2025 for studies of SGLT2i in adult patients with cancer. Random-effects models were used to pool effects for all-cause mortality and an HF composite (new-onset HF and/or HF hospitalization) in cancer patients >18 years. Meta-regression tested effect modification by beta-blockers, statins, angiotensin-converting enzyme inhibitors/angiotensin receptor blockers, age, and sex.<h4>Results</h4>Thirteen observational studies were included, for a total of 107,126 patients. The median age was 67.6 years (IQR: 62.5-71.0); median follow-up was 24 months (IQR: 19.2-29.0), nearly all patients had diabetes mellitus. SGLT2i were associated with lower all-cause mortality (risk ratio [RR]: 0.47; 95% CI: 0.38-0.58; I<sup>2</sup> = 96.30%; P < 0.001), with no effect modification by background therapies, age, or sex (all P > 0.05). The HF composite was also significantly reduced (RR: 0.48; 95% CI: 0.29-0.78; I<sup>2</sup> = 87.01%), again with no evidence that background therapies modified the effect (all P > 0.05). Risk of atrial fibrillation/atrial flutter was lower with SGLT2i (RR: 0.57; 95% CI: 0.42-0.76; I<sup>2</sup> = 66.4%; P < 0.001). Safety outcomes were not increased in the SGLT2i arm.<h4>Conclusions</h4>In patients with cancer, SGLT2i appear safe and are associated with fewer deaths and HF events, although substantial heterogeneity was observed across studies. Randomized controlled trials are warranted to confirm these hypothesis-generating findings.",0,
42206171,10.3389/fphar.2026.1789019,"Triglyceride-lowering therapies for hepatic steatosis: mechanisms, efficacy, and clinical perspectives.",2026,"Tamehri Zadeh SS, Toth PP, Banach M.",,"Hepatic steatosis, the hallmark of metabolic dysfunction-associated steatotic liver disease (MASLD), is closely associated with elevated plasma and intrahepatic triglyceride (TG) levels, often driven by insulin resistance, atherogenic dyslipidemia, and metabolic syndrome. Growing evidence suggests that triglyceride-lowering therapies may not only improve systemic lipid profiles but also directly impact hepatic fat accumulation and associated inflammation and fibrosis. This review explores current and emerging TG-lowering therapies, including fibrates, omega-3 fatty acids, pemafibrate, and novel agents such as pegozafermin (an FGF21 analog), and APOC3 and angiopoietin-like protein 3 (ANGPTL3) inhibitors, in the context of hepatic steatosis and MASLD. We discuss the mechanistic rationale behind TG-lowering as a therapeutic strategy, summarize key preclinical and clinical trial findings, and evaluate their effects on liver fat content, liver enzymes, fibrosis markers, and histologic outcomes. While several agents demonstrate promise in reducing intrahepatic fat deposition and improving liver-related outcomes, further large-scale studies are required to establish their long-term efficacy and safety, and potential for disease modification in MASLD/metabolic dysfunction-associated steatohepatitis (MASH). Triglyceride-targeted therapies may offer a valuable adjunct or complementary approach to current treatment paradigms focused on weight loss, insulin sensitization, and antagonizing inflammation.",0,
40348413,10.1136/heartjnl-2025-325765,Concept and practice in the use of high-dose eicosapentaenoic acid for cardiovascular disease prevention in hypertriglyceridaemia.,2025,"Roger G, Packard CJ, Masana L, Laufs U, Catapano AL, Steg PG.",,"Genetic and epidemiological evidence indicates that triglyceride-rich lipoproteins are causal risk factors for atherosclerotic cardiovascular disease (ASCVD). Elevated levels of plasma triglyceride are common in patients who are diabetic or obese and contribute substantially to residual, ongoing risk of an ASCVD event in individuals on low-density lipoprotein (LDL)-lowering treatment. Hypertriglyceridaemia, therefore, presents a target for further intervention. Clinical trials have demonstrated that high-dose eicosapentaenoic acid (EPA) is effective in reducing ASCVD risk in patients on statin therapy, and it is now being incorporated into strategies using combination lipid-regulating treatment to manage aggressively those at highest risk. This review summarises the concepts underpinning the use of high-dose EPA alongside intensive LDL-lowering therapy, especially in the context of post-acute coronary syndrome. A practical implementation algorithm is presented setting out treatment options for combination therapy, and the place of high-dose EPA in ASCVD prevention in hypertriglyceridaemia.",1,
41477645,10.3389/fcvm.2025.1659228,"Atherosclerotic plaque, cardiovascular risk, and lipid-lowering strategies: a narrative review.",2025,"Tam FC, Lin MQ, Lam TH, Tse HF, Wong CK.",,"Atherosclerosis, driven primarily by cumulative exposure to low-density lipoprotein cholesterol (LDL-C), is the major cause of atherosclerotic cardiovascular disease (ASCVD). This narrative review examines the pathogenesis of atherosclerosis, linking risk factors, inflammatory pathways, and lipid abnormalities to the formation and progression of atheromatous plaques. Plaque characteristics such as volume, lipid content, fibrous cap thickness, and minimum lumen area are closely associated with cardiovascular outcomes, particularly the risk of major adverse cardiac events (MACEs). Intensive LDL-C lowering through statins, ezetimibe, PCSK9 inhibitors, and emerging agents like bempedoic acid has demonstrated clear benefits in regressing plaques, stabilizing their morphology, and significantly reducing cardiovascular risks. Despite guideline recommendations advocating intensive lipid-lowering strategies, real-world practice reveals considerable gaps, with many high- and very-high-risk patients failing to achieve LDL-C targets. Contributing factors include poor adherence, underuse of combination therapies, and treatment inertia. Early detection and preemptive management of subclinical atherosclerosis, particularly among younger individuals, are gaining attention as strategies to intercept the progression of disease before clinical events occur. Moreover, elevated lipoprotein(a) levels are increasingly recognized as an independent causal factor for ASCVD, and ongoing trials are evaluating specific Lp(a)-lowering therapies. Overall, optimizing lipid management through intensive, early intervention, patient adherence, and personalized treatment approaches holds the key to reducing the global burden of ASCVD. Addressing residual risks and refining early detection strategies will further advance the prevention and management of this chronic, progressive vascular disease.",0,
41608285,10.6515/acs.202601_42(1).20250806a,From ASCOT to Asia: A More Active and Successful Approach in Preventing Cardiovascular Disease.,2026,"Lin CP, Chu PH.",,"The prevalence of cardiovascular disease (CVD) is increasing globally. Hypertension and dyslipidemia are well-established risk factors, and their co-existence significantly increases the risk of CVD. Epidemiological studies consistently report a high prevalence of their co-existence, ranging from 15% to 31%. The combined impact of hypertension and dyslipidemia on the vascular endothelium is more detrimental than their individual effects, potentially accelerating atherosclerosis and increasing the overall risk of CVD. This review highlights the benefits of concurrently treating dyslipidemia and hypertension to prevent CVD, drawing insights from the Anglo-Scandinavian Cardiac Outcomes Trial study and recent clinical studies conducted in Asia. Notably, the single-pill combination of amlodipine and atorvastatin has been shown to enhance adherence while providing a synergistic effect in protecting the vascular endothelium and preventing CVD. By aggressively managing both conditions, healthcare providers can significantly reduce the risk of future cardiovascular events across diverse patient populations and ethnicities.",0,
41817255,10.1016/j.jaccas.2025.106314,Utilizing Electronic Health Record-Based Alerts to Increase Prescription of Lipid-Lowering Therapies in Patients Admitted With Acute Coronary Syndromes.,2026,"Rowland S, Adie S, Zimmerman C, Stein A, Brummel K.",,"<h4>Background</h4>Patients hospitalized with acute coronary syndromes (ACS) are at high risk of recurrent events, yet lipid-lowering therapy is often underutilized despite strong guideline recommendations.<h4>Project rationale</h4>To address treatment gaps, we implemented a real-time electronic health record (EHR) alert prompting optimization of lipid-lowering therapy for patients hospitalized with ACS.<h4>Project summary</h4>An interruptive EHR alert, triggered on ACS admission, encouraged statin intensification or ezetimibe initiation. Among 612 patients from 2021 to 2025, 20.6% of alerts were accepted. Therapy was intensified in 61.3% of patients overall. In addition, 6-month preintervention data suggested significant increases in both ezetimibe prescribing (3.3% increasing to 13.7%, P = 0.002) and statin prescribing or intensification (44.9% increasing to 55.1%, P = 0.016) following the implementation of the EHR alert.<h4>Take-home message</h4>Real-time EHR alerts can prompt both direct and indirect lipid therapy intensification in ACS care, improving adherence to guideline-directed lipid-lowering therapy and promoting more effective secondary prevention.",0,
41895605,10.1016/j.jlr.2026.101029,"Obecetrapib, CETP inhibition, and atherosclerosis: there is light at the end of the tunnel.",2026,"Toth PP, Banach M.",,,0,
41943003,10.1186/s12944-026-02943-0,Therapeutic inertia and lipid-lowering treatment modification after acute coronary syndrome: a longitudinal real-world study using a lagged decision-outcome design.,2026,"Wang Q, Fang H, Cui W, Zhang G.",,,0,
41804923,10.1161/jaha.125.041416,Statin Use and Recurrent Atherosclerotic Cardiovascular Disease Events in Patients With Coronary Artery Intervention: A Retrospective Analysis From a Large Health Care Network.,2026,"Ahmed O, Zhu J, Thoma F, Koczo A, Marroquin OC, Mulukutla SR, Virani SS, Saeed A.",,"<h4>Background</h4>Atherosclerotic cardiovascular disease (ASCVD) poses a significant health challenge worldwide. While statins effectively reduce low-density lipoprotein (LDL) cholesterol and lower cardiovascular risk, patients with coronary artery disease who undergo revascularization remain vulnerable to recurrent ASCVD events. This study examined the link between statin intensity, LDL cholesterol levels, and recurrent ASCVD events in patients undergoing coronary interventions within a large health care system.<h4>Methods</h4>We conducted a retrospective analysis using the University of Pittsburgh Medical Center database, including patients aged ≥18 with coronary artery disease confirmed by revascularization (coronary artery bypass graft or percutaneous coronary intervention) since January 2010. Patients were categorized by statin intensity: guideline-directed statin intensity (GDSI), less than GDSI (<GDSI), or no statin therapy. Outcomes included recurrent myocardial infarction, ischemic stroke, and all-cause mortality over a median 6-year follow-up.<h4>Results</h4>Of 45 949 patients (69% men), 65% were on GDSI, 25% on <GDSI, and 10% were not on statins. GDSI patients compared with those on <GDSI or no statins had lower rates of myocardial infarction (21.6 versus 34.8 versus 65.3), myocardial infarction/revascularization (38.7 versus 57.5 versus 93.9), and ischemic stroke/transient ischemic attack (10.7 versus 17.7 versus 24.6) (<i>P</i><0.001 for all). LDL cholesterol levels ≤70 mg/dL correlated with fewer adverse events, multivariable analysis indicated that GDSI significantly lowered recurrent ASCVD events and mortality.<h4>Conclusions</h4>GDSI reduces recurrent ASCVD events and mortality more effectively than less intensive regimens or no statins. Optimizing statin use and LDL cholesterol monitoring could improve ASCVD management and outcomes.",0,
41223870,10.3904/kjim.2025.099,Managing dyslipidemia in chronic kidney disease: a comprehensive overview of evidence and recommendations.,2025,"Kim JY, Chung SM, Kim NH.",,"Patients with chronic kidney disease (CKD) have a significantly increased risk of developing cardiovascular disease (CVD), making dyslipidemia management a critical component of cardiovascular risk reduction in this population. However, as the estimated glomerular filtration rate declines, distinct pathophysiological mechanisms-unlike those observed in the general population-contribute to the development and progression of CVD. Consequently, dyslipidemia management in patients with CKD requires a tailored approach that considers altered lipid profiles, comorbid conditions, and potential safety concerns associated with pharmacological therapy. This review aimed to summarize key clinical trials evaluating lipid-lowering strategies in CKD and compare current international and regional clinical practice guidelines. We assessed cardiovascular outcomes associated with various lipid-lowering agents, including statins, ezetimibe, proprotein convertase subtilisin/kexin type 9 inhibitors, fibrates, and omega-3 fatty acids. In addition, we discuss optimal therapeutic strategies across distinct patient subgroups, including those not treated with dialysis or kidney transplantation, those on dialysis, and kidney transplant recipients.",0,
41514239,10.1186/s12872-026-05515-3,Inclisiran SiRNA therapy for durable LDL-C reduction: a systematic review and meta-analysis highlighting a breakthrough in long-term cardiovascular risk management.,2026,"Satyam SM, El-Tanani M, Patni MA, Rehman A, Irshad SM, Raheem R, Junais E, John AA, Rassal RY, Kumari R, P S.",,,1,
41517261,10.3390/jcm15010016,"Acute Coronary Syndromes: State-of-the-Art Diagnosis, Management, and Secondary Prevention.",2025,"Yuan X, Nienaber S, Akin I, Kabir T, Nienaber CA.",,"<b>Background:</b> Acute coronary syndromes (ACSs) remain a leading cause of death and disability. Since the publication of the 2023 ESC ACS guidelines, multiple studies and an ESC/EAS dyslipidaemia update have refined how clinicians diagnose, revascularize, and treat ACS across the care continuum. <b>Content:</b> This state-of-the-art review synthesizes advances from 2023 to 2025 across five domains. Diagnosis: High-sensitivity troponin-based accelerated pathways remain foundational; GRACE 3.0 improves calibration for early vs. delayed angiography, while selective use of CCTA and routine use of intracoronary imaging/physiology help define the mechanism and optimize PCI. Revascularization: complete revascularization continues to underpin care in multivessel disease, with recent data favouring culprit-only PCI acutely and staged non-culprit treatment during the index stay in most STEMI presentations, particularly with heart-failure physiology. Antithrombotic therapy: Aspirin remains critical early after ACS-PCI; emerging evidence supports shorter DAPT and aspirin withdrawal after 1 month in carefully selected, low-ischaemic-risk patients, whereas day-0 aspirin-free strategies in unselected ACS are not non-inferior. Secondary prevention: A ""strike early and strong"" approach to LDL-cholesterol-often with combination therapy in hospital-is emphasized, alongside nuanced roles for SGLT2 inhibitors and GLP-1 receptor agonists. Special populations and implementation: Sex- and age-aware tailoring (including MINOCA/SCAD evaluation), pragmatic bleeding-risk mitigation, digitally enabled cardiac rehabilitation, and registry-driven quality improvement translate evidence into practice. <b>Summary:</b> Contemporary ACS care is moving from uniform protocols toward risk-stratified, mechanism-informed pathways. We offer practical algorithms and checklists to align interventional timing, antithrombotic intensity/duration, and secondary prevention with individual patient risk-bridging new evidence to bedside decisions.",0,
41555252,10.1186/s12872-026-05541-1,Cardiovascular outcomes and adverse drug reactions associated with the use of ezetimibe in combination with a statin in diabetes mellitus patients with higher risk for myocardial infarction: a meta-analysis.,2026,"Zhou Y, Jin J.",,,0,
41070271,10.1136/bmjno-2025-001297,Rationale and design of 'StAtins in Frail oldEr patients with ischemic Stroke or Transient ischemic attack-the Randomized Controlled Trial' (SAFEST-RCT).,2025,"Prins SR, Damoiseaux-Volman BA, Vermeer SE, Bossuyt PMM, Van Eekelen R, Bosmans JE, Van Poelgeest EP, Martens FMAC, Emmelot-Vonk MH, Verstraete E, Muller M, Moll Van Charante EP, Lindhout M, Van Der Velde N, Van Den Berg-Vos RM.",,"<h4>Introduction</h4>Statin therapy is known to reduce subsequent cardiovascular events in patients who had an ischaemic stroke and transient ischaemic attack (TIA). However, its effectiveness and safety in frail older adults with a recent stroke or TIA are uncertain, leading to variations in clinical practice. 'StAtins in Frail oldEr patients with ischemic Stroke or Transient ischemic attack-the Randomized Controlled Trial' (SAFEST-RCT) aims to investigate the effectiveness of initiating versus not initiating statin therapy in this vulnerable population, to optimise secondary prevention strategies.<h4>Methods and analysis</h4>This multicentre, prospective, randomised, open-label study aims to enrol 612 frail adults ≥70 years with a recent acute ischaemic stroke or TIA across 22 Dutch hospitals. The study compares prescribing versus not prescribing statins in terms of health-related quality of life, major adverse cardiovascular event-free survival and societal costs over a 2-year follow-up period.<h4>Ethics and dissemination</h4>The SAFEST-RCT protocol was approved by the Ethics Committee of Amsterdam UMC. It complies with the Declaration of Helsinki and is classified as a healthcare evaluation. Recruitment began in March 2025. Results will be published in open access journals, presented at conferences, shared via the Dutch Brain Injury Association and integrated into national guidelines to support implementation in routine care.<h4>Trial registration number</h4>NCT06785727.",1,
42043924,10.18553/jmcp.2026.32.5.540,"The effectiveness of care coordination on medication adherence among high-need, high-cost commercially insured beneficiaries: A randomized controlled trial.",2026,"Saju R, Harwood JM, Tseng CH, Moin T, Mangione C, Duru OK, Takada S, Onufrak S.",,"<h4>Background</h4>High-need, high-cost (HNHC) beneficiaries experience life stressors that complicate their medication self-management. Care coordination programs may improve medication-taking behavior, including for chronic conditions that require daily medication adherence.<h4>Objective</h4>To determine whether nurse-led care coordination is associated with improved adherence among an HNHC commercial population with a chronic condition.<h4>Methods</h4>We analyzed data from a pragmatic, national randomized controlled trial of a comprehensive care coordination program conducted by a large national insurer and assessed its impacts on medication adherence in diabetes, atrial fibrillation, and hypothyroidism. We performed intention-to-treat (ITT) analyses (primary) and instrumental variable (IV) analyses (secondary) for HNHC beneficiaries from 2019 through 2022. Analyses compared treatment of control arms for metformin in diabetes (n = 3,602), statins in diabetes (n = 3,938), direct oral anticoagulants in atrial fibrillation (n = 326), and levothyroxine in hypothyroidism (n = 2,496). The primary adherence outcome was defined as proportion of days covered (PDC) greater than or equal to 80%, with continuous adherence measured as a secondary outcome. We used multivariate regression models to compare outcomes between arms. For the IV analyses, we used randomization status as the instrument. Covariates included age, sex, geographic location, plan type, and 18 comorbidity indicators. We also conducted sensitivity analyses limited to beneficiaries with baseline PDC less than 80%.<h4>Results</h4>In the primary ITT analyses, we did not observe statistically significant differences between treatment and control arms in the percentage of beneficiaries with PDC greater than or equal to 80% for metformin (66% vs 68%, <i>P</i> = 0.22), statins (69% vs 70%, <i>P</i> = 0.55) or direct oral anticoagulants (71% vs 68%, <i>P</i> = 0.6). However, beneficiaries taking levothyroxine were more likely to have PDC greater than or equal to 80% than those assigned to control (77% vs 73%, <i>P</i> = 0.02). Similar results were observed in the secondary IV analyses. In the secondary ITT analyses examining adherence as a continuous outcome, we did not observe any differences between arms. Finally, in the sensitivity analyses limited to beneficiaries with baseline PDC less than 80%, we also found no adherence differences.<h4>Conclusions</h4>We found that care coordination did not improve medication adherence in HNHC beneficiaries. Our results align with prior studies and emphasize the challenges of improving adherence within a complex HNHC beneficiary population.<h4>Trial registration</h4>ClinicalTrials.gov NCT04415515.",0,
41851014,10.1080/14796678.2026.2645005,Omega-3 polyunsaturated fatty acid exposure and cardiovascular outcomes in dialysis: a systematic review and meta-analysis.,2026,"Shokravi A, Sharma S, Singh R, Seth J, Mancini GBJ.",,"<h4>Background</h4>Patients with dialysis-dependent chronic kidney disease (CKD) have a high cardiovascular burden, prompting interest in fish oils or long-chain omega-3 polyunsaturated fatty acids (n-3 PUFAs) as potential risk-reducing therapies in this population.<h4>Methods</h4>We conducted a systematic review and meta-analysis of studies in adults receiving dialysis that assessed associations between n-3 PUFA supplementation, baseline levels, or dietary intake and CV outcomes, or all-cause mortality. Hazard ratios (HRs) were pooled using random-effects models.<h4>Results</h4>Twelve studies met inclusion criteria. In hemodialysis-dependent CKD, fish oil supplementation lowered cardiovascular events by 44% (HR 0.56; 95% CI 0.46-0.68) and myocardial infarction by 48% (HR 0.52; 95% CI 0.34-0.78). Higher baseline n-3 PUFA levels were associated with a 31% reduction in all-cause mortality (HR 0.69; 95% CI 0.54-0.88). Higher dietary n-3 PUFA intake showed a non-significant trend toward lower all-cause mortality (HR 0.92; 95% CI 0.79-1.08).<h4>Conclusion</h4>In dialysis-dependent CKD, higher n-3 PUFA exposure through fish oil supplementation or higher baseline levels was associated with fewer cardiovascular events and all-cause mortality. Appropriately dosed n-3 PUFA supplementation represents a promising cardiovascular risk reduction strategy in dialysis-dependent CKD, although confirmatory randomized trials are warranted.",0,
41735255,10.1038/s41392-026-02581-z,"Coronary atherosclerotic plaque intervention with Tongxinluo capsule (TXL-CAP): a multicenter, randomized, double-blind and placebo-controlled study.",2026,"Ni M, Ti Y, Yu H, Zhang M, Qi Y, Duan DD, Xie Q, Ji Z, Zhao R, Zhou Y, Chen S, Wang L, Zhang Y, Guo J, He Y, Yao C, Bu P, Yu B, Zhang Y, Zhang C, TXL-CAP Investigators.",,"Clinical evidence of traditional Chinese medicine Tongxinluo capsule therapy on coronary plaque vulnerability is lacking. To investigate whether Tongxinluo may increase coronary plaque stability in patients admitted with acute coronary syndrome based on statin therapy, the TXL-CAP study, a multicenter, randomized, double-blind clinical trial, was conducted. Patients who had a coronary thin-cap lipid-rich plaque detected by optical coherence tomography (OCT) were randomized 1:1 to either Tongxinluo or placebo treatment for 12 months on the basis of guideline-directed treatment. The primary endpoint was the difference in the minimum fibrous cap thickness of the OCT-assessed lesions between Tongxinluo and placebo groups in patients at the end of 12 months. A total of 220 patients were finally recruited and randomized. For the primary endpoint, the minimum fibrous cap thickness did not differ between the two groups at baseline but increased in the Tongxinluo group relative to the placebo group at the 12-month follow-up (115.0 μm vs. 80.0 μm, P < 0.001). The increase in the minimum fibrous cap thickness (61.2 μm vs. 33.7 μm, P = 0.002) and the decrease in the maximum lipid arc (-38.4° vs. -8.1°, P = 0.007) were greater in the Tongxinluo group than in the placebo group. The Tongxinluo group showed improvement in both the Seattle Angina Questionnaire score and the Canadian Cardiovascular Society grading of angina pectoris compared to the placebo group. In conclusion, on the basis of statins, Tongxinluo increased fibrous cap thickness, reduced the lipid arc of coronary thin-cap lipid-rich plaques, and improved angina symptoms without lowering cardiovascular events at the 12-month follow-up in patients with acute coronary syndrome. ( http://www.chictr.org.cn , ID: ChiCTR1900025842).",1,
42147837,10.3389/fneur.2026.1828997,"Association of pre-admission statin use with clinical outcomes in aneurysmal subarachnoid hemorrhage: a multicenter, observational, real-world study.",2026,"Zhao Z, Wang S, Zhao B, Nie M, Yu Y, Liu Y, Dou Y, Qian Y, Liu T, Jiang R.",,"<h4>Background</h4>Subarachnoid hemorrhage (SAH) from ruptured intracranial aneurysms is a severe stroke subtype with a high mortality rate. Statins, noted for cholesterol-independent benefits, are being studied as potential treatments, but their effectiveness is debated. This study assesses the impact of pre-admission statin therapy on aneurysmal SAH outcomes.<h4>Methods</h4>This was a multicenter, observational, real-world study from May 2012 to May 2023 at four Chinese tertiary medical centers. Patients were divided into statin and control groups based on pre-admission statin use. The primary outcome was favorable outcome at 30 days, defined as a modified Rankin Scale (mRS) score of 0-2. Propensity score matching (PSM) was applied to balance baseline characteristics. The trial was registered with Chinese Clinical Trial Registry (ChiCTR2300079305).<h4>Results</h4>Out of 1,431 patients, 821 met the inclusion criteria (statin group: 367; control group: 454). After PSM, each group comprised 220 patients. Pre-admission statin was associated with a higher likelihood of favorable outcome at 30 days (before PSM: odds ratio [OR] 3.67, 95% confidence interval [CI] 2.46-5.47, <i>p</i> < 0.001; after PSM: OR 5.00, 95% CI 3.00-8.32, <i>p</i> < 0.001). Subgroup analysis of the primary outcome revealed significant interactions between pre-admission statin and low-density lipoprotein cholesterol (LDL-C) and alcohol consumption (Both P for interaction < 0.05). The benefit of statin at 30 days was more pronounced in patients with LDL-C < 3.4 mmol/L and non-drinkers.<h4>Conclusion</h4>Pre-admission statin therapy was associated with improved prognosis at 30 days in patients with aneurysmal SAH, however this benefit could not extend to 90 days. The effect of statin appeared to vary according to baseline LDL-C levels and alcohol consumption. Further multicenter, international randomized controlled trials are warranted to confirm these findings.",0,
40879677,10.1093/ehjqcco/qcaf091,Applicability of guideline-informing lipid-lowering clinical trials to contemporary real-world patients with atherosclerotic cardiovascular disease.,2025,"Schuitema PCE, Stam-Slob MC, Visseren FLJ, Koopal C, UCC-SMART Study Group
.",,"<h4>Aims</h4>Lipid-lowering randomized clinical trials (RCTs) inform guideline recommendations for secondary prevention of atherosclerotic cardiovascular disease (ASCVD). However, these trials were often conducted decades ago using strict eligibility criteria, which may limit their applicability to today's diverse ASCVD population. This study compared clinical characteristics and long-term outcomes between trial-eligible and ineligible real-world ASCVD patients.<h4>Methods and results</h4>Eligibility criteria from eight pivotal lipid-lowering RCTs were applied to patients with coronary artery disease (CAD), cerebrovascular disease (CeVD), and peripheral artery disease (PAD) in the Utrecht Cardiovascular Cohort-Second Manifestations of ARTerial disease (UCC-SMART) study (2000-2023). The proportion of patients meeting eligibility criteria was determined for each trial. Differences in clinical characteristics between trial-eligible and ineligible patients were assessed, and risks of recurrent cardiovascular (CV) events and all-cause mortality were compared using cumulative incidence curves with 95% confidence intervals, accounting for competing risks. Among 8537 patients with ASCVD (5673 CAD; 2493 CeVD; 1302 PAD), median follow-up was 8.8 years (interquartile range: 4.2-13.9). Trial eligibility ranged from 9 to 85% for CAD, 7 to 42% for CeVD, and 8 to 78% for PAD. Eligibility was generally higher for earlier trials. Trial-eligible and ineligible patients differed in clinical characteristics in most trials, but their risks of recurrent CV events and all-cause mortality were largely comparable.<h4>Conclusion</h4>Eligibility of real-world ASCVD patients for lipid-lowering RCTs varied substantially across trials and ASCVD subtypes. Despite differences in clinical characteristics, trial-eligible and ineligible patients generally had comparable outcomes, suggesting that guideline-informing lipid-lowering trials are broadly representative of contemporary real-world ASCVD patients.",0,
42092956,10.1186/s12933-026-03140-0,CVOT Summit Report 2025: advances along the cardiovascular-kidney-metabolic disease continuum.,2026,"Schnell O, Agarwal A, Azizi M, Ballwieser D, Barnard-Kelly K, Battelino T, Ballwieser D, Blüher M, Bugianesi E, Cebrian A, Ceriello A, Choudhary P, Danne T, Dayan CM, Del Prato S, Eckel RH, Fioretto P, Garvey T, Green JB, Heerspink HJL, Holman RR, Itzhak B, Jacob S, Jhund PS, Ji L, Judge PK, Khunti K, Korenjak M, Krentz AJ, Lambrinou E, Libby P, Mader JK, Mann JFE, Marx N, Mathieu C, McMurray JJV, Müller-Wieland D, Papanas N, Patel DC, Pfeiffer AFH, Reger-Tan S, Rodbard HW, Rosano GMC, Saboo B, Sato N, Solomon SD, Standl E, Tacke F, Topsever P, Wanner C, Wharton S, Young V.",,"The 11th Cardiovascular Outcome Trial (CVOT) Summit: Congress on Cardiovascular, Kidney, and Metabolic Outcomes was held virtually on November 20-21, 2025. The Summit provided a multidisciplinary forum to review and discuss recent outcome trials investigating emerging pharmacological therapies targeting diseases of the cardiovascular-kidney-metabolic (CKM) continuum. This report highlights the unique developments of 2025 discussed during the Summit, including the first head-to-head CVOT (SURPASS-CVOT), the growing evidence base for combination therapies across the disease spectrum, new insights into the inflammatory component of the CKM syndrome, and relevant policy developments. The first part of this report summarizes pioneering clinical trials addressing combination therapy with finerenone and empagliflozin (CONFIDENCE), the oral glucagon-like peptide-1 (GLP-1) receptor agonists orforglipron (ATTAIN-1), and the aldosterone synthase inhibitor (ASI) baxdrostat (BaxHTN). The second part presents recent guideline and policy developments discussed by experts in endocrinology, diabetology, cardiology, nephrology, hepatology, and general practice. In addition, advances in medical technology, particularly in continuous glucose and ketone monitoring, are highlighted, as well as emerging therapies for diseases of the CKM continuum. These include pharmacological agents for a broad spectrum of metabolic disorders such as metabolic liver disease and type 1 Diabetes (T1D) alongside emphasis on the importance of early detection and innovative treatment strategies. The 12th Cardiovascular Outcome Trial Summit will be held virtually on 19-20 November 2026 ( http://www.cvot.org ).",0,
41770549,10.1001/jamaneurol.2026.0155,Catheter Ablation and Oral Anticoagulation for Secondary Stroke Prevention in Atrial Fibrillation: The STABLED Randomized Clinical Trial.,2026,"Kimura K, Nishiyama Y, Iwasaki YK, Shimizu W, Toyoda K, Sakamoto Y, Katano T, Yamamoto T, Takeuchi M, Kumagai K, Tsuto K, Sugi K, Kusano K, Koga M, Okubo S, Sato T, Hamaguchi H, Yoshida A, Kuriki A, Tanno K, Kitagawa K, Hagiwara N, Daida H, Iguchi Y, Fujimoto S, Miyamoto S, Fukuzawa M, Sugimoto M, Takita A, Otsuka T, Okumura K.",,"<h4>Importance</h4>Among patients with atrial fibrillation, those with a recent stroke are at significantly higher risk of recurrence than those without. Catheter ablation is expected to reduce the risk of recurrent stroke, heart failure, and mortality in these patients.<h4>Objective</h4>To evaluate the efficacy and safety of catheter ablation added to standard therapy for reducing the risk of recurrent stroke or composite outcomes in patients with atrial fibrillation and a recent history of stroke.<h4>Design, setting, and participants</h4>The Stroke Secondary Prevention With Catheter Ablation and Edoxaban for Patients With Nonvalvular Atrial Fibrillation (STABLED) study was an open-label, parallel-group, randomized clinical trial. Patients were enrolled from January 2018 to March 2021 and observed until March 2024. This study was conducted at 45 sites in Japan. Patients aged 20 years or older and 85 years or younger and those with a definitive diagnosis of nonvalvular atrial fibrillation on electrocardiogram, a history of ischemic stroke, currently receiving or scheduled to receive edoxaban, and having a modified Rankin Scale score of 3 or less were enrolled. Study data were analyzed from September 2024 to July 2025.<h4>Interventions</h4>Patients were randomized to receive standard therapy or standard therapy plus catheter ablation (after ≥4 weeks of edoxaban, within 1-6 months of index stroke onset).<h4>Main outcomes and measures</h4>The primary end point was a composite of recurrent ischemic stroke, systemic embolism, all-cause death, and hospitalization for heart failure. Safety related to the catheter ablation procedure was assessed.<h4>Results</h4>A total of 251 patients were enrolled and 249 (mean [SD] age, 71.7 [7.5] years; 187 male [75.1%]) were randomized (standard therapy, 124; standard therapy plus catheter ablation, 125). Median follow-up was greater than 3 years. The primary end point occurred at rates of 4.9% and 5.6% per person-year (hazard ratio, 1.11; 95% CI, 0.62-2.01) with standard therapy vs catheter ablation, respectively. The respective mortality rates were 1.0 and 2.8 per 100 person-years. Two ablation-related adverse events (cardiac tamponade, stroke) were reported (0.8% each).<h4>Conclusions and relevance</h4>In patients with atrial fibrillation and a recent stroke history, standard therapy plus catheter ablation did not significantly reduce the risk of the primary composite end point. The observed event rate was lower than anticipated, suggesting that the study was underpowered to detect clinically meaningful differences.<h4>Trial registration</h4>ClinicalTrials.gov Identifier: NCT03777631.",1,
41404186,10.1016/j.ajpc.2025.101357,Evolving strategies in cardiovascular disease prevention: 2025 American society for preventive cardiology highlights.,2025,"Filtz A, Shapiro MD, Whelton PK, Navar AM, Rodriguez F, Martin SS, Gulati M, Blankstein R, Ridker PM, Bhatt DL, Yancy CW, Maron DJ, Slipczuk L.",,"The 2025 American Society for Preventive Cardiology meeting highlighted evolving strategies in cardiovascular disease prevention, spanning risk models based on traditional risk factors, emerging biomarkers, novel therapeutics, and digital health innovations. Key discussions addressed lipoprotein(a) [Lp(a)] and inflammation as a causal risk factor, their clinical management, and readiness for targeted therapies; optimal systolic blood pressure targets informed by recent randomized controlled trials; and ongoing debate regarding apolipoprotein B versus low-density lipoprotein cholesterol (LDL-C) as the primary lipid target. Advances in digital health emphasized prevention through artificial intelligence, health equity in technology, and the growing role of wearables. Imaging emerged as a central theme, with sessions highlighting its role in risk assessment, monitoring treatment response, and refining prevention strategies, especially in young adults. Sessions on women's cardiovascular health underscored female-specific risk enhancers and limitations of current risk prediction models. Additional debates addressed the use of polygenic risk scores in young adults and strategies for universal screening with LDL-C, hsCRP, and Lp(a). Heart failure prevention was highlighted as a critical frontier, with emphasis on stage-based risk stratification, early identification of subclinical disease, and targeted interventions to avert progression to symptomatic heart failure. Updates on renal denervation reaffirmed its safety, efficacy, and durability as an adjunctive therapy in resistant hypertension. Collectively, these highlights emphasize the rapid evolution of preventive cardiology, integrating precision risk stratification, digital tools, and novel therapies into routine care.",0,
41673582,10.1186/s12872-026-05594-2,The role of early ezetimibe combination with atorvastatin in patients with atherosclerotic cardiovascular disease.,2026,"Kang SH, Kwon SU, Lee JY, Seo SM, Nam CW, Park GM, Hong YJ, Lee WY, Jang JE, Chae IH.",,"<h4>Background</h4>Despite statin therapy, achieving target low-density lipoprotein cholesterol (LDL-C) levels remain suboptimal in high-risk patients with atherosclerotic cardiovascular disease (ASCVD). This study evaluated efficacy and safety of early addition of ezetimibe (EZ) with atorvastatin (AS), prior to reaching the maximally tolerated dose of statin, in very high-risk patients.<h4>Methods</h4>This phase 4 (NCT05761444), multicenter, randomized, open-label, active-controlled study enrolled patients (≥ 30 years) with very high-risk of ASCVD. Eligible patients had LDL-C ≥ 70 mg/dL with low/moderate intensity statin monotherapy or statin-naïve or not been on stable statin regimen prior to enrollment. Patients were randomized 1:1 to EZ10/AS40 mg combination therapy or AS40 mg statin alone for 12 weeks. Primary endpoint was percentage change in LDL-C from baseline to week 6.<h4>Results</h4>Patients (N = 137) received EZ/AS (n = 67) or AS (n = 70) once a day. The EZ/AS lipid-lowering effect was statistically greater than AS monotherapy at week 6 (LSMD: -21.2; P < 0.0001) and week 12 (LSMD: -16.0; P < 0.0001). At week 12, higher proportions of patients who received EZ/AS achieved target LDL-C < 55 mg/dL (55.0% vs. 15.4%; P < 0.0001) and LDL-C < 70 mg/dL (85.0% vs. 58.5%; P = 0.0009) than in AS group. Higher reduction from baseline was observed for lipid parameters in EZ/AS group than AS monotherapy. Incidence of adverse events were comparable between EZ/AS and AS groups.<h4>Conclusions</h4>Early combination of EZ with AS, rather than a stepwise approach, significantly reduced LDL-C levels and improved LDL-C reduction target achievement compared to AS monotherapy in very high-risk patients with dyslipidemia with no new safety issues.<h4>Trial registration</h4>NCT05761444; Registration date: March 9, 2023.",0,
41303062,10.3390/jcm14228026,Secondary Prevention Strategies for Ischemic Stroke in Antiphospholipid Syndrome.,2025,"Naftali J, Finkelshtain S, Auriel E.",,"<b>Introduction</b>: Antiphospholipid syndrome (APS) is an autoimmune prothrombotic disorder associated with both venous and arterial thrombosis, most notably ischemic stroke. Patients face a high risk of recurrence, and yet optimal strategies for secondary prevention remain uncertain. <b>Methods</b>: We conducted a narrative review of the literature on secondary prevention of ischemic stroke in APS. We performed a comprehensive literature search of PubMed for English-language articles on secondary stroke prevention in APS. Studies were included if they were original human research (e.g., randomized trials, cohort, or case-control studies) or relevant reviews addressing APS-related stroke prevention. <b>Results</b>: Vitamin K antagonists (VKAs) remain the standard of care for high-risk patients with arterial events. Several randomized controlled trials demonstrated higher recurrence rates, particularly of stroke, among APS patients treated with direct oral anticoagulants (DOACs). The optimal target INR remains debated; pooled analyses suggest no clear advantage of high-intensity anticoagulation (INR 3-4) over standard-intensity (INR 2-3), but individualized adjustment is warranted in select cases. In patients with recurrence despite adequate anticoagulation, adding an antiplatelet agent may be beneficial, although supporting evidence is limited. Adjunctive statin therapy shows promise in reducing endothelial dysfunction and prothrombotic markers, with observational data suggesting a possible protective effect, although randomized evidence is lacking. In addition, patent foramen ovale (PFO) closure has been proposed in selected APS patients with paradoxical embolisms, particularly when combined with anticoagulation. Non-pharmacological strategies, including structured lifestyle modification and rigorous vascular risk-factor management, are strongly recommended, as traditional cardiovascular risk factors synergistically increase recurrence risk. <b>Conclusions</b>: Secondary prevention of ischemic stroke in APS requires an individualized approach. VKAs remain first-line, with consideration of antiplatelet add-on, statins, lifestyle interventions, and PFO closure in appropriate settings. Future well-designed clinical trials are needed to refine INR targets, validate combination strategies, and clarify the role of adjunctive therapies in this complex patient population.",0,
41975352,10.1186/s12902-026-02242-w,Statin prescription patterns among patients with type 2 diabetes mellitus for primary and secondary prevention of cardiovascular disease.,2026,"Abdelaal AM, Ghonem M, Mohamed YA, Hasan AS, Kyrillos F.",,,0,
41420785,10.1007/s40256-025-00778-1,Efficacy of PCSK9 Inhibitors on Clinical Outcomes in Patients with Established Atherosclerotic Cardiovascular Disease: A Network Meta-analysis.,2026,"Raone L, Gritti V, Mandurino-Mirizzi A, Sparasci FM, Scotti V, Currao A, Colonna G, Ferlini M, De Luca L.",,"<h4>Aims</h4>Residual cardiovascular risk remains substantial in patients with atherosclerotic cardiovascular disease (ASCVD) despite high-intensity statin therapy. Proprotein convertase subtilisin/kexin type 9 inhibitors (PCSK9i), including monoclonal antibodies and small-interfering RNA agents, offer additional risk reduction, yet comparative evidence across individual regimens remains limited.<h4>Methods and results</h4>We conducted a systematic review and network meta-analysis of randomized controlled trials evaluating approved PCSK9i dosages in patients with ASCVD. The primary outcome was major adverse cardiovascular events (MACE); the secondary outcomes included myocardial infarction, stroke, coronary revascularization, cardiovascular mortality, and all-cause death. A total of eight trials involving 49,847 patients were included. Evolocumab (140 mg every 2 weeks or 420 mg monthly) and alirocumab 150 mg every 2 weeks significantly reduced MACE compared with placebo (risk ratios (RR): 0.78, 95% confidence intervals (CI): 0.66-0.93 and RR: 0.47, 95% CI 0.25-0.86, respectively). Evolocumab was also associated with reductions in myocardial infarction, stroke, and revascularization. Alirocumab 150 mg demonstrated the most pronounced effect on revascularization and was superior to both evolocumab and the lower alirocumab dose in this outcome. No regimen significantly reduced cardiovascular or all-cause mortality.<h4>Conclusions</h4>These findings suggest that PCSK9 inhibitors are effective in ASCVD, with generally similar efficacy across agents; however, regimens achieving lower and sustained low-density lipoprotein cholesterol levels may confer greater benefit, in line with the concept that ""the lower, the better.""<h4>Trial registration</h4>PROSPERO identifier no. CRD420251022108.",1,
41206969,10.1001/jama.2025.20620,Efficacy and Safety of Oral PCSK9 Inhibitor Enlicitide in Adults With Heterozygous Familial Hypercholesterolemia: A Randomized Clinical Trial.,2026,"Ballantyne CM, Gellis L, Tardif JC, Banka P, Navar AM, Asprusten EA, Scott R, Stroes ESG, Froman S, Mendizabal G, Wang F, Catapano AL.",,"<h4>Importance</h4>Persons with heterozygous familial hypercholesterolemia (HeFH) are at increased risk of atherosclerotic cardiovascular disease due to lifelong elevated levels of low-density lipoprotein cholesterol (LDL-C). Many patients with HeFH do not achieve guideline-recommended LDL-C goals with the currently available lipid-lowering therapies.<h4>Objective</h4>To evaluate the efficacy of enlicitide decanoate (an oral proprotein convertase subtilisin/kexin type 9 inhibitor) vs placebo in adults with HeFH requiring further lowering of LDL-C levels despite use of statin therapy.<h4>Design, setting, and participants</h4>This phase 3, randomized clinical trial included persons aged 18 years or older with HeFH currently using lipid-lowering therapy (taking at least a moderate- or high-intensity statin) and either an LDL-C level of 55 mg/dL or greater and a history of major atherosclerotic cardiovascular disease or an LDL-C level of 70 mg/dL or greater without a history of major atherosclerotic cardiovascular disease. The trial was conducted at 59 sites across 17 countries; the first participant was screened on August 8, 2023, and the last follow-up visit occurred on April 7, 2025.<h4>Interventions</h4>Participants were randomized (2:1) to 20 mg of enlicitide (n = 202) or placebo (n = 101) once daily for 52 weeks.<h4>Main outcomes and measures</h4>The primary outcome was the mean percentage change in LDL-C level at week 24. The secondary outcomes included the mean percentage change in LDL-C level at week 52, the mean percentage change at week 24 in levels of non-high-density lipoprotein cholesterol (non-HDL-C) and apolipoprotein B, and the median percentage change at week 24 in lipoprotein(a).<h4>Results</h4>Of the 303 participants (mean age, 52.4 [SD, 13.5] years; 51% were female) randomized, 293 (96.7%) completed the trial. The mean LDL-C level was 119.0 mg/dL (SD, 41.0 mg/dL) at baseline, all had statin current use (81.5% were taking a high-intensity statin), and 64.4% were taking ezetimibe. The mean percentage change in LDL-C level at week 24 was -58.2% in the enlicitide group vs 2.6% in the placebo group (between-group difference, -59.4% [95% CI, -65.6% to -53.2%]; P < .001). The mean percentage change in LDL-C level at week 52 was -55.3% in the enlicitide group vs 8.7% in the placebo group (between-group difference, -61.5% [95% CI, -69.4% to -53.7%]; P < .001). At week 24, the mean percentage change in non-HDL-C level was -52.3% in the enlicitide group vs 2.1% in the placebo group (between-group difference, -53.0% [95% CI, -58.5% to -47.4%]; P < .001), the mean percentage change in apolipoprotein B level was -48.2% vs 1.8%, respectively (between-group difference, -49.1% [95% CI, -54.0% to -44.3%]; P < .001), and the median percentage change in lipoprotein(a) level was -24.7% vs -1.6% (between-group difference, -27.5% [95% CI, -34.3% to -20.6%]; P < .001). The incidence of adverse events, serious adverse events, and study discontinuation due to adverse events was similar between groups.<h4>Conclusions</h4>Among adults with HeFH, treatment with enlicitide was well tolerated and significantly reduced levels of LDL-C, apolipoprotein B, non-HDL-C, and lipoprotein(a).<h4>Trial registration</h4>ClinicalTrials.gov Identifier: NCT05952869.",20,
41922723,10.1038/s43856-026-01545-2,Hyperuricemia risk in bempedoic acid-treated hyperlipidemic patients.,2026,"Su PH, Tsai DH, Hsieh MH, Vairaperumal T, Lai EC, Liu PY.",,"<h4>Background</h4>Bempedoic acid is an oral cholesterol-lowering medication used to reduce low-density lipoprotein cholesterol (LDL-C), particularly in patients who require additional lipid lowering. Clinical trials have shown that bempedoic acid increases serum uric acid levels, but the implications of this effect in real-world clinical practice, including the need for anti-gout treatment, are not well defined.<h4>Methods</h4>We conducted a retrospective cohort study using a large, multi-institutional U.S. electronic health record database. Adult patients with hyperlipidemia who have newly initiated bempedoic acid were compared with those initiating ezetimibe. Propensity score matching was used to balance baseline characteristics, yielding 7676 patients in each group. The primary outcome was incident hyperuricemia, defined as serum uric acid >7.0 mg/dL. A secondary outcome was initiation of anti-gout therapy.<h4>Results</h4>During 12 months of follow-up, hyperuricemia occurs more frequently in patients treated with bempedoic acid than in those receiving ezetimibe (hazard ratio [HR] 1.94; 95% confidence interval [CI] 1.58-2.37; p = 0.008). In contrast, initiation of anti-gout therapy does not differ between groups (HR 1.06; 95% CI 0.86-1.29; p = 0.59). Longitudinal changes in lipid parameters, inflammatory markers, and glycemic measures are generally similar between groups.<h4>Conclusions</h4>In real-world clinical practice, bempedoic acid use is associated with a higher incidence of laboratory-defined hyperuricemia compared with ezetimibe, but this increase does not translate into greater use of anti-gout medications. These findings support the continued use of bempedoic acid for additional LDL-C lowering, with awareness of its effect on serum uric acid.",0,
41013792,10.1186/s13063-025-09097-x,Effect of atorvastatin versus no Statin Treatment on major clinical events in Acute CardioEmbolic stroke patients without a definite indication for statin therapy: protocol for the STACE trial.,2025,"Park HK, Kim JY, Hong KS, Cho YJ, Park JM, Lee D, Kang K, Lee SJ, Kim JG, Cha JK, Kim DH, Han MK, Kim BJ, Kang J, Park TH, Park SS, Choi JK, Lee K, Lee JY, Lee J, Kwon DH, Lee BC, Yu KH, Oh MS, Lee M, Park MS, Kim JT, Choi KH, Kim H, Kim DE, Gwak DS, Choi JC, Kim JG, Kang CH, Kwon JH, Kim WJ, Shin DI, Yum KS, Sohn SI, Hong JH, Park H, Kim C, Lee SH, Park KY, Jeong HB, Park CY, Oh K, Kim CK, Han JH, Lee KJ, Heo SH, Woo HG, Lee J, Bae HJ.",,"<h4>Background</h4>Evidence supporting the use of statin therapy to reduce stroke recurrence and cardiovascular events in acute cardioembolic stroke (CES) patients without atherosclerosis is limited. Past observational studies have been hampered by selection bias and unmeasured confounding factors. This study aims to investigate the potential benefits of statin therapy in acute CES patients without established indications through a registry-based, randomized clinical trial.<h4>Methods</h4>This is a registry-based, multicenter, prospective, randomized, open-label, blinded endpoint (PROBE) study designed to evaluate the efficacy and safety of statin therapy in acute CES patients without established indications for statin use. Patients will be randomly assigned (1:1) to either statin users or non-users, with statin users receiving atorvastatin at a dose of 10 mg or higher throughout the study period. We plan to recruit 1036 participants to detect a relative risk reduction of 43% with 80% power and a two-sided alpha error of 0.05, accounting for a 10% loss to follow-up. The primary outcome is the occurrence of a major clinical event, defined as a composite of stroke recurrence, myocardial infarction, and all-cause mortality within 3 months after the index stroke. The secondary efficacy outcomes include (1) stroke recurrence, (2) all-cause mortality, (3) vascular death, and (4) major vascular events.<h4>Discussion</h4>This study will assist stroke physicians in determining the appropriate use of statin therapy for acute CES patients who do not have guideline-based indications.<h4>Trial registration</h4>CRIS Registration Number: KCT0006806. Registered on November 29, 2021. URL: https://cris.nih.go.kr/cris.",0,
PMC13226597,,Chinese expert consensus on the choice of initial cholesterol-lowering strategy,,"Wu N, Wang X, Ye P, Chen H, Chen Z, Zhao D, Peng D, Guo Y, Gao Y, Yang J, Zhu C, Dou K, Li J.",,,0,
PMC13249161,,Advancing Lipid Management: Saudi Heart Association Position Statement on PCSK9-targeted Therapies in the Primary and Secondary Prevention of Cardiovascular Disease,,"AlHabeeb W, Alamri H, Elbadawi H, AlRuthia Y, Alharbi W, Alshammeri O, Tash A, Almoziny S, Kholaif N, Halawani H, AlMahdi F, Yar W, Alhabib K.",,,0,
PMC12986533,,"Beyond Cholesterol Lowering: Clinical Caution, Personalization, and Nutritional Integration in Statin Therapy",2026,"Corsetti G, Pasini E.",,,0,
PMC13228837,,The role of Lipoprotein(a) and oxidized phospholipids in modifying the effects of aspirin on major cardiovascular events and bleeding in the ASPirin in Reducing Events in the Elderly (ASPREE) randomized clinical trial: Statistical analysis plan,2026,,,,0,
PMC13243845,,ABCD-GENE Score Stratifying Risk-Benefit Profile of Clopidogrel-Aspirin Therapy in Ischemic Stroke Within 24–72 Hours,2026,"Chen Y, Jiang L, Gao Y, Chen W, Yan H, Wang T, Yang Y, Pan Y, Wang Y.",,,0,
